Antecedent,Consequent,Support,Confidence,Lift,Count
douceur mode & vêtements,tu mode & vêtements,0.001981023876550933,0.22619047619047616,22.835714285714285,19
tu mode & vêtements,douceur mode & vêtements,0.001981023876550933,0.2,22.835714285714285,19
alors maison & jardin,goutte maison & jardin,0.0016682306328849963,0.20512820512820512,21.859829059829057,16
goutte maison & jardin,alors maison & jardin,0.0016682306328849963,0.17777777777777776,21.859829059829057,16
fort accessoires,bataille accessoires,0.0014597018037743718,0.16666666666666666,21.313333333333333,14
bataille accessoires,fort accessoires,0.0014597018037743718,0.18666666666666665,21.31333333333333,14
intérieur électronique,flot électronique,0.0013554373892190595,0.17105263157894737,21.306049213943954,13
flot électronique,intérieur électronique,0.0013554373892190595,0.16883116883116883,21.30604921394395,13
avec livres & médias,adresser livres & médias,0.001981023876550933,0.25,20.85,19
adresser livres & médias,avec livres & médias,0.001981023876550933,0.16521739130434782,20.849999999999998,19
signifier mode & vêtements,pas mode & vêtements,0.0016682306328849963,0.17204301075268816,20.625806451612902,16
pas mode & vêtements,signifier mode & vêtements,0.0016682306328849963,0.2,20.625806451612902,16
prier sacs & bagages,étranger sacs & bagages,0.0015639662183296842,0.1724137931034483,20.41507024265645,15
étranger sacs & bagages,prier sacs & bagages,0.0015639662183296842,0.18518518518518517,20.415070242656448,15
grain livres & médias,recueillir livres & médias,0.0013554373892190595,0.1477272727272727,19.955665813060175,13
recueillir livres & médias,grain livres & médias,0.0013554373892190595,0.18309859154929575,19.955665813060175,13
défaut art & crafts,livre art & crafts,0.0016682306328849963,0.17777777777777776,19.826356589147284,16
livre art & crafts,défaut art & crafts,0.0016682306328849963,0.18604651162790697,19.826356589147284,16
ignorer mode & vêtements,signifier mode & vêtements,0.001876759461995621,0.19148936170212766,19.748112560054906,18
signifier mode & vêtements,ignorer mode & vêtements,0.001876759461995621,0.1935483870967742,19.748112560054906,18
oiseau alimentation,révolution alimentation,0.0013554373892190595,0.1625,19.72832278481013,13
révolution alimentation,oiseau alimentation,0.0013554373892190595,0.16455696202531644,19.72832278481013,13
chez art & crafts,user art & crafts,0.0014597018037743718,0.15217391304347827,19.722972972972975,14
user art & crafts,chez art & crafts,0.0014597018037743718,0.1891891891891892,19.722972972972975,14
escalier pet care,envoyer pet care,0.001981023876550933,0.23750000000000002,19.468910256410258,19
envoyer pet care,escalier pet care,0.001981023876550933,0.16239316239316237,19.468910256410254,19
près alimentation,énergie alimentation,0.0015639662183296842,0.1630434782608696,19.305555555555557,15
énergie alimentation,près alimentation,0.0015639662183296842,0.18518518518518517,19.305555555555557,15
parce que accessoires,bataille accessoires,0.0014597018037743718,0.15053763440860216,19.250752688172042,14
bataille accessoires,parce que accessoires,0.0014597018037743718,0.18666666666666665,19.25075268817204,14
paquet alimentation,énergie alimentation,0.0012511729746637473,0.16216216216216217,19.2012012012012,12
énergie alimentation,paquet alimentation,0.0012511729746637473,0.14814814814814814,19.2012012012012,12
vide sacs & bagages,livrer sacs & bagages,0.0017724950474403086,0.19767441860465118,19.150458069062722,17
livrer sacs & bagages,vide sacs & bagages,0.0017724950474403086,0.1717171717171717,19.150458069062722,17
ton sports & loisirs,même sports & loisirs,0.001981023876550933,0.1792452830188679,19.10157232704402,19
même sports & loisirs,ton sports & loisirs,0.001981023876550933,0.21111111111111108,19.10157232704402,19
sol alimentation,près alimentation,0.0013554373892190595,0.18309859154929575,19.088028169014084,13
près alimentation,sol alimentation,0.0013554373892190595,0.14130434782608695,19.088028169014084,13
exprimer sports & loisirs,soulever sports & loisirs,0.001876759461995621,0.1875,18.929605263157896,18
soulever sports & loisirs,exprimer sports & loisirs,0.001876759461995621,0.18947368421052635,18.929605263157896,18
classe maison & jardin,depuis maison & jardin,0.001981023876550933,0.2,18.805882352941175,19
officier sacs & bagages,chaîne sacs & bagages,0.0014597018037743718,0.16470588235294117,18.805882352941175,14
chaîne sacs & bagages,officier sacs & bagages,0.0014597018037743718,0.16666666666666666,18.805882352941175,14
depuis maison & jardin,classe maison & jardin,0.001981023876550933,0.18627450980392155,18.805882352941175,19
fou auto & moto,violence auto & moto,0.0017724950474403086,0.16831683168316833,18.771241077596134,17
violence auto & moto,fou auto & moto,0.0017724950474403086,0.19767441860465118,18.771241077596134,17
entretenir bijoux,plaine bijoux,0.0012511729746637473,0.14457831325301207,18.738521654184307,12
plaine bijoux,entretenir bijoux,0.0012511729746637473,0.16216216216216217,18.738521654184307,12
fenêtre maison & jardin,alors maison & jardin,0.0014597018037743718,0.15217391304347827,18.711538461538463,14
alors maison & jardin,fenêtre maison & jardin,0.0014597018037743718,0.1794871794871795,18.711538461538463,14
chant accessoires,hiver accessoires,0.0013554373892190595,0.16455696202531644,18.567833209233058,13
hiver accessoires,chant accessoires,0.0013554373892190595,0.15294117647058822,18.567833209233058,13
trait auto & moto,intérêt auto & moto,0.0017724950474403086,0.1847826086956522,18.4609375,17
intérêt auto & moto,trait auto & moto,0.0017724950474403086,0.17708333333333331,18.4609375,17
sentir beauté & santé,souhaiter beauté & santé,0.00229381712021687,0.19819819819819817,18.455523484649696,22
souhaiter beauté & santé,sentir beauté & santé,0.00229381712021687,0.21359223300970873,18.455523484649696,22
sommet art & crafts,volonté art & crafts,0.0012511729746637473,0.1518987341772152,18.441275436628747,12
volonté art & crafts,sommet art & crafts,0.0012511729746637473,0.1518987341772152,18.441275436628747,12
de gaming,celui gaming,0.0025023459493274947,0.2142857142857143,18.35012755102041,24
celui gaming,de gaming,0.0025023459493274947,0.2142857142857143,18.35012755102041,24
assez accessoires,hiver accessoires,0.0016682306328849963,0.16,18.05364705882353,16
hiver accessoires,assez accessoires,0.0016682306328849963,0.18823529411764706,18.05364705882353,16
craindre sacs & bagages,réponse sacs & bagages,0.0014597018037743718,0.1728395061728395,18.01851851851852,14
réponse sacs & bagages,craindre sacs & bagages,0.0014597018037743718,0.15217391304347827,18.01851851851852,14
dégager accessoires,jusque accessoires,0.001146908560108435,0.12941176470588237,17.988235294117647,11
jusque accessoires,dégager accessoires,0.001146908560108435,0.15942028985507245,17.988235294117647,11
révolution alimentation,énergie alimentation,0.0012511729746637473,0.1518987341772152,17.985935302391,12
énergie alimentation,révolution alimentation,0.0012511729746637473,0.14814814814814814,17.985935302391,12
habiter alimentation,précis alimentation,0.0014597018037743718,0.16867469879518074,17.975100401606426,14
précis alimentation,habiter alimentation,0.0014597018037743718,0.15555555555555556,17.975100401606426,14
préférer sacs & bagages,payer sacs & bagages,0.0015639662183296842,0.1724137931034483,17.974137931034484,15
payer sacs & bagages,préférer sacs & bagages,0.0015639662183296842,0.1630434782608696,17.974137931034484,15
recherche sports & loisirs,même sports & loisirs,0.0016682306328849963,0.16842105263157894,17.948070175438595,16
même sports & loisirs,recherche sports & loisirs,0.0016682306328849963,0.17777777777777776,17.948070175438595,16
usage téléphonie,rire téléphonie,0.0016682306328849963,0.1702127659574468,17.93967734393266,16
rire téléphonie,usage téléphonie,0.0016682306328849963,0.1758241758241758,17.93967734393266,16
presque art & crafts,détacher art & crafts,0.0012511729746637473,0.15584415584415587,17.794063079777366,12
détacher art & crafts,presque art & crafts,0.0012511729746637473,0.14285714285714285,17.794063079777366,12
assister électronique,visite électronique,0.0012511729746637473,0.14814814814814814,17.761111111111113,12
visite électronique,assister électronique,0.0012511729746637473,0.15000000000000002,17.761111111111113,12
baisser alimentation,précis alimentation,0.0014597018037743718,0.16666666666666666,17.76111111111111,14
précis alimentation,baisser alimentation,0.0014597018037743718,0.15555555555555556,17.76111111111111,14
passage pet care,marche pet care,0.0020852882911062453,0.18691588785046728,17.749606736374574,20
marche pet care,passage pet care,0.0020852882911062453,0.198019801980198,17.74960673637457,20
chaud chaussettes & lingerie,personnage chaussettes & lingerie,0.0016682306328849963,0.1568627450980392,17.699653979238754,16
personnage chaussettes & lingerie,chaud chaussettes & lingerie,0.0016682306328849963,0.18823529411764706,17.699653979238754,16
coeur jouets & enfants,chute jouets & enfants,0.0017724950474403086,0.17708333333333331,17.691731770833332,17
chute jouets & enfants,coeur jouets & enfants,0.0017724950474403086,0.17708333333333331,17.691731770833332,17
baisser alimentation,sol alimentation,0.001146908560108435,0.13095238095238093,17.689637826961768,11
sol alimentation,baisser alimentation,0.001146908560108435,0.15492957746478872,17.689637826961768,11
fort téléphonie,veiller téléphonie,0.001876759461995621,0.20224719101123598,17.634116445352404,18
veiller téléphonie,fort téléphonie,0.001876759461995621,0.16363636363636366,17.634116445352404,18
réclamer accessoires,cour accessoires,0.0015639662183296842,0.16483516483516483,17.565934065934066,15
cour accessoires,réclamer accessoires,0.0015639662183296842,0.16666666666666666,17.565934065934066,15
tendre informatique,fauteuil informatique,0.0015639662183296842,0.1595744680851064,17.391803675048358,15
fauteuil informatique,tendre informatique,0.0015639662183296842,0.17045454545454547,17.391803675048358,15
jusque accessoires,plaine accessoires,0.001146908560108435,0.15942028985507245,17.375,11
plaine accessoires,jusque accessoires,0.001146908560108435,0.125,17.375,11
genre sacs & bagages,réponse sacs & bagages,0.0017724950474403086,0.16666666666666666,17.375,17
réponse sacs & bagages,genre sacs & bagages,0.0017724950474403086,0.1847826086956522,17.375,17
céder maison & jardin,sourire maison & jardin,0.0014597018037743718,0.16091954022988506,17.341340565672223,14
sourire maison & jardin,céder maison & jardin,0.0014597018037743718,0.15730337078651688,17.341340565672223,14
intérieur électronique,cuisine électronique,0.0014597018037743718,0.1842105263157895,17.321207430340557,14
cuisine électronique,intérieur électronique,0.0014597018037743718,0.1372549019607843,17.321207430340557,14
exprimer sports & loisirs,subir sports & loisirs,0.001981023876550933,0.19791666666666666,17.256534090909092,19
subir sports & loisirs,exprimer sports & loisirs,0.001981023876550933,0.17272727272727273,17.25653409090909,19
cuisine auto & moto,lui auto & moto,0.0016682306328849963,0.16,17.242247191011238,16
lui auto & moto,cuisine auto & moto,0.0016682306328849963,0.1797752808988764,17.242247191011234,16
parti sacs & bagages,heure sacs & bagages,0.0013554373892190595,0.13829787234042554,17.226167449571708,13
heure sacs & bagages,parti sacs & bagages,0.0013554373892190595,0.16883116883116883,17.226167449571705,13
qualité accessoires,parce que accessoires,0.0014597018037743718,0.16666666666666666,17.188172043010752,14
parce que accessoires,qualité accessoires,0.0014597018037743718,0.15053763440860216,17.188172043010752,14
subir électronique,théâtre électronique,0.0015639662183296842,0.1807228915662651,17.161517356554935,15
théâtre électronique,subir électronique,0.0015639662183296842,0.14851485148514854,17.161517356554935,15
libre art & crafts,livre art & crafts,0.0014597018037743718,0.15384615384615385,17.15742397137746,14
livre art & crafts,libre art & crafts,0.0014597018037743718,0.16279069767441862,17.15742397137746,14
alors maison & jardin,veille maison & jardin,0.0012511729746637473,0.15384615384615385,17.15742397137746,12
veille maison & jardin,alors maison & jardin,0.0012511729746637473,0.13953488372093026,17.15742397137746,12
toile électronique,mensonge électronique,0.0013554373892190595,0.16455696202531644,17.15506329113924,13
mensonge électronique,toile électronique,0.0013554373892190595,0.14130434782608695,17.15506329113924,13
pas mode & vêtements,douceur mode & vêtements,0.0012511729746637473,0.15000000000000002,17.126785714285717,12
douceur mode & vêtements,pas mode & vêtements,0.0012511729746637473,0.14285714285714285,17.126785714285713,12
goutte auto & moto,fou auto & moto,0.001876759461995621,0.18000000000000002,17.092871287128716,18
fou auto & moto,goutte auto & moto,0.001876759461995621,0.17821782178217824,17.092871287128716,18
faveur art & crafts,livre art & crafts,0.0015639662183296842,0.15306122448979595,17.069886093972478,15
livre art & crafts,faveur art & crafts,0.0015639662183296842,0.17441860465116282,17.069886093972478,15
promettre électronique,théâtre électronique,0.0014597018037743718,0.1794871794871795,17.044173648134045,14
théâtre électronique,promettre électronique,0.0014597018037743718,0.13861386138613863,17.044173648134045,14
membre auto & moto,petit auto & moto,0.0017724950474403086,0.18085106382978725,17.00531914893617,17
baisser alimentation,parent alimentation,0.0014597018037743718,0.16666666666666666,17.00531914893617,14
petit auto & moto,membre auto & moto,0.0017724950474403086,0.16666666666666666,17.00531914893617,17
parent alimentation,baisser alimentation,0.0014597018037743718,0.14893617021276595,17.00531914893617,14
titre maison & jardin,elle maison & jardin,0.0014597018037743718,0.15053763440860216,16.985958254269452,14
elle maison & jardin,titre maison & jardin,0.0014597018037743718,0.16470588235294117,16.98595825426945,14
violence auto & moto,trait auto & moto,0.0014597018037743718,0.16279069767441862,16.970930232558143,14
trait auto & moto,violence auto & moto,0.0014597018037743718,0.15217391304347827,16.970930232558143,14
valoir pet care,rare pet care,0.0014597018037743718,0.15555555555555556,16.953787878787878,14
rare pet care,valoir pet care,0.0014597018037743718,0.1590909090909091,16.953787878787878,14
race gaming,attacher gaming,0.001876759461995621,0.1730769230769231,16.938579277864996,18
attacher gaming,race gaming,0.001876759461995621,0.1836734693877551,16.938579277864996,18
résultat sports & loisirs,anglais sports & loisirs,0.0017724950474403086,0.18888888888888888,16.93115264797508,17
anglais sports & loisirs,résultat sports & loisirs,0.0017724950474403086,0.15887850467289721,16.93115264797508,17
gagner mode & vêtements,signifier mode & vêtements,0.0015639662183296842,0.14285714285714285,16.915343915343914,15
signifier mode & vêtements,gagner mode & vêtements,0.0015639662183296842,0.18518518518518517,16.915343915343914,15
choix sacs & bagages,craindre sacs & bagages,0.0013554373892190595,0.14285714285714285,16.915343915343914,13
craindre sacs & bagages,choix sacs & bagages,0.0013554373892190595,0.16049382716049382,16.915343915343914,13
hasard accessoires,réclamer accessoires,0.0016682306328849963,0.16,16.863296703296704,16
réclamer accessoires,hasard accessoires,0.0016682306328849963,0.1758241758241758,16.8632967032967,16
haut mode & vêtements,ignorer mode & vêtements,0.001876759461995621,0.1651376146788991,16.849307046652353,18
ignorer mode & vêtements,haut mode & vêtements,0.001876759461995621,0.19148936170212766,16.849307046652353,18
argent gaming,possible gaming,0.0017724950474403086,0.18085106382978725,16.84021896302417,17
possible gaming,argent gaming,0.0017724950474403086,0.1650485436893204,16.84021896302417,17
haute maison & jardin,nommer maison & jardin,0.0015639662183296842,0.1595744680851064,16.818447509936874,15
nommer maison & jardin,haute maison & jardin,0.0015639662183296842,0.16483516483516483,16.81844750993687,15
habitant accessoires,sourd accessoires,0.001876759461995621,0.1836734693877551,16.77725947521866,18
sourd accessoires,habitant accessoires,0.001876759461995621,0.17142857142857143,16.77725947521866,18
mourir chaussures,vif chaussures,0.001876759461995621,0.1836734693877551,16.77725947521866,18
vif chaussures,mourir chaussures,0.001876759461995621,0.17142857142857143,16.77725947521866,18
demande bijoux,oeuvre bijoux,0.0016682306328849963,0.17204301075268816,16.667318344737698,16
oeuvre bijoux,demande bijoux,0.0016682306328849963,0.1616161616161616,16.667318344737698,16
fine montres,capable montres,0.0020852882911062453,0.198019801980198,16.659718603439288,20
capable montres,fine montres,0.0020852882911062453,0.17543859649122803,16.659718603439288,20
franc auto & moto,intérêt auto & moto,0.0017724950474403086,0.16666666666666666,16.651041666666664,17
intérêt auto & moto,franc auto & moto,0.0017724950474403086,0.17708333333333331,16.651041666666664,17
condamner beauté & santé,humide beauté & santé,0.0017724950474403086,0.17,16.637448979591838,17
humide beauté & santé,condamner beauté & santé,0.0017724950474403086,0.17346938775510207,16.637448979591838,17
parent alimentation,près alimentation,0.0015639662183296842,0.1595744680851064,16.635638297872344,15
près alimentation,parent alimentation,0.0015639662183296842,0.1630434782608696,16.635638297872344,15
fort informatique,dimanche informatique,0.0014597018037743718,0.13861386138613863,16.618069306930696,14
dimanche informatique,fort informatique,0.0014597018037743718,0.17500000000000002,16.618069306930696,14
tel montres,marche montres,0.001876759461995621,0.18181818181818182,16.607792207792208,18
marche montres,tel montres,0.001876759461995621,0.17142857142857143,16.607792207792208,18
certain pet care,phrase pet care,0.001876759461995621,0.17647058823529413,16.593425605536332,18
phrase pet care,certain pet care,0.001876759461995621,0.17647058823529413,16.593425605536332,18
soleil chaussures,trente chaussures,0.0016682306328849963,0.15384615384615385,16.579083837510804,16
trente chaussures,soleil chaussures,0.0016682306328849963,0.1797752808988764,16.579083837510804,16
paquet alimentation,depuis alimentation,0.001146908560108435,0.14864864864864866,16.577781269641736,11
depuis alimentation,paquet alimentation,0.001146908560108435,0.12790697674418605,16.577781269641736,11
tendre informatique,tromper informatique,0.0015639662183296842,0.17441860465116282,16.562859774349533,15
tromper informatique,tendre informatique,0.0015639662183296842,0.14851485148514854,16.56285977434953,15
convenir maison & jardin,veille maison & jardin,0.0016682306328849963,0.14814814814814814,16.521963824289408,16
veille maison & jardin,convenir maison & jardin,0.0016682306328849963,0.18604651162790697,16.521963824289404,16
temps beauté & santé,partie beauté & santé,0.0012511729746637473,0.14634146341463417,16.512482065997133,12
partie beauté & santé,temps beauté & santé,0.0012511729746637473,0.1411764705882353,16.51248206599713,12
flot électronique,subir électronique,0.001146908560108435,0.14285714285714288,16.507745266781416,11
subir électronique,flot électronique,0.001146908560108435,0.13253012048192772,16.507745266781413,11
observer informatique,tendre informatique,0.0016682306328849963,0.1616161616161616,16.490006447453254,16
tendre informatique,observer informatique,0.0016682306328849963,0.1702127659574468,16.490006447453254,16
souhaiter beauté & santé,discussion beauté & santé,0.0017724950474403086,0.1650485436893204,16.489381067961165,17
discussion beauté & santé,souhaiter beauté & santé,0.0017724950474403086,0.17708333333333331,16.489381067961162,17
pauvre sacs & bagages,étranger sacs & bagages,0.001146908560108435,0.13924050632911392,16.48710736052508,11
étranger sacs & bagages,pauvre sacs & bagages,0.001146908560108435,0.13580246913580246,16.48710736052508,11
camarade gaming,matière gaming,0.0017724950474403086,0.18888888888888888,16.46939393939394,17
matière gaming,camarade gaming,0.0017724950474403086,0.15454545454545454,16.46939393939394,17
main sports & loisirs,absence sports & loisirs,0.0012511729746637473,0.13043478260869568,16.460526315789476,12
absence sports & loisirs,main sports & loisirs,0.0012511729746637473,0.15789473684210528,16.460526315789476,12
révolution alimentation,paquet alimentation,0.0010426441455531226,0.12658227848101264,16.406089633937732,10
paquet alimentation,révolution alimentation,0.0010426441455531226,0.13513513513513511,16.406089633937732,10
violence auto & moto,petit auto & moto,0.0015639662183296842,0.17441860465116282,16.400478796169633,15
petit auto & moto,violence auto & moto,0.0015639662183296842,0.14705882352941177,16.400478796169633,15
alors maison & jardin,silence maison & jardin,0.0012511729746637473,0.15384615384615385,16.394871794871793,12
silence maison & jardin,alors maison & jardin,0.0012511729746637473,0.13333333333333333,16.394871794871793,12
livrer sacs & bagages,heure sacs & bagages,0.0013554373892190595,0.1313131313131313,16.35615899252263,13
heure sacs & bagages,livrer sacs & bagages,0.0013554373892190595,0.16883116883116883,16.356158992522627,13
convenir maison & jardin,naturel maison & jardin,0.0016682306328849963,0.14814814814814814,16.33205619412516,16
naturel maison & jardin,convenir maison & jardin,0.0016682306328849963,0.1839080459770115,16.33205619412516,16
demeurer jouets & enfants,souhaiter jouets & enfants,0.0016682306328849963,0.1702127659574468,16.325106382978724,16
souhaiter jouets & enfants,demeurer jouets & enfants,0.0016682306328849963,0.16,16.325106382978724,16
visage maison & jardin,bon maison & jardin,0.0016682306328849963,0.16666666666666666,16.31122448979592,16
bon maison & jardin,visage maison & jardin,0.0016682306328849963,0.163265306122449,16.31122448979592,16
sur mode & vêtements,nouveau mode & vêtements,0.0014597018037743718,0.17500000000000002,16.295388349514564,14
nouveau mode & vêtements,sur mode & vêtements,0.0014597018037743718,0.13592233009708737,16.295388349514564,14
main sports & loisirs,exprimer sports & loisirs,0.0015639662183296842,0.1630434782608696,16.289062500000004,15
exprimer sports & loisirs,main sports & loisirs,0.0015639662183296842,0.15625,16.2890625,15
d'abord accessoires,extraordinaire accessoires,0.0013554373892190595,0.14942528735632182,16.28565830721003,13
extraordinaire accessoires,d'abord accessoires,0.0013554373892190595,0.1477272727272727,16.285658307210028,13
réalité jouets & enfants,aider jouets & enfants,0.0015639662183296842,0.1595744680851064,16.281688546853783,15
aider jouets & enfants,réalité jouets & enfants,0.0015639662183296842,0.1595744680851064,16.281688546853783,15
intérêt auto & moto,violence auto & moto,0.0014597018037743718,0.14583333333333331,16.263808139534884,14
violence auto & moto,intérêt auto & moto,0.0014597018037743718,0.16279069767441862,16.263808139534884,14
membre auto & moto,retirer auto & moto,0.0014597018037743718,0.14893617021276595,16.232350096711798,14
grain livres & médias,il livres & médias,0.0014597018037743718,0.1590909090909091,16.232350096711798,14
retirer auto & moto,membre auto & moto,0.0014597018037743718,0.1590909090909091,16.232350096711798,14
il livres & médias,grain livres & médias,0.0014597018037743718,0.14893617021276595,16.232350096711798,14
gris chaussettes & lingerie,malade chaussettes & lingerie,0.001981023876550933,0.1958762886597938,16.195254177035196,19
malade chaussettes & lingerie,gris chaussettes & lingerie,0.001981023876550933,0.16379310344827586,16.195254177035192,19
grain livres & médias,regretter livres & médias,0.0015639662183296842,0.17045454545454547,16.186431143114312,15
regretter livres & médias,grain livres & médias,0.0015639662183296842,0.14851485148514854,16.186431143114312,15
vêtement montres,place montres,0.0015639662183296842,0.1630434782608696,16.12113402061856,15
place montres,vêtement montres,0.0015639662183296842,0.15463917525773196,16.12113402061856,15
mourir chaussures,humain chaussures,0.0014597018037743718,0.14285714285714288,16.11932773109244,14
couper sports & loisirs,pas sports & loisirs,0.0014597018037743718,0.14285714285714288,16.11932773109244,14
personnage chaussettes & lingerie,toute chaussettes & lingerie,0.0013554373892190595,0.15294117647058822,16.119327731092437,13
seigneur alimentation,tellement alimentation,0.0013554373892190595,0.15294117647058822,16.119327731092437,13
pas sports & loisirs,couper sports & loisirs,0.0014597018037743718,0.16470588235294117,16.119327731092437,14
toute chaussettes & lingerie,personnage chaussettes & lingerie,0.0013554373892190595,0.14285714285714285,16.119327731092437,13
tellement alimentation,seigneur alimentation,0.0013554373892190595,0.14285714285714285,16.119327731092437,13
humain chaussures,mourir chaussures,0.0014597018037743718,0.16470588235294117,16.119327731092437,14
sommet art & crafts,faveur art & crafts,0.0013554373892190595,0.16455696202531644,16.104753293722553,13
faveur art & crafts,sommet art & crafts,0.0013554373892190595,0.1326530612244898,16.104753293722553,13
fixe sports & loisirs,guerre sports & loisirs,0.0016682306328849963,0.1553398058252427,16.020043845912934,16
guerre sports & loisirs,fixe sports & loisirs,0.0016682306328849963,0.17204301075268816,16.020043845912934,16
repas chaussures,unique chaussures,0.0016682306328849963,0.1553398058252427,16.020043845912934,16
unique chaussures,repas chaussures,0.0016682306328849963,0.17204301075268816,16.020043845912934,16
douter sports & loisirs,mauvais sports & loisirs,0.0012511729746637473,0.1518987341772152,16.009458895534845,12
mauvais sports & loisirs,douter sports & loisirs,0.0012511729746637473,0.13186813186813187,16.009458895534845,12
malade beauté & santé,encore beauté & santé,0.0013554373892190595,0.1368421052631579,16.005519897304236,13
encore beauté & santé,malade beauté & santé,0.0013554373892190595,0.15853658536585366,16.005519897304236,13
mettre informatique,vraiment informatique,0.0017724950474403086,0.18681318681318682,15.997547095761382,17
vraiment informatique,mettre informatique,0.0017724950474403086,0.15178571428571427,15.99754709576138,17
oiseau alimentation,précis alimentation,0.0012511729746637473,0.15000000000000002,15.985000000000001,12
précis alimentation,oiseau alimentation,0.0012511729746637473,0.13333333333333333,15.985000000000001,12
de électronique,environ électronique,0.0010426441455531226,0.125,15.985,10
extraordinaire accessoires,bataille accessoires,0.001146908560108435,0.125,15.985,11
bataille accessoires,extraordinaire accessoires,0.001146908560108435,0.14666666666666667,15.985,11
environ électronique,de électronique,0.0010426441455531226,0.1333333333333333,15.984999999999998,10
d'abord accessoires,jusque accessoires,0.0010426441455531226,0.11494252873563217,15.97701149425287,10
jusque accessoires,d'abord accessoires,0.0010426441455531226,0.14492753623188404,15.97701149425287,10
bon maison & jardin,fenêtre maison & jardin,0.0015639662183296842,0.15306122448979595,15.956632653061229,15
fenêtre maison & jardin,bon maison & jardin,0.0015639662183296842,0.1630434782608696,15.956632653061229,15
soi livres & médias,soumettre livres & médias,0.0013554373892190595,0.14130434782608695,15.944117647058823,13
soumettre livres & médias,soi livres & médias,0.0013554373892190595,0.15294117647058822,15.944117647058823,13
songer art & crafts,valeur art & crafts,0.0013554373892190595,0.16455696202531644,15.942079018028384,13
habiller mode & vêtements,combien mode & vêtements,0.0013554373892190595,0.16455696202531644,15.942079018028384,13
combien mode & vêtements,habiller mode & vêtements,0.0013554373892190595,0.1313131313131313,15.942079018028384,13
valeur art & crafts,songer art & crafts,0.0013554373892190595,0.1313131313131313,15.942079018028384,13
avec livres & médias,découvrir livres & médias,0.0012511729746637473,0.15789473684210528,15.940720221606652,12
absence sports & loisirs,soulever sports & loisirs,0.0012511729746637473,0.15789473684210528,15.940720221606652,12
soulever sports & loisirs,absence sports & loisirs,0.0012511729746637473,0.12631578947368421,15.940720221606648,12
découvrir livres & médias,avec livres & médias,0.0012511729746637473,0.12631578947368421,15.940720221606648,12
soutenir maison & jardin,veille maison & jardin,0.0014597018037743718,0.14285714285714288,15.931893687707644,14
veille maison & jardin,soutenir maison & jardin,0.0014597018037743718,0.16279069767441862,15.931893687707642,14
inspirer électronique,ailleurs électronique,0.0013554373892190595,0.14285714285714285,15.93189368770764,13
ailleurs électronique,inspirer électronique,0.0013554373892190595,0.1511627906976744,15.93189368770764,13
dégager accessoires,hiver accessoires,0.0012511729746637473,0.1411764705882353,15.92968858131488,12
hiver accessoires,dégager accessoires,0.0012511729746637473,0.1411764705882353,15.92968858131488,12
faveur art & crafts,tromper art & crafts,0.0013554373892190595,0.1326530612244898,15.903443877551023,13
tromper art & crafts,faveur art & crafts,0.0013554373892190595,0.1625,15.903443877551021,13
diriger auto & moto,toucher auto & moto,0.001146908560108435,0.1375,15.88870481927711,11
toucher auto & moto,diriger auto & moto,0.001146908560108435,0.13253012048192772,15.88870481927711,11
sourire maison & jardin,classe maison & jardin,0.0014597018037743718,0.15730337078651688,15.881017149615616,14
classe maison & jardin,sourire maison & jardin,0.0014597018037743718,0.1473684210526316,15.881017149615614,14
repousser bijoux,danger bijoux,0.0016682306328849963,0.18181818181818182,15.852892561983472,16
danger bijoux,repousser bijoux,0.0016682306328849963,0.14545454545454545,15.85289256198347,16
début chaussures,vif chaussures,0.0017724950474403086,0.17346938775510207,15.84518950437318,17
partie chaussettes & lingerie,détail chaussettes & lingerie,0.0017724950474403086,0.17346938775510207,15.84518950437318,17
détail chaussettes & lingerie,partie chaussettes & lingerie,0.0017724950474403086,0.16190476190476188,15.845189504373177,17
vif chaussures,début chaussures,0.0017724950474403086,0.16190476190476188,15.845189504373177,17
chute jouets & enfants,demeurer jouets & enfants,0.0013554373892190595,0.13541666666666666,15.838795731707316,13
demeurer jouets & enfants,chute jouets & enfants,0.0013554373892190595,0.15853658536585366,15.838795731707316,13
pareil mode & vêtements,fenêtre mode & vêtements,0.0012511729746637473,0.13043478260869568,15.835443037974686,12
fenêtre mode & vêtements,pareil mode & vêtements,0.0012511729746637473,0.1518987341772152,15.835443037974684,12
tu mode & vêtements,céder mode & vêtements,0.0013554373892190595,0.1368421052631579,15.812682308180092,13
céder mode & vêtements,tu mode & vêtements,0.0013554373892190595,0.1566265060240964,15.81268230818009,13
sol alimentation,parent alimentation,0.001146908560108435,0.15492957746478872,15.807761462391369,11
parent alimentation,sol alimentation,0.001146908560108435,0.11702127659574468,15.807761462391369,11
larme chaussettes & lingerie,personnage chaussettes & lingerie,0.0014597018037743718,0.14,15.79694117647059,14
puissance informatique,rencontrer informatique,0.0014597018037743718,0.14,15.79694117647059,14
compagnon téléphonie,travers téléphonie,0.0014597018037743718,0.14,15.79694117647059,14
rencontrer informatique,puissance informatique,0.0014597018037743718,0.16470588235294117,15.796941176470588,14
personnage chaussettes & lingerie,larme chaussettes & lingerie,0.0014597018037743718,0.16470588235294117,15.796941176470588,14
travers téléphonie,compagnon téléphonie,0.0014597018037743718,0.16470588235294117,15.796941176470588,14
extraordinaire accessoires,jusque accessoires,0.0010426441455531226,0.11363636363636363,15.795454545454545,10
jusque accessoires,extraordinaire accessoires,0.0010426441455531226,0.14492753623188404,15.795454545454543,10
entrée électronique,intérieur électronique,0.0010426441455531226,0.125,15.774671052631579,10
intérieur électronique,entrée électronique,0.0010426441455531226,0.13157894736842105,15.774671052631579,10
argent gaming,matière gaming,0.0017724950474403086,0.18085106382978725,15.768568665377177,17
matière gaming,argent gaming,0.0017724950474403086,0.15454545454545454,15.768568665377176,17
toile électronique,flot électronique,0.0010426441455531226,0.12658227848101264,15.76689133651159,10
flot électronique,toile électronique,0.0010426441455531226,0.12987012987012986,15.766891336511588,10
ailleurs électronique,mensonge électronique,0.0013554373892190595,0.1511627906976744,15.758720930232558,13
mensonge électronique,ailleurs électronique,0.0013554373892190595,0.14130434782608695,15.758720930232558,13
heure sacs & bagages,prier sacs & bagages,0.001146908560108435,0.14285714285714288,15.748768472906406,11
naturel maison & jardin,tenter maison & jardin,0.0015639662183296842,0.1724137931034483,15.748768472906404,15
prier sacs & bagages,heure sacs & bagages,0.001146908560108435,0.1264367816091954,15.748768472906404,11
tenter maison & jardin,naturel maison & jardin,0.0015639662183296842,0.14285714285714285,15.748768472906402,15
gagner mode & vêtements,songer mode & vêtements,0.0016682306328849963,0.15238095238095237,15.714900153609829,16
songer mode & vêtements,gagner mode & vêtements,0.0016682306328849963,0.17204301075268816,15.714900153609829,16
brusquement alimentation,paquet alimentation,0.0012511729746637473,0.12121212121212122,15.71007371007371,12
paquet alimentation,brusquement alimentation,0.0012511729746637473,0.16216216216216217,15.71007371007371,12
mourir chaussures,rose chaussures,0.0013554373892190595,0.1326530612244898,15.707105064247921,13
rose chaussures,mourir chaussures,0.0013554373892190595,0.16049382716049382,15.707105064247921,13
recherche sports & loisirs,résultat sports & loisirs,0.0014597018037743718,0.1473684210526316,15.704561403508773,14
résultat sports & loisirs,recherche sports & loisirs,0.0014597018037743718,0.15555555555555556,15.704561403508773,14
signifier mode & vêtements,pareil mode & vêtements,0.0014597018037743718,0.15053763440860216,15.693548387096776,14
pareil mode & vêtements,signifier mode & vêtements,0.0014597018037743718,0.15217391304347827,15.693548387096774,14
voyager auto & moto,fusil auto & moto,0.0016682306328849963,0.1927710843373494,15.668368388809476,16
fusil auto & moto,voyager auto & moto,0.0016682306328849963,0.13559322033898305,15.668368388809476,16
capable électronique,inspirer électronique,0.0012511729746637473,0.14814814814814814,15.614163614163614,12
inspirer électronique,capable électronique,0.0012511729746637473,0.13186813186813187,15.614163614163614,12
mémoire chaussures,désir chaussures,0.001876759461995621,0.18556701030927836,15.612045577862181,18
désir chaussures,mémoire chaussures,0.001876759461995621,0.15789473684210525,15.61204557786218,18
vide électronique,environ électronique,0.0010426441455531226,0.12195121951219512,15.595121951219511,10
environ électronique,vide électronique,0.0010426441455531226,0.1333333333333333,15.59512195121951,10
calme pet care,escalier pet care,0.0013554373892190595,0.13,15.585375000000003,13
escalier pet care,calme pet care,0.0013554373892190595,0.1625,15.585375,13
extraordinaire accessoires,fort accessoires,0.0012511729746637473,0.13636363636363638,15.569805194805197,12
voiture chaussettes & lingerie,milieu chaussettes & lingerie,0.0012511729746637473,0.13636363636363638,15.569805194805197,12
fort accessoires,extraordinaire accessoires,0.0012511729746637473,0.14285714285714285,15.569805194805195,12
court beauté & santé,sonner beauté & santé,0.0015639662183296842,0.17045454545454547,15.569805194805195,15
milieu chaussettes & lingerie,voiture chaussettes & lingerie,0.0012511729746637473,0.14285714285714285,15.569805194805195,12
inspirer électronique,tapis électronique,0.0013554373892190595,0.14285714285714285,15.569805194805195,13
sonner beauté & santé,court beauté & santé,0.0015639662183296842,0.14285714285714285,15.569805194805195,15
tapis électronique,inspirer électronique,0.0013554373892190595,0.1477272727272727,15.569805194805193,13
cacher sacs & bagages,genre sacs & bagages,0.0014597018037743718,0.16470588235294117,15.487197231833909,14
genre sacs & bagages,cacher sacs & bagages,0.0014597018037743718,0.1372549019607843,15.487197231833909,14
fatigue alimentation,nombreux alimentation,0.0013554373892190595,0.13541666666666666,15.461681547619046,13
nombreux alimentation,fatigue alimentation,0.0013554373892190595,0.15476190476190474,15.461681547619044,13
frapper art & crafts,forcer art & crafts,0.0013554373892190595,0.17567567567567566,15.457847756012892,13
forcer art & crafts,frapper art & crafts,0.0013554373892190595,0.11926605504587155,15.457847756012892,13
couper sports & loisirs,recherche sports & loisirs,0.0015639662183296842,0.15306122448979595,15.45273899033298,15
recherche sports & loisirs,couper sports & loisirs,0.0015639662183296842,0.15789473684210528,15.452738990332978,15
user art & crafts,détacher art & crafts,0.0010426441455531226,0.13513513513513511,15.429536679536676,10
détacher art & crafts,user art & crafts,0.0010426441455531226,0.11904761904761903,15.429536679536676,10
paquet alimentation,nombreux alimentation,0.0010426441455531226,0.13513513513513511,15.429536679536676,10
nombreux alimentation,paquet alimentation,0.0010426441455531226,0.11904761904761903,15.429536679536676,10
d'abord alimentation,depuis alimentation,0.0013554373892190595,0.13829787234042554,15.423428995546761,13
général électronique,ailleurs électronique,0.0013554373892190595,0.13829787234042554,15.423428995546761,13
ailleurs électronique,général électronique,0.0013554373892190595,0.1511627906976744,15.423428995546757,13
depuis alimentation,d'abord alimentation,0.0013554373892190595,0.1511627906976744,15.423428995546757,13
être sacs & bagages,préférer sacs & bagages,0.0013554373892190595,0.13978494623655913,15.410085279940672,13
préférer sacs & bagages,être sacs & bagages,0.0013554373892190595,0.14942528735632182,15.410085279940672,13
voiture chaussettes & lingerie,réfléchir chaussettes & lingerie,0.0013554373892190595,0.1477272727272727,15.400568181818182,13
réfléchir chaussettes & lingerie,voiture chaussettes & lingerie,0.0013554373892190595,0.14130434782608695,15.400568181818182,13
sourire maison & jardin,gagner maison & jardin,0.0014597018037743718,0.15730337078651688,15.394863563402893,14
gagner maison & jardin,sourire maison & jardin,0.0014597018037743718,0.14285714285714288,15.394863563402893,14
hasard accessoires,attitude accessoires,0.0013554373892190595,0.13,15.392962962962963,13
attitude accessoires,hasard accessoires,0.0013554373892190595,0.16049382716049382,15.392962962962962,13
rare pet care,gros pet care,0.0012511729746637473,0.13636363636363638,15.386631016042783,12
gros pet care,rare pet care,0.0012511729746637473,0.1411764705882353,15.38663101604278,12
mur téléphonie,bras téléphonie,0.0017724950474403086,0.17,15.38179245283019,17
bras téléphonie,mur téléphonie,0.0017724950474403086,0.16037735849056603,15.381792452830188,17
libre art & crafts,but art & crafts,0.0014597018037743718,0.15384615384615385,15.370192307692308,14
but art & crafts,libre art & crafts,0.0014597018037743718,0.14583333333333331,15.370192307692307,14
chant accessoires,appel accessoires,0.0012511729746637473,0.1518987341772152,15.335376415722854,12
habiller mode & vêtements,de mode & vêtements,0.0012511729746637473,0.1518987341772152,15.335376415722854,12
de mode & vêtements,habiller mode & vêtements,0.0012511729746637473,0.12631578947368421,15.335376415722852,12
appel accessoires,chant accessoires,0.0012511729746637473,0.12631578947368421,15.335376415722852,12
quant à informatique,tendre informatique,0.001146908560108435,0.1375,15.334447674418607,11
ailleurs électronique,de électronique,0.001146908560108435,0.12790697674418605,15.334447674418607,11
tromper art & crafts,livre art & crafts,0.001146908560108435,0.1375,15.334447674418607,11
livre art & crafts,tromper art & crafts,0.001146908560108435,0.12790697674418605,15.334447674418607,11
de électronique,ailleurs électronique,0.001146908560108435,0.1375,15.334447674418607,11
tendre informatique,quant à informatique,0.001146908560108435,0.12790697674418605,15.334447674418607,11
oiseau alimentation,depuis alimentation,0.001146908560108435,0.1375,15.334447674418607,11
depuis alimentation,oiseau alimentation,0.001146908560108435,0.12790697674418605,15.334447674418607,11
sourire sports & loisirs,anglais sports & loisirs,0.0013554373892190595,0.17105263157894737,15.332390555828825,13
anglais sports & loisirs,sourire sports & loisirs,0.0013554373892190595,0.12149532710280374,15.332390555828825,13
nu mode & vêtements,plaine mode & vêtements,0.001146908560108435,0.14864864864864866,15.329991281604185,11
plaine mode & vêtements,nu mode & vêtements,0.001146908560108435,0.11827956989247311,15.329991281604183,11
général électronique,de électronique,0.0012511729746637473,0.12765957446808512,15.304787234042557,12
de électronique,général électronique,0.0012511729746637473,0.15000000000000002,15.304787234042555,12
soutenir maison & jardin,visage maison & jardin,0.0015639662183296842,0.15306122448979595,15.291772959183676,15
visage maison & jardin,soutenir maison & jardin,0.0015639662183296842,0.15625,15.291772959183675,15
papier sports & loisirs,anglais sports & loisirs,0.0015639662183296842,0.17045454545454547,15.278780798640614,15
anglais sports & loisirs,papier sports & loisirs,0.0015639662183296842,0.14018691588785048,15.278780798640614,15
livre art & crafts,apprendre art & crafts,0.0010426441455531226,0.11627906976744186,15.27715833067856,10
apprendre art & crafts,livre art & crafts,0.0010426441455531226,0.136986301369863,15.27715833067856,10
contenir gaming,commencer gaming,0.0013554373892190595,0.13829787234042554,15.246148202494497,13
commencer gaming,contenir gaming,0.0013554373892190595,0.14942528735632182,15.246148202494496,13
sourire maison & jardin,fenêtre maison & jardin,0.0013554373892190595,0.14606741573033707,15.227528089887642,13
fenêtre maison & jardin,sourire maison & jardin,0.0013554373892190595,0.14130434782608695,15.22752808988764,13
capable électronique,guerre électronique,0.0014597018037743718,0.1728395061728395,15.208290859667006,14
guerre électronique,capable électronique,0.0014597018037743718,0.12844036697247707,15.208290859667006,14
subir électronique,intérieur électronique,0.0010426441455531226,0.12048192771084337,15.204502219403931,10
intérieur électronique,subir électronique,0.0010426441455531226,0.13157894736842105,15.204502219403931,10
hésiter chaussettes & lingerie,grave chaussettes & lingerie,0.0016682306328849963,0.16,15.193663366336635,16
grave chaussettes & lingerie,hésiter chaussettes & lingerie,0.0016682306328849963,0.15841584158415842,15.193663366336635,16
tromper art & crafts,sommet art & crafts,0.0010426441455531226,0.125,15.175632911392405,10
sommet art & crafts,tromper art & crafts,0.0010426441455531226,0.12658227848101264,15.175632911392404,10
souffrance bijoux,entretenir bijoux,0.0013554373892190595,0.1313131313131313,15.173786053304125,13
entretenir bijoux,souffrance bijoux,0.0013554373892190595,0.1566265060240964,15.173786053304125,13
genre sacs & bagages,être sacs & bagages,0.0015639662183296842,0.14705882352941177,15.166034155597723,15
être sacs & bagages,genre sacs & bagages,0.0015639662183296842,0.16129032258064516,15.166034155597721,15
subir sports & loisirs,pied sports & loisirs,0.0016682306328849963,0.14545454545454545,15.163636363636364,16
pied sports & loisirs,subir sports & loisirs,0.0016682306328849963,0.17391304347826086,15.163636363636364,16
presque art & crafts,frapper art & crafts,0.0009383797309978105,0.1168831168831169,15.14899964899965,9
frapper art & crafts,presque art & crafts,0.0009383797309978105,0.12162162162162163,15.14899964899965,9
ou informatique,cent informatique,0.0015639662183296842,0.15306122448979595,15.134125815274567,15
cent informatique,ou informatique,0.0015639662183296842,0.15463917525773196,15.134125815274565,15
naturel maison & jardin,depuis maison & jardin,0.0014597018037743718,0.16091954022988506,15.131169709263014,14
depuis maison & jardin,naturel maison & jardin,0.0014597018037743718,0.1372549019607843,15.131169709263013,14
problème sacs & bagages,parti sacs & bagages,0.0016682306328849963,0.14814814814814814,15.115839243498817,16
parti sacs & bagages,problème sacs & bagages,0.0016682306328849963,0.1702127659574468,15.115839243498817,16
mari accessoires,plaine accessoires,0.0014597018037743718,0.13861386138613863,15.10733573357336,14
mode pet care,court pet care,0.0014597018037743718,0.13861386138613863,15.10733573357336,14
plaine accessoires,mari accessoires,0.0014597018037743718,0.1590909090909091,15.107335733573358,14
court pet care,mode pet care,0.0014597018037743718,0.1590909090909091,15.107335733573358,14
recherche sports & loisirs,surveiller sports & loisirs,0.0016682306328849963,0.16842105263157894,15.096507624200688,16
surveiller sports & loisirs,recherche sports & loisirs,0.0016682306328849963,0.14953271028037382,15.096507624200688,16
faible sacs & bagages,prier sacs & bagages,0.0013554373892190595,0.1368421052631579,15.085662431941923,13
prier sacs & bagages,faible sacs & bagages,0.0013554373892190595,0.14942528735632182,15.085662431941923,13
politique jouets & enfants,promettre jouets & enfants,0.0013554373892190595,0.13978494623655913,15.063791228706053,13
promettre jouets & enfants,politique jouets & enfants,0.0013554373892190595,0.14606741573033707,15.063791228706052,13
nommer maison & jardin,bon maison & jardin,0.0014597018037743718,0.15384615384615385,15.056514913657773,14
bon maison & jardin,nommer maison & jardin,0.0014597018037743718,0.14285714285714288,15.056514913657773,14
compte montres,empire montres,0.0013554373892190595,0.14285714285714285,15.05651491365777,13
baisser alimentation,tellement alimentation,0.0012511729746637473,0.14285714285714285,15.05651491365777,12
tellement alimentation,baisser alimentation,0.0012511729746637473,0.13186813186813187,15.05651491365777,12
empire montres,compte montres,0.0013554373892190595,0.14285714285714285,15.05651491365777,13
demande bijoux,silencieux bijoux,0.0014597018037743718,0.15053763440860216,15.039650537634408,14
silencieux bijoux,demande bijoux,0.0014597018037743718,0.14583333333333331,15.039650537634406,14
sourire maison & jardin,veille maison & jardin,0.0012511729746637473,0.13483146067415733,15.036843480533058,12
veille maison & jardin,sourire maison & jardin,0.0012511729746637473,0.13953488372093026,15.036843480533058,12
lui auto & moto,violence auto & moto,0.0012511729746637473,0.13483146067415733,15.036843480533058,12
violence auto & moto,lui auto & moto,0.0012511729746637473,0.13953488372093026,15.036843480533058,12
gagner mode & vêtements,fenêtre mode & vêtements,0.0013554373892190595,0.1238095238095238,15.031103074141049,13
fenêtre mode & vêtements,gagner mode & vêtements,0.0013554373892190595,0.16455696202531644,15.031103074141047,13
sentir beauté & santé,étude beauté & santé,0.0016682306328849963,0.14414414414414414,15.027027027027028,16
étude beauté & santé,sentir beauté & santé,0.0016682306328849963,0.17391304347826086,15.027027027027026,16
tendre informatique,fidèle informatique,0.0015639662183296842,0.1595744680851064,15.004693366708386,15
fidèle informatique,tendre informatique,0.0015639662183296842,0.14705882352941177,15.004693366708386,15
six auto & moto,détruire auto & moto,0.0016682306328849963,0.14678899082568808,14.977161819246536,16
détruire auto & moto,six auto & moto,0.0016682306328849963,0.1702127659574468,14.977161819246534,16
françois maison & jardin,céder maison & jardin,0.001146908560108435,0.13580246913580246,14.971051511281395,11
céder maison & jardin,françois maison & jardin,0.001146908560108435,0.1264367816091954,14.971051511281393,11
sourire maison & jardin,convenir maison & jardin,0.0015639662183296842,0.16853932584269665,14.967228464419478,15
convenir maison & jardin,sourire maison & jardin,0.0015639662183296842,0.1388888888888889,14.967228464419478,15
énergie alimentation,entrée alimentation,0.0012511729746637473,0.14814814814814814,14.956725146198831,12
entrée alimentation,énergie alimentation,0.0012511729746637473,0.12631578947368421,14.95672514619883,12
matière gaming,éternel gaming,0.0012511729746637473,0.1090909090909091,14.947012987012988,12
éternel gaming,matière gaming,0.0012511729746637473,0.17142857142857143,14.947012987012988,12
examiner montres,succès montres,0.001876759461995621,0.15254237288135594,14.928917329643724,18
succès montres,examiner montres,0.001876759461995621,0.1836734693877551,14.928917329643722,18
absence sports & loisirs,subir sports & loisirs,0.0013554373892190595,0.17105263157894737,14.914234449760766,13
découvrir livres & médias,grain livres & médias,0.0013554373892190595,0.1368421052631579,14.914234449760766,13
subir sports & loisirs,absence sports & loisirs,0.0013554373892190595,0.11818181818181818,14.914234449760766,13
grain livres & médias,découvrir livres & médias,0.0013554373892190595,0.1477272727272727,14.914234449760764,13
rencontrer auto & moto,toucher auto & moto,0.0012511729746637473,0.12903225806451613,14.910221531286437,12
toucher auto & moto,rencontrer auto & moto,0.0012511729746637473,0.14457831325301207,14.910221531286437,12
non chaussures,trente chaussures,0.0013554373892190595,0.13829787234042554,14.90353813052833,13
aider jouets & enfants,promettre jouets & enfants,0.0013554373892190595,0.13829787234042554,14.90353813052833,13
promettre jouets & enfants,aider jouets & enfants,0.0013554373892190595,0.14606741573033707,14.903538130528329,13
trente chaussures,non chaussures,0.0013554373892190595,0.14606741573033707,14.903538130528329,13
réfléchir chaussettes & lingerie,détail chaussettes & lingerie,0.0015639662183296842,0.1630434782608696,14.892857142857144,15
fenêtre maison & jardin,nommer maison & jardin,0.0013554373892190595,0.14130434782608695,14.892857142857142,13
détail chaussettes & lingerie,réfléchir chaussettes & lingerie,0.0015639662183296842,0.14285714285714285,14.892857142857142,15
nommer maison & jardin,fenêtre maison & jardin,0.0013554373892190595,0.14285714285714285,14.892857142857142,13
tandis que livres & médias,il livres & médias,0.0014597018037743718,0.14583333333333331,14.879654255319148,14
il livres & médias,tandis que livres & médias,0.0014597018037743718,0.14893617021276595,14.879654255319148,14
obtenir alimentation,d'abord alimentation,0.0014597018037743718,0.14583333333333331,14.879654255319148,14
d'abord alimentation,obtenir alimentation,0.0014597018037743718,0.14893617021276595,14.879654255319148,14
paquet alimentation,fatigue alimentation,0.001146908560108435,0.14864864864864866,14.850929054054054,11
fatigue alimentation,paquet alimentation,0.001146908560108435,0.11458333333333333,14.850929054054053,11
soirée mode & vêtements,douceur mode & vêtements,0.0013554373892190595,0.13,14.843214285714286,13
douceur mode & vêtements,soirée mode & vêtements,0.0013554373892190595,0.15476190476190474,14.843214285714284,13
naissance électronique,toile électronique,0.001146908560108435,0.12222222222222222,14.838396624472574,11
toile électronique,naissance électronique,0.001146908560108435,0.13924050632911392,14.838396624472573,11
faveur art & crafts,valeur art & crafts,0.0015639662183296842,0.15306122448979595,14.828385899814473,15
valeur art & crafts,faveur art & crafts,0.0015639662183296842,0.15151515151515152,14.828385899814473,15
foi informatique,quant à informatique,0.001146908560108435,0.12359550561797754,14.817556179775284,11
quant à informatique,foi informatique,0.001146908560108435,0.1375,14.817556179775282,11
promettre électronique,subir électronique,0.0010426441455531226,0.1282051282051282,14.814643188137165,10
subir électronique,promettre électronique,0.0010426441455531226,0.12048192771084337,14.814643188137163,10
souhaiter beauté & santé,court beauté & santé,0.0014597018037743718,0.13592233009708737,14.813989408649602,14
court beauté & santé,souhaiter beauté & santé,0.0014597018037743718,0.1590909090909091,14.813989408649602,14
qualité accessoires,manquer accessoires,0.0014597018037743718,0.16666666666666666,14.800925925925924,14
manquer accessoires,qualité accessoires,0.0014597018037743718,0.12962962962962962,14.800925925925924,14
auprès beauté & santé,éclat beauté & santé,0.0017724950474403086,0.1650485436893204,14.79421105162871,17
éclat beauté & santé,auprès beauté & santé,0.0017724950474403086,0.15887850467289721,14.79421105162871,17
obliger alimentation,fuir alimentation,0.0010426441455531226,0.10638297872340424,14.78723404255319,10
fuir alimentation,obliger alimentation,0.0010426441455531226,0.14492753623188404,14.78723404255319,10
bas gaming,éternel gaming,0.001146908560108435,0.10784313725490195,14.776050420168067,11
éternel gaming,bas gaming,0.001146908560108435,0.15714285714285714,14.776050420168065,11
frapper art & crafts,chef art & crafts,0.0009383797309978105,0.12162162162162163,14.765480670543964,9
chef art & crafts,frapper art & crafts,0.0009383797309978105,0.1139240506329114,14.765480670543964,9
sommet art & crafts,frapper art & crafts,0.0009383797309978105,0.1139240506329114,14.765480670543964,9
frapper art & crafts,sommet art & crafts,0.0009383797309978105,0.12162162162162163,14.765480670543964,9
silencieux bijoux,entrer bijoux,0.0013554373892190595,0.13541666666666666,14.75887784090909,13
exprimer sports & loisirs,papier sports & loisirs,0.0013554373892190595,0.13541666666666666,14.75887784090909,13
papier sports & loisirs,exprimer sports & loisirs,0.0013554373892190595,0.1477272727272727,14.758877840909088,13
entrer bijoux,silencieux bijoux,0.0013554373892190595,0.1477272727272727,14.758877840909088,13
promettre électronique,environ électronique,0.0009383797309978105,0.11538461538461539,14.755384615384616,9
environ électronique,promettre électronique,0.0009383797309978105,0.12,14.755384615384614,9
afin de mode & vêtements,souvent mode & vêtements,0.0015639662183296842,0.1630434782608696,14.75235849056604,15
souvent mode & vêtements,afin de mode & vêtements,0.0015639662183296842,0.14150943396226415,14.752358490566039,15
ci beauté & santé,clef beauté & santé,0.0012511729746637473,0.12765957446808512,14.75160215329403,12
clef beauté & santé,ci beauté & santé,0.0012511729746637473,0.14457831325301207,14.75160215329403,12
ignorer mode & vêtements,compte mode & vêtements,0.0013554373892190595,0.13829787234042554,14.737943262411347,13
compte mode & vêtements,ignorer mode & vêtements,0.0013554373892190595,0.14444444444444443,14.737943262411346,13
titre maison & jardin,soutenir maison & jardin,0.0014597018037743718,0.15053763440860216,14.732718894009219,14
soutenir maison & jardin,titre maison & jardin,0.0014597018037743718,0.14285714285714288,14.732718894009217,14
repousser bijoux,femme bijoux,0.0015639662183296842,0.17045454545454547,14.728194103194104,15
femme bijoux,repousser bijoux,0.0015639662183296842,0.13513513513513514,14.728194103194104,15
l'une art & crafts,user art & crafts,0.0010426441455531226,0.11363636363636363,14.728194103194102,10
user art & crafts,l'une art & crafts,0.0010426441455531226,0.13513513513513511,14.7281941031941,10
contre téléphonie,armer téléphonie,0.0015639662183296842,0.14423076923076925,14.716141571194765,15
armer téléphonie,contre téléphonie,0.0015639662183296842,0.1595744680851064,14.716141571194765,15
tendre informatique,mettre informatique,0.0012511729746637473,0.13953488372093026,14.706363404037825,12
mettre informatique,tendre informatique,0.0012511729746637473,0.13186813186813187,14.706363404037823,12
conclure jouets & enfants,exprimer jouets & enfants,0.0015639662183296842,0.15789473684210528,14.702606029637202,15
exprimer jouets & enfants,conclure jouets & enfants,0.0015639662183296842,0.14563106796116507,14.702606029637202,15
mourir chaussures,place chaussures,0.0015639662183296842,0.15306122448979595,14.68010204081633,15
serrer jouets & enfants,souhaiter jouets & enfants,0.0015639662183296842,0.15306122448979595,14.68010204081633,15
place chaussures,mourir chaussures,0.0015639662183296842,0.15,14.680102040816326,15
souhaiter jouets & enfants,serrer jouets & enfants,0.0015639662183296842,0.15,14.680102040816326,15
goutte auto & moto,attention auto & moto,0.0013554373892190595,0.13,14.668588235294118,13
attention auto & moto,goutte auto & moto,0.0013554373892190595,0.15294117647058822,14.668588235294116,13
passage pet care,paupière pet care,0.0017724950474403086,0.15887850467289721,14.651959022286128,17
paupière pet care,passage pet care,0.0017724950474403086,0.16346153846153846,14.651959022286126,17
rose chaussures,choix chaussures,0.0012511729746637473,0.14814814814814814,14.648339060710194,12
choix chaussures,rose chaussures,0.0012511729746637473,0.12371134020618557,14.648339060710194,12
terreur alimentation,énergie alimentation,0.001146908560108435,0.12359550561797754,14.634623387432377,11
énergie alimentation,terreur alimentation,0.001146908560108435,0.13580246913580246,14.634623387432377,11
fuir alimentation,entrée alimentation,0.0010426441455531226,0.14492753623188404,14.63157894736842,10
entrée alimentation,fuir alimentation,0.0010426441455531226,0.10526315789473684,14.63157894736842,10
vide électronique,visite électronique,0.0010426441455531226,0.12195121951219512,14.620426829268293,10
visite électronique,vide électronique,0.0010426441455531226,0.125,14.620426829268293,10
entretenir bijoux,bataille bijoux,0.001146908560108435,0.13253012048192772,14.610303282093893,11
bataille bijoux,entretenir bijoux,0.001146908560108435,0.1264367816091954,14.610303282093891,11
grave chaussettes & lingerie,toute chaussettes & lingerie,0.0014597018037743718,0.13861386138613863,14.609291698400611,14
toute chaussettes & lingerie,grave chaussettes & lingerie,0.0014597018037743718,0.15384615384615385,14.609291698400611,14
raison art & crafts,apprendre art & crafts,0.0009383797309978105,0.1111111111111111,14.598173515981735,9
apprendre art & crafts,raison art & crafts,0.0009383797309978105,0.12328767123287672,14.598173515981735,9
habiter alimentation,entrée alimentation,0.0012511729746637473,0.14457831325301207,14.596322130627778,12
entrée alimentation,habiter alimentation,0.0012511729746637473,0.12631578947368421,14.596322130627776,12
retirer chaussures,désir chaussures,0.0017724950474403086,0.17346938775510207,14.594253490870035,17
désir chaussures,retirer chaussures,0.0017724950474403086,0.14912280701754385,14.594253490870033,17
avant sacs & bagages,parti sacs & bagages,0.001146908560108435,0.14285714285714288,14.575987841945292,11
début chaussures,ordre chaussures,0.0014597018037743718,0.14285714285714288,14.575987841945292,14
parti sacs & bagages,avant sacs & bagages,0.001146908560108435,0.11702127659574468,14.57598784194529,11
ordre chaussures,début chaussures,0.0014597018037743718,0.14893617021276595,14.575987841945288,14
entretenir bijoux,femme bijoux,0.0014597018037743718,0.16867469879518074,14.574405731032238,14
femme bijoux,entretenir bijoux,0.0014597018037743718,0.12612612612612611,14.574405731032236,14
rôle informatique,foi informatique,0.0015639662183296842,0.13513513513513514,14.562708776191924,15
foi informatique,rôle informatique,0.0015639662183296842,0.16853932584269665,14.562708776191924,15
terreur alimentation,paquet alimentation,0.0010426441455531226,0.11235955056179775,14.562708776191922,10
paquet alimentation,terreur alimentation,0.0010426441455531226,0.13513513513513511,14.56270877619192,10
pas sports & loisirs,guerre sports & loisirs,0.0012511729746637473,0.1411764705882353,14.559392789373813,12
guerre sports & loisirs,pas sports & loisirs,0.0012511729746637473,0.12903225806451613,14.559392789373813,12
ville bijoux,couler bijoux,0.0012511729746637473,0.13953488372093026,14.54651162790698,12
couler bijoux,ville bijoux,0.0012511729746637473,0.13043478260869568,14.54651162790698,12
court pet care,jusque pet care,0.0012511729746637473,0.13636363636363638,14.531818181818183,12
danger bijoux,blanc bijoux,0.0014597018037743718,0.1272727272727273,14.531818181818183,14
détail chaussettes & lingerie,voiture chaussettes & lingerie,0.0014597018037743718,0.13333333333333333,14.531818181818181,14
jusque pet care,court pet care,0.0012511729746637473,0.13333333333333333,14.531818181818181,12
blanc bijoux,danger bijoux,0.0014597018037743718,0.16666666666666666,14.531818181818181,14
voiture chaussettes & lingerie,détail chaussettes & lingerie,0.0014597018037743718,0.1590909090909091,14.531818181818181,14
fou auto & moto,attention auto & moto,0.0013554373892190595,0.12871287128712872,14.523354688410018,13
attention auto & moto,fou auto & moto,0.0013554373892190595,0.15294117647058822,14.523354688410016,13
pareil mode & vêtements,habiller mode & vêtements,0.001146908560108435,0.11956521739130435,14.515822784810128,11
réponse sacs & bagages,pauvre sacs & bagages,0.001146908560108435,0.11956521739130435,14.515822784810128,11
pauvre sacs & bagages,réponse sacs & bagages,0.001146908560108435,0.13924050632911392,14.515822784810126,11
habiller mode & vêtements,pareil mode & vêtements,0.001146908560108435,0.13924050632911392,14.515822784810126,11
soutenir maison & jardin,françois maison & jardin,0.0012511729746637473,0.12244897959183675,14.498866213151928,12
françois maison & jardin,soutenir maison & jardin,0.0012511729746637473,0.14814814814814814,14.498866213151928,12
soutenir maison & jardin,convenir maison & jardin,0.0016682306328849963,0.163265306122449,14.498866213151928,16
convenir maison & jardin,soutenir maison & jardin,0.0016682306328849963,0.14814814814814814,14.498866213151928,16
entrer bijoux,situation bijoux,0.0015639662183296842,0.17045454545454547,14.467518101367661,15
situation bijoux,entrer bijoux,0.0015639662183296842,0.13274336283185842,14.467518101367661,15
compte montres,examiner montres,0.0014597018037743718,0.15384615384615385,14.46606334841629,14
examiner montres,compte montres,0.0014597018037743718,0.1372549019607843,14.466063348416288,14
pourquoi montres,signe montres,0.0013554373892190595,0.1326530612244898,14.45767625231911,13
signe montres,pourquoi montres,0.0013554373892190595,0.1477272727272727,14.457676252319109,13
politique jouets & enfants,transformer jouets & enfants,0.0015639662183296842,0.16129032258064516,14.457340970756709,15
transformer jouets & enfants,politique jouets & enfants,0.0015639662183296842,0.14018691588785048,14.457340970756709,15
détacher art & crafts,songer art & crafts,0.0010426441455531226,0.11904761904761903,14.452983725135622,10
songer art & crafts,détacher art & crafts,0.0010426441455531226,0.12658227848101264,14.45298372513562,10
regretter livres & médias,soi livres & médias,0.0014597018037743718,0.13861386138613863,14.450495049504953,14
soi livres & médias,regretter livres & médias,0.0014597018037743718,0.15217391304347827,14.450495049504953,14
situation bijoux,discussion bijoux,0.0016682306328849963,0.1415929203539823,14.446996799096215,16
discussion bijoux,situation bijoux,0.0016682306328849963,0.1702127659574468,14.446996799096215,16
visage maison & jardin,recevoir maison & jardin,0.0012511729746637473,0.125,14.444277108433736,12
recevoir maison & jardin,visage maison & jardin,0.0012511729746637473,0.14457831325301207,14.444277108433736,12
court beauté & santé,clef beauté & santé,0.001146908560108435,0.125,14.444277108433736,11
clef beauté & santé,court beauté & santé,0.001146908560108435,0.13253012048192772,14.444277108433736,11
il livres & médias,soi livres & médias,0.0013554373892190595,0.13829787234042554,14.417553191489363,13
soi livres & médias,il livres & médias,0.0013554373892190595,0.14130434782608695,14.417553191489361,13
marche pet care,larme pet care,0.0017724950474403086,0.16831683168316833,14.413631541725602,17
larme pet care,marche pet care,0.0017724950474403086,0.15178571428571427,14.4136315417256,17
inquiétude accessoires,hiver accessoires,0.0012511729746637473,0.12765957446808512,14.404505632040053,12
membre auto & moto,attention auto & moto,0.0012511729746637473,0.12765957446808512,14.404505632040053,12
pouvoir alimentation,seigneur alimentation,0.0012511729746637473,0.12765957446808512,14.404505632040053,12
hiver accessoires,inquiétude accessoires,0.0012511729746637473,0.1411764705882353,14.404505632040049,12
attention auto & moto,membre auto & moto,0.0012511729746637473,0.1411764705882353,14.404505632040049,12
seigneur alimentation,pouvoir alimentation,0.0012511729746637473,0.1411764705882353,14.404505632040049,12
gagner maison & jardin,depuis maison & jardin,0.0015639662183296842,0.15306122448979595,14.392256902761106,15
depuis maison & jardin,gagner maison & jardin,0.0015639662183296842,0.14705882352941177,14.392256902761106,15
veille maison & jardin,regard maison & jardin,0.0012511729746637473,0.13953488372093026,14.390097524381098,12
regard maison & jardin,veille maison & jardin,0.0012511729746637473,0.12903225806451613,14.390097524381096,12
chaud chaussettes & lingerie,bien chaussettes & lingerie,0.0013554373892190595,0.12745098039215685,14.380968858131487,13
bien chaussettes & lingerie,chaud chaussettes & lingerie,0.0013554373892190595,0.15294117647058822,14.380968858131485,13
promettre électronique,flot électronique,0.0009383797309978105,0.11538461538461539,14.372127872127875,9
flot électronique,promettre électronique,0.0009383797309978105,0.1168831168831169,14.372127872127873,9
assez chaussettes & lingerie,trésor chaussettes & lingerie,0.0014597018037743718,0.15730337078651688,14.368539325842699,14
trésor chaussettes & lingerie,assez chaussettes & lingerie,0.0014597018037743718,0.13333333333333333,14.368539325842697,14
combien mode & vêtements,signifier mode & vêtements,0.0012511729746637473,0.12121212121212122,14.352413019079686,12
signifier mode & vêtements,combien mode & vêtements,0.0012511729746637473,0.14814814814814814,14.352413019079684,12
examiner montres,et montres,0.001876759461995621,0.15254237288135594,14.343469591226322,18
et montres,examiner montres,0.001876759461995621,0.17647058823529413,14.343469591226322,18
de électronique,mensonge électronique,0.001146908560108435,0.1375,14.334375000000001,11
mensonge électronique,de électronique,0.001146908560108435,0.11956521739130435,14.334375000000001,11
éviter livres & médias,fonder livres & médias,0.0013554373892190595,0.13,14.331379310344827,13
fonder livres & médias,éviter livres & médias,0.0013554373892190595,0.14942528735632182,14.331379310344825,13
depuis maison & jardin,tenter maison & jardin,0.0016682306328849963,0.1568627450980392,14.32829131652661,16
tenter maison & jardin,depuis maison & jardin,0.0016682306328849963,0.15238095238095237,14.328291316526608,16
premier jouets & enfants,exprimer jouets & enfants,0.0014597018037743718,0.15384615384615385,14.325616131441375,14
exprimer jouets & enfants,premier jouets & enfants,0.0014597018037743718,0.13592233009708737,14.325616131441373,14
prier sacs & bagages,avant sacs & bagages,0.0010426441455531226,0.11494252873563217,14.31706224809673,10
avant sacs & bagages,prier sacs & bagages,0.0010426441455531226,0.12987012987012986,14.317062248096729,10
oeuvre bijoux,entrer bijoux,0.0013554373892190595,0.1313131313131313,14.311639118457299,13
entrer bijoux,oeuvre bijoux,0.0013554373892190595,0.1477272727272727,14.311639118457297,13
posséder chaussettes & lingerie,réfléchir chaussettes & lingerie,0.0014597018037743718,0.1372549019607843,14.308823529411764,14
réfléchir chaussettes & lingerie,posséder chaussettes & lingerie,0.0014597018037743718,0.15217391304347827,14.308823529411764,14
puisque sports & loisirs,pied sports & loisirs,0.0014597018037743718,0.1372549019607843,14.308823529411764,14
monsieur montres,vêtement montres,0.0014597018037743718,0.1372549019607843,14.308823529411764,14
pied sports & loisirs,puisque sports & loisirs,0.0014597018037743718,0.15217391304347827,14.308823529411764,14
vêtement montres,monsieur montres,0.0014597018037743718,0.15217391304347827,14.308823529411764,14
haut mode & vêtements,pas mode & vêtements,0.0013554373892190595,0.11926605504587155,14.298509174311928,13
pas mode & vêtements,haut mode & vêtements,0.0013554373892190595,0.1625,14.298509174311928,13
retirer chaussures,trente chaussures,0.0013554373892190595,0.1326530612244898,14.295230451731257,13
trente chaussures,retirer chaussures,0.0013554373892190595,0.14606741573033707,14.295230451731255,13
puissance informatique,tendre informatique,0.0014597018037743718,0.14,14.284468085106385,14
tendre informatique,puissance informatique,0.0014597018037743718,0.14893617021276595,14.284468085106383,14
pas sports & loisirs,douter sports & loisirs,0.0010426441455531226,0.1176470588235294,14.282948622486968,10
douter sports & loisirs,pas sports & loisirs,0.0010426441455531226,0.12658227848101264,14.282948622486968,10
observer informatique,l'un informatique,0.0014597018037743718,0.1414141414141414,14.276874003189793,14
l'un informatique,observer informatique,0.0014597018037743718,0.1473684210526316,14.276874003189793,14
larme pet care,bataille pet care,0.0017724950474403086,0.15178571428571427,14.272321428571427,17
éternel gaming,curieux gaming,0.0010426441455531226,0.14285714285714285,14.272321428571427,10
curieux gaming,éternel gaming,0.0010426441455531226,0.10416666666666666,14.272321428571427,10
bataille pet care,larme pet care,0.0017724950474403086,0.16666666666666666,14.272321428571427,17
de mode & vêtements,pareil mode & vêtements,0.0013554373892190595,0.1368421052631579,14.265789473684212,13
pareil mode & vêtements,de mode & vêtements,0.0013554373892190595,0.14130434782608695,14.26578947368421,13
possible gaming,chat gaming,0.0017724950474403086,0.1650485436893204,14.261086329047494,17
chat gaming,possible gaming,0.0017724950474403086,0.15315315315315314,14.261086329047494,17
train chaussettes & lingerie,personnage chaussettes & lingerie,0.0012511729746637473,0.12631578947368421,14.252879256965945,12
personnage chaussettes & lingerie,train chaussettes & lingerie,0.0012511729746637473,0.1411764705882353,14.252879256965945,12
convenir maison & jardin,françois maison & jardin,0.0013554373892190595,0.12037037037037036,14.252743484224965,13
françois maison & jardin,convenir maison & jardin,0.0013554373892190595,0.16049382716049382,14.252743484224965,13
immense mode & vêtements,sur mode & vêtements,0.0012511729746637473,0.11881188118811882,14.244059405940597,12
sur mode & vêtements,immense mode & vêtements,0.0012511729746637473,0.15000000000000002,14.244059405940597,12
en beauté & santé,encore beauté & santé,0.0014597018037743718,0.12173913043478261,14.239024390243904,14
encore beauté & santé,en beauté & santé,0.0014597018037743718,0.17073170731707318,14.239024390243904,14
obliger alimentation,depuis alimentation,0.0012511729746637473,0.12765957446808512,14.237011380504704,12
depuis alimentation,obliger alimentation,0.0012511729746637473,0.13953488372093026,14.237011380504704,12
prier sacs & bagages,être sacs & bagages,0.0012511729746637473,0.13793103448275862,14.224694104560623,12
être sacs & bagages,prier sacs & bagages,0.0012511729746637473,0.12903225806451613,14.224694104560621,12
dangereux gaming,chasser gaming,0.001876759461995621,0.17647058823529413,14.222936233316858,18
chasser gaming,dangereux gaming,0.001876759461995621,0.1512605042016807,14.222936233316856,18
davantage livres & médias,adresser livres & médias,0.0015639662183296842,0.17045454545454547,14.215909090909092,15
adresser livres & médias,davantage livres & médias,0.0015639662183296842,0.13043478260869565,14.21590909090909,15
chaud sacs & bagages,craindre sacs & bagages,0.0012511729746637473,0.12000000000000001,14.20888888888889,12
craindre sacs & bagages,chaud sacs & bagages,0.0012511729746637473,0.14814814814814814,14.208888888888888,12
ignorer mode & vêtements,habiller mode & vêtements,0.001146908560108435,0.11702127659574468,14.206975491516294,11
habiller mode & vêtements,ignorer mode & vêtements,0.001146908560108435,0.13924050632911392,14.206975491516294,11
pauvre sacs & bagages,heure sacs & bagages,0.0009383797309978105,0.1139240506329114,14.190202202860434,9
heure sacs & bagages,pauvre sacs & bagages,0.0009383797309978105,0.1168831168831169,14.190202202860432,9
sourd accessoires,signe accessoires,0.0016682306328849963,0.15238095238095237,14.189181692094312,16
signe accessoires,sourd accessoires,0.0016682306328849963,0.1553398058252427,14.189181692094312,16
voyage livres & médias,plaire livres & médias,0.0015639662183296842,0.1388888888888889,14.171099290780143,15
plaire livres & médias,voyage livres & médias,0.0015639662183296842,0.1595744680851064,14.171099290780141,15
calme pet care,court pet care,0.0013554373892190595,0.13,14.168522727272729,13
assez accessoires,extraordinaire accessoires,0.0013554373892190595,0.13,14.168522727272729,13
extraordinaire accessoires,assez accessoires,0.0013554373892190595,0.1477272727272727,14.168522727272725,13
court pet care,calme pet care,0.0013554373892190595,0.1477272727272727,14.168522727272725,13
rose chaussures,profond chaussures,0.001146908560108435,0.13580246913580246,14.157407407407408,11
profond chaussures,rose chaussures,0.001146908560108435,0.11956521739130435,14.157407407407407,11
recueillir livres & médias,entraîner livres & médias,0.001146908560108435,0.15492957746478872,14.151710261569415,11
entraîner livres & médias,recueillir livres & médias,0.001146908560108435,0.10476190476190475,14.151710261569415,11
regretter livres & médias,il livres & médias,0.0014597018037743718,0.13861386138613863,14.143037708026123,14
argent gaming,parfaitement gaming,0.0014597018037743718,0.14893617021276595,14.143037708026123,14
inquiétude accessoires,mari accessoires,0.0014597018037743718,0.14893617021276595,14.143037708026123,14
il livres & médias,regretter livres & médias,0.0014597018037743718,0.14893617021276595,14.143037708026123,14
parfaitement gaming,argent gaming,0.0014597018037743718,0.13861386138613863,14.143037708026123,14
mari accessoires,inquiétude accessoires,0.0014597018037743718,0.13861386138613863,14.143037708026123,14
céder maison & jardin,alors maison & jardin,0.0010426441455531226,0.11494252873563217,14.133510167992924,10
naturel maison & jardin,alors maison & jardin,0.0010426441455531226,0.11494252873563217,14.133510167992924,10
alors maison & jardin,naturel maison & jardin,0.0010426441455531226,0.1282051282051282,14.133510167992924,10
alors maison & jardin,céder maison & jardin,0.0010426441455531226,0.1282051282051282,14.133510167992924,10
silencieux bijoux,souffrance bijoux,0.0014597018037743718,0.14583333333333331,14.128156565656564,14
souffrance bijoux,silencieux bijoux,0.0014597018037743718,0.1414141414141414,14.128156565656564,14
tenter maison & jardin,endroit maison & jardin,0.0015639662183296842,0.14285714285714285,14.125184094256259,15
endroit maison & jardin,tenter maison & jardin,0.0015639662183296842,0.15463917525773196,14.125184094256259,15
céder mode & vêtements,compte mode & vêtements,0.001146908560108435,0.13253012048192772,14.123293172690763,11
compte mode & vêtements,céder mode & vêtements,0.001146908560108435,0.12222222222222222,14.123293172690763,11
but art & crafts,chez art & crafts,0.0013554373892190595,0.13541666666666666,14.1171875,13
fatigue alimentation,près alimentation,0.0013554373892190595,0.13541666666666666,14.1171875,13
près alimentation,fatigue alimentation,0.0013554373892190595,0.14130434782608695,14.117187499999998,13
chez art & crafts,but art & crafts,0.0013554373892190595,0.14130434782608695,14.117187499999998,13
appartement électronique,toile électronique,0.0010426441455531226,0.11627906976744186,14.116867824551074,10
toile électronique,appartement électronique,0.0010426441455531226,0.12658227848101264,14.116867824551074,10
révolution alimentation,depuis alimentation,0.0010426441455531226,0.12658227848101264,14.116867824551074,10
depuis alimentation,révolution alimentation,0.0010426441455531226,0.11627906976744186,14.116867824551074,10
pouvoir alimentation,d'abord alimentation,0.0013554373892190595,0.13829787234042554,14.11079674060661,13
d'abord alimentation,pouvoir alimentation,0.0013554373892190595,0.13829787234042554,14.11079674060661,13
membre auto & moto,détruire auto & moto,0.0013554373892190595,0.13829787234042554,14.11079674060661,13
détruire auto & moto,membre auto & moto,0.0013554373892190595,0.13829787234042554,14.11079674060661,13
avouer auto & moto,attention auto & moto,0.0012511729746637473,0.125,14.104411764705883,12
court pet care,gros pet care,0.001146908560108435,0.125,14.104411764705883,11
gros pet care,court pet care,0.001146908560108435,0.12941176470588237,14.104411764705883,11
entrée électronique,cuisine électronique,0.0012511729746637473,0.15000000000000002,14.104411764705883,12
vraiment informatique,rencontrer informatique,0.0014597018037743718,0.125,14.104411764705883,14
cuisine électronique,entrée électronique,0.0012511729746637473,0.11764705882352941,14.104411764705883,12
humain chaussures,précis chaussures,0.001146908560108435,0.12941176470588237,14.104411764705883,11
précis chaussures,humain chaussures,0.001146908560108435,0.125,14.104411764705883,11
esprit pet care,calme pet care,0.0015639662183296842,0.14705882352941177,14.104411764705883,15
rencontrer informatique,vraiment informatique,0.0014597018037743718,0.16470588235294117,14.104411764705882,14
calme pet care,esprit pet care,0.0015639662183296842,0.15,14.104411764705882,15
attention auto & moto,avouer auto & moto,0.0012511729746637473,0.1411764705882353,14.104411764705882,12
envoyer pet care,long pet care,0.0016682306328849963,0.13675213675213674,14.10311552247036,16
long pet care,envoyer pet care,0.0016682306328849963,0.17204301075268816,14.10311552247036,16
mode pet care,marche pet care,0.0015639662183296842,0.14851485148514854,14.10302911479267,15
marche pet care,mode pet care,0.0015639662183296842,0.14851485148514854,14.10302911479267,15
vide sacs & bagages,prier sacs & bagages,0.001146908560108435,0.12790697674418605,14.10064153969527,11
prier sacs & bagages,vide sacs & bagages,0.001146908560108435,0.1264367816091954,14.100641539695268,11
pareil mode & vêtements,nu mode & vêtements,0.0010426441455531226,0.10869565217391304,14.087837837837837,10
nu mode & vêtements,pareil mode & vêtements,0.0010426441455531226,0.13513513513513511,14.087837837837837,10
chant accessoires,jusque accessoires,0.0008341153164424981,0.10126582278481013,14.075949367088606,8
jusque accessoires,chant accessoires,0.0008341153164424981,0.11594202898550723,14.075949367088606,8
mari accessoires,manquer accessoires,0.0016682306328849963,0.15841584158415842,14.068206820682068,16
manquer accessoires,mari accessoires,0.0016682306328849963,0.14814814814814814,14.068206820682068,16
dangereux gaming,consentir gaming,0.0016682306328849963,0.1568627450980392,14.06047278724574,16
consentir gaming,dangereux gaming,0.0016682306328849963,0.14953271028037382,14.060472787245738,16
jeunesse téléphonie,clair téléphonie,0.0012511729746637473,0.13186813186813187,14.052747252747253,12
défaut art & crafts,libre art & crafts,0.0012511729746637473,0.13333333333333333,14.052747252747253,12
libre art & crafts,défaut art & crafts,0.0012511729746637473,0.13186813186813187,14.052747252747253,12
clair téléphonie,jeunesse téléphonie,0.0012511729746637473,0.13333333333333333,14.052747252747253,12
six auto & moto,membre auto & moto,0.0015639662183296842,0.13761467889908258,14.041089205543628,15
membre auto & moto,six auto & moto,0.0015639662183296842,0.1595744680851064,14.041089205543628,15
regretter livres & médias,adresser livres & médias,0.0017724950474403086,0.16831683168316833,14.037623762376239,17
adresser livres & médias,regretter livres & médias,0.0017724950474403086,0.14782608695652175,14.037623762376239,17
souhaiter jouets & enfants,souvenir jouets & enfants,0.0012511729746637473,0.12000000000000001,14.035609756097562,12
souvenir jouets & enfants,souhaiter jouets & enfants,0.0012511729746637473,0.14634146341463417,14.035609756097562,12
demeurer jouets & enfants,devoir jouets & enfants,0.001146908560108435,0.11702127659574468,14.029388297872343,11
devoir jouets & enfants,demeurer jouets & enfants,0.001146908560108435,0.1375,14.029388297872341,11
retirer auto & moto,fou auto & moto,0.0013554373892190595,0.1477272727272727,14.028240324032403,13
rare pet care,marche pet care,0.0013554373892190595,0.1477272727272727,14.028240324032403,13
marche pet care,rare pet care,0.0013554373892190595,0.12871287128712872,14.028240324032403,13
fou auto & moto,retirer auto & moto,0.0013554373892190595,0.12871287128712872,14.028240324032403,13
rire gaming,possible gaming,0.0014597018037743718,0.15053763440860216,14.017538365173818,14
politique jouets & enfants,exprimer jouets & enfants,0.0014597018037743718,0.15053763440860216,14.017538365173818,14
exprimer jouets & enfants,politique jouets & enfants,0.0014597018037743718,0.13592233009708737,14.017538365173817,14
possible gaming,rire gaming,0.0014597018037743718,0.13592233009708737,14.017538365173817,14
matière gaming,de gaming,0.001876759461995621,0.16363636363636366,14.012824675324678,18
de gaming,matière gaming,0.001876759461995621,0.16071428571428573,14.012824675324676,18
toile électronique,promettre électronique,0.0009383797309978105,0.1139240506329114,14.00827653359299,9
promettre électronique,toile électronique,0.0009383797309978105,0.11538461538461539,14.00827653359299,9
pièce pet care,court pet care,0.0014597018037743718,0.12844036697247707,13.998540450375314,14
court pet care,pièce pet care,0.0014597018037743718,0.1590909090909091,13.998540450375312,14
soutenir maison & jardin,bon maison & jardin,0.0014597018037743718,0.14285714285714288,13.981049562682218,14
bon maison & jardin,soutenir maison & jardin,0.0014597018037743718,0.14285714285714288,13.981049562682218,14
attacher gaming,poser gaming,0.0016682306328849963,0.163265306122449,13.981049562682218,16
partie chaussettes & lingerie,milieu chaussettes & lingerie,0.0012511729746637473,0.12244897959183675,13.981049562682216,12
milieu chaussettes & lingerie,partie chaussettes & lingerie,0.0012511729746637473,0.14285714285714285,13.981049562682216,12
poser gaming,attacher gaming,0.0016682306328849963,0.14285714285714285,13.981049562682216,16
en sacs & bagages,payer sacs & bagages,0.0013554373892190595,0.13402061855670103,13.971649484536083,13
payer sacs & bagages,en sacs & bagages,0.0013554373892190595,0.14130434782608695,13.971649484536082,13
grave chaussettes & lingerie,chaud chaussettes & lingerie,0.0015639662183296842,0.14851485148514854,13.964764123471172,15
théâtre électronique,cuisine électronique,0.0015639662183296842,0.14851485148514854,13.964764123471172,15
cuisine électronique,théâtre électronique,0.0015639662183296842,0.14705882352941177,13.964764123471172,15
chaud chaussettes & lingerie,grave chaussettes & lingerie,0.0015639662183296842,0.14705882352941177,13.964764123471172,15
journal montres,et montres,0.0015639662183296842,0.14851485148514854,13.964764123471172,15
et montres,journal montres,0.0015639662183296842,0.14705882352941177,13.964764123471172,15
appel accessoires,inquiétude accessoires,0.0013554373892190595,0.1368421052631579,13.96226203807391,13
inquiétude accessoires,appel accessoires,0.0013554373892190595,0.13829787234042554,13.96226203807391,13
personnage chaussettes & lingerie,fonder chaussettes & lingerie,0.0012511729746637473,0.1411764705882353,13.959005457853245,12
fonder chaussettes & lingerie,personnage chaussettes & lingerie,0.0012511729746637473,0.12371134020618557,13.959005457853245,12
précis alimentation,nombreux alimentation,0.001146908560108435,0.12222222222222222,13.955158730158729,11
nombreux alimentation,précis alimentation,0.001146908560108435,0.13095238095238093,13.955158730158727,11
d'abord accessoires,surprendre accessoires,0.0010426441455531226,0.11494252873563217,13.954604975993014,10
surprendre accessoires,d'abord accessoires,0.0010426441455531226,0.12658227848101264,13.954604975993012,10
oncle électronique,ailleurs électronique,0.0012511729746637473,0.125,13.940406976744187,12
fatigue alimentation,depuis alimentation,0.0012511729746637473,0.125,13.940406976744187,12
depuis alimentation,fatigue alimentation,0.0012511729746637473,0.13953488372093026,13.940406976744187,12
ailleurs électronique,oncle électronique,0.0012511729746637473,0.13953488372093026,13.940406976744187,12
haut mode & vêtements,immense mode & vêtements,0.0016682306328849963,0.14678899082568808,13.939140703061133,16
immense mode & vêtements,haut mode & vêtements,0.0016682306328849963,0.15841584158415842,13.939140703061131,16
anglais sports & loisirs,fixe sports & loisirs,0.0016682306328849963,0.14953271028037382,13.923963342709373,16
terme beauté & santé,éclat beauté & santé,0.0016682306328849963,0.1553398058252427,13.923963342709373,16
fixe sports & loisirs,anglais sports & loisirs,0.0016682306328849963,0.1553398058252427,13.923963342709373,16
éclat beauté & santé,terme beauté & santé,0.0016682306328849963,0.14953271028037382,13.923963342709373,16
classe auto & moto,voyager auto & moto,0.0010426441455531226,0.12048192771084337,13.922194803309624,10
voyager auto & moto,classe auto & moto,0.0010426441455531226,0.12048192771084337,13.922194803309624,10
obtenir alimentation,révolution alimentation,0.001146908560108435,0.11458333333333333,13.910996835443038,11
révolution alimentation,obtenir alimentation,0.001146908560108435,0.13924050632911392,13.910996835443036,11
près alimentation,précis alimentation,0.0012511729746637473,0.13043478260869568,13.900000000000002,12
précis alimentation,fuir alimentation,0.0009383797309978105,0.1,13.9,9
précis alimentation,près alimentation,0.0012511729746637473,0.13333333333333333,13.9,12
fuir alimentation,précis alimentation,0.0009383797309978105,0.13043478260869565,13.899999999999999,9
de mode & vêtements,haut mode & vêtements,0.0015639662183296842,0.15789473684210528,13.893288266537906,15
haut mode & vêtements,de mode & vêtements,0.0015639662183296842,0.13761467889908258,13.893288266537906,15
auprès beauté & santé,mauvais beauté & santé,0.0017724950474403086,0.1650485436893204,13.885794583546245,17
mauvais beauté & santé,auprès beauté & santé,0.0017724950474403086,0.14912280701754385,13.885794583546243,17
subir sports & loisirs,papier sports & loisirs,0.0014597018037743718,0.1272727272727273,13.871280991735539,14
papier sports & loisirs,subir sports & loisirs,0.0014597018037743718,0.1590909090909091,13.871280991735537,14
libre sacs & bagages,composer sacs & bagages,0.0014597018037743718,0.1372549019607843,13.856965944272446,14
composer sacs & bagages,libre sacs & bagages,0.0014597018037743718,0.1473684210526316,13.856965944272446,14
capable électronique,énorme électronique,0.001146908560108435,0.13580246913580246,13.85618597320725,11
énorme électronique,capable électronique,0.001146908560108435,0.11702127659574468,13.85618597320725,11
rouge livres & médias,tandis que livres & médias,0.0014597018037743718,0.13861386138613863,13.848391089108912,14
tandis que livres & médias,rouge livres & médias,0.0014597018037743718,0.14583333333333331,13.84839108910891,14
presque art & crafts,valeur art & crafts,0.001146908560108435,0.14285714285714288,13.839826839826841,11
ou informatique,trait informatique,0.0014597018037743718,0.14285714285714288,13.839826839826841,14
valeur art & crafts,presque art & crafts,0.001146908560108435,0.1111111111111111,13.83982683982684,11
trait informatique,ou informatique,0.0014597018037743718,0.1414141414141414,13.83982683982684,14
songer art & crafts,sommet art & crafts,0.0009383797309978105,0.1139240506329114,13.83095657747156,9
sommet art & crafts,songer art & crafts,0.0009383797309978105,0.1139240506329114,13.83095657747156,9
possible gaming,parfaitement gaming,0.0015639662183296842,0.14563106796116507,13.829183889262715,15
parfaitement gaming,possible gaming,0.0015639662183296842,0.14851485148514854,13.829183889262715,15
partie chaussettes & lingerie,île chaussettes & lingerie,0.0013554373892190595,0.1326530612244898,13.829081632653063,13
île chaussettes & lingerie,partie chaussettes & lingerie,0.0013554373892190595,0.14130434782608695,13.829081632653061,13
bataille pet care,esprit pet care,0.0015639662183296842,0.14705882352941177,13.827854671280276,15
esprit pet care,bataille pet care,0.0015639662183296842,0.14705882352941177,13.827854671280276,15
contenir gaming,curieux gaming,0.0013554373892190595,0.13829787234042554,13.816821808510639,13
parent alimentation,obtenir alimentation,0.0013554373892190595,0.13829787234042554,13.816821808510639,13
discussion bijoux,silencieux bijoux,0.0013554373892190595,0.13829787234042554,13.816821808510639,13
silencieux bijoux,discussion bijoux,0.0013554373892190595,0.13541666666666666,13.816821808510637,13
curieux gaming,contenir gaming,0.0013554373892190595,0.13541666666666666,13.816821808510637,13
obtenir alimentation,parent alimentation,0.0013554373892190595,0.13541666666666666,13.816821808510637,13
soutenir maison & jardin,elle maison & jardin,0.0012511729746637473,0.12244897959183675,13.816566626650662,12
elle maison & jardin,soutenir maison & jardin,0.0012511729746637473,0.1411764705882353,13.81656662665066,12
toucher auto & moto,trait auto & moto,0.001146908560108435,0.13253012048192772,13.816265060240966,11
trait auto & moto,toucher auto & moto,0.001146908560108435,0.11956521739130435,13.816265060240966,11
mode pet care,envoyer pet care,0.0017724950474403086,0.16831683168316833,13.797664381822798,17
envoyer pet care,mode pet care,0.0017724950474403086,0.14529914529914528,13.797664381822797,17
extraordinaire accessoires,surprendre accessoires,0.0010426441455531226,0.11363636363636363,13.79602991944764,10
surprendre accessoires,extraordinaire accessoires,0.0010426441455531226,0.12658227848101264,13.796029919447639,10
repas chaussures,rose chaussures,0.0012511729746637473,0.11650485436893204,13.795037756202804,12
as chaussures,rose chaussures,0.0012511729746637473,0.11650485436893204,13.795037756202804,12
rose chaussures,as chaussures,0.0012511729746637473,0.14814814814814814,13.795037756202804,12
rose chaussures,repas chaussures,0.0012511729746637473,0.14814814814814814,13.795037756202804,12
danger jouets & enfants,gens jouets & enfants,0.0016682306328849963,0.15384615384615385,13.790079079798707,16
gens jouets & enfants,danger jouets & enfants,0.0016682306328849963,0.14953271028037382,13.790079079798705,16
gagner mode & vêtements,souvent mode & vêtements,0.0016682306328849963,0.15238095238095237,13.787601078167114,16
souvent mode & vêtements,gagner mode & vêtements,0.0016682306328849963,0.1509433962264151,13.787601078167114,16
silencieux bijoux,bataille bijoux,0.0012511729746637473,0.125,13.780172413793103,12
plaine accessoires,d'abord accessoires,0.001146908560108435,0.125,13.780172413793103,11
bataille bijoux,silencieux bijoux,0.0012511729746637473,0.13793103448275862,13.780172413793103,12
d'abord accessoires,plaine accessoires,0.001146908560108435,0.1264367816091954,13.780172413793101,11
souvent mode & vêtements,pareil mode & vêtements,0.0014597018037743718,0.1320754716981132,13.768867924528303,14
pareil mode & vêtements,souvent mode & vêtements,0.0014597018037743718,0.15217391304347827,13.768867924528303,14
pied sports & loisirs,ton sports & loisirs,0.0014597018037743718,0.15217391304347827,13.768867924528303,14
ton sports & loisirs,pied sports & loisirs,0.0014597018037743718,0.1320754716981132,13.768867924528303,14
assister électronique,ailleurs électronique,0.0010426441455531226,0.12345679012345677,13.768303186907836,10
ailleurs électronique,assister électronique,0.0010426441455531226,0.11627906976744186,13.768303186907836,10
ailleurs électronique,capable électronique,0.0010426441455531226,0.11627906976744186,13.768303186907836,10
capable électronique,ailleurs électronique,0.0010426441455531226,0.12345679012345677,13.768303186907836,10
oublier alimentation,révolution alimentation,0.001146908560108435,0.1134020618556701,13.767584496933317,11
révolution alimentation,oublier alimentation,0.001146908560108435,0.13924050632911392,13.767584496933315,11
détruire auto & moto,lui auto & moto,0.0012511729746637473,0.12765957446808512,13.757112120487692,12
lui auto & moto,détruire auto & moto,0.0012511729746637473,0.13483146067415733,13.75711212048769,12
passer bijoux,repousser bijoux,0.0013554373892190595,0.1262135922330097,13.755847308031774,13
signe accessoires,extraordinaire accessoires,0.0013554373892190595,0.1262135922330097,13.755847308031774,13
extraordinaire accessoires,signe accessoires,0.0013554373892190595,0.1477272727272727,13.755847308031772,13
repousser bijoux,passer bijoux,0.0013554373892190595,0.1477272727272727,13.755847308031772,13
regard maison & jardin,silence maison & jardin,0.0012511729746637473,0.12903225806451613,13.750537634408602,12
cour accessoires,parce que accessoires,0.0012511729746637473,0.13333333333333333,13.750537634408602,12
ouvrage art & crafts,défaut art & crafts,0.0012511729746637473,0.12903225806451613,13.750537634408602,12
défaut art & crafts,ouvrage art & crafts,0.0012511729746637473,0.13333333333333333,13.750537634408602,12
silence maison & jardin,regard maison & jardin,0.0012511729746637473,0.13333333333333333,13.750537634408602,12
parce que accessoires,cour accessoires,0.0012511729746637473,0.12903225806451613,13.750537634408602,12
sourire maison & jardin,depuis maison & jardin,0.0013554373892190595,0.14606741573033707,13.734633179114342,13
depuis maison & jardin,sourire maison & jardin,0.0013554373892190595,0.12745098039215685,13.734633179114342,13
au beauté & santé,exécuter beauté & santé,0.0013554373892190595,0.14606741573033707,13.734633179114342,13
exécuter beauté & santé,au beauté & santé,0.0013554373892190595,0.12745098039215685,13.734633179114342,13
appel accessoires,signe accessoires,0.0014597018037743718,0.1473684210526316,13.722432294328055,14
signe accessoires,appel accessoires,0.0014597018037743718,0.13592233009708737,13.722432294328053,14
intérieur électronique,mensonge électronique,0.0010426441455531226,0.13157894736842105,13.717105263157896,10
mensonge électronique,intérieur électronique,0.0010426441455531226,0.10869565217391304,13.717105263157894,10
attitude accessoires,appel accessoires,0.001146908560108435,0.13580246913580246,13.710331384015594,11
appel accessoires,attitude accessoires,0.001146908560108435,0.11578947368421054,13.710331384015594,11
françois maison & jardin,classe maison & jardin,0.001146908560108435,0.13580246913580246,13.710331384015594,11
classe maison & jardin,françois maison & jardin,0.001146908560108435,0.11578947368421054,13.710331384015594,11
habitant accessoires,assez accessoires,0.0014597018037743718,0.14285714285714288,13.701428571428574,14
assez accessoires,habitant accessoires,0.0014597018037743718,0.14,13.701428571428574,14
assez accessoires,fort accessoires,0.0012511729746637473,0.12000000000000001,13.701428571428572,12
vif chaussures,place chaussures,0.0015639662183296842,0.14285714285714285,13.70142857142857,15
place chaussures,vif chaussures,0.0015639662183296842,0.15,13.70142857142857,15
fort accessoires,assez accessoires,0.0012511729746637473,0.14285714285714285,13.70142857142857,12
nul montres,vêtement montres,0.0013554373892190595,0.1313131313131313,13.68939393939394,13
vêtement montres,nul montres,0.0013554373892190595,0.14130434782608695,13.689393939393938,13
et montres,ensuite montres,0.0016682306328849963,0.1568627450980392,13.677005347593584,16
ensuite montres,et montres,0.0016682306328849963,0.14545454545454545,13.677005347593582,16
non chaussures,mémoire chaussures,0.0013554373892190595,0.13829787234042554,13.674380346567231,13
mémoire chaussures,non chaussures,0.0013554373892190595,0.13402061855670103,13.67438034656723,13
tromper art & crafts,sec art & crafts,0.0013554373892190595,0.1625,13.671381578947368,13
sec art & crafts,tromper art & crafts,0.0013554373892190595,0.11403508771929824,13.671381578947368,13
céder mode & vêtements,songer mode & vêtements,0.001146908560108435,0.13253012048192772,13.6677030703459,11
songer mode & vêtements,céder mode & vêtements,0.001146908560108435,0.11827956989247311,13.6677030703459,11
argent gaming,poser gaming,0.0015639662183296842,0.1595744680851064,13.664988601823708,15
poser gaming,argent gaming,0.0015639662183296842,0.13392857142857142,13.664988601823708,15
poste art & crafts,raison art & crafts,0.0009383797309978105,0.11538461538461539,13.662393162393162,9
raison art & crafts,poste art & crafts,0.0009383797309978105,0.1111111111111111,13.66239316239316,9
situation bijoux,bataille bijoux,0.0014597018037743718,0.12389380530973453,13.658223985352457,14
bataille bijoux,situation bijoux,0.0014597018037743718,0.16091954022988506,13.658223985352457,14
toile électronique,de électronique,0.0009383797309978105,0.1139240506329114,13.658069620253167,9
de électronique,toile électronique,0.0009383797309978105,0.11250000000000002,13.658069620253167,9
haïr chaussettes & lingerie,milieu chaussettes & lingerie,0.001146908560108435,0.11956521739130435,13.651785714285714,11
milieu chaussettes & lingerie,haïr chaussettes & lingerie,0.001146908560108435,0.13095238095238093,13.651785714285714,11
d'abord accessoires,sourd accessoires,0.0013554373892190595,0.14942528735632182,13.648932676518882,13
sourd accessoires,d'abord accessoires,0.0013554373892190595,0.1238095238095238,13.648932676518882,13
elle maison & jardin,nommer maison & jardin,0.001146908560108435,0.12941176470588237,13.639431157078217,11
nommer maison & jardin,elle maison & jardin,0.001146908560108435,0.12087912087912088,13.639431157078215,11
clair téléphonie,important téléphonie,0.001146908560108435,0.12222222222222222,13.630620155038761,11
important téléphonie,clair téléphonie,0.001146908560108435,0.12790697674418605,13.63062015503876,11
près pet care,mémoire pet care,0.001146908560108435,0.12359550561797754,13.625339015885316,11
mémoire pet care,près pet care,0.001146908560108435,0.1264367816091954,13.625339015885315,11
tapis électronique,de électronique,0.0010426441455531226,0.11363636363636363,13.623579545454547,10
rare pet care,escalier pet care,0.0010426441455531226,0.11363636363636363,13.623579545454547,10
court beauté & santé,discussion beauté & santé,0.0012511729746637473,0.13636363636363638,13.623579545454547,12
escalier pet care,rare pet care,0.0010426441455531226,0.125,13.623579545454545,10
fauteuil informatique,vague informatique,0.001146908560108435,0.125,13.623579545454545,11
vague informatique,fauteuil informatique,0.001146908560108435,0.125,13.623579545454545,11
loin téléphonie,amuser téléphonie,0.0013554373892190595,0.1477272727272727,13.623579545454545,13
amuser téléphonie,loin téléphonie,0.0013554373892190595,0.125,13.623579545454545,13
discussion beauté & santé,court beauté & santé,0.0012511729746637473,0.125,13.623579545454545,12
de électronique,tapis électronique,0.0010426441455531226,0.125,13.623579545454545,10
choix chaussures,doute chaussures,0.0015639662183296842,0.15463917525773196,13.606828714650526,15
doute chaussures,choix chaussures,0.0015639662183296842,0.13761467889908258,13.606828714650526,15
usage téléphonie,clair téléphonie,0.0012511729746637473,0.12765957446808512,13.604255319148937,12
entraîner livres & médias,plaire livres & médias,0.0014597018037743718,0.13333333333333333,13.604255319148937,14
clair téléphonie,usage téléphonie,0.0012511729746637473,0.13333333333333333,13.604255319148937,12
plaire livres & médias,entraîner livres & médias,0.0014597018037743718,0.14893617021276595,13.604255319148935,14
bataille accessoires,inquiétude accessoires,0.0010426441455531226,0.1333333333333333,13.604255319148933,10
inquiétude accessoires,bataille accessoires,0.0010426441455531226,0.10638297872340424,13.604255319148933,10
exprimer jouets & enfants,promettre jouets & enfants,0.0013554373892190595,0.1262135922330097,13.601287225919059,13
promettre jouets & enfants,exprimer jouets & enfants,0.0013554373892190595,0.14606741573033707,13.601287225919057,13
réclamer accessoires,parce que accessoires,0.0012511729746637473,0.13186813186813187,13.599432825239276,12
parce que accessoires,réclamer accessoires,0.0012511729746637473,0.12903225806451613,13.599432825239276,12
fuir alimentation,près alimentation,0.0009383797309978105,0.13043478260869565,13.597826086956522,9
franc auto & moto,voyager auto & moto,0.0012511729746637473,0.11764705882352941,13.594613749114105,12
voyager auto & moto,franc auto & moto,0.0012511729746637473,0.14457831325301207,13.594613749114105,12
si téléphonie,dangereux téléphonie,0.0015639662183296842,0.15306122448979595,13.592687074829934,15
dangereux téléphonie,si téléphonie,0.0015639662183296842,0.1388888888888889,13.592687074829934,15
valoir pet care,esprit pet care,0.0013554373892190595,0.14444444444444443,13.582026143790848,13
esprit pet care,valoir pet care,0.0013554373892190595,0.12745098039215685,13.582026143790848,13
en sacs & bagages,libre sacs & bagages,0.0014597018037743718,0.1443298969072165,13.571255306246211,14
cent informatique,fidèle informatique,0.0014597018037743718,0.1443298969072165,13.571255306246211,14
surprendre pet care,phrase pet care,0.0014597018037743718,0.1443298969072165,13.571255306246211,14
fonder chaussettes & lingerie,chaud chaussettes & lingerie,0.0014597018037743718,0.1443298969072165,13.571255306246211,14
phrase pet care,surprendre pet care,0.0014597018037743718,0.1372549019607843,13.571255306246208,14
libre sacs & bagages,en sacs & bagages,0.0014597018037743718,0.1372549019607843,13.571255306246208,14
chaud chaussettes & lingerie,fonder chaussettes & lingerie,0.0014597018037743718,0.1372549019607843,13.571255306246208,14
fidèle informatique,cent informatique,0.0014597018037743718,0.1372549019607843,13.571255306246208,14
fatigue alimentation,énergie alimentation,0.001146908560108435,0.11458333333333333,13.567515432098764,11
énergie alimentation,fatigue alimentation,0.001146908560108435,0.13580246913580246,13.567515432098764,11
énergie alimentation,obtenir alimentation,0.001146908560108435,0.13580246913580246,13.567515432098764,11
visage maison & jardin,françois maison & jardin,0.001146908560108435,0.11458333333333333,13.567515432098764,11
françois maison & jardin,visage maison & jardin,0.001146908560108435,0.13580246913580246,13.567515432098764,11
obtenir alimentation,énergie alimentation,0.001146908560108435,0.11458333333333333,13.567515432098764,11
ou informatique,tromper informatique,0.0014597018037743718,0.14285714285714288,13.56577086280057,14
tromper informatique,ou informatique,0.0014597018037743718,0.13861386138613863,13.565770862800568,14
veiller jouets & enfants,devoir jouets & enfants,0.0013554373892190595,0.11304347826086956,13.552500000000002,13
devoir jouets & enfants,veiller jouets & enfants,0.0013554373892190595,0.1625,13.5525,13
dehors pet care,long pet care,0.0013554373892190595,0.1313131313131313,13.54219615509938,13
long pet care,dehors pet care,0.0013554373892190595,0.13978494623655913,13.54219615509938,13
forcer art & crafts,libre art & crafts,0.0014597018037743718,0.12844036697247707,13.537050105857446,14
libre art & crafts,forcer art & crafts,0.0014597018037743718,0.15384615384615385,13.537050105857446,14
soleil chaussures,doute chaussures,0.0016682306328849963,0.15384615384615385,13.537050105857446,16
doute chaussures,soleil chaussures,0.0016682306328849963,0.14678899082568808,13.537050105857446,16
pièce pet care,envoyer pet care,0.001876759461995621,0.1651376146788991,13.537050105857446,18
envoyer pet care,pièce pet care,0.001876759461995621,0.15384615384615385,13.537050105857446,18
habitant accessoires,inquiétude accessoires,0.0013554373892190595,0.1326530612244898,13.534845853234913,13
demeurer jouets & enfants,serrer jouets & enfants,0.0013554373892190595,0.13829787234042554,13.534845853234913,13
serrer jouets & enfants,demeurer jouets & enfants,0.0013554373892190595,0.1326530612244898,13.534845853234913,13
inquiétude accessoires,habitant accessoires,0.0013554373892190595,0.13829787234042554,13.534845853234913,13
taire sports & loisirs,émotion sports & loisirs,0.0013554373892190595,0.13541666666666666,13.528971354166664,13
émotion sports & loisirs,taire sports & loisirs,0.0013554373892190595,0.13541666666666666,13.528971354166664,13
surprendre pet care,envoyer pet care,0.0016682306328849963,0.16494845360824742,13.521543748347872,16
envoyer pet care,surprendre pet care,0.0016682306328849963,0.13675213675213674,13.52154374834787,16
fenêtre maison & jardin,convenir maison & jardin,0.0014597018037743718,0.15217391304347827,13.51388888888889,14
convenir maison & jardin,fenêtre maison & jardin,0.0014597018037743718,0.12962962962962962,13.51388888888889,14
ouvrage art & crafts,détacher art & crafts,0.001146908560108435,0.11827956989247311,13.504992319508448,11
plaine mode & vêtements,douceur mode & vêtements,0.001146908560108435,0.11827956989247311,13.504992319508448,11
détacher art & crafts,ouvrage art & crafts,0.001146908560108435,0.13095238095238093,13.504992319508446,11
douceur mode & vêtements,plaine mode & vêtements,0.001146908560108435,0.13095238095238093,13.504992319508446,11
silencieux bijoux,femme bijoux,0.0015639662183296842,0.15625,13.500844594594595,15
femme bijoux,silencieux bijoux,0.0015639662183296842,0.13513513513513514,13.500844594594595,15
obtenir alimentation,paquet alimentation,0.0010426441455531226,0.10416666666666666,13.500844594594593,10
paquet alimentation,obtenir alimentation,0.0010426441455531226,0.13513513513513511,13.500844594594591,10
habitant accessoires,d'abord accessoires,0.0012511729746637473,0.12244897959183675,13.498944405348347,12
d'abord accessoires,habitant accessoires,0.0012511729746637473,0.13793103448275862,13.498944405348347,12
entraîner livres & médias,grain livres & médias,0.0013554373892190595,0.1238095238095238,13.493831168831168,13
sourd accessoires,extraordinaire accessoires,0.0013554373892190595,0.1238095238095238,13.493831168831168,13
grain livres & médias,entraîner livres & médias,0.0013554373892190595,0.1477272727272727,13.493831168831166,13
extraordinaire accessoires,sourd accessoires,0.0013554373892190595,0.1477272727272727,13.493831168831166,13
cacher sacs & bagages,payer sacs & bagages,0.001146908560108435,0.12941176470588237,13.491176470588238,11
payer sacs & bagages,cacher sacs & bagages,0.001146908560108435,0.11956521739130435,13.491176470588236,11
brûler art & crafts,sommet art & crafts,0.001146908560108435,0.1111111111111111,13.48945147679325,11
surprendre accessoires,attitude accessoires,0.0009383797309978105,0.1139240506329114,13.48945147679325,9
fenêtre mode & vêtements,signifier mode & vêtements,0.0009383797309978105,0.1139240506329114,13.48945147679325,9
attitude accessoires,surprendre accessoires,0.0009383797309978105,0.1111111111111111,13.48945147679325,9
signifier mode & vêtements,fenêtre mode & vêtements,0.0009383797309978105,0.1111111111111111,13.48945147679325,9
sommet art & crafts,brûler art & crafts,0.001146908560108435,0.13924050632911392,13.489451476793247,11
arracher informatique,vague informatique,0.0012511729746637473,0.12371134020618557,13.483130271790067,12
vague informatique,arracher informatique,0.0012511729746637473,0.13636363636363638,13.483130271790067,12
choix sacs & bagages,vide sacs & bagages,0.001146908560108435,0.12087912087912088,13.480833120368006,11
vide sacs & bagages,choix sacs & bagages,0.001146908560108435,0.12790697674418605,13.480833120368004,11
en beauté & santé,vers beauté & santé,0.0016682306328849963,0.1391304347826087,13.478787878787879,16
vers beauté & santé,en beauté & santé,0.0016682306328849963,0.1616161616161616,13.478787878787877,16
argent gaming,vous gaming,0.0014597018037743718,0.14893617021276595,13.47591328783621,14
vous gaming,argent gaming,0.0014597018037743718,0.1320754716981132,13.47591328783621,14
armer téléphonie,bras téléphonie,0.0014597018037743718,0.14893617021276595,13.47591328783621,14
bras téléphonie,armer téléphonie,0.0014597018037743718,0.1320754716981132,13.47591328783621,14
souvent mode & vêtements,ignorer mode & vêtements,0.0014597018037743718,0.1320754716981132,13.47591328783621,14
ignorer mode & vêtements,souvent mode & vêtements,0.0014597018037743718,0.14893617021276595,13.47591328783621,14
court beauté & santé,au beauté & santé,0.001146908560108435,0.125,13.47050561797753,11
au beauté & santé,court beauté & santé,0.001146908560108435,0.12359550561797754,13.47050561797753,11
gagner mode & vêtements,de mode & vêtements,0.0014597018037743718,0.13333333333333333,13.461052631578948,14
de mode & vêtements,gagner mode & vêtements,0.0014597018037743718,0.1473684210526316,13.461052631578948,14
vérité montres,tel montres,0.0015639662183296842,0.1388888888888889,13.455387205387206,15
tel montres,vérité montres,0.0015639662183296842,0.15151515151515152,13.455387205387206,15
chez art & crafts,ouvrage art & crafts,0.0012511729746637473,0.13043478260869568,13.451612903225808,12
montrer livres & médias,soi livres & médias,0.0012511729746637473,0.12903225806451613,13.451612903225808,12
soi livres & médias,montrer livres & médias,0.0012511729746637473,0.13043478260869568,13.451612903225808,12
ouvrage art & crafts,chez art & crafts,0.0012511729746637473,0.12903225806451613,13.451612903225808,12
gens jouets & enfants,devoir jouets & enfants,0.0012511729746637473,0.11214953271028039,13.445327102803741,12
devoir jouets & enfants,gens jouets & enfants,0.0012511729746637473,0.15000000000000002,13.445327102803741,12
gens jouets & enfants,souhaiter jouets & enfants,0.0015639662183296842,0.14018691588785048,13.44532710280374,15
souhaiter jouets & enfants,gens jouets & enfants,0.0015639662183296842,0.15,13.445327102803738,15
nom téléphonie,ressembler téléphonie,0.0014597018037743718,0.15555555555555556,13.44084084084084,14
ressembler téléphonie,nom téléphonie,0.0014597018037743718,0.12612612612612611,13.440840840840838,14
parfaitement gaming,vous gaming,0.0015639662183296842,0.14851485148514854,13.437791892396788,15
vous gaming,parfaitement gaming,0.0015639662183296842,0.14150943396226415,13.437791892396787,15
apprendre art & crafts,l'une art & crafts,0.0009383797309978105,0.12328767123287672,13.436955168119553,9
l'une art & crafts,apprendre art & crafts,0.0009383797309978105,0.10227272727272728,13.436955168119553,9
bas gaming,poser gaming,0.0016682306328849963,0.1568627450980392,13.432773109243698,16
bas gaming,de gaming,0.0016682306328849963,0.1568627450980392,13.432773109243698,16
fidèle informatique,mettre informatique,0.0013554373892190595,0.12745098039215685,13.432773109243696,13
mettre informatique,fidèle informatique,0.0013554373892190595,0.14285714285714285,13.432773109243696,13
chaîne sacs & bagages,genre sacs & bagages,0.0012511729746637473,0.14285714285714285,13.432773109243696,12
genre sacs & bagages,chaîne sacs & bagages,0.0012511729746637473,0.11764705882352941,13.432773109243696,12
poser gaming,bas gaming,0.0016682306328849963,0.14285714285714285,13.432773109243696,16
compte montres,monsieur montres,0.0013554373892190595,0.14285714285714285,13.432773109243696,13
monsieur montres,compte montres,0.0013554373892190595,0.12745098039215685,13.432773109243696,13
qualité accessoires,dégager accessoires,0.0010426441455531226,0.11904761904761903,13.432773109243696,10
inspirer électronique,cuisine électronique,0.0013554373892190595,0.14285714285714285,13.432773109243696,13
cuisine électronique,inspirer électronique,0.0013554373892190595,0.12745098039215685,13.432773109243696,13
de gaming,bas gaming,0.0016682306328849963,0.14285714285714285,13.432773109243696,16
dégager accessoires,qualité accessoires,0.0010426441455531226,0.1176470588235294,13.432773109243694,10
rouge livres & médias,soi livres & médias,0.0013554373892190595,0.12871287128712872,13.41831683168317,13
soi livres & médias,rouge livres & médias,0.0013554373892190595,0.14130434782608695,13.418316831683168,13
discussion beauté & santé,temps beauté & santé,0.001146908560108435,0.11458333333333333,13.402057926829269,11
temps beauté & santé,discussion beauté & santé,0.001146908560108435,0.13414634146341464,13.402057926829269,11
coeur jouets & enfants,demeurer jouets & enfants,0.001146908560108435,0.11458333333333333,13.402057926829269,11
demeurer jouets & enfants,coeur jouets & enfants,0.001146908560108435,0.13414634146341464,13.402057926829269,11
ouvrage art & crafts,presque art & crafts,0.0010426441455531226,0.1075268817204301,13.393380812735652,10
presque art & crafts,ouvrage art & crafts,0.0010426441455531226,0.12987012987012986,13.39338081273565,10
soulever sports & loisirs,couper sports & loisirs,0.0013554373892190595,0.1368421052631579,13.392373791621914,13
couper sports & loisirs,soulever sports & loisirs,0.0013554373892190595,0.1326530612244898,13.392373791621914,13
de mode & vêtements,céder mode & vêtements,0.001146908560108435,0.11578947368421054,13.379961953075462,11
céder mode & vêtements,de mode & vêtements,0.001146908560108435,0.13253012048192772,13.379961953075462,11
livrer sacs & bagages,prier sacs & bagages,0.0012511729746637473,0.12121212121212122,13.362591431556949,12
prier sacs & bagages,livrer sacs & bagages,0.0012511729746637473,0.13793103448275862,13.362591431556949,12
pas sports & loisirs,sourire sports & loisirs,0.0009383797309978105,0.10588235294117648,13.362074303405574,9
sourire sports & loisirs,pas sports & loisirs,0.0009383797309978105,0.11842105263157895,13.362074303405574,9
sentir beauté & santé,quoi beauté & santé,0.0015639662183296842,0.13513513513513514,13.361660629701868,15
quoi beauté & santé,sentir beauté & santé,0.0015639662183296842,0.15463917525773196,13.361660629701866,15
inquiétude accessoires,qualité accessoires,0.001146908560108435,0.11702127659574468,13.361322188449847,11
qualité accessoires,inquiétude accessoires,0.001146908560108435,0.13095238095238093,13.361322188449845,11
hasard accessoires,surprendre accessoires,0.001146908560108435,0.11,13.354556962025317,11
surprendre accessoires,hasard accessoires,0.001146908560108435,0.13924050632911392,13.354556962025315,11
l'une art & crafts,faveur art & crafts,0.0012511729746637473,0.13636363636363638,13.345547309833027,12
faveur art & crafts,l'une art & crafts,0.0012511729746637473,0.12244897959183675,13.345547309833025,12
vif chaussures,prouver chaussures,0.0013554373892190595,0.1238095238095238,13.342215088282504,13
prouver chaussures,vif chaussures,0.0013554373892190595,0.14606741573033707,13.342215088282503,13
sol alimentation,énergie alimentation,0.0008341153164424981,0.11267605633802816,13.341679707876889,8
libre art & crafts,songer art & crafts,0.0010426441455531226,0.10989010989010989,13.341215746279037,10
songer art & crafts,libre art & crafts,0.0010426441455531226,0.12658227848101264,13.341215746279035,10
temps beauté & santé,mauvais beauté & santé,0.0013554373892190595,0.15853658536585366,13.33793324775353,13
mauvais beauté & santé,temps beauté & santé,0.0013554373892190595,0.11403508771929824,13.33793324775353,13
demande bijoux,émotion bijoux,0.0015639662183296842,0.16129032258064516,13.335650723025584,15
émotion bijoux,demande bijoux,0.0015639662183296842,0.12931034482758622,13.335650723025584,15
alors maison & jardin,recevoir maison & jardin,0.0009383797309978105,0.11538461538461539,13.333178869323449,9
recevoir maison & jardin,alors maison & jardin,0.0009383797309978105,0.10843373493975905,13.333178869323449,9
choix sacs & bagages,prier sacs & bagages,0.001146908560108435,0.12087912087912088,13.325881015536188,11
prier sacs & bagages,choix sacs & bagages,0.001146908560108435,0.1264367816091954,13.325881015536186,11
manquer accessoires,assez accessoires,0.0015639662183296842,0.1388888888888889,13.320833333333335,15
voyage livres & médias,police livres & médias,0.0015639662183296842,0.1388888888888889,13.320833333333335,15
clair téléphonie,contre téléphonie,0.0013554373892190595,0.14444444444444443,13.320833333333333,13
assez accessoires,manquer accessoires,0.0015639662183296842,0.15,13.320833333333333,15
émotion sports & loisirs,même sports & loisirs,0.0012511729746637473,0.125,13.320833333333333,12
contre téléphonie,clair téléphonie,0.0013554373892190595,0.125,13.320833333333333,13
taire sports & loisirs,même sports & loisirs,0.0012511729746637473,0.125,13.320833333333333,12
dimanche informatique,observer informatique,0.001146908560108435,0.1375,13.320833333333333,11
cour accessoires,extraordinaire accessoires,0.001146908560108435,0.12222222222222222,13.320833333333333,11
même sports & loisirs,taire sports & loisirs,0.0012511729746637473,0.13333333333333333,13.320833333333333,12
observer informatique,dimanche informatique,0.001146908560108435,0.1111111111111111,13.320833333333333,11
extraordinaire accessoires,cour accessoires,0.001146908560108435,0.125,13.320833333333333,11
police livres & médias,voyage livres & médias,0.0015639662183296842,0.15,13.320833333333333,15
combien mode & vêtements,pas mode & vêtements,0.001146908560108435,0.1111111111111111,13.320833333333333,11
pas mode & vêtements,combien mode & vêtements,0.001146908560108435,0.1375,13.320833333333333,11
même sports & loisirs,émotion sports & loisirs,0.0012511729746637473,0.13333333333333333,13.320833333333333,12
mauvais sports & loisirs,recherche sports & loisirs,0.0012511729746637473,0.13186813186813187,13.313128976286873,12
recherche sports & loisirs,mauvais sports & loisirs,0.0012511729746637473,0.12631578947368421,13.31312897628687,12
trait auto & moto,saison auto & moto,0.0012511729746637473,0.13043478260869568,13.308510638297875,12
saison auto & moto,trait auto & moto,0.0012511729746637473,0.12765957446808512,13.308510638297875,12
songer mode & vêtements,plaine mode & vêtements,0.0012511729746637473,0.12903225806451613,13.306971904266389,12
plaine mode & vêtements,songer mode & vêtements,0.0012511729746637473,0.12903225806451613,13.306971904266389,12
haut gaming,vous gaming,0.0015639662183296842,0.14705882352941177,13.306048834628191,15
vous gaming,haut gaming,0.0015639662183296842,0.14150943396226415,13.30604883462819,15
rose chaussures,trente chaussures,0.0010426441455531226,0.12345679012345677,13.304203079483978,10
raison art & crafts,obliger art & crafts,0.0010426441455531226,0.12345679012345677,13.304203079483978,10
trente chaussures,rose chaussures,0.0010426441455531226,0.11235955056179775,13.304203079483978,10
obliger art & crafts,raison art & crafts,0.0010426441455531226,0.11235955056179775,13.304203079483978,10
nouveau mode & vêtements,douceur mode & vêtements,0.0012511729746637473,0.11650485436893204,13.302357836338418,12
douceur mode & vêtements,nouveau mode & vêtements,0.0012511729746637473,0.14285714285714285,13.302357836338418,12
forcer art & crafts,livre art & crafts,0.0013554373892190595,0.11926605504587155,13.300938766801792,13
livre art & crafts,forcer art & crafts,0.0013554373892190595,0.1511627906976744,13.300938766801792,13
puissance informatique,tromper informatique,0.0014597018037743718,0.14,13.294455445544557,14
tromper informatique,puissance informatique,0.0014597018037743718,0.13861386138613863,13.294455445544555,14
rose chaussures,retirer chaussures,0.001146908560108435,0.13580246913580246,13.290627362055934,11
retirer chaussures,rose chaussures,0.001146908560108435,0.11224489795918367,13.290627362055933,11
genre sacs & bagages,payer sacs & bagages,0.0013554373892190595,0.12745098039215685,13.286764705882353,13
puisque sports & loisirs,main sports & loisirs,0.0013554373892190595,0.12745098039215685,13.286764705882353,13
payer sacs & bagages,genre sacs & bagages,0.0013554373892190595,0.14130434782608695,13.286764705882351,13
main sports & loisirs,puisque sports & loisirs,0.0013554373892190595,0.14130434782608695,13.286764705882351,13
flot électronique,environ électronique,0.0008341153164424981,0.1038961038961039,13.286233766233767,8
environ électronique,flot électronique,0.0008341153164424981,0.10666666666666666,13.286233766233767,8
céder mode & vêtements,souvent mode & vêtements,0.0016682306328849963,0.14678899082568808,13.281634066124287,16
souvent mode & vêtements,céder mode & vêtements,0.0016682306328849963,0.1509433962264151,13.281634066124285,16
ville bijoux,blanc bijoux,0.0010426441455531226,0.11627906976744186,13.2765780730897,10
blanc bijoux,ville bijoux,0.0010426441455531226,0.11904761904761903,13.2765780730897,10
elle maison & jardin,depuis maison & jardin,0.0012511729746637473,0.1411764705882353,13.274740484429065,12
depuis maison & jardin,elle maison & jardin,0.0012511729746637473,0.11764705882352941,13.274740484429065,12
exécuter beauté & santé,partie beauté & santé,0.0012511729746637473,0.11764705882352941,13.274740484429065,12
partie beauté & santé,exécuter beauté & santé,0.0012511729746637473,0.1411764705882353,13.274740484429065,12
cacher sacs & bagages,officier sacs & bagages,0.0010426441455531226,0.1176470588235294,13.274740484429064,10
officier sacs & bagages,cacher sacs & bagages,0.0010426441455531226,0.1176470588235294,13.274740484429064,10
apprendre art & crafts,valeur art & crafts,0.0010426441455531226,0.136986301369863,13.271066832710668,10
valeur art & crafts,apprendre art & crafts,0.0010426441455531226,0.101010101010101,13.271066832710666,10
adresser livres & médias,grain livres & médias,0.0014597018037743718,0.12173913043478261,13.26818181818182,14
grain livres & médias,adresser livres & médias,0.0014597018037743718,0.1590909090909091,13.268181818181818,14
parti sacs & bagages,chaud sacs & bagages,0.0013554373892190595,0.13829787234042554,13.264148936170214,13
chaud sacs & bagages,parti sacs & bagages,0.0013554373892190595,0.13,13.264148936170214,13
découvrir livres & médias,aider livres & médias,0.0013554373892190595,0.1368421052631579,13.257097288676237,13
aider livres & médias,découvrir livres & médias,0.0013554373892190595,0.1313131313131313,13.257097288676235,13
faveur art & crafts,but art & crafts,0.0013554373892190595,0.1326530612244898,13.252869897959183,13
but art & crafts,faveur art & crafts,0.0013554373892190595,0.13541666666666666,13.252869897959183,13
habitant chaussures,doute chaussures,0.0014597018037743718,0.15053763440860216,13.245930748742232,14
doute chaussures,habitant chaussures,0.0014597018037743718,0.12844036697247707,13.245930748742232,14
cent informatique,vraiment informatique,0.0015639662183296842,0.15463917525773196,13.242360088365244,15
arracher informatique,vraiment informatique,0.0015639662183296842,0.15463917525773196,13.242360088365244,15
vraiment informatique,arracher informatique,0.0015639662183296842,0.13392857142857142,13.242360088365242,15
vraiment informatique,cent informatique,0.0015639662183296842,0.13392857142857142,13.242360088365242,15
subir électronique,oncle électronique,0.001146908560108435,0.13253012048192772,13.240587349397591,11
oncle électronique,subir électronique,0.001146908560108435,0.11458333333333333,13.240587349397591,11
intérêt auto & moto,voyager auto & moto,0.001146908560108435,0.11458333333333333,13.240587349397591,11
voyager auto & moto,intérêt auto & moto,0.001146908560108435,0.13253012048192772,13.240587349397591,11
jusque accessoires,sourd accessoires,0.0010426441455531226,0.14492753623188404,13.238095238095235,10
dangereux téléphonie,armer téléphonie,0.0014597018037743718,0.12962962962962962,13.226359338061465,14
manquer accessoires,huit accessoires,0.0014597018037743718,0.12962962962962962,13.226359338061465,14
huit accessoires,manquer accessoires,0.0014597018037743718,0.14893617021276595,13.226359338061464,14
armer téléphonie,dangereux téléphonie,0.0014597018037743718,0.14893617021276595,13.226359338061464,14
rare pet care,dehors pet care,0.0012511729746637473,0.13636363636363638,13.210743801652894,12
entrer bijoux,souffrance bijoux,0.0012511729746637473,0.13636363636363638,13.210743801652894,12
danger bijoux,souffrance bijoux,0.0015639662183296842,0.13636363636363638,13.210743801652894,15
souffrance bijoux,danger bijoux,0.0015639662183296842,0.15151515151515152,13.210743801652894,15
souffrance bijoux,entrer bijoux,0.0012511729746637473,0.12121212121212122,13.210743801652892,12
dehors pet care,rare pet care,0.0012511729746637473,0.12121212121212122,13.210743801652892,12
soulever sports & loisirs,surveiller sports & loisirs,0.0014597018037743718,0.1473684210526316,13.209444171175605,14
surveiller sports & loisirs,soulever sports & loisirs,0.0014597018037743718,0.13084112149532712,13.209444171175605,14
intérieur électronique,ailleurs électronique,0.0009383797309978105,0.11842105263157895,13.20670134638923,9
ailleurs électronique,intérieur électronique,0.0009383797309978105,0.1046511627906977,13.20670134638923,9
partie beauté & santé,ci beauté & santé,0.001146908560108435,0.12941176470588237,13.20413016270338,11
ci beauté & santé,partie beauté & santé,0.001146908560108435,0.11702127659574468,13.204130162703379,11
haut mode & vêtements,sur mode & vêtements,0.0012511729746637473,0.11009174311926606,13.19862385321101,12
sur mode & vêtements,haut mode & vêtements,0.0012511729746637473,0.15000000000000002,13.19862385321101,12
main sports & loisirs,douter sports & loisirs,0.0010426441455531226,0.10869565217391304,13.19620253164557,10
douter sports & loisirs,main sports & loisirs,0.0010426441455531226,0.12658227848101264,13.196202531645568,10
foi informatique,ou informatique,0.0012511729746637473,0.13483146067415733,13.195597340059622,12
ou informatique,foi informatique,0.0012511729746637473,0.12244897959183675,13.19559734005962,12
ton chaussures,as chaussures,0.0017724950474403086,0.14166666666666666,13.191504854368931,17
as chaussures,ton chaussures,0.0017724950474403086,0.1650485436893204,13.191504854368931,17
livre art & crafts,ouvrage art & crafts,0.001146908560108435,0.12790697674418605,13.19092273068267,11
ouvrage art & crafts,livre art & crafts,0.001146908560108435,0.11827956989247311,13.19092273068267,11
pourtant électronique,visite électronique,0.0010426441455531226,0.10989010989010989,13.174450549450551,10
visite électronique,pourtant électronique,0.0010426441455531226,0.125,13.17445054945055,10
éternel gaming,race gaming,0.0010426441455531226,0.14285714285714285,13.17445054945055,10
précis alimentation,terreur alimentation,0.001146908560108435,0.12222222222222222,13.17116104868914,11
terreur alimentation,précis alimentation,0.001146908560108435,0.12359550561797754,13.17116104868914,11
situation bijoux,émotion bijoux,0.001876759461995621,0.15929203539823011,13.170430271589872,18
émotion bijoux,situation bijoux,0.001876759461995621,0.15517241379310345,13.17043027158987,18
soi livres & médias,découvrir livres & médias,0.0012511729746637473,0.13043478260869568,13.168421052631583,12
payer sacs & bagages,composer sacs & bagages,0.0012511729746637473,0.13043478260869568,13.168421052631583,12
pareil mode & vêtements,tu mode & vêtements,0.0012511729746637473,0.13043478260869568,13.168421052631583,12
fenêtre maison & jardin,classe maison & jardin,0.0012511729746637473,0.13043478260869568,13.168421052631583,12
tu mode & vêtements,pareil mode & vêtements,0.0012511729746637473,0.12631578947368421,13.16842105263158,12
découvrir livres & médias,soi livres & médias,0.0012511729746637473,0.12631578947368421,13.16842105263158,12
composer sacs & bagages,payer sacs & bagages,0.0012511729746637473,0.12631578947368421,13.16842105263158,12
classe maison & jardin,fenêtre maison & jardin,0.0012511729746637473,0.12631578947368421,13.16842105263158,12
montrer livres & médias,il livres & médias,0.0012511729746637473,0.12903225806451613,13.165408373369939,12
il livres & médias,montrer livres & médias,0.0012511729746637473,0.12765957446808512,13.165408373369939,12
fenêtre mode & vêtements,céder mode & vêtements,0.0009383797309978105,0.1139240506329114,13.164404453256065,9
céder mode & vêtements,fenêtre mode & vêtements,0.0009383797309978105,0.10843373493975905,13.164404453256065,9
cesse auto & moto,fou auto & moto,0.0014597018037743718,0.13861386138613863,13.162827173806491,14
fou auto & moto,cesse auto & moto,0.0014597018037743718,0.13861386138613863,13.162827173806491,14
dont montres,journal montres,0.0014597018037743718,0.13861386138613863,13.162827173806491,14
journal montres,dont montres,0.0014597018037743718,0.13861386138613863,13.162827173806491,14
vide électronique,entrée électronique,0.0009383797309978105,0.10975609756097562,13.158384146341467,9
entrée électronique,vide électronique,0.0009383797309978105,0.11250000000000002,13.158384146341465,9
nouveau mode & vêtements,afin de mode & vêtements,0.0013554373892190595,0.1262135922330097,13.157766990291263,13
afin de mode & vêtements,nouveau mode & vêtements,0.0013554373892190595,0.14130434782608695,13.157766990291261,13
raison art & crafts,brûler art & crafts,0.001146908560108435,0.13580246913580246,13.156378600823043,11
livrer sacs & bagages,étranger sacs & bagages,0.001146908560108435,0.1111111111111111,13.156378600823043,11
valeur art & crafts,raison art & crafts,0.001146908560108435,0.1111111111111111,13.156378600823043,11
raison art & crafts,valeur art & crafts,0.001146908560108435,0.13580246913580246,13.156378600823043,11
étranger sacs & bagages,livrer sacs & bagages,0.001146908560108435,0.13580246913580246,13.156378600823043,11
brûler art & crafts,raison art & crafts,0.001146908560108435,0.1111111111111111,13.156378600823043,11
malade chaussettes & lingerie,voiture chaussettes & lingerie,0.0014597018037743718,0.1206896551724138,13.153800940438872,14
voiture chaussettes & lingerie,malade chaussettes & lingerie,0.0014597018037743718,0.1590909090909091,13.153800940438872,14
fuir alimentation,paquet alimentation,0.0007298509018871859,0.10144927536231883,13.148648648648647,7
signe accessoires,dégager accessoires,0.0012511729746637473,0.11650485436893204,13.145859508852086,12
dégager accessoires,signe accessoires,0.0012511729746637473,0.1411764705882353,13.145859508852084,12
absence sports & loisirs,taire sports & loisirs,0.0010426441455531226,0.13157894736842105,13.145559210526315,10
taire sports & loisirs,absence sports & loisirs,0.0010426441455531226,0.10416666666666666,13.145559210526315,10
oncle électronique,intérieur électronique,0.0010426441455531226,0.10416666666666666,13.145559210526315,10
intérieur électronique,oncle électronique,0.0010426441455531226,0.13157894736842105,13.145559210526315,10
sourire sports & loisirs,émotion sports & loisirs,0.0010426441455531226,0.13157894736842105,13.145559210526315,10
émotion sports & loisirs,sourire sports & loisirs,0.0010426441455531226,0.10416666666666666,13.145559210526315,10
encore beauté & santé,au beauté & santé,0.0010426441455531226,0.12195121951219512,13.141956700465881,10
au beauté & santé,encore beauté & santé,0.0010426441455531226,0.11235955056179775,13.141956700465881,10
non chaussures,présence chaussures,0.0013554373892190595,0.13829787234042554,13.1328207288814,13
général électronique,théâtre électronique,0.0013554373892190595,0.13829787234042554,13.1328207288814,13
théâtre électronique,général électronique,0.0013554373892190595,0.12871287128712872,13.132820728881399,13
présence chaussures,non chaussures,0.0013554373892190595,0.12871287128712872,13.132820728881399,13
toucher auto & moto,frapper auto & moto,0.0010426441455531226,0.12048192771084337,13.131161007667032,10
frapper auto & moto,toucher auto & moto,0.0010426441455531226,0.11363636363636363,13.131161007667032,10
assez accessoires,appel accessoires,0.0013554373892190595,0.13,13.124526315789476,13
appel accessoires,assez accessoires,0.0013554373892190595,0.1368421052631579,13.124526315789474,13
préférer sacs & bagages,chaîne sacs & bagages,0.0010426441455531226,0.11494252873563217,13.123973727422001,10
chaîne sacs & bagages,préférer sacs & bagages,0.0010426441455531226,0.11904761904761903,13.123973727422001,10
obtenir alimentation,brusquement alimentation,0.0013554373892190595,0.13541666666666666,13.119002525252524,13
discussion beauté & santé,vers beauté & santé,0.0013554373892190595,0.13541666666666666,13.119002525252524,13
voyage livres & médias,grain livres & médias,0.0013554373892190595,0.12037037037037036,13.119002525252524,13
grain livres & médias,voyage livres & médias,0.0013554373892190595,0.1477272727272727,13.119002525252522,13
vers beauté & santé,discussion beauté & santé,0.0013554373892190595,0.1313131313131313,13.119002525252522,13
brusquement alimentation,obtenir alimentation,0.0013554373892190595,0.1313131313131313,13.119002525252522,13
demeurer jouets & enfants,grand jouets & enfants,0.0012511729746637473,0.14634146341463417,13.117392295418284,12
grand jouets & enfants,demeurer jouets & enfants,0.0012511729746637473,0.11214953271028039,13.117392295418282,12
humide beauté & santé,art beauté & santé,0.0015639662183296842,0.15306122448979595,13.10723396501458,15
art beauté & santé,humide beauté & santé,0.0015639662183296842,0.13392857142857142,13.107233965014577,15
plaine bijoux,souffrance bijoux,0.0010426441455531226,0.13513513513513511,13.09172809172809,10
souffrance bijoux,plaine bijoux,0.0010426441455531226,0.101010101010101,13.09172809172809,10
obtenir alimentation,nombreux alimentation,0.001146908560108435,0.11458333333333333,13.082961309523808,11
nombreux alimentation,obtenir alimentation,0.001146908560108435,0.13095238095238093,13.082961309523807,11
jusque accessoires,hiver accessoires,0.0008341153164424981,0.11594202898550723,13.082352941176469,8
hasard accessoires,plaine accessoires,0.0012511729746637473,0.12000000000000001,13.078636363636365,12
court beauté & santé,condamner beauté & santé,0.0012511729746637473,0.13636363636363638,13.078636363636365,12
diriger bijoux,repousser bijoux,0.0015639662183296842,0.12000000000000001,13.078636363636365,15
repousser bijoux,diriger bijoux,0.0015639662183296842,0.17045454545454547,13.078636363636365,15
condamner beauté & santé,court beauté & santé,0.0012511729746637473,0.12000000000000001,13.078636363636365,12
éviter livres & médias,davantage livres & médias,0.0012511729746637473,0.12000000000000001,13.078636363636365,12
davantage livres & médias,éviter livres & médias,0.0012511729746637473,0.13636363636363638,13.078636363636365,12
plaine accessoires,hasard accessoires,0.0012511729746637473,0.13636363636363638,13.078636363636365,12
danger bijoux,côte bijoux,0.0015639662183296842,0.13636363636363638,13.078636363636365,15
goutte auto & moto,frapper auto & moto,0.0012511729746637473,0.12000000000000001,13.078636363636365,12
frapper auto & moto,goutte auto & moto,0.0012511729746637473,0.13636363636363638,13.078636363636365,12
côte bijoux,danger bijoux,0.0015639662183296842,0.15,13.078636363636363,15
éclat beauté & santé,discussion beauté & santé,0.0014597018037743718,0.13084112149532712,13.071845794392525,14
discussion beauté & santé,éclat beauté & santé,0.0014597018037743718,0.14583333333333331,13.071845794392523,14
chasser gaming,chat gaming,0.001876759461995621,0.1512605042016807,13.069725187372248,18
chat gaming,chasser gaming,0.001876759461995621,0.16216216216216217,13.069725187372248,18
souvent mode & vêtements,compte mode & vêtements,0.0013554373892190595,0.12264150943396225,13.06949685534591,13
compte mode & vêtements,souvent mode & vêtements,0.0013554373892190595,0.14444444444444443,13.06949685534591,13
six auto & moto,cesse auto & moto,0.0015639662183296842,0.13761467889908258,13.067944409119812,15
cesse auto & moto,six auto & moto,0.0015639662183296842,0.14851485148514854,13.067944409119812,15
cacher sacs & bagages,faible sacs & bagages,0.001146908560108435,0.12941176470588237,13.065139318885452,11
faible sacs & bagages,cacher sacs & bagages,0.001146908560108435,0.11578947368421054,13.06513931888545,11
problème sacs & bagages,libre sacs & bagages,0.0015639662183296842,0.1388888888888889,13.059640522875817,15
libre sacs & bagages,problème sacs & bagages,0.0015639662183296842,0.14705882352941177,13.059640522875817,15
signifier mode & vêtements,habiller mode & vêtements,0.0010426441455531226,0.1075268817204301,13.05430788076766,10
habiller mode & vêtements,signifier mode & vêtements,0.0010426441455531226,0.12658227848101264,13.054307880767658,10
détruire auto & moto,violence auto & moto,0.001146908560108435,0.11702127659574468,13.050593765462644,11
violence auto & moto,détruire auto & moto,0.001146908560108435,0.12790697674418605,13.050593765462644,11
jeu téléphonie,armer téléphonie,0.001146908560108435,0.12790697674418605,13.050593765462644,11
armer téléphonie,jeu téléphonie,0.001146908560108435,0.11702127659574468,13.050593765462644,11
camarade gaming,attacher gaming,0.0012511729746637473,0.13333333333333333,13.048979591836735,12
attacher gaming,camarade gaming,0.0012511729746637473,0.12244897959183675,13.048979591836735,12
sourd accessoires,fort accessoires,0.0012511729746637473,0.11428571428571428,13.048979591836734,12
fort accessoires,sourd accessoires,0.0012511729746637473,0.14285714285714285,13.048979591836734,12
toute chaussettes & lingerie,détail chaussettes & lingerie,0.0013554373892190595,0.14285714285714285,13.048979591836734,13
détail chaussettes & lingerie,toute chaussettes & lingerie,0.0013554373892190595,0.1238095238095238,13.048979591836734,13
qualité accessoires,sourd accessoires,0.0012511729746637473,0.14285714285714285,13.048979591836734,12
sourd accessoires,qualité accessoires,0.0012511729746637473,0.11428571428571428,13.048979591836734,12
tellement alimentation,oublier alimentation,0.0012511729746637473,0.13186813186813187,13.038631471621162,12
oublier alimentation,tellement alimentation,0.0012511729746637473,0.12371134020618557,13.038631471621162,12
haut mode & vêtements,signifier mode & vêtements,0.0012511729746637473,0.11009174311926606,13.035677879714576,12
signifier mode & vêtements,haut mode & vêtements,0.0012511729746637473,0.14814814814814814,13.035677879714576,12
vide sacs & bagages,heure sacs & bagages,0.0009383797309978105,0.1046511627906977,13.035185744488073,9
ailleurs électronique,flot électronique,0.0009383797309978105,0.1046511627906977,13.035185744488073,9
appartement électronique,flot électronique,0.0009383797309978105,0.1046511627906977,13.035185744488073,9
flot électronique,appartement électronique,0.0009383797309978105,0.1168831168831169,13.035185744488071,9
flot électronique,ailleurs électronique,0.0009383797309978105,0.1168831168831169,13.035185744488071,9
heure sacs & bagages,vide sacs & bagages,0.0009383797309978105,0.1168831168831169,13.035185744488071,9
fou auto & moto,franc auto & moto,0.0014597018037743718,0.13861386138613863,13.033779848573094,14
franc auto & moto,fou auto & moto,0.0014597018037743718,0.1372549019607843,13.033779848573092,14
très sports & loisirs,main sports & loisirs,0.0012511729746637473,0.125,13.031250000000002,12
main sports & loisirs,très sports & loisirs,0.0012511729746637473,0.13043478260869568,13.031250000000002,12
rire téléphonie,fort téléphonie,0.001146908560108435,0.12087912087912088,13.026423015187062,11
fort téléphonie,rire téléphonie,0.001146908560108435,0.12359550561797754,13.026423015187062,11
saison auto & moto,détruire auto & moto,0.0012511729746637473,0.12765957446808512,13.025350837483026,12
détruire auto & moto,saison auto & moto,0.0012511729746637473,0.12765957446808512,13.025350837483026,12
nommer maison & jardin,françois maison & jardin,0.0010426441455531226,0.10989010989010989,13.01180301180301,10
françois maison & jardin,nommer maison & jardin,0.0010426441455531226,0.12345679012345677,13.01180301180301,10
nombreux alimentation,révolution alimentation,0.0009383797309978105,0.10714285714285714,13.007685352622062,9
surprendre accessoires,fort accessoires,0.0009383797309978105,0.1139240506329114,13.007685352622062,9
révolution alimentation,nombreux alimentation,0.0009383797309978105,0.1139240506329114,13.007685352622062,9
fort accessoires,surprendre accessoires,0.0009383797309978105,0.10714285714285714,13.007685352622062,9
membre auto & moto,franc auto & moto,0.0013554373892190595,0.13829787234042554,13.0040675844806,13
franc auto & moto,membre auto & moto,0.0013554373892190595,0.12745098039215685,13.0040675844806,13
six auto & moto,retirer auto & moto,0.0013554373892190595,0.11926605504587155,12.998644703919933,13
retirer auto & moto,six auto & moto,0.0013554373892190595,0.1477272727272727,12.99864470391993,13
vide électronique,assister électronique,0.0009383797309978105,0.10975609756097562,12.995934959349594,9
assister électronique,vide électronique,0.0009383797309978105,0.1111111111111111,12.995934959349594,9
en sacs & bagages,livrer sacs & bagages,0.0013554373892190595,0.13402061855670103,12.98375507653858,13
livrer sacs & bagages,en sacs & bagages,0.0013554373892190595,0.1313131313131313,12.98375507653858,13
habiter alimentation,terreur alimentation,0.0010426441455531226,0.12048192771084337,12.983619872749426,10
sourire maison & jardin,recevoir maison & jardin,0.0010426441455531226,0.11235955056179775,12.983619872749426,10
recevoir maison & jardin,sourire maison & jardin,0.0010426441455531226,0.12048192771084337,12.983619872749426,10
terreur alimentation,habiter alimentation,0.0010426441455531226,0.11235955056179775,12.983619872749426,10
genre sacs & bagages,préférer sacs & bagages,0.0012511729746637473,0.11764705882352941,12.969574036511155,12
préférer sacs & bagages,genre sacs & bagages,0.0012511729746637473,0.13793103448275862,12.969574036511155,12
préférer sacs & bagages,cacher sacs & bagages,0.0010426441455531226,0.11494252873563217,12.969574036511155,10
d'abord accessoires,hiver accessoires,0.0010426441455531226,0.11494252873563217,12.969574036511155,10
hiver accessoires,d'abord accessoires,0.0010426441455531226,0.1176470588235294,12.969574036511153,10
cacher sacs & bagages,préférer sacs & bagages,0.0010426441455531226,0.1176470588235294,12.969574036511153,10
fixe sports & loisirs,douter sports & loisirs,0.001146908560108435,0.10679611650485436,12.965589283519725,11
douter sports & loisirs,fixe sports & loisirs,0.001146908560108435,0.13924050632911392,12.965589283519725,11
paquet alimentation,oiseau alimentation,0.0008341153164424981,0.1081081081081081,12.96081081081081,8
défaut art & crafts,frapper art & crafts,0.0009383797309978105,0.1,12.96081081081081,9
frapper art & crafts,défaut art & crafts,0.0009383797309978105,0.12162162162162163,12.96081081081081,9
oiseau alimentation,paquet alimentation,0.0008341153164424981,0.1,12.96081081081081,8
en beauté & santé,souhaiter beauté & santé,0.0016682306328849963,0.1391304347826087,12.955339805825243,16
en beauté & santé,auprès beauté & santé,0.0016682306328849963,0.1391304347826087,12.955339805825243,16
souhaiter beauté & santé,en beauté & santé,0.0016682306328849963,0.1553398058252427,12.955339805825242,16
auprès beauté & santé,en beauté & santé,0.0016682306328849963,0.1553398058252427,12.955339805825242,16
fauteuil informatique,fort informatique,0.0012511729746637473,0.13636363636363638,12.949144914491452,12
fort informatique,fauteuil informatique,0.0012511729746637473,0.11881188118811882,12.94914491449145,12
celui gaming,contraire gaming,0.0013554373892190595,0.11607142857142856,12.944663621262459,13
de gaming,contraire gaming,0.0013554373892190595,0.11607142857142856,12.944663621262459,13
contraire gaming,de gaming,0.0013554373892190595,0.1511627906976744,12.944663621262457,13
contraire gaming,celui gaming,0.0013554373892190595,0.1511627906976744,12.944663621262457,13
trente chaussures,place chaussures,0.0012511729746637473,0.13483146067415733,12.93168539325843,12
promettre jouets & enfants,souhaiter jouets & enfants,0.0012511729746637473,0.13483146067415733,12.93168539325843,12
souhaiter jouets & enfants,promettre jouets & enfants,0.0012511729746637473,0.12000000000000001,12.931685393258428,12
place chaussures,trente chaussures,0.0012511729746637473,0.12000000000000001,12.931685393258428,12
fuir alimentation,depuis alimentation,0.0008341153164424981,0.11594202898550723,12.930232558139535,8
pas sports & loisirs,émotion sports & loisirs,0.001146908560108435,0.12941176470588237,12.92904411764706,11
émotion sports & loisirs,pas sports & loisirs,0.001146908560108435,0.11458333333333333,12.929044117647058,11
dehors pet care,valoir pet care,0.0012511729746637473,0.12121212121212122,12.917171717171717,12
aucun bijoux,oeuvre bijoux,0.0014597018037743718,0.13333333333333333,12.917171717171716,14
oeuvre bijoux,aucun bijoux,0.0014597018037743718,0.1414141414141414,12.917171717171716,14
valoir pet care,dehors pet care,0.0012511729746637473,0.13333333333333333,12.917171717171716,12
danger jouets & enfants,souhaiter jouets & enfants,0.0014597018037743718,0.13461538461538464,12.91096153846154,14
souhaiter jouets & enfants,danger jouets & enfants,0.0014597018037743718,0.14,12.91096153846154,14
examiner montres,et montres,0.0014597018037743718,0.1372549019607843,12.905997693194923,14
et montres,examiner montres,0.0014597018037743718,0.1372549019607843,12.905997693194923,14
guerre électronique,environ électronique,0.001146908560108435,0.10091743119266056,12.905321100917432,11
environ électronique,guerre électronique,0.001146908560108435,0.14666666666666667,12.905321100917432,11
haute maison & jardin,céder maison & jardin,0.001146908560108435,0.11702127659574468,12.900586940572266,11
céder maison & jardin,haute maison & jardin,0.001146908560108435,0.1264367816091954,12.900586940572266,11
chemise bijoux,réalité bijoux,0.0012511729746637473,0.13043478260869568,12.896907216494848,12
réalité bijoux,chemise bijoux,0.0012511729746637473,0.12371134020618557,12.896907216494848,12
amuser téléphonie,route téléphonie,0.0013554373892190595,0.125,12.891129032258064,13
guerre sports & loisirs,taire sports & loisirs,0.0012511729746637473,0.12903225806451613,12.891129032258064,12
taire sports & loisirs,guerre sports & loisirs,0.0012511729746637473,0.125,12.891129032258064,12
route téléphonie,amuser téléphonie,0.0013554373892190595,0.13978494623655913,12.891129032258064,13
avant sacs & bagages,préférer sacs & bagages,0.0009383797309978105,0.1168831168831169,12.88535602328706,9
préférer sacs & bagages,avant sacs & bagages,0.0009383797309978105,0.10344827586206896,12.88535602328706,9
chez art & crafts,obliger art & crafts,0.001146908560108435,0.11956521739130435,12.884831460674159,11
obliger art & crafts,chez art & crafts,0.001146908560108435,0.12359550561797754,12.884831460674159,11
précis alimentation,tellement alimentation,0.001146908560108435,0.12222222222222222,12.881684981684982,11
tellement alimentation,précis alimentation,0.001146908560108435,0.12087912087912088,12.88168498168498,11
discussion bijoux,passer bijoux,0.0013554373892190595,0.13829787234042554,12.877814501136129,13
passer bijoux,discussion bijoux,0.0013554373892190595,0.1262135922330097,12.877814501136129,13
demeurer jouets & enfants,exprimer jouets & enfants,0.0013554373892190595,0.13829787234042554,12.877814501136129,13
exprimer jouets & enfants,demeurer jouets & enfants,0.0013554373892190595,0.1262135922330097,12.877814501136129,13
huit accessoires,signe accessoires,0.0013554373892190595,0.13829787234042554,12.877814501136129,13
signe accessoires,huit accessoires,0.0013554373892190595,0.1262135922330097,12.877814501136129,13
succès montres,soumettre montres,0.0015639662183296842,0.15306122448979595,12.877282491944149,15
soumettre montres,succès montres,0.0015639662183296842,0.13157894736842105,12.877282491944147,15
examiner montres,dont montres,0.0016682306328849963,0.13559322033898305,12.875985903675113,16
dont montres,examiner montres,0.0016682306328849963,0.15841584158415842,12.875985903675113,16
réponse sacs & bagages,étranger sacs & bagages,0.0010426441455531226,0.10869565217391304,12.870370370370368,10
étranger sacs & bagages,réponse sacs & bagages,0.0010426441455531226,0.12345679012345677,12.870370370370368,10
armer téléphonie,colère téléphonie,0.0014597018037743718,0.14893617021276595,12.868890166762506,14
colère téléphonie,armer téléphonie,0.0014597018037743718,0.12612612612612611,12.868890166762506,14
jeu téléphonie,amuser téléphonie,0.0012511729746637473,0.13953488372093026,12.868067978533098,12
amuser téléphonie,jeu téléphonie,0.0012511729746637473,0.11538461538461539,12.868067978533096,12
mauvais beauté & santé,partie beauté & santé,0.0013554373892190595,0.11403508771929824,12.8671826625387,13
partie beauté & santé,mauvais beauté & santé,0.0013554373892190595,0.15294117647058822,12.867182662538697,13
dégager accessoires,surprendre accessoires,0.0009383797309978105,0.10588235294117648,12.854653760238275,9
surprendre accessoires,dégager accessoires,0.0009383797309978105,0.1139240506329114,12.854653760238273,9
oiseau alimentation,baisser alimentation,0.0009383797309978105,0.11250000000000002,12.845089285714288,9
baisser alimentation,oiseau alimentation,0.0009383797309978105,0.10714285714285714,12.845089285714286,9
subir électronique,capable électronique,0.0009383797309978105,0.10843373493975905,12.839357429718877,9
capable électronique,subir électronique,0.0009383797309978105,0.1111111111111111,12.839357429718875,9
entrer bijoux,lien bijoux,0.0012511729746637473,0.13636363636363638,12.822192513368986,12
frapper auto & moto,petit auto & moto,0.0012511729746637473,0.13636363636363638,12.822192513368986,12
voiture chaussettes & lingerie,personnage chaussettes & lingerie,0.0010426441455531226,0.11363636363636363,12.822192513368984,10
lien bijoux,entrer bijoux,0.0012511729746637473,0.11764705882352941,12.822192513368984,12
petit auto & moto,frapper auto & moto,0.0012511729746637473,0.11764705882352941,12.822192513368984,12
personnage chaussettes & lingerie,voiture chaussettes & lingerie,0.0010426441455531226,0.1176470588235294,12.822192513368982,10
veille maison & jardin,céder maison & jardin,0.0010426441455531226,0.11627906976744186,12.818765036086607,10
céder maison & jardin,veille maison & jardin,0.0010426441455531226,0.11494252873563217,12.818765036086607,10
détacher art & crafts,faveur art & crafts,0.001146908560108435,0.13095238095238093,12.815962099125363,11
faveur art & crafts,détacher art & crafts,0.001146908560108435,0.11224489795918367,12.815962099125363,11
transformer jouets & enfants,serrer jouets & enfants,0.0014597018037743718,0.13084112149532712,12.805073431241658,14
serrer jouets & enfants,transformer jouets & enfants,0.0014597018037743718,0.14285714285714288,12.805073431241658,14
pouvoir jouets & enfants,transformer jouets & enfants,0.0013554373892190595,0.14285714285714285,12.805073431241656,13
transformer jouets & enfants,pouvoir jouets & enfants,0.0013554373892190595,0.12149532710280374,12.805073431241656,13
sol alimentation,entrée alimentation,0.0009383797309978105,0.1267605633802817,12.797479614529282,9
bien chaussettes & lingerie,gris chaussettes & lingerie,0.001146908560108435,0.12941176470588237,12.795755003032141,11
gris chaussettes & lingerie,bien chaussettes & lingerie,0.001146908560108435,0.1134020618556701,12.795755003032141,11
bas gaming,possible gaming,0.0014597018037743718,0.1372549019607843,12.780696744717304,14
possible gaming,bas gaming,0.0014597018037743718,0.13592233009708737,12.780696744717304,14
intérieur électronique,toile électronique,0.0008341153164424981,0.10526315789473684,12.77948034643571,8
toile électronique,intérieur électronique,0.0008341153164424981,0.10126582278481013,12.77948034643571,8
nul montres,empire montres,0.0012511729746637473,0.12121212121212122,12.775224775224777,12
empire montres,nul montres,0.0012511729746637473,0.13186813186813187,12.775224775224775,12
depuis maison & jardin,françois maison & jardin,0.001146908560108435,0.10784313725490195,12.769426289034131,11
françois maison & jardin,depuis maison & jardin,0.001146908560108435,0.13580246913580246,12.769426289034131,11
parce que accessoires,sourd accessoires,0.0013554373892190595,0.13978494623655913,12.768356374807986,13
sourd accessoires,parce que accessoires,0.0013554373892190595,0.1238095238095238,12.768356374807986,13
découvrir livres & médias,fonder livres & médias,0.001146908560108435,0.11578947368421054,12.764791288566244,11
fonder livres & médias,découvrir livres & médias,0.001146908560108435,0.1264367816091954,12.764791288566242,11
habitant chaussures,mémoire chaussures,0.0012511729746637473,0.12903225806451613,12.758230794812105,12
réalité bijoux,demande bijoux,0.0012511729746637473,0.12371134020618557,12.758230794812105,12
demande bijoux,réalité bijoux,0.0012511729746637473,0.12903225806451613,12.758230794812105,12
mémoire chaussures,habitant chaussures,0.0012511729746637473,0.12371134020618557,12.758230794812105,12
tandis que livres & médias,plaire livres & médias,0.0012511729746637473,0.125,12.753989361702128,12
exprimer sports & loisirs,or sports & loisirs,0.0012511729746637473,0.125,12.753989361702128,12
intérêt auto & moto,saison auto & moto,0.0012511729746637473,0.125,12.753989361702128,12
saison auto & moto,intérêt auto & moto,0.0012511729746637473,0.12765957446808512,12.753989361702128,12
oiseau alimentation,d'abord alimentation,0.0010426441455531226,0.125,12.753989361702128,10
de gaming,contenir gaming,0.0014597018037743718,0.125,12.753989361702128,14
plaire livres & médias,tandis que livres & médias,0.0012511729746637473,0.12765957446808512,12.753989361702128,12
de électronique,énorme électronique,0.0010426441455531226,0.125,12.753989361702128,10
saison auto & moto,retirer auto & moto,0.001146908560108435,0.11702127659574468,12.753989361702128,11
retirer auto & moto,saison auto & moto,0.001146908560108435,0.125,12.753989361702128,11
visite électronique,énorme électronique,0.0010426441455531226,0.125,12.753989361702128,10
or sports & loisirs,exprimer sports & loisirs,0.0012511729746637473,0.12765957446808512,12.753989361702128,12
d'abord alimentation,oiseau alimentation,0.0010426441455531226,0.10638297872340424,12.753989361702127,10
énorme électronique,de électronique,0.0010426441455531226,0.10638297872340424,12.753989361702127,10
énorme électronique,visite électronique,0.0010426441455531226,0.10638297872340424,12.753989361702127,10
contenir gaming,de gaming,0.0014597018037743718,0.14893617021276595,12.753989361702127,14
aider livres & médias,avec livres & médias,0.0010426441455531226,0.101010101010101,12.747208931419456,10
avec livres & médias,aider livres & médias,0.0010426441455531226,0.13157894736842105,12.747208931419456,10
près pet care,long pet care,0.001146908560108435,0.12359550561797754,12.7462848858282,11
long pet care,près pet care,0.001146908560108435,0.11827956989247311,12.7462848858282,11
éternel gaming,contraire gaming,0.0008341153164424981,0.11428571428571428,12.745514950166113,8
curieux gaming,dangereux gaming,0.0013554373892190595,0.13541666666666666,12.733149509803921,13
dangereux gaming,curieux gaming,0.0013554373892190595,0.12745098039215685,12.733149509803921,13
parce que accessoires,attitude accessoires,0.0010426441455531226,0.1075268817204301,12.731979291119075,10
attitude accessoires,parce que accessoires,0.0010426441455531226,0.12345679012345677,12.731979291119073,10
d'abord maison & jardin,soutenir maison & jardin,0.0013554373892190595,0.13,12.722755102040818,13
hésiter chaussettes & lingerie,sur chaussettes & lingerie,0.0013554373892190595,0.13,12.722755102040818,13
sur chaussettes & lingerie,hésiter chaussettes & lingerie,0.0013554373892190595,0.1326530612244898,12.722755102040818,13
soutenir maison & jardin,d'abord maison & jardin,0.0013554373892190595,0.1326530612244898,12.722755102040818,13
sourd accessoires,chant accessoires,0.001146908560108435,0.10476190476190475,12.718625678119349,11
chant accessoires,sourd accessoires,0.001146908560108435,0.13924050632911392,12.718625678119349,11
matière gaming,curieux gaming,0.0014597018037743718,0.1272727272727273,12.71534090909091,14
curieux gaming,matière gaming,0.0014597018037743718,0.14583333333333331,12.715340909090909,14
sol alimentation,seigneur alimentation,0.0008341153164424981,0.11267605633802816,12.713835956917977,8
condamner beauté & santé,clef beauté & santé,0.001146908560108435,0.11,12.710963855421689,11
clef beauté & santé,condamner beauté & santé,0.001146908560108435,0.13253012048192772,12.710963855421689,11
recevoir maison & jardin,nommer maison & jardin,0.0010426441455531226,0.12048192771084337,12.698265589831855,10
nommer maison & jardin,recevoir maison & jardin,0.0010426441455531226,0.10989010989010989,12.698265589831855,10
convenir maison & jardin,tenter maison & jardin,0.0015639662183296842,0.1388888888888889,12.686507936507937,15
attitude accessoires,qualité accessoires,0.0009383797309978105,0.1111111111111111,12.686507936507935,9
craindre sacs & bagages,chaîne sacs & bagages,0.0009383797309978105,0.1111111111111111,12.686507936507935,9
étranger sacs & bagages,chaîne sacs & bagages,0.0009383797309978105,0.1111111111111111,12.686507936507935,9
qualité accessoires,attitude accessoires,0.0009383797309978105,0.10714285714285714,12.686507936507935,9
chaîne sacs & bagages,craindre sacs & bagages,0.0009383797309978105,0.10714285714285714,12.686507936507935,9
tenter maison & jardin,convenir maison & jardin,0.0015639662183296842,0.14285714285714285,12.686507936507935,15
chaîne sacs & bagages,étranger sacs & bagages,0.0009383797309978105,0.10714285714285714,12.686507936507935,9
temps beauté & santé,clef beauté & santé,0.0009383797309978105,0.10975609756097562,12.68277990008816,9
clef beauté & santé,temps beauté & santé,0.0009383797309978105,0.10843373493975905,12.682779900088159,9
devoir jouets & enfants,danger jouets & enfants,0.001146908560108435,0.1375,12.680408653846156,11
danger jouets & enfants,devoir jouets & enfants,0.001146908560108435,0.10576923076923077,12.680408653846154,11
nu mode & vêtements,afin de mode & vêtements,0.0009383797309978105,0.12162162162162163,12.679054054054056,9
chance chaussures,humain chaussures,0.0010426441455531226,0.11235955056179775,12.678122934567085,10
humain chaussures,chance chaussures,0.0010426441455531226,0.1176470588235294,12.678122934567085,10
livre art & crafts,l'une art & crafts,0.0010426441455531226,0.11627906976744186,12.673097251585624,10
l'une art & crafts,livre art & crafts,0.0010426441455531226,0.11363636363636363,12.673097251585624,10
prier sacs & bagages,préférer sacs & bagages,0.0010426441455531226,0.11494252873563217,12.671422909235035,10
préférer sacs & bagages,prier sacs & bagages,0.0010426441455531226,0.11494252873563217,12.671422909235035,10
hiver accessoires,habitant accessoires,0.001146908560108435,0.12941176470588237,12.665186074429775,11
elle maison & jardin,gagner maison & jardin,0.001146908560108435,0.12941176470588237,12.665186074429775,11
elle maison & jardin,bon maison & jardin,0.001146908560108435,0.12941176470588237,12.665186074429775,11
dégager accessoires,habitant accessoires,0.001146908560108435,0.12941176470588237,12.665186074429775,11
habitant accessoires,dégager accessoires,0.001146908560108435,0.11224489795918367,12.665186074429773,11
bon maison & jardin,elle maison & jardin,0.001146908560108435,0.11224489795918367,12.665186074429773,11
gagner maison & jardin,elle maison & jardin,0.001146908560108435,0.11224489795918367,12.665186074429773,11
habitant accessoires,hiver accessoires,0.001146908560108435,0.11224489795918367,12.665186074429773,11
sol alimentation,fatigue alimentation,0.0009383797309978105,0.1267605633802817,12.664172535211266,9
sol alimentation,obtenir alimentation,0.0009383797309978105,0.1267605633802817,12.664172535211266,9
heure téléphonie,nom téléphonie,0.0012511729746637473,0.11881188118811882,12.661386138613862,12
nom téléphonie,heure téléphonie,0.0012511729746637473,0.13333333333333333,12.661386138613862,12
jusque pet care,mode pet care,0.0012511729746637473,0.13333333333333333,12.661386138613862,12
mode pet care,jusque pet care,0.0012511729746637473,0.11881188118811882,12.661386138613862,12
camarade gaming,parfaitement gaming,0.0012511729746637473,0.13333333333333333,12.661386138613862,12
parfaitement gaming,camarade gaming,0.0012511729746637473,0.11881188118811882,12.661386138613862,12
environ électronique,théâtre électronique,0.0010426441455531226,0.1333333333333333,12.661386138613858,10
en beauté & santé,art beauté & santé,0.0017724950474403086,0.14782608695652175,12.658928571428572,17
art beauté & santé,en beauté & santé,0.0017724950474403086,0.15178571428571427,12.65892857142857,17
partie beauté & santé,éclat beauté & santé,0.0012511729746637473,0.1411764705882353,12.654425508521166,12
éclat beauté & santé,partie beauté & santé,0.0012511729746637473,0.11214953271028039,12.654425508521166,12
vague informatique,vraiment informatique,0.0013554373892190595,0.1477272727272727,12.65046672077922,13
vraiment informatique,vague informatique,0.0013554373892190595,0.11607142857142856,12.65046672077922,13
pouvoir jouets & enfants,souhaiter jouets & enfants,0.0012511729746637473,0.13186813186813187,12.647472527472528,12
souhaiter jouets & enfants,pouvoir jouets & enfants,0.0012511729746637473,0.12000000000000001,12.647472527472528,12
puissance informatique,mettre informatique,0.0012511729746637473,0.12000000000000001,12.647472527472528,12
mettre informatique,puissance informatique,0.0012511729746637473,0.13186813186813187,12.647472527472528,12
chaud sacs & bagages,choix sacs & bagages,0.0012511729746637473,0.12000000000000001,12.647472527472528,12
choix sacs & bagages,chaud sacs & bagages,0.0012511729746637473,0.13186813186813187,12.647472527472528,12
exprimer sports & loisirs,douter sports & loisirs,0.0010426441455531226,0.10416666666666666,12.64636075949367,10
très sports & loisirs,douter sports & loisirs,0.0010426441455531226,0.10416666666666666,12.64636075949367,10
douter sports & loisirs,très sports & loisirs,0.0010426441455531226,0.12658227848101264,12.646360759493668,10
douter sports & loisirs,exprimer sports & loisirs,0.0010426441455531226,0.12658227848101264,12.646360759493668,10
sentir beauté & santé,temps beauté & santé,0.0012511729746637473,0.10810810810810811,12.644693473961768,12
temps beauté & santé,sentir beauté & santé,0.0012511729746637473,0.14634146341463417,12.644693473961768,12
huit accessoires,sourd accessoires,0.0013554373892190595,0.13829787234042554,12.632522796352584,13
inquiétude accessoires,sourd accessoires,0.0013554373892190595,0.13829787234042554,12.632522796352584,13
il livres & médias,entraîner livres & médias,0.0013554373892190595,0.13829787234042554,12.632522796352584,13
ignorer mode & vêtements,gagner mode & vêtements,0.0013554373892190595,0.13829787234042554,12.632522796352584,13
non chaussures,vif chaussures,0.0013554373892190595,0.13829787234042554,12.632522796352584,13
gagner mode & vêtements,ignorer mode & vêtements,0.0013554373892190595,0.1238095238095238,12.632522796352582,13
sourd accessoires,inquiétude accessoires,0.0013554373892190595,0.1238095238095238,12.632522796352582,13
sourd accessoires,huit accessoires,0.0013554373892190595,0.1238095238095238,12.632522796352582,13
entraîner livres & médias,il livres & médias,0.0013554373892190595,0.1238095238095238,12.632522796352582,13
vif chaussures,non chaussures,0.0013554373892190595,0.1238095238095238,12.632522796352582,13
parent alimentation,oublier alimentation,0.0012511729746637473,0.12765957446808512,12.62250493529283,12
parti sacs & bagages,en sacs & bagages,0.0012511729746637473,0.12765957446808512,12.62250493529283,12
pouvoir alimentation,oublier alimentation,0.0012511729746637473,0.12765957446808512,12.62250493529283,12
en sacs & bagages,parti sacs & bagages,0.0012511729746637473,0.12371134020618557,12.622504935292827,12
oublier alimentation,parent alimentation,0.0012511729746637473,0.12371134020618557,12.622504935292827,12
oublier alimentation,pouvoir alimentation,0.0012511729746637473,0.12371134020618557,12.622504935292827,12
classe maison & jardin,visage maison & jardin,0.0012511729746637473,0.12631578947368421,12.619736842105263,12
visage maison & jardin,classe maison & jardin,0.0012511729746637473,0.125,12.619736842105263,12
devoir jouets & enfants,conclure jouets & enfants,0.0010426441455531226,0.125,12.619736842105263,10
pas mode & vêtements,de mode & vêtements,0.0010426441455531226,0.125,12.619736842105263,10
conclure jouets & enfants,donc jouets & enfants,0.0012511729746637473,0.12631578947368421,12.619736842105263,12
donc jouets & enfants,conclure jouets & enfants,0.0012511729746637473,0.125,12.619736842105263,12
entrée alimentation,oiseau alimentation,0.0010426441455531226,0.10526315789473684,12.619736842105263,10
oiseau alimentation,entrée alimentation,0.0010426441455531226,0.125,12.619736842105263,10
conclure jouets & enfants,devoir jouets & enfants,0.0010426441455531226,0.10526315789473684,12.619736842105263,10
de mode & vêtements,pas mode & vêtements,0.0010426441455531226,0.10526315789473684,12.619736842105263,10
plaine bijoux,situation bijoux,0.001146908560108435,0.14864864864864866,12.616718488399906,11
presque art & crafts,songer art & crafts,0.0008341153164424981,0.1038961038961039,12.613513069209272,8
songer art & crafts,presque art & crafts,0.0008341153164424981,0.10126582278481013,12.613513069209272,8
terreur alimentation,obliger alimentation,0.001146908560108435,0.12359550561797754,12.610686110447048,11
armer téléphonie,mariage téléphonie,0.001146908560108435,0.11702127659574468,12.610686110447048,11
mariage téléphonie,armer téléphonie,0.001146908560108435,0.12359550561797754,12.610686110447048,11
lui auto & moto,saison auto & moto,0.001146908560108435,0.12359550561797754,12.610686110447048,11
saison auto & moto,lui auto & moto,0.001146908560108435,0.11702127659574468,12.610686110447048,11
obliger alimentation,terreur alimentation,0.001146908560108435,0.11702127659574468,12.610686110447048,11
possible gaming,curieux gaming,0.0013554373892190595,0.1262135922330097,12.609526699029125,13
taire sports & loisirs,fixe sports & loisirs,0.0013554373892190595,0.13541666666666666,12.609526699029125,13
discussion beauté & santé,auprès beauté & santé,0.0013554373892190595,0.13541666666666666,12.609526699029125,13
fixe sports & loisirs,taire sports & loisirs,0.0013554373892190595,0.1262135922330097,12.609526699029125,13
curieux gaming,possible gaming,0.0013554373892190595,0.13541666666666666,12.609526699029125,13
auprès beauté & santé,discussion beauté & santé,0.0013554373892190595,0.1262135922330097,12.609526699029125,13
gris chaussettes & lingerie,chaud chaussettes & lingerie,0.0013554373892190595,0.13402061855670103,12.601879927228623,13
place montres,monsieur montres,0.0013554373892190595,0.13402061855670103,12.601879927228623,13
monsieur montres,place montres,0.0013554373892190595,0.12745098039215685,12.601879927228623,13
chaud chaussettes & lingerie,gris chaussettes & lingerie,0.0013554373892190595,0.12745098039215685,12.601879927228623,13
place montres,militaire montres,0.0013554373892190595,0.13402061855670103,12.601879927228623,13
militaire montres,place montres,0.0013554373892190595,0.12745098039215685,12.601879927228623,13
vêtement montres,compte montres,0.001146908560108435,0.11956521739130435,12.601648351648352,11
chemise bijoux,secours bijoux,0.001146908560108435,0.11956521739130435,12.601648351648352,11
compte montres,vêtement montres,0.001146908560108435,0.12087912087912088,12.601648351648352,11
secours bijoux,chemise bijoux,0.001146908560108435,0.12087912087912088,12.601648351648352,11
si téléphonie,heure téléphonie,0.0013554373892190595,0.1326530612244898,12.596787229743384,13
heure téléphonie,si téléphonie,0.0013554373892190595,0.12871287128712872,12.596787229743384,13
peu sacs & bagages,craindre sacs & bagages,0.0010426441455531226,0.10638297872340424,12.59653270291568,10
ordre chaussures,rose chaussures,0.0010426441455531226,0.10638297872340424,12.59653270291568,10
rose chaussures,ordre chaussures,0.0010426441455531226,0.12345679012345677,12.59653270291568,10
craindre sacs & bagages,peu sacs & bagages,0.0010426441455531226,0.12345679012345677,12.59653270291568,10
obliger art & crafts,presque art & crafts,0.0009383797309978105,0.10112359550561799,12.595797460966002,9
presque art & crafts,obliger art & crafts,0.0009383797309978105,0.1168831168831169,12.595797460966002,9
côte bijoux,souffrance bijoux,0.0013554373892190595,0.13,12.594242424242424,13
quart pet care,dehors pet care,0.0013554373892190595,0.13,12.594242424242424,13
souffrance bijoux,côte bijoux,0.0013554373892190595,0.1313131313131313,12.594242424242422,13
dehors pet care,quart pet care,0.0013554373892190595,0.1313131313131313,12.594242424242422,13
céder mode & vêtements,immense mode & vêtements,0.001146908560108435,0.13253012048192772,12.585112728140286,11
toucher auto & moto,fou auto & moto,0.001146908560108435,0.13253012048192772,12.585112728140286,11
fou auto & moto,toucher auto & moto,0.001146908560108435,0.10891089108910891,12.585112728140285,11
immense mode & vêtements,céder mode & vêtements,0.001146908560108435,0.10891089108910891,12.585112728140285,11
matière gaming,race gaming,0.0015639662183296842,0.13636363636363638,12.57561188811189,15
race gaming,matière gaming,0.0015639662183296842,0.14423076923076925,12.57561188811189,15
mourir chaussures,doute chaussures,0.0014597018037743718,0.14285714285714288,12.570117955439057,14
doute chaussures,mourir chaussures,0.0014597018037743718,0.12844036697247707,12.570117955439057,14
examiner montres,place montres,0.0015639662183296842,0.1271186440677966,12.569019744889044,15
place montres,examiner montres,0.0015639662183296842,0.15463917525773196,12.569019744889044,15
fenêtre maison & jardin,recevoir maison & jardin,0.0010426441455531226,0.10869565217391304,12.560240963855422,10
recevoir maison & jardin,fenêtre maison & jardin,0.0010426441455531226,0.12048192771084337,12.560240963855422,10
classe auto & moto,trait auto & moto,0.0010426441455531226,0.12048192771084337,12.560240963855422,10
trait auto & moto,classe auto & moto,0.0010426441455531226,0.10869565217391304,12.560240963855422,10
hasard accessoires,qualité accessoires,0.001146908560108435,0.11,12.559642857142856,11
puissance informatique,froid informatique,0.001146908560108435,0.11,12.559642857142856,11
froid informatique,puissance informatique,0.001146908560108435,0.13095238095238093,12.559642857142855,11
qualité accessoires,hasard accessoires,0.001146908560108435,0.13095238095238093,12.559642857142855,11
reposer gaming,de gaming,0.0017724950474403086,0.14655172413793105,12.549799876847292,17
de gaming,reposer gaming,0.0017724950474403086,0.15178571428571427,12.54979987684729,17
quart pet care,passage pet care,0.0014597018037743718,0.14,12.548971962616823,14
passage pet care,quart pet care,0.0014597018037743718,0.13084112149532712,12.548971962616823,14
appartement électronique,entrée électronique,0.0009383797309978105,0.1046511627906977,12.54636627906977,9
entrée électronique,appartement électronique,0.0009383797309978105,0.11250000000000002,12.54636627906977,9
nu mode & vêtements,signifier mode & vêtements,0.0009383797309978105,0.12162162162162163,12.542720139494334,9
dégager accessoires,attitude accessoires,0.0009383797309978105,0.10588235294117648,12.537254901960786,9
jusque pet care,esprit pet care,0.0012511729746637473,0.13333333333333333,12.537254901960784,12
esprit pet care,jusque pet care,0.0012511729746637473,0.11764705882352941,12.537254901960784,12
attitude accessoires,dégager accessoires,0.0009383797309978105,0.1111111111111111,12.537254901960784,9
grand jouets & enfants,politique jouets & enfants,0.0013554373892190595,0.12149532710280374,12.529695507989146,13
guerre sports & loisirs,surveiller sports & loisirs,0.0013554373892190595,0.13978494623655913,12.529695507989146,13
surveiller sports & loisirs,guerre sports & loisirs,0.0013554373892190595,0.12149532710280374,12.529695507989146,13
politique jouets & enfants,grand jouets & enfants,0.0013554373892190595,0.13978494623655913,12.529695507989146,13
rose chaussures,soleil chaussures,0.001146908560108435,0.13580246913580246,12.523860398860398,11
soleil chaussures,rose chaussures,0.001146908560108435,0.10576923076923077,12.523860398860398,11
couler bijoux,diriger bijoux,0.0015639662183296842,0.1630434782608696,12.510000000000003,15
diriger bijoux,couler bijoux,0.0015639662183296842,0.12000000000000001,12.510000000000002,15
larme chaussettes & lingerie,haïr chaussettes & lingerie,0.0012511729746637473,0.12000000000000001,12.510000000000002,12
haïr chaussettes & lingerie,larme chaussettes & lingerie,0.0012511729746637473,0.13043478260869568,12.510000000000002,12
jusque accessoires,hasard accessoires,0.0009383797309978105,0.13043478260869565,12.51,9
sentir beauté & santé,clef beauté & santé,0.0012511729746637473,0.10810810810810811,12.492347769456204,12
clef beauté & santé,sentir beauté & santé,0.0012511729746637473,0.14457831325301207,12.492347769456204,12
temps beauté & santé,terme beauté & santé,0.001146908560108435,0.13414634146341464,12.491238456073882,11
terme beauté & santé,temps beauté & santé,0.001146908560108435,0.10679611650485436,12.49123845607388,11
en sacs & bagages,faible sacs & bagages,0.0012511729746637473,0.12371134020618557,12.489636462289747,12
faible sacs & bagages,en sacs & bagages,0.0012511729746637473,0.12631578947368421,12.489636462289745,12
chute jouets & enfants,donc jouets & enfants,0.0012511729746637473,0.125,12.48828125,12
devoir jouets & enfants,donc jouets & enfants,0.0010426441455531226,0.125,12.48828125,10
donc jouets & enfants,chute jouets & enfants,0.0012511729746637473,0.125,12.48828125,12
donc jouets & enfants,devoir jouets & enfants,0.0010426441455531226,0.10416666666666666,12.48828125,10
as chaussures,choix chaussures,0.0013554373892190595,0.1262135922330097,12.479531578420579,13
choix chaussures,as chaussures,0.0013554373892190595,0.13402061855670103,12.479531578420579,13
bon maison & jardin,depuis maison & jardin,0.0013554373892190595,0.1326530612244898,12.47328931572629,13
bataille pet care,chat pet care,0.0013554373892190595,0.12745098039215685,12.47328931572629,13
chat pet care,bataille pet care,0.0013554373892190595,0.1326530612244898,12.47328931572629,13
monsieur montres,pourquoi montres,0.0013554373892190595,0.12745098039215685,12.47328931572629,13
pourquoi montres,monsieur montres,0.0013554373892190595,0.1326530612244898,12.47328931572629,13
militaire montres,succès montres,0.0013554373892190595,0.12745098039215685,12.47328931572629,13
succès montres,militaire montres,0.0013554373892190595,0.1326530612244898,12.47328931572629,13
depuis maison & jardin,bon maison & jardin,0.0013554373892190595,0.12745098039215685,12.47328931572629,13
réalité bijoux,femme bijoux,0.0014597018037743718,0.1443298969072165,12.47088325438841,14
femme bijoux,réalité bijoux,0.0014597018037743718,0.12612612612612611,12.470883254388408,14
camarade gaming,argent gaming,0.001146908560108435,0.12222222222222222,12.470567375886525,11
précis alimentation,pouvoir alimentation,0.001146908560108435,0.12222222222222222,12.470567375886525,11
pouvoir alimentation,précis alimentation,0.001146908560108435,0.11702127659574468,12.470567375886525,11
argent gaming,camarade gaming,0.001146908560108435,0.11702127659574468,12.470567375886525,11
fort informatique,trait informatique,0.0013554373892190595,0.12871287128712872,12.469546954695469,13
observer informatique,tromper informatique,0.0013554373892190595,0.1313131313131313,12.469546954695469,13
trait informatique,fort informatique,0.0013554373892190595,0.1313131313131313,12.469546954695469,13
tromper informatique,observer informatique,0.0013554373892190595,0.12871287128712872,12.469546954695469,13
quart pet care,calme pet care,0.0013554373892190595,0.13,12.468300000000001,13
calme pet care,quart pet care,0.0013554373892190595,0.13,12.468300000000001,13
nommer maison & jardin,titre maison & jardin,0.001146908560108435,0.12087912087912088,12.466146756469337,11
titre maison & jardin,nommer maison & jardin,0.001146908560108435,0.11827956989247311,12.466146756469337,11
soumettre montres,vérité montres,0.0016682306328849963,0.14035087719298245,12.463937621832358,16
vérité montres,soumettre montres,0.0016682306328849963,0.14814814814814814,12.463937621832358,16
race gaming,chat gaming,0.0015639662183296842,0.14423076923076925,12.462318087318089,15
chat gaming,race gaming,0.0015639662183296842,0.13513513513513514,12.462318087318089,15
toucher auto & moto,franc auto & moto,0.001146908560108435,0.13253012048192772,12.461729270021262,11
franc auto & moto,toucher auto & moto,0.001146908560108435,0.10784313725490195,12.461729270021262,11
aucun bijoux,danger bijoux,0.0015639662183296842,0.14285714285714285,12.455844155844156,15
danger bijoux,aucun bijoux,0.0015639662183296842,0.13636363636363638,12.455844155844156,15
heure sacs & bagages,chaud sacs & bagages,0.0010426441455531226,0.12987012987012986,12.455844155844154,10
sommet art & crafts,poste art & crafts,0.0008341153164424981,0.10126582278481013,12.451801363193768,8
poste art & crafts,sommet art & crafts,0.0008341153164424981,0.10256410256410256,12.451801363193768,8
poste art & crafts,songer art & crafts,0.0008341153164424981,0.10256410256410256,12.451801363193768,8
songer art & crafts,poste art & crafts,0.0008341153164424981,0.10126582278481013,12.451801363193768,8
chef art & crafts,poste art & crafts,0.0008341153164424981,0.10126582278481013,12.451801363193768,8
poste art & crafts,chef art & crafts,0.0008341153164424981,0.10256410256410256,12.451801363193768,8
souvent mode & vêtements,haut mode & vêtements,0.0015639662183296842,0.14150943396226415,12.451531936991518,15
haut mode & vêtements,souvent mode & vêtements,0.0015639662183296842,0.13761467889908258,12.451531936991518,15
demeurer jouets & enfants,aider jouets & enfants,0.0010426441455531226,0.12195121951219512,12.4429164504411,10
aider jouets & enfants,demeurer jouets & enfants,0.0010426441455531226,0.10638297872340424,12.442916450441098,10
souvent mode & vêtements,sur mode & vêtements,0.001146908560108435,0.10377358490566038,12.44115566037736,11
sur mode & vêtements,souvent mode & vêtements,0.001146908560108435,0.1375,12.44115566037736,11
milieu chaussettes & lingerie,grave chaussettes & lingerie,0.001146908560108435,0.13095238095238093,12.435289957567184,11
tromper informatique,froid informatique,0.001146908560108435,0.10891089108910891,12.435289957567184,11
froid informatique,tromper informatique,0.001146908560108435,0.13095238095238093,12.435289957567184,11
grave chaussettes & lingerie,milieu chaussettes & lingerie,0.001146908560108435,0.10891089108910891,12.435289957567184,11
hasard accessoires,manquer accessoires,0.0014597018037743718,0.14,12.432777777777778,14
manquer accessoires,hasard accessoires,0.0014597018037743718,0.12962962962962962,12.432777777777778,14
poste art & crafts,valeur art & crafts,0.0010426441455531226,0.1282051282051282,12.42035742035742,10
valeur art & crafts,poste art & crafts,0.0010426441455531226,0.101010101010101,12.420357420357417,10
l'une art & crafts,volonté art & crafts,0.0009383797309978105,0.10227272727272728,12.416426927502878,9
l'une art & crafts,sommet art & crafts,0.0009383797309978105,0.10227272727272728,12.416426927502878,9
sommet art & crafts,l'une art & crafts,0.0009383797309978105,0.1139240506329114,12.416426927502878,9
volonté art & crafts,l'une art & crafts,0.0009383797309978105,0.1139240506329114,12.416426927502878,9
gagner mode & vêtements,nouveau mode & vêtements,0.0014597018037743718,0.13333333333333333,12.415533980582524,14
nouveau mode & vêtements,gagner mode & vêtements,0.0014597018037743718,0.13592233009708737,12.415533980582524,14
route téléphonie,dangereux téléphonie,0.0013554373892190595,0.13978494623655913,12.413679808841097,13
dangereux téléphonie,route téléphonie,0.0013554373892190595,0.12037037037037036,12.413679808841097,13
douceur mode & vêtements,afin de mode & vêtements,0.0010426441455531226,0.11904761904761903,12.410714285714285,10
afin de mode & vêtements,douceur mode & vêtements,0.0010426441455531226,0.10869565217391304,12.410714285714285,10
françois maison & jardin,tenter maison & jardin,0.001146908560108435,0.13580246913580246,12.40458553791887,11
tenter maison & jardin,françois maison & jardin,0.001146908560108435,0.10476190476190475,12.40458553791887,11
mémoire pet care,escalier pet care,0.0009383797309978105,0.10344827586206896,12.402155172413794,9
émotion bijoux,côte bijoux,0.0015639662183296842,0.12931034482758622,12.402155172413794,15
côte bijoux,émotion bijoux,0.0015639662183296842,0.15,12.402155172413794,15
escalier pet care,mémoire pet care,0.0009383797309978105,0.11250000000000002,12.402155172413794,9
compte montres,militaire montres,0.0012511729746637473,0.13186813186813187,12.399482870071106,12
militaire montres,compte montres,0.0012511729746637473,0.11764705882352941,12.399482870071106,12
réalité jouets & enfants,transformer jouets & enfants,0.0013554373892190595,0.13829787234042554,12.396400874925433,13
transformer jouets & enfants,réalité jouets & enfants,0.0013554373892190595,0.12149532710280374,12.396400874925433,13
appartement électronique,assister électronique,0.0009383797309978105,0.1046511627906977,12.391472868217056,9
assister électronique,appartement électronique,0.0009383797309978105,0.1111111111111111,12.391472868217054,9
faveur art & crafts,volonté art & crafts,0.0010426441455531226,0.10204081632653061,12.388271764401964,10
volonté art & crafts,faveur art & crafts,0.0010426441455531226,0.12658227848101264,12.388271764401962,10
trait auto & moto,cesse auto & moto,0.0012511729746637473,0.13043478260869568,12.38613861386139,12
cesse auto & moto,trait auto & moto,0.0012511729746637473,0.11881188118811882,12.386138613861387,12
court pet care,rare pet care,0.0010426441455531226,0.11363636363636363,12.385072314049587,10
rare pet care,court pet care,0.0010426441455531226,0.11363636363636363,12.385072314049587,10
clef beauté & santé,art beauté & santé,0.0012511729746637473,0.14457831325301207,12.38080895008606,12
art beauté & santé,clef beauté & santé,0.0012511729746637473,0.10714285714285715,12.38080895008606,12
parce que accessoires,assez accessoires,0.0012511729746637473,0.12903225806451613,12.375483870967741,12
rencontrer auto & moto,cuisine auto & moto,0.0012511729746637473,0.12903225806451613,12.375483870967741,12
cuisine auto & moto,rencontrer auto & moto,0.0012511729746637473,0.12000000000000001,12.375483870967741,12
assez accessoires,parce que accessoires,0.0012511729746637473,0.12000000000000001,12.375483870967741,12
bon maison & jardin,naturel maison & jardin,0.001146908560108435,0.11224489795918367,12.374032371569317,11
naturel maison & jardin,bon maison & jardin,0.001146908560108435,0.1264367816091954,12.374032371569317,11
mémoire pet care,chat pet care,0.001146908560108435,0.1264367816091954,12.374032371569317,11
chat pet care,mémoire pet care,0.001146908560108435,0.11224489795918367,12.374032371569317,11
et montres,soumettre montres,0.0015639662183296842,0.14705882352941177,12.372291021671826,15
soumettre montres,et montres,0.0015639662183296842,0.13157894736842105,12.372291021671826,15
sonner beauté & santé,discussion beauté & santé,0.0013554373892190595,0.1238095238095238,12.369345238095237,13
discussion beauté & santé,sonner beauté & santé,0.0013554373892190595,0.13541666666666666,12.369345238095237,13
obliger alimentation,brusquement alimentation,0.0012511729746637473,0.12765957446808512,12.367504835589942,12
brusquement alimentation,obliger alimentation,0.0012511729746637473,0.12121212121212122,12.367504835589942,12
bon maison & jardin,classe maison & jardin,0.0012511729746637473,0.12244897959183675,12.362191192266382,12
classe maison & jardin,bon maison & jardin,0.0012511729746637473,0.12631578947368421,12.362191192266382,12
passer bijoux,situation bijoux,0.0015639662183296842,0.14563106796116507,12.360597989518002,15
situation bijoux,passer bijoux,0.0015639662183296842,0.13274336283185842,12.360597989518,15
oublier alimentation,oiseau alimentation,0.0010426441455531226,0.10309278350515463,12.359536082474227,10
gris chaussettes & lingerie,voiture chaussettes & lingerie,0.001146908560108435,0.1134020618556701,12.359536082474227,11
voiture chaussettes & lingerie,gris chaussettes & lingerie,0.001146908560108435,0.125,12.359536082474227,11
discussion beauté & santé,quoi beauté & santé,0.0012511729746637473,0.125,12.359536082474227,12
court beauté & santé,quoi beauté & santé,0.001146908560108435,0.125,12.359536082474227,11
oiseau alimentation,oublier alimentation,0.0010426441455531226,0.125,12.359536082474227,10
quoi beauté & santé,court beauté & santé,0.001146908560108435,0.1134020618556701,12.359536082474227,11
quoi beauté & santé,discussion beauté & santé,0.0012511729746637473,0.12371134020618557,12.359536082474227,12
couper sports & loisirs,fixe sports & loisirs,0.0013554373892190595,0.1326530612244898,12.352189419457105,13
serrer jouets & enfants,exprimer jouets & enfants,0.0013554373892190595,0.1326530612244898,12.352189419457105,13
exprimer jouets & enfants,serrer jouets & enfants,0.0013554373892190595,0.1262135922330097,12.352189419457105,13
sur chaussettes & lingerie,spectacle chaussettes & lingerie,0.0013554373892190595,0.1326530612244898,12.352189419457105,13
spectacle chaussettes & lingerie,sur chaussettes & lingerie,0.0013554373892190595,0.1262135922330097,12.352189419457105,13
fixe sports & loisirs,couper sports & loisirs,0.0013554373892190595,0.1262135922330097,12.352189419457105,13
avouer auto & moto,lui auto & moto,0.001146908560108435,0.11458333333333333,12.347963483146067,11
lui auto & moto,avouer auto & moto,0.001146908560108435,0.12359550561797754,12.347963483146067,11
sourire maison & jardin,visage maison & jardin,0.001146908560108435,0.12359550561797754,12.347963483146067,11
visage maison & jardin,sourire maison & jardin,0.001146908560108435,0.11458333333333333,12.347963483146067,11
absence sports & loisirs,pied sports & loisirs,0.0009383797309978105,0.11842105263157895,12.345394736842106,9
sourire sports & loisirs,pied sports & loisirs,0.0009383797309978105,0.11842105263157895,12.345394736842106,9
nu mode & vêtements,douceur mode & vêtements,0.0008341153164424981,0.1081081081081081,12.343629343629342,8
plaine bijoux,blanc bijoux,0.0008341153164424981,0.1081081081081081,12.343629343629342,8
clef beauté & santé,souhaiter beauté & santé,0.001146908560108435,0.13253012048192772,12.340741607205523,11
souhaiter beauté & santé,clef beauté & santé,0.001146908560108435,0.10679611650485436,12.340741607205521,11
tu mode & vêtements,compte mode & vêtements,0.001146908560108435,0.11578947368421054,12.339298245614035,11
compte mode & vêtements,tu mode & vêtements,0.001146908560108435,0.12222222222222222,12.339298245614035,11
classe maison & jardin,silence maison & jardin,0.001146908560108435,0.11578947368421054,12.339298245614035,11
silence maison & jardin,classe maison & jardin,0.001146908560108435,0.12222222222222222,12.339298245614035,11
soulever sports & loisirs,même sports & loisirs,0.001146908560108435,0.11578947368421054,12.339298245614035,11
même sports & loisirs,soulever sports & loisirs,0.001146908560108435,0.12222222222222222,12.339298245614035,11
pouvoir alimentation,tellement alimentation,0.001146908560108435,0.11702127659574468,12.333528173953706,11
tellement alimentation,pouvoir alimentation,0.001146908560108435,0.12087912087912088,12.333528173953706,11
d'abord alimentation,tellement alimentation,0.001146908560108435,0.11702127659574468,12.333528173953706,11
tellement alimentation,d'abord alimentation,0.001146908560108435,0.12087912087912088,12.333528173953706,11
rire téléphonie,armer téléphonie,0.001146908560108435,0.12087912087912088,12.333528173953706,11
armer téléphonie,rire téléphonie,0.001146908560108435,0.11702127659574468,12.333528173953706,11
général électronique,inspirer électronique,0.001146908560108435,0.11702127659574468,12.333528173953706,11
inspirer électronique,général électronique,0.001146908560108435,0.12087912087912088,12.333528173953706,11
premier jouets & enfants,réalité jouets & enfants,0.001146908560108435,0.12087912087912088,12.333528173953706,11
réalité jouets & enfants,premier jouets & enfants,0.001146908560108435,0.11702127659574468,12.333528173953706,11
flot électronique,théâtre électronique,0.0010426441455531226,0.12987012987012986,12.332518966182333,10
rencontrer auto & moto,trait auto & moto,0.001146908560108435,0.11827956989247311,12.330645161290322,11
payer sacs & bagages,être sacs & bagages,0.001146908560108435,0.11956521739130435,12.330645161290322,11
être sacs & bagages,payer sacs & bagages,0.001146908560108435,0.11827956989247311,12.330645161290322,11
trait auto & moto,rencontrer auto & moto,0.001146908560108435,0.11956521739130435,12.330645161290322,11
encore beauté & santé,mauvais beauté & santé,0.0012511729746637473,0.14634146341463417,12.31193838254172,12
souvenir jouets & enfants,conclure jouets & enfants,0.0010426441455531226,0.12195121951219512,12.31193838254172,10
conclure jouets & enfants,souvenir jouets & enfants,0.0010426441455531226,0.10526315789473684,12.311938382541719,10
mauvais beauté & santé,encore beauté & santé,0.0012511729746637473,0.10526315789473684,12.311938382541719,12
surveiller sports & loisirs,puisque sports & loisirs,0.0014597018037743718,0.13084112149532712,12.302913688840023,14
doute chaussettes & lingerie,chaud chaussettes & lingerie,0.0014597018037743718,0.13084112149532712,12.302913688840023,14
chaud chaussettes & lingerie,doute chaussettes & lingerie,0.0014597018037743718,0.1372549019607843,12.302913688840022,14
puisque sports & loisirs,surveiller sports & loisirs,0.0014597018037743718,0.1372549019607843,12.302913688840022,14
avant sacs & bagages,craindre sacs & bagages,0.0008341153164424981,0.1038961038961039,12.302068302068303,8
haut mode & vêtements,plaine mode & vêtements,0.0013554373892190595,0.11926605504587155,12.299792838117785,13
plaine mode & vêtements,haut mode & vêtements,0.0013554373892190595,0.13978494623655913,12.299792838117785,13
veiller jouets & enfants,conclure jouets & enfants,0.0014597018037743718,0.12173913043478261,12.290526315789474,14
conclure jouets & enfants,veiller jouets & enfants,0.0014597018037743718,0.1473684210526316,12.290526315789474,14
ailleurs électronique,guerre électronique,0.0012511729746637473,0.13953488372093026,12.277789630893965,12
guerre électronique,ailleurs électronique,0.0012511729746637473,0.11009174311926606,12.277789630893963,12
chaîne sacs & bagages,être sacs & bagages,0.0010426441455531226,0.11904761904761903,12.277265745007679,10
être sacs & bagages,chaîne sacs & bagages,0.0010426441455531226,0.1075268817204301,12.277265745007679,10
situation bijoux,entretenir bijoux,0.0012511729746637473,0.10619469026548674,12.271244269111849,12
entretenir bijoux,situation bijoux,0.0012511729746637473,0.14457831325301207,12.271244269111849,12
but art & crafts,sec art & crafts,0.0014597018037743718,0.14583333333333331,12.269188596491226,14
sec art & crafts,but art & crafts,0.0014597018037743718,0.12280701754385964,12.269188596491226,14
violence auto & moto,cuisine auto & moto,0.001146908560108435,0.12790697674418605,12.267558139534884,11
cuisine auto & moto,violence auto & moto,0.001146908560108435,0.11,12.267558139534884,11
conclure jouets & enfants,gens jouets & enfants,0.0013554373892190595,0.1368421052631579,12.26591244466306,13
gens jouets & enfants,conclure jouets & enfants,0.0013554373892190595,0.12149532710280374,12.26591244466306,13
personnage chaussettes & lingerie,haïr chaussettes & lingerie,0.0010426441455531226,0.1176470588235294,12.26470588235294,10
réfléchir chaussettes & lingerie,bien chaussettes & lingerie,0.0010426441455531226,0.10869565217391304,12.26470588235294,10
haïr chaussettes & lingerie,personnage chaussettes & lingerie,0.0010426441455531226,0.10869565217391304,12.26470588235294,10
bien chaussettes & lingerie,réfléchir chaussettes & lingerie,0.0010426441455531226,0.1176470588235294,12.26470588235294,10
pourtant électronique,ailleurs électronique,0.0010426441455531226,0.10989010989010989,12.255302836698187,10
ailleurs électronique,pourtant électronique,0.0010426441455531226,0.11627906976744186,12.255302836698185,10
temps beauté & santé,sonner beauté & santé,0.001146908560108435,0.13414634146341464,12.253310104529616,11
sonner beauté & santé,temps beauté & santé,0.001146908560108435,0.10476190476190475,12.253310104529616,11
parfaitement gaming,rire gaming,0.0012511729746637473,0.11881188118811882,12.252954327690833,12
immense mode & vêtements,signifier mode & vêtements,0.0012511729746637473,0.11881188118811882,12.252954327690833,12
signifier mode & vêtements,immense mode & vêtements,0.0012511729746637473,0.12903225806451613,12.252954327690833,12
rire gaming,parfaitement gaming,0.0012511729746637473,0.12903225806451613,12.252954327690833,12
terme beauté & santé,mauvais beauté & santé,0.0015639662183296842,0.14563106796116507,12.252171691364333,15
avec livres & médias,rideau livres & médias,0.0010426441455531226,0.13157894736842105,12.252171691364332,10
mauvais beauté & santé,terme beauté & santé,0.0015639662183296842,0.13157894736842105,12.252171691364332,15
cent informatique,alors informatique,0.0014597018037743718,0.1443298969072165,12.250159656965607,14
alors informatique,cent informatique,0.0014597018037743718,0.12389380530973453,12.250159656965607,14
aider livres & médias,fonder livres & médias,0.001146908560108435,0.1111111111111111,12.249042145593869,11
fonder livres & médias,aider livres & médias,0.001146908560108435,0.1264367816091954,12.249042145593867,11
loin téléphonie,mariage téléphonie,0.0010426441455531226,0.11363636363636363,12.24591419816139,10
précis chaussures,chance chaussures,0.0010426441455531226,0.11363636363636363,12.24591419816139,10
fauteuil informatique,foi informatique,0.0010426441455531226,0.11363636363636363,12.24591419816139,10
voiture chaussettes & lingerie,assez chaussettes & lingerie,0.0010426441455531226,0.11363636363636363,12.24591419816139,10
assez chaussettes & lingerie,voiture chaussettes & lingerie,0.0010426441455531226,0.11235955056179775,12.245914198161389,10
foi informatique,fauteuil informatique,0.0010426441455531226,0.11235955056179775,12.245914198161389,10
mariage téléphonie,loin téléphonie,0.0010426441455531226,0.11235955056179775,12.245914198161389,10
chance chaussures,précis chaussures,0.0010426441455531226,0.11235955056179775,12.245914198161389,10
inquiétude accessoires,assez accessoires,0.0012511729746637473,0.12765957446808512,12.243829787234045,12
saison auto & moto,cuisine auto & moto,0.0012511729746637473,0.12765957446808512,12.243829787234045,12
aider jouets & enfants,souhaiter jouets & enfants,0.0012511729746637473,0.12765957446808512,12.243829787234045,12
demeurer jouets & enfants,près jouets & enfants,0.0012511729746637473,0.12765957446808512,12.243829787234045,12
cuisine auto & moto,saison auto & moto,0.0012511729746637473,0.12000000000000001,12.243829787234043,12
assez accessoires,inquiétude accessoires,0.0012511729746637473,0.12000000000000001,12.243829787234043,12
souhaiter jouets & enfants,aider jouets & enfants,0.0012511729746637473,0.12000000000000001,12.243829787234043,12
près jouets & enfants,demeurer jouets & enfants,0.0012511729746637473,0.12000000000000001,12.243829787234043,12
environ électronique,général électronique,0.0009383797309978105,0.12,12.243829787234041,9
combien mode & vêtements,de mode & vêtements,0.0012511729746637473,0.12121212121212122,12.23732057416268,12
de mode & vêtements,combien mode & vêtements,0.0012511729746637473,0.12631578947368421,12.237320574162679,12
fusil auto & moto,rencontrer auto & moto,0.0014597018037743718,0.11864406779661017,12.235647895024604,14
rencontrer auto & moto,fusil auto & moto,0.0014597018037743718,0.15053763440860216,12.235647895024604,14
seigneur alimentation,habiter alimentation,0.0009383797309978105,0.10588235294117648,12.235152374202695,9
partie beauté & santé,clef beauté & santé,0.0009383797309978105,0.10588235294117648,12.235152374202695,9
clef beauté & santé,partie beauté & santé,0.0009383797309978105,0.10843373493975905,12.235152374202695,9
habiter alimentation,seigneur alimentation,0.0009383797309978105,0.10843373493975905,12.235152374202695,9
chasser gaming,de gaming,0.0017724950474403086,0.14285714285714288,12.23341836734694,17
de gaming,chasser gaming,0.0017724950474403086,0.15178571428571427,12.233418367346939,17
gagner maison & jardin,visage maison & jardin,0.0012511729746637473,0.12244897959183675,12.233418367346939,12
retirer chaussures,précis chaussures,0.001146908560108435,0.11224489795918367,12.233418367346939,11
papier sports & loisirs,couper sports & loisirs,0.001146908560108435,0.125,12.233418367346939,11
signe montres,succès montres,0.001146908560108435,0.125,12.233418367346939,11
couper sports & loisirs,papier sports & loisirs,0.001146908560108435,0.11224489795918367,12.233418367346939,11
succès montres,signe montres,0.001146908560108435,0.11224489795918367,12.233418367346939,11
serrer jouets & enfants,coeur jouets & enfants,0.0012511729746637473,0.12244897959183675,12.233418367346939,12
visage maison & jardin,gagner maison & jardin,0.0012511729746637473,0.125,12.233418367346939,12
coeur jouets & enfants,serrer jouets & enfants,0.0012511729746637473,0.125,12.233418367346939,12
précis chaussures,retirer chaussures,0.001146908560108435,0.125,12.233418367346939,11
éternel gaming,de gaming,0.0010426441455531226,0.14285714285714285,12.233418367346937,10
nombreux alimentation,baisser alimentation,0.0009383797309978105,0.10714285714285714,12.233418367346937,9
baisser alimentation,nombreux alimentation,0.0009383797309978105,0.10714285714285714,12.233418367346937,9
vers beauté & santé,souhaiter beauté & santé,0.0013554373892190595,0.1313131313131313,12.227419829361576,13
souhaiter beauté & santé,vers beauté & santé,0.0013554373892190595,0.1262135922330097,12.227419829361576,13
lien bijoux,côte bijoux,0.0013554373892190595,0.12745098039215685,12.223823529411764,13
couper montres,militaire montres,0.0013554373892190595,0.13,12.223823529411764,13
quart pet care,certain pet care,0.0013554373892190595,0.13,12.223823529411764,13
côte bijoux,lien bijoux,0.0013554373892190595,0.13,12.223823529411764,13
militaire montres,couper montres,0.0013554373892190595,0.12745098039215685,12.223823529411764,13
certain pet care,quart pet care,0.0013554373892190595,0.12745098039215685,12.223823529411764,13
beaux jouets & enfants,gens jouets & enfants,0.0015639662183296842,0.13636363636363638,12.223024638912491,15
gens jouets & enfants,beaux jouets & enfants,0.0015639662183296842,0.14018691588785048,12.223024638912491,15
rare pet care,passage pet care,0.0012511729746637473,0.13636363636363638,12.223024638912491,12
passage pet care,rare pet care,0.0012511729746637473,0.11214953271028039,12.223024638912491,12
foi informatique,cent informatique,0.001146908560108435,0.12359550561797754,12.220664890536316,11
près pet care,surprendre pet care,0.001146908560108435,0.12359550561797754,12.220664890536316,11
surprendre pet care,près pet care,0.001146908560108435,0.1134020618556701,12.220664890536314,11
cent informatique,foi informatique,0.001146908560108435,0.1134020618556701,12.220664890536314,11
avec livres & médias,montrer livres & médias,0.0009383797309978105,0.11842105263157895,12.212648556876061,9
heure sacs & bagages,genre sacs & bagages,0.0010426441455531226,0.12987012987012986,12.211611917494269,10
silence maison & jardin,visage maison & jardin,0.001146908560108435,0.12222222222222222,12.210763888888888,11
fatigue alimentation,précis alimentation,0.001146908560108435,0.11458333333333333,12.210763888888888,11
défaut art & crafts,but art & crafts,0.001146908560108435,0.12222222222222222,12.210763888888888,11
but art & crafts,défaut art & crafts,0.001146908560108435,0.11458333333333333,12.210763888888888,11
résultat sports & loisirs,taire sports & loisirs,0.001146908560108435,0.12222222222222222,12.210763888888888,11
taire sports & loisirs,résultat sports & loisirs,0.001146908560108435,0.11458333333333333,12.210763888888888,11
précis alimentation,fatigue alimentation,0.001146908560108435,0.12222222222222222,12.210763888888888,11
visage maison & jardin,silence maison & jardin,0.001146908560108435,0.11458333333333333,12.210763888888888,11
veiller téléphonie,mur téléphonie,0.0014597018037743718,0.1272727272727273,12.206727272727274,14
mur téléphonie,veiller téléphonie,0.0014597018037743718,0.14,12.206727272727274,14
conclure jouets & enfants,pouvoir jouets & enfants,0.001146908560108435,0.11578947368421054,12.2037015615963,11
entrée alimentation,tellement alimentation,0.001146908560108435,0.11578947368421054,12.2037015615963,11
pouvoir jouets & enfants,conclure jouets & enfants,0.001146908560108435,0.12087912087912088,12.203701561596299,11
tellement alimentation,entrée alimentation,0.001146908560108435,0.12087912087912088,12.203701561596299,11
soi livres & médias,plaire livres & médias,0.001146908560108435,0.11956521739130435,12.199468085106384,11
plaire livres & médias,soi livres & médias,0.001146908560108435,0.11702127659574468,12.199468085106384,11
signe accessoires,fort accessoires,0.001146908560108435,0.10679611650485436,12.193828016643549,11
fort accessoires,signe accessoires,0.001146908560108435,0.13095238095238093,12.193828016643549,11
heure sacs & bagages,réponse sacs & bagages,0.0009383797309978105,0.1168831168831169,12.185064935064936,9
donc jouets & enfants,demeurer jouets & enfants,0.0010426441455531226,0.10416666666666666,12.183689024390244,10
demeurer jouets & enfants,donc jouets & enfants,0.0010426441455531226,0.12195121951219512,12.183689024390244,10
détail chaussettes & lingerie,trésor chaussettes & lingerie,0.0014597018037743718,0.13333333333333333,12.17904761904762,14
trésor chaussettes & lingerie,détail chaussettes & lingerie,0.0014597018037743718,0.13333333333333333,12.17904761904762,14
bataille accessoires,sourd accessoires,0.0010426441455531226,0.1333333333333333,12.179047619047616,10
marche pet care,envoyer pet care,0.0015639662183296842,0.14851485148514854,12.174409748667175,15
envoyer pet care,marche pet care,0.0015639662183296842,0.1282051282051282,12.174409748667173,15
recevoir maison & jardin,classe maison & jardin,0.0010426441455531226,0.12048192771084337,12.163601775523146,10
classe maison & jardin,recevoir maison & jardin,0.0010426441455531226,0.10526315789473684,12.163601775523146,10
alors maison & jardin,nommer maison & jardin,0.0009383797309978105,0.11538461538461539,12.161031276415892,9
recueillir livres & médias,éviter livres & médias,0.0009383797309978105,0.1267605633802817,12.157605633802817,9
découvrir livres & médias,voyage livres & médias,0.0013554373892190595,0.1368421052631579,12.15233918128655,13
voyage livres & médias,découvrir livres & médias,0.0013554373892190595,0.12037037037037036,12.15233918128655,13
d'abord alimentation,baisser alimentation,0.0010426441455531226,0.10638297872340424,12.146656534954404,10
baisser alimentation,d'abord alimentation,0.0010426441455531226,0.11904761904761903,12.146656534954404,10
contraire gaming,parfaitement gaming,0.001146908560108435,0.12790697674418605,12.146097167856322,11
parfaitement gaming,contraire gaming,0.001146908560108435,0.10891089108910891,12.146097167856322,11
tromper art & crafts,volonté art & crafts,0.0008341153164424981,0.1,12.140506329113926,8
volonté art & crafts,tromper art & crafts,0.0008341153164424981,0.10126582278481013,12.140506329113926,8
haut gaming,rire gaming,0.0012511729746637473,0.11764705882352941,12.132827324478178,12
petit auto & moto,rencontrer auto & moto,0.0012511729746637473,0.11764705882352941,12.132827324478178,12
franc auto & moto,rencontrer auto & moto,0.0012511729746637473,0.11764705882352941,12.132827324478178,12
dangereux gaming,rire gaming,0.0012511729746637473,0.11764705882352941,12.132827324478178,12
dégager accessoires,parce que accessoires,0.0010426441455531226,0.1176470588235294,12.132827324478177,10
rire gaming,haut gaming,0.0012511729746637473,0.12903225806451613,12.132827324478177,12
hiver accessoires,parce que accessoires,0.0010426441455531226,0.1176470588235294,12.132827324478177,10
long pet care,gros pet care,0.0010426441455531226,0.1075268817204301,12.132827324478177,10
rire gaming,dangereux gaming,0.0012511729746637473,0.12903225806451613,12.132827324478177,12
rencontrer auto & moto,petit auto & moto,0.0012511729746637473,0.12903225806451613,12.132827324478177,12
rencontrer auto & moto,franc auto & moto,0.0012511729746637473,0.12903225806451613,12.132827324478177,12
parce que accessoires,dégager accessoires,0.0010426441455531226,0.1075268817204301,12.132827324478177,10
parce que accessoires,hiver accessoires,0.0010426441455531226,0.1075268817204301,12.132827324478177,10
gros pet care,long pet care,0.0010426441455531226,0.1176470588235294,12.132827324478177,10
d'abord maison & jardin,naturel maison & jardin,0.001146908560108435,0.11,12.126551724137931,11
naturel maison & jardin,d'abord maison & jardin,0.001146908560108435,0.1264367816091954,12.12655172413793,11
situation bijoux,secours bijoux,0.0013554373892190595,0.11504424778761062,12.125158027812896,13
secours bijoux,situation bijoux,0.0013554373892190595,0.14285714285714285,12.125158027812894,13
terreur alimentation,oiseau alimentation,0.0009383797309978105,0.10112359550561799,12.123455056179777,9
oiseau alimentation,terreur alimentation,0.0009383797309978105,0.11250000000000002,12.123455056179777,9
détruire auto & moto,fou auto & moto,0.0012511729746637473,0.12765957446808512,12.122603749736678,12
fou auto & moto,détruire auto & moto,0.0012511729746637473,0.11881188118811882,12.122603749736676,12
examiner montres,soumettre montres,0.0017724950474403086,0.1440677966101695,12.120651204281891,17
soumettre montres,examiner montres,0.0017724950474403086,0.14912280701754385,12.12065120428189,17
vous gaming,celui gaming,0.0015639662183296842,0.14150943396226415,12.118008760107816,15
celui gaming,vous gaming,0.0015639662183296842,0.13392857142857142,12.118008760107816,15
d'abord maison & jardin,classe maison & jardin,0.0012511729746637473,0.12000000000000001,12.114947368421054,12
police livres & médias,découvrir livres & médias,0.0012511729746637473,0.12000000000000001,12.114947368421054,12
découvrir livres & médias,police livres & médias,0.0012511729746637473,0.12631578947368421,12.114947368421053,12
classe maison & jardin,d'abord maison & jardin,0.0012511729746637473,0.12631578947368421,12.114947368421053,12
nommer maison & jardin,céder maison & jardin,0.0010426441455531226,0.10989010989010989,12.114437286851079,10
céder maison & jardin,nommer maison & jardin,0.0010426441455531226,0.11494252873563217,12.114437286851079,10
souffrance bijoux,repousser bijoux,0.001146908560108435,0.1111111111111111,12.109848484848484,11
repousser bijoux,souffrance bijoux,0.001146908560108435,0.125,12.109848484848484,11
loin téléphonie,clair téléphonie,0.0010426441455531226,0.11363636363636363,12.109848484848484,10
tel montres,signe montres,0.001146908560108435,0.1111111111111111,12.109848484848484,11
signe montres,tel montres,0.001146908560108435,0.125,12.109848484848484,11
brûler art & crafts,tromper art & crafts,0.0010426441455531226,0.101010101010101,12.109848484848484,10
plaine accessoires,cour accessoires,0.0010426441455531226,0.11363636363636363,12.109848484848484,10
tromper art & crafts,brûler art & crafts,0.0010426441455531226,0.125,12.109848484848484,10
fauteuil informatique,observer informatique,0.001146908560108435,0.125,12.109848484848484,11
observer informatique,fauteuil informatique,0.001146908560108435,0.1111111111111111,12.109848484848484,11
clair téléphonie,loin téléphonie,0.0010426441455531226,0.11111111111111109,12.109848484848483,10
cour accessoires,plaine accessoires,0.0010426441455531226,0.11111111111111109,12.109848484848483,10
prouver chaussures,trente chaussures,0.0010426441455531226,0.11235955056179775,12.108319656609014,10
trente chaussures,prouver chaussures,0.0010426441455531226,0.11235955056179775,12.108319656609014,10
sonner beauté & santé,clef beauté & santé,0.001146908560108435,0.10476190476190475,12.105679862306369,11
clef beauté & santé,sonner beauté & santé,0.001146908560108435,0.13253012048192772,12.105679862306369,11
spectacle chaussettes & lingerie,hésiter chaussettes & lingerie,0.0013554373892190595,0.1262135922330097,12.10514563106796,13
hésiter chaussettes & lingerie,spectacle chaussettes & lingerie,0.0013554373892190595,0.13,12.10514563106796,13
passer bijoux,côte bijoux,0.0013554373892190595,0.1262135922330097,12.10514563106796,13
côte bijoux,passer bijoux,0.0013554373892190595,0.13,12.10514563106796,13
fort informatique,porte informatique,0.0013554373892190595,0.12871287128712872,12.102795573675014,13
porte informatique,fort informatique,0.0013554373892190595,0.12745098039215685,12.102795573675014,13
militaire montres,fine montres,0.0013554373892190595,0.12745098039215685,12.102795573675014,13
fine montres,militaire montres,0.0013554373892190595,0.12871287128712872,12.102795573675014,13
condamner beauté & santé,sentir beauté & santé,0.0014597018037743718,0.14,12.096756756756758,14
sentir beauté & santé,condamner beauté & santé,0.0014597018037743718,0.12612612612612611,12.096756756756756,14
chance chaussures,retirer chaussures,0.001146908560108435,0.12359550561797754,12.095964228387986,11
près pet care,chat pet care,0.001146908560108435,0.12359550561797754,12.095964228387986,11
chat pet care,près pet care,0.001146908560108435,0.11224489795918367,12.095964228387984,11
retirer chaussures,chance chaussures,0.001146908560108435,0.11224489795918367,12.095964228387984,11
ville bijoux,entretenir bijoux,0.0009383797309978105,0.1046511627906977,12.092883160549176,9
entretenir bijoux,ville bijoux,0.0009383797309978105,0.10843373493975905,12.092883160549176,9
ailleurs électronique,subir électronique,0.0009383797309978105,0.1046511627906977,12.092883160549176,9
subir électronique,ailleurs électronique,0.0009383797309978105,0.10843373493975905,12.092883160549176,9
seigneur alimentation,baisser alimentation,0.0009383797309978105,0.10588235294117648,12.089495798319328,9
hiver accessoires,fort accessoires,0.0009383797309978105,0.10588235294117648,12.089495798319328,9
personnage chaussettes & lingerie,milieu chaussettes & lingerie,0.0009383797309978105,0.10588235294117648,12.089495798319328,9
cacher sacs & bagages,chaîne sacs & bagages,0.0009383797309978105,0.10588235294117648,12.089495798319328,9
chaîne sacs & bagages,cacher sacs & bagages,0.0009383797309978105,0.10714285714285714,12.089495798319327,9
milieu chaussettes & lingerie,personnage chaussettes & lingerie,0.0009383797309978105,0.10714285714285714,12.089495798319327,9
fort accessoires,hiver accessoires,0.0009383797309978105,0.10714285714285714,12.089495798319327,9
baisser alimentation,seigneur alimentation,0.0009383797309978105,0.10714285714285714,12.089495798319327,9
assez chaussettes & lingerie,doute chaussettes & lingerie,0.0012511729746637473,0.13483146067415733,12.085687283419093,12
doute chaussettes & lingerie,assez chaussettes & lingerie,0.0012511729746637473,0.11214953271028039,12.085687283419093,12
gagner maison & jardin,françois maison & jardin,0.0010426441455531226,0.10204081632653061,12.08238851095994,10
françois maison & jardin,gagner maison & jardin,0.0010426441455531226,0.12345679012345677,12.082388510959937,10
route téléphonie,colère téléphonie,0.0013554373892190595,0.13978494623655913,12.078174949142689,13
colère téléphonie,route téléphonie,0.0013554373892190595,0.1171171171171171,12.078174949142689,13
certain pet care,pièce pet care,0.0014597018037743718,0.1372549019607843,12.077172153264975,14
pièce pet care,certain pet care,0.0014597018037743718,0.12844036697247707,12.077172153264975,14
oncle électronique,pourtant électronique,0.001146908560108435,0.11458333333333333,12.07657967032967,11
pourtant électronique,oncle électronique,0.001146908560108435,0.12087912087912088,12.07657967032967,11
coeur jouets & enfants,premier jouets & enfants,0.001146908560108435,0.11458333333333333,12.07657967032967,11
premier jouets & enfants,coeur jouets & enfants,0.001146908560108435,0.12087912087912088,12.07657967032967,11
fou auto & moto,fusil auto & moto,0.0015639662183296842,0.14851485148514854,12.07123678469542,15
fusil auto & moto,fou auto & moto,0.0015639662183296842,0.1271186440677966,12.071236784695419,15
signe accessoires,manquer accessoires,0.0014597018037743718,0.13592233009708737,12.070658036677454,14
manquer accessoires,signe accessoires,0.0014597018037743718,0.12962962962962962,12.070658036677454,14
usage téléphonie,route téléphonie,0.001146908560108435,0.11702127659574468,12.068291008922444,11
argent gaming,rire gaming,0.001146908560108435,0.11702127659574468,12.068291008922444,11
demeurer jouets & enfants,politique jouets & enfants,0.001146908560108435,0.11702127659574468,12.068291008922444,11
contenir gaming,rire gaming,0.001146908560108435,0.11702127659574468,12.068291008922444,11
détruire auto & moto,rencontrer auto & moto,0.001146908560108435,0.11702127659574468,12.068291008922444,11
armer téléphonie,route téléphonie,0.001146908560108435,0.11702127659574468,12.068291008922444,11
rire gaming,contenir gaming,0.001146908560108435,0.11827956989247311,12.068291008922442,11
route téléphonie,usage téléphonie,0.001146908560108435,0.11827956989247311,12.068291008922442,11
route téléphonie,armer téléphonie,0.001146908560108435,0.11827956989247311,12.068291008922442,11
rencontrer auto & moto,détruire auto & moto,0.001146908560108435,0.11827956989247311,12.068291008922442,11
rire gaming,argent gaming,0.001146908560108435,0.11827956989247311,12.068291008922442,11
politique jouets & enfants,demeurer jouets & enfants,0.001146908560108435,0.11827956989247311,12.068291008922442,11
race gaming,consentir gaming,0.0014597018037743718,0.13461538461538464,12.06631919482387,14
consentir gaming,race gaming,0.0014597018037743718,0.13084112149532712,12.066319194823869,14
il livres & médias,bande livres & médias,0.0013554373892190595,0.13829787234042554,12.058317214700194,13
bande livres & médias,il livres & médias,0.0013554373892190595,0.11818181818181818,12.058317214700192,13
jeu téléphonie,ressembler téléphonie,0.0012511729746637473,0.13953488372093026,12.05656819610308,12
ressembler téléphonie,jeu téléphonie,0.0012511729746637473,0.10810810810810811,12.05656819610308,12
pas sports & loisirs,fixe sports & loisirs,0.001146908560108435,0.12941176470588237,12.050371216447745,11
fixe sports & loisirs,pas sports & loisirs,0.001146908560108435,0.10679611650485436,12.050371216447743,11
marche montres,empire montres,0.0012511729746637473,0.11428571428571428,12.045211930926216,12
empire montres,marche montres,0.0012511729746637473,0.13186813186813187,12.045211930926216,12
commencer gaming,chasser gaming,0.0013554373892190595,0.14942528735632182,12.043175891046072,13
chasser gaming,commencer gaming,0.0013554373892190595,0.1092436974789916,12.043175891046072,13
recueillir livres & médias,rouge livres & médias,0.0009383797309978105,0.1267605633802817,12.037233300794869,9
recueillir livres & médias,regretter livres & médias,0.0009383797309978105,0.1267605633802817,12.037233300794869,9
bataille accessoires,dégager accessoires,0.0008341153164424981,0.10666666666666666,12.035764705882352,8
race gaming,attitude gaming,0.0015639662183296842,0.14423076923076925,12.028846153846155,15
attitude gaming,race gaming,0.0015639662183296842,0.13043478260869565,12.028846153846153,15
vide sacs & bagages,libre sacs & bagages,0.001146908560108435,0.12790697674418605,12.02701778385773,11
libre sacs & bagages,vide sacs & bagages,0.001146908560108435,0.10784313725490195,12.02701778385773,11
souvenir jouets & enfants,grand jouets & enfants,0.001146908560108435,0.13414634146341464,12.024276270800092,11
encore beauté & santé,éclat beauté & santé,0.001146908560108435,0.13414634146341464,12.024276270800092,11
éclat beauté & santé,encore beauté & santé,0.001146908560108435,0.102803738317757,12.02427627080009,11
grand jouets & enfants,souvenir jouets & enfants,0.001146908560108435,0.102803738317757,12.02427627080009,11
en beauté & santé,sentir beauté & santé,0.0016682306328849963,0.1391304347826087,12.021621621621621,16
sentir beauté & santé,en beauté & santé,0.0016682306328849963,0.14414414414414414,12.021621621621621,16
toile électronique,théâtre électronique,0.0010426441455531226,0.12658227848101264,12.020303296152399,10
humide beauté & santé,mauvais beauté & santé,0.0014597018037743718,0.14285714285714288,12.018796992481205,14
mauvais beauté & santé,humide beauté & santé,0.0014597018037743718,0.12280701754385964,12.018796992481203,14
examiner montres,signe montres,0.0013554373892190595,0.11016949152542373,12.007222650231125,13
signe montres,examiner montres,0.0013554373892190595,0.1477272727272727,12.007222650231123,13
poser gaming,consentir gaming,0.0015639662183296842,0.13392857142857142,12.004756341789053,15
consentir gaming,poser gaming,0.0015639662183296842,0.14018691588785048,12.004756341789053,15
porte informatique,tendre informatique,0.0012511729746637473,0.11764705882352941,12.003754693366709,12
franc auto & moto,saison auto & moto,0.0012511729746637473,0.11764705882352941,12.003754693366709,12
tendre informatique,porte informatique,0.0012511729746637473,0.12765957446808512,12.003754693366709,12
saison auto & moto,franc auto & moto,0.0012511729746637473,0.12765957446808512,12.003754693366709,12
dégager accessoires,huit accessoires,0.0010426441455531226,0.1176470588235294,12.003754693366707,10
travers téléphonie,armer téléphonie,0.0010426441455531226,0.1176470588235294,12.003754693366707,10
armer téléphonie,travers téléphonie,0.0010426441455531226,0.10638297872340424,12.003754693366707,10
huit accessoires,dégager accessoires,0.0010426441455531226,0.10638297872340424,12.003754693366707,10
couper sports & loisirs,ton sports & loisirs,0.0013554373892190595,0.1326530612244898,12.002599152868695,13
ton sports & loisirs,couper sports & loisirs,0.0013554373892190595,0.12264150943396225,12.002599152868694,13
tapis électronique,guerre électronique,0.0012511729746637473,0.13636363636363638,11.998748957464555,12
guerre électronique,tapis électronique,0.0012511729746637473,0.11009174311926606,11.998748957464555,12
entraîner livres & médias,aider livres & médias,0.0013554373892190595,0.1238095238095238,11.994516594516593,13
aider livres & médias,entraîner livres & médias,0.0013554373892190595,0.1313131313131313,11.994516594516593,13
être sacs & bagages,vide sacs & bagages,0.0010426441455531226,0.1075268817204301,11.991747936984245,10
vide sacs & bagages,être sacs & bagages,0.0010426441455531226,0.11627906976744186,11.991747936984245,10
toile électronique,assister électronique,0.0008341153164424981,0.10126582278481013,11.990623534927332,8
escalier pet care,valoir pet care,0.0009383797309978105,0.11250000000000002,11.988750000000001,9
valoir pet care,escalier pet care,0.0009383797309978105,0.1,11.988750000000001,9
diriger auto & moto,général auto & moto,0.0009383797309978105,0.11250000000000002,11.988750000000001,9
condamner beauté & santé,art beauté & santé,0.0014597018037743718,0.14,11.988750000000001,14
général auto & moto,diriger auto & moto,0.0009383797309978105,0.1,11.988750000000001,9
devant jouets & enfants,près jouets & enfants,0.0010426441455531226,0.125,11.98875,10
art beauté & santé,condamner beauté & santé,0.0014597018037743718,0.125,11.98875,14
diriger bijoux,silencieux bijoux,0.0015639662183296842,0.12000000000000001,11.98875,15
souhaiter jouets & enfants,donc jouets & enfants,0.0012511729746637473,0.12000000000000001,11.98875,12
puissance informatique,vague informatique,0.001146908560108435,0.11,11.98875,11
loin téléphonie,mur téléphonie,0.001146908560108435,0.125,11.98875,11
mur téléphonie,loin téléphonie,0.001146908560108435,0.11,11.98875,11
vague informatique,puissance informatique,0.001146908560108435,0.125,11.98875,11
hasard accessoires,extraordinaire accessoires,0.001146908560108435,0.11,11.98875,11
donc jouets & enfants,souhaiter jouets & enfants,0.0012511729746637473,0.125,11.98875,12
extraordinaire accessoires,hasard accessoires,0.001146908560108435,0.125,11.98875,11
silencieux bijoux,diriger bijoux,0.0015639662183296842,0.15625,11.98875,15
dont montres,payer montres,0.0013554373892190595,0.12871287128712872,11.985292704027685,13
payer montres,dont montres,0.0013554373892190595,0.1262135922330097,11.985292704027685,13
militaire montres,monsieur montres,0.0013554373892190595,0.12745098039215685,11.984140715109572,13
haut gaming,bas gaming,0.0013554373892190595,0.12745098039215685,11.984140715109572,13
haut gaming,dangereux gaming,0.0013554373892190595,0.12745098039215685,11.984140715109572,13
dangereux gaming,haut gaming,0.0013554373892190595,0.12745098039215685,11.984140715109572,13
bas gaming,haut gaming,0.0013554373892190595,0.12745098039215685,11.984140715109572,13
monsieur montres,militaire montres,0.0013554373892190595,0.12745098039215685,11.984140715109572,13
revoir informatique,ou informatique,0.0012511729746637473,0.12244897959183675,11.983756768013329,12
ou informatique,revoir informatique,0.0012511729746637473,0.12244897959183675,11.983756768013329,12
parfaitement gaming,chat gaming,0.0014597018037743718,0.13861386138613863,11.976986887877977,14
chat gaming,parfaitement gaming,0.0014597018037743718,0.12612612612612611,11.976986887877976,14
sourire maison & jardin,françois maison & jardin,0.0009383797309978105,0.10112359550561799,11.973782771535582,9
envoyer pet care,près pet care,0.0013554373892190595,0.1111111111111111,11.97378277153558,13
dehors pet care,près pet care,0.001146908560108435,0.1111111111111111,11.97378277153558,11
près pet care,envoyer pet care,0.0013554373892190595,0.14606741573033707,11.97378277153558,13
françois maison & jardin,sourire maison & jardin,0.0009383797309978105,0.1111111111111111,11.97378277153558,9
aider livres & médias,épaule livres & médias,0.001146908560108435,0.1111111111111111,11.97378277153558,11
épaule livres & médias,aider livres & médias,0.001146908560108435,0.12359550561797754,11.97378277153558,11
près pet care,dehors pet care,0.001146908560108435,0.12359550561797754,11.97378277153558,11
ensuite montres,militaire montres,0.0014597018037743718,0.1272727272727273,11.967379679144386,14
militaire montres,ensuite montres,0.0014597018037743718,0.1372549019607843,11.967379679144384,14
encore beauté & santé,court beauté & santé,0.0009383797309978105,0.10975609756097562,11.96216740576497,9
court beauté & santé,encore beauté & santé,0.0009383797309978105,0.10227272727272728,11.962167405764967,9
détail chaussettes & lingerie,milieu chaussettes & lingerie,0.001146908560108435,0.10476190476190475,11.961564625850338,11
milieu chaussettes & lingerie,détail chaussettes & lingerie,0.001146908560108435,0.13095238095238093,11.961564625850338,11
examiner montres,examiner montres,0.0015639662183296842,0.14705882352941177,11.952891326021934,15
examiner montres,examiner montres,0.0015639662183296842,0.1271186440677966,11.952891326021932,15
résultat sports & loisirs,surveiller sports & loisirs,0.0012511729746637473,0.13333333333333333,11.951401869158879,12
surveiller sports & loisirs,résultat sports & loisirs,0.0012511729746637473,0.11214953271028039,11.951401869158879,12
livre art & crafts,détacher art & crafts,0.0009383797309978105,0.1046511627906977,11.948920265780732,9
depuis alimentation,nombreux alimentation,0.0009383797309978105,0.1046511627906977,11.948920265780732,9
détacher art & crafts,livre art & crafts,0.0009383797309978105,0.10714285714285714,11.948920265780732,9
nombreux alimentation,depuis alimentation,0.0009383797309978105,0.10714285714285714,11.948920265780732,9
trait auto & moto,avouer auto & moto,0.001146908560108435,0.11956521739130435,11.9453125,11
taire sports & loisirs,main sports & loisirs,0.001146908560108435,0.11458333333333333,11.9453125,11
avouer auto & moto,trait auto & moto,0.001146908560108435,0.11458333333333333,11.9453125,11
main sports & loisirs,taire sports & loisirs,0.001146908560108435,0.11956521739130435,11.9453125,11
apprendre art & crafts,brûler art & crafts,0.0009383797309978105,0.12328767123287672,11.9439601494396,9
classe maison & jardin,regard maison & jardin,0.001146908560108435,0.11578947368421054,11.94125636672326,11
découvrir livres & médias,montrer livres & médias,0.001146908560108435,0.11578947368421054,11.94125636672326,11
de mode & vêtements,plaine mode & vêtements,0.001146908560108435,0.11578947368421054,11.94125636672326,11
regard maison & jardin,classe maison & jardin,0.001146908560108435,0.11827956989247311,11.941256366723259,11
montrer livres & médias,découvrir livres & médias,0.001146908560108435,0.11827956989247311,11.941256366723259,11
plaine mode & vêtements,de mode & vêtements,0.001146908560108435,0.11827956989247311,11.941256366723259,11
obliger alimentation,parent alimentation,0.001146908560108435,0.11702127659574468,11.939904934359438,11
parent alimentation,obliger alimentation,0.001146908560108435,0.11702127659574468,11.939904934359438,11
d'abord alimentation,parent alimentation,0.001146908560108435,0.11702127659574468,11.939904934359438,11
parent alimentation,d'abord alimentation,0.001146908560108435,0.11702127659574468,11.939904934359438,11
peu sacs & bagages,parti sacs & bagages,0.001146908560108435,0.11702127659574468,11.939904934359438,11
parti sacs & bagages,peu sacs & bagages,0.001146908560108435,0.11702127659574468,11.939904934359438,11
race gaming,reposer gaming,0.0015639662183296842,0.14423076923076925,11.925149204244034,15
reposer gaming,race gaming,0.0015639662183296842,0.12931034482758622,11.925149204244033,15
haïr chaussettes & lingerie,détail chaussettes & lingerie,0.0012511729746637473,0.13043478260869568,11.914285714285716,12
détail chaussettes & lingerie,haïr chaussettes & lingerie,0.0012511729746637473,0.11428571428571428,11.914285714285715,12
entraîner livres & médias,adresser livres & médias,0.0015639662183296842,0.14285714285714285,11.914285714285713,15
adresser livres & médias,entraîner livres & médias,0.0015639662183296842,0.13043478260869565,11.914285714285713,15
poste art & crafts,ouvrage art & crafts,0.0009383797309978105,0.11538461538461539,11.899503722084367,9
long pet care,paupière pet care,0.0012511729746637473,0.12903225806451613,11.899503722084367,12
paupière pet care,long pet care,0.0012511729746637473,0.11538461538461539,11.899503722084367,12
nu mode & vêtements,céder mode & vêtements,0.0010426441455531226,0.13513513513513511,11.890652120009916,10
chat pet care,passage pet care,0.0013554373892190595,0.1326530612244898,11.89042532901011,13
passage pet care,chat pet care,0.0013554373892190595,0.12149532710280374,11.89042532901011,13
cour livres & médias,fonder livres & médias,0.001146908560108435,0.10784313725490195,11.888776200135226,11
genre sacs & bagages,prier sacs & bagages,0.001146908560108435,0.10784313725490195,11.888776200135226,11
prier sacs & bagages,genre sacs & bagages,0.001146908560108435,0.1264367816091954,11.888776200135224,11
fonder livres & médias,cour livres & médias,0.001146908560108435,0.1264367816091954,11.888776200135224,11
réalité jouets & enfants,exprimer jouets & enfants,0.0012511729746637473,0.12765957446808512,11.88721338566412,12
exprimer jouets & enfants,réalité jouets & enfants,0.0012511729746637473,0.11650485436893204,11.88721338566412,12
souhaiter beauté & santé,ci beauté & santé,0.0012511729746637473,0.11650485436893204,11.88721338566412,12
fixe sports & loisirs,or sports & loisirs,0.0012511729746637473,0.11650485436893204,11.88721338566412,12
signe accessoires,inquiétude accessoires,0.0012511729746637473,0.11650485436893204,11.88721338566412,12
inquiétude accessoires,signe accessoires,0.0012511729746637473,0.12765957446808512,11.88721338566412,12
ci beauté & santé,souhaiter beauté & santé,0.0012511729746637473,0.12765957446808512,11.88721338566412,12
or sports & loisirs,fixe sports & loisirs,0.0012511729746637473,0.12765957446808512,11.88721338566412,12
clef beauté & santé,éclat beauté & santé,0.001146908560108435,0.13253012048192772,11.879405472356718,11
éclat beauté & santé,clef beauté & santé,0.001146908560108435,0.102803738317757,11.879405472356718,11
posséder chaussettes & lingerie,train chaussettes & lingerie,0.0012511729746637473,0.11764705882352941,11.877399380804954,12
puisque sports & loisirs,soulever sports & loisirs,0.0012511729746637473,0.11764705882352941,11.877399380804954,12
genre sacs & bagages,faible sacs & bagages,0.0012511729746637473,0.11764705882352941,11.877399380804954,12
train chaussettes & lingerie,posséder chaussettes & lingerie,0.0012511729746637473,0.12631578947368421,11.877399380804953,12
composer sacs & bagages,officier sacs & bagages,0.0010426441455531226,0.10526315789473684,11.877399380804953,10
officier sacs & bagages,composer sacs & bagages,0.0010426441455531226,0.1176470588235294,11.877399380804953,10
pas sports & loisirs,recherche sports & loisirs,0.0010426441455531226,0.1176470588235294,11.877399380804953,10
soulever sports & loisirs,puisque sports & loisirs,0.0012511729746637473,0.12631578947368421,11.877399380804953,12
soulever sports & loisirs,pas sports & loisirs,0.0010426441455531226,0.10526315789473684,11.877399380804953,10
faible sacs & bagages,genre sacs & bagages,0.0012511729746637473,0.12631578947368421,11.877399380804953,12
pas sports & loisirs,soulever sports & loisirs,0.0010426441455531226,0.1176470588235294,11.877399380804953,10
recherche sports & loisirs,pas sports & loisirs,0.0010426441455531226,0.10526315789473684,11.877399380804953,10
songer art & crafts,chez art & crafts,0.0009383797309978105,0.1139240506329114,11.876582278481015,9
révolution alimentation,près alimentation,0.0009383797309978105,0.1139240506329114,11.876582278481015,9
fenêtre mode & vêtements,afin de mode & vêtements,0.0009383797309978105,0.1139240506329114,11.876582278481015,9
hésiter chaussettes & lingerie,trésor chaussettes & lingerie,0.0013554373892190595,0.13,11.874571428571429,13
trésor chaussettes & lingerie,hésiter chaussettes & lingerie,0.0013554373892190595,0.1238095238095238,11.874571428571429,13
fou auto & moto,intérêt auto & moto,0.0012511729746637473,0.11881188118811882,11.870049504950495,12
escalier pet care,mode pet care,0.0010426441455531226,0.125,11.870049504950495,10
intérêt auto & moto,fou auto & moto,0.0012511729746637473,0.125,11.870049504950495,12
escalier pet care,marche pet care,0.0010426441455531226,0.125,11.870049504950495,10
fort informatique,vague informatique,0.001146908560108435,0.10891089108910891,11.870049504950495,11
vague informatique,fort informatique,0.001146908560108435,0.125,11.870049504950495,11
peu sacs & bagages,vide sacs & bagages,0.0010426441455531226,0.10638297872340424,11.864176150420583,10
vide sacs & bagages,peu sacs & bagages,0.0010426441455531226,0.11627906976744186,11.864176150420583,10
heure sacs & bagages,chaîne sacs & bagages,0.0008341153164424981,0.1038961038961039,11.862708719851577,8
colère téléphonie,proposer téléphonie,0.0014597018037743718,0.12612612612612611,11.85956544780074,14
proposer téléphonie,colère téléphonie,0.0014597018037743718,0.1372549019607843,11.85956544780074,14
oiseau alimentation,tellement alimentation,0.0009383797309978105,0.11250000000000002,11.857005494505497,9
sourire maison & jardin,d'abord maison & jardin,0.001146908560108435,0.12359550561797754,11.854044943820226,11
d'abord maison & jardin,sourire maison & jardin,0.001146908560108435,0.11,11.854044943820226,11
éviter livres & médias,épaule livres & médias,0.001146908560108435,0.11,11.854044943820226,11
épaule livres & médias,éviter livres & médias,0.001146908560108435,0.12359550561797754,11.854044943820226,11
naturel maison & jardin,regard maison & jardin,0.0010426441455531226,0.11494252873563217,11.853911753800517,10
regard maison & jardin,naturel maison & jardin,0.0010426441455531226,0.1075268817204301,11.853911753800517,10
fusil auto & moto,avouer auto & moto,0.0014597018037743718,0.11864406779661017,11.853283898305085,14
avouer auto & moto,fusil auto & moto,0.0014597018037743718,0.14583333333333331,11.853283898305083,14
souvent mode & vêtements,douceur mode & vêtements,0.001146908560108435,0.10377358490566038,11.848719676549866,11
douceur mode & vêtements,souvent mode & vêtements,0.001146908560108435,0.13095238095238093,11.848719676549864,11
paupière pet care,pièce pet care,0.0014597018037743718,0.13461538461538464,11.844918842625267,14
pièce pet care,paupière pet care,0.0014597018037743718,0.12844036697247707,11.844918842625265,14
vraiment informatique,tendre informatique,0.0013554373892190595,0.11607142857142856,11.842990121580547,13
tendre informatique,vraiment informatique,0.0013554373892190595,0.13829787234042554,11.842990121580547,13
naissance électronique,assister électronique,0.0009383797309978105,0.1,11.84074074074074,9
oiseau alimentation,énergie alimentation,0.0008341153164424981,0.1,11.84074074074074,8
assister électronique,naissance électronique,0.0009383797309978105,0.1111111111111111,11.84074074074074,9
de électronique,assister électronique,0.0008341153164424981,0.1,11.84074074074074,8
même sports & loisirs,résultat sports & loisirs,0.0010426441455531226,0.11111111111111109,11.840740740740738,10
résultat sports & loisirs,même sports & loisirs,0.0010426441455531226,0.11111111111111109,11.840740740740738,10
bataille accessoires,manquer accessoires,0.0010426441455531226,0.1333333333333333,11.840740740740738,10
absence sports & loisirs,exprimer sports & loisirs,0.0009383797309978105,0.11842105263157895,11.831003289473685,9
couper sports & loisirs,mauvais sports & loisirs,0.001146908560108435,0.11224489795918367,11.830118860731107,11
pourquoi montres,compte montres,0.001146908560108435,0.11224489795918367,11.830118860731107,11
pouvoir jouets & enfants,serrer jouets & enfants,0.001146908560108435,0.12087912087912088,11.830118860731107,11
gagner maison & jardin,nommer maison & jardin,0.001146908560108435,0.11224489795918367,11.830118860731107,11
mauvais sports & loisirs,couper sports & loisirs,0.001146908560108435,0.12087912087912088,11.830118860731107,11
libre art & crafts,faveur art & crafts,0.001146908560108435,0.12087912087912088,11.830118860731107,11
faveur art & crafts,libre art & crafts,0.001146908560108435,0.11224489795918367,11.830118860731107,11
nommer maison & jardin,gagner maison & jardin,0.001146908560108435,0.12087912087912088,11.830118860731107,11
serrer jouets & enfants,pouvoir jouets & enfants,0.001146908560108435,0.11224489795918367,11.830118860731107,11
compte montres,pourquoi montres,0.001146908560108435,0.12087912087912088,11.830118860731107,11
toute chaussettes & lingerie,partie chaussettes & lingerie,0.001146908560108435,0.12087912087912088,11.830118860731107,11
partie chaussettes & lingerie,toute chaussettes & lingerie,0.001146908560108435,0.11224489795918367,11.830118860731107,11
fuir alimentation,d'abord alimentation,0.0008341153164424981,0.11594202898550723,11.829787234042552,8
fonder chaussettes & lingerie,île chaussettes & lingerie,0.001146908560108435,0.1134020618556701,11.82216494845361,11
île chaussettes & lingerie,fonder chaussettes & lingerie,0.001146908560108435,0.11956521739130435,11.822164948453608,11
hiver accessoires,sourd accessoires,0.001146908560108435,0.12941176470588237,11.820840336134454,11
partie beauté & santé,sonner beauté & santé,0.001146908560108435,0.12941176470588237,11.820840336134454,11
sonner beauté & santé,partie beauté & santé,0.001146908560108435,0.10476190476190475,11.820840336134452,11
sourd accessoires,hiver accessoires,0.001146908560108435,0.10476190476190475,11.820840336134452,11
mauvais sports & loisirs,anglais sports & loisirs,0.0012511729746637473,0.13186813186813187,11.820067782684607,12
premier jouets & enfants,gens jouets & enfants,0.0012511729746637473,0.13186813186813187,11.820067782684607,12
gens jouets & enfants,premier jouets & enfants,0.0012511729746637473,0.11214953271028039,11.820067782684607,12
anglais sports & loisirs,mauvais sports & loisirs,0.0012511729746637473,0.11214953271028039,11.820067782684607,12
but art & crafts,ouvrage art & crafts,0.001146908560108435,0.11458333333333333,11.816868279569892,11
ouvrage art & crafts,but art & crafts,0.001146908560108435,0.11827956989247311,11.81686827956989,11
entrée alimentation,parent alimentation,0.001146908560108435,0.11578947368421054,11.814221724524078,11
parent alimentation,entrée alimentation,0.001146908560108435,0.11702127659574468,11.814221724524078,11
nul alimentation,pouvoir alimentation,0.001146908560108435,0.11578947368421054,11.814221724524078,11
conclure jouets & enfants,réalité jouets & enfants,0.001146908560108435,0.11578947368421054,11.814221724524078,11
réalité jouets & enfants,conclure jouets & enfants,0.001146908560108435,0.11702127659574468,11.814221724524078,11
l'un informatique,tendre informatique,0.001146908560108435,0.11578947368421054,11.814221724524078,11
pouvoir alimentation,nul alimentation,0.001146908560108435,0.11702127659574468,11.814221724524078,11
tendre informatique,l'un informatique,0.001146908560108435,0.11702127659574468,11.814221724524078,11
nul alimentation,parent alimentation,0.001146908560108435,0.11578947368421054,11.814221724524078,11
parent alimentation,nul alimentation,0.001146908560108435,0.11702127659574468,11.814221724524078,11
reposer gaming,chasser gaming,0.0017724950474403086,0.14655172413793105,11.811576354679804,17
chasser gaming,reposer gaming,0.0017724950474403086,0.14285714285714288,11.811576354679804,17
émotion bijoux,secours bijoux,0.0013554373892190595,0.11206896551724138,11.811576354679802,13
secours bijoux,émotion bijoux,0.0013554373892190595,0.14285714285714285,11.811576354679802,13
fort accessoires,d'abord accessoires,0.0009383797309978105,0.10714285714285714,11.811576354679802,9
d'abord accessoires,fort accessoires,0.0009383797309978105,0.10344827586206896,11.811576354679802,9
violence auto & moto,attention auto & moto,0.0009383797309978105,0.1046511627906977,11.808344733242137,9
attention auto & moto,violence auto & moto,0.0009383797309978105,0.10588235294117648,11.808344733242137,9
travers téléphonie,jeu téléphonie,0.0009383797309978105,0.10588235294117648,11.808344733242137,9
jeu téléphonie,travers téléphonie,0.0009383797309978105,0.1046511627906977,11.808344733242137,9
tandis que livres & médias,bande livres & médias,0.0013554373892190595,0.13541666666666666,11.807102272727272,13
subir sports & loisirs,très sports & loisirs,0.0013554373892190595,0.11818181818181818,11.807102272727272,13
bande livres & médias,tandis que livres & médias,0.0013554373892190595,0.11818181818181818,11.807102272727272,13
émotion sports & loisirs,subir sports & loisirs,0.0013554373892190595,0.13541666666666666,11.807102272727272,13
très sports & loisirs,subir sports & loisirs,0.0013554373892190595,0.13541666666666666,11.807102272727272,13
subir sports & loisirs,émotion sports & loisirs,0.0013554373892190595,0.11818181818181818,11.807102272727272,13
recueillir livres & médias,rideau livres & médias,0.0009383797309978105,0.1267605633802817,11.803500615342541,9
jeu téléphonie,contre téléphonie,0.001146908560108435,0.12790697674418605,11.795728980322005,11
contre téléphonie,jeu téléphonie,0.001146908560108435,0.10576923076923077,11.795728980322004,11
recevoir maison & jardin,gagner maison & jardin,0.0010426441455531226,0.12048192771084337,11.79124661912958,10
gagner maison & jardin,recevoir maison & jardin,0.0010426441455531226,0.10204081632653061,11.79124661912958,10
humide beauté & santé,clef beauté & santé,0.0010426441455531226,0.10204081632653061,11.79124661912958,10
clef beauté & santé,humide beauté & santé,0.0010426441455531226,0.12048192771084337,11.79124661912958,10
fenêtre mode & vêtements,nouveau mode & vêtements,0.0010426441455531226,0.12658227848101264,11.786899348654293,10
vif chaussures,unique chaussures,0.0012511729746637473,0.11428571428571428,11.786175115207373,12
unique chaussures,vif chaussures,0.0012511729746637473,0.12903225806451613,11.786175115207373,12
frapper art & crafts,valeur art & crafts,0.0009383797309978105,0.12162162162162163,11.782555282555283,9
colère téléphonie,loin téléphonie,0.0012511729746637473,0.10810810810810811,11.782555282555283,12
loin téléphonie,colère téléphonie,0.0012511729746637473,0.13636363636363638,11.782555282555283,12
en beauté & santé,partie beauté & santé,0.0012511729746637473,0.10434782608695653,11.774117647058825,12
partie beauté & santé,en beauté & santé,0.0012511729746637473,0.1411764705882353,11.774117647058823,12
réalité jouets & enfants,danger jouets & enfants,0.0012511729746637473,0.12765957446808512,11.772913256955812,12
danger jouets & enfants,réalité jouets & enfants,0.0012511729746637473,0.11538461538461539,11.77291325695581,12
promettre électronique,général électronique,0.0009383797309978105,0.11538461538461539,11.77291325695581,9
arracher informatique,froid informatique,0.0010426441455531226,0.10309278350515463,11.770986745213548,10
oublier alimentation,nombreux alimentation,0.0010426441455531226,0.10309278350515463,11.770986745213548,10
froid informatique,arracher informatique,0.0010426441455531226,0.11904761904761903,11.770986745213547,10
nombreux alimentation,oublier alimentation,0.0010426441455531226,0.11904761904761903,11.770986745213547,10
soirée mode & vêtements,souvent mode & vêtements,0.0013554373892190595,0.13,11.762547169811322,13
souvent mode & vêtements,soirée mode & vêtements,0.0013554373892190595,0.12264150943396225,11.76254716981132,13
nouveau mode & vêtements,de mode & vêtements,0.0012511729746637473,0.11650485436893204,11.762084823709761,12
de mode & vêtements,nouveau mode & vêtements,0.0012511729746637473,0.12631578947368421,11.76208482370976,12
unique chaussures,désir chaussures,0.0013554373892190595,0.13978494623655913,11.760328239954724,13
désir chaussures,unique chaussures,0.0013554373892190595,0.11403508771929824,11.760328239954724,13
entraîner livres & médias,regretter livres & médias,0.0013554373892190595,0.1238095238095238,11.757001414427156,13
regretter livres & médias,entraîner livres & médias,0.0013554373892190595,0.12871287128712872,11.757001414427156,13
celui gaming,haut gaming,0.0014597018037743718,0.125,11.753676470588236,14
escalier pet care,certain pet care,0.0010426441455531226,0.125,11.753676470588236,10
larme pet care,esprit pet care,0.0014597018037743718,0.125,11.753676470588236,14
race gaming,dangereux gaming,0.0013554373892190595,0.125,11.753676470588236,13
dangereux gaming,race gaming,0.0013554373892190595,0.12745098039215685,11.753676470588236,13
de gaming,haut gaming,0.0014597018037743718,0.125,11.753676470588236,14
quant à informatique,fidèle informatique,0.0010426441455531226,0.125,11.753676470588236,10
celui gaming,dangereux gaming,0.0014597018037743718,0.125,11.753676470588236,14
voiture chaussettes & lingerie,chaud chaussettes & lingerie,0.001146908560108435,0.125,11.753676470588236,11
attention auto & moto,intérêt auto & moto,0.0010426441455531226,0.1176470588235294,11.753676470588234,10
intérêt auto & moto,attention auto & moto,0.0010426441455531226,0.10416666666666666,11.753676470588234,10
chaud chaussettes & lingerie,voiture chaussettes & lingerie,0.001146908560108435,0.10784313725490195,11.753676470588234,11
esprit pet care,larme pet care,0.0014597018037743718,0.1372549019607843,11.753676470588234,14
haut gaming,de gaming,0.0014597018037743718,0.1372549019607843,11.753676470588234,14
dangereux gaming,celui gaming,0.0014597018037743718,0.1372549019607843,11.753676470588234,14
haut gaming,celui gaming,0.0014597018037743718,0.1372549019607843,11.753676470588234,14
habiller mode & vêtements,plaine mode & vêtements,0.0009383797309978105,0.1139240506329114,11.748877092690895,9
fenêtre mode & vêtements,plaine mode & vêtements,0.0009383797309978105,0.1139240506329114,11.748877092690895,9
arracher informatique,tromper informatique,0.0012511729746637473,0.12371134020618557,11.747677860569564,12
tromper informatique,arracher informatique,0.0012511729746637473,0.11881188118811882,11.747677860569564,12
recueillir livres & médias,soi livres & médias,0.0008341153164424981,0.11267605633802816,11.746478873239436,8
place chaussures,retirer chaussures,0.0012511729746637473,0.12000000000000001,11.744081632653064,12
retirer chaussures,place chaussures,0.0012511729746637473,0.12244897959183675,11.744081632653062,12
veille maison & jardin,classe maison & jardin,0.0010426441455531226,0.11627906976744186,11.739290085679315,10
classe maison & jardin,veille maison & jardin,0.0010426441455531226,0.10526315789473684,11.739290085679315,10
cesse auto & moto,lui auto & moto,0.001146908560108435,0.10891089108910891,11.736678162198244,11
prouver chaussures,présence chaussures,0.001146908560108435,0.12359550561797754,11.736678162198244,11
lui auto & moto,cesse auto & moto,0.001146908560108435,0.12359550561797754,11.736678162198244,11
présence chaussures,prouver chaussures,0.001146908560108435,0.10891089108910891,11.736678162198244,11
valoir pet care,pièce pet care,0.0012511729746637473,0.13333333333333333,11.732110091743118,12
céder mode & vêtements,compte mode & vêtements,0.0012511729746637473,0.11009174311926606,11.732110091743118,12
pièce pet care,valoir pet care,0.0012511729746637473,0.11009174311926606,11.732110091743118,12
forcer art & crafts,défaut art & crafts,0.0012511729746637473,0.11009174311926606,11.732110091743118,12
défaut art & crafts,forcer art & crafts,0.0012511729746637473,0.13333333333333333,11.732110091743118,12
compte mode & vêtements,céder mode & vêtements,0.0012511729746637473,0.13333333333333333,11.732110091743118,12
visite électronique,mensonge électronique,0.0009383797309978105,0.11250000000000002,11.728125000000002,9
pas mode & vêtements,afin de mode & vêtements,0.0009383797309978105,0.11250000000000002,11.728125000000002,9
clair téléphonie,mur téléphonie,0.001146908560108435,0.12222222222222222,11.722333333333333,11
mur téléphonie,clair téléphonie,0.001146908560108435,0.11,11.722333333333333,11
compagnon téléphonie,clair téléphonie,0.001146908560108435,0.11,11.722333333333333,11
clair téléphonie,compagnon téléphonie,0.001146908560108435,0.12222222222222222,11.722333333333333,11
ouvrage art & crafts,l'une art & crafts,0.0010426441455531226,0.1075268817204301,11.719208211143695,10
l'une art & crafts,ouvrage art & crafts,0.0010426441455531226,0.11363636363636363,11.719208211143695,10
sommet art & crafts,sec art & crafts,0.001146908560108435,0.13924050632911392,11.7145236508994,11
dangereux téléphonie,rire téléphonie,0.0012511729746637473,0.1111111111111111,11.71062271062271,12
attitude accessoires,réclamer accessoires,0.0009383797309978105,0.1111111111111111,11.71062271062271,9
réclamer accessoires,manquer accessoires,0.0012511729746637473,0.13186813186813187,11.71062271062271,12
nommer maison & jardin,goutte maison & jardin,0.0010426441455531226,0.10989010989010989,11.71062271062271,10
manquer accessoires,réclamer accessoires,0.0012511729746637473,0.1111111111111111,11.71062271062271,12
nul montres,compte montres,0.001146908560108435,0.1111111111111111,11.71062271062271,11
problème sacs & bagages,choix sacs & bagages,0.0012511729746637473,0.1111111111111111,11.71062271062271,12
choix sacs & bagages,problème sacs & bagages,0.0012511729746637473,0.13186813186813187,11.71062271062271,12
libre art & crafts,valeur art & crafts,0.001146908560108435,0.12087912087912088,11.71062271062271,11
valeur art & crafts,libre art & crafts,0.001146908560108435,0.1111111111111111,11.71062271062271,11
compte montres,nul montres,0.001146908560108435,0.12087912087912088,11.71062271062271,11
rire téléphonie,dangereux téléphonie,0.0012511729746637473,0.13186813186813187,11.71062271062271,12
goutte maison & jardin,nommer maison & jardin,0.0010426441455531226,0.11111111111111109,11.710622710622708,10
fuir alimentation,nul alimentation,0.0008341153164424981,0.11594202898550723,11.705263157894736,8
appuyer chaussettes & lingerie,fonder chaussettes & lingerie,0.001146908560108435,0.11827956989247311,11.695044895244429,11
fonder chaussettes & lingerie,appuyer chaussettes & lingerie,0.001146908560108435,0.1134020618556701,11.695044895244429,11
doute chaussettes & lingerie,haïr chaussettes & lingerie,0.0012511729746637473,0.11214953271028039,11.691588785046731,12
haïr chaussettes & lingerie,doute chaussettes & lingerie,0.0012511729746637473,0.13043478260869568,11.691588785046731,12
énorme électronique,oncle électronique,0.001146908560108435,0.11702127659574468,11.691156914893616,11
donc jouets & enfants,aider jouets & enfants,0.001146908560108435,0.11458333333333333,11.691156914893616,11
aider jouets & enfants,donc jouets & enfants,0.001146908560108435,0.11702127659574468,11.691156914893616,11
oncle électronique,énorme électronique,0.001146908560108435,0.11458333333333333,11.691156914893616,11
malade chaussettes & lingerie,réfléchir chaussettes & lingerie,0.0013554373892190595,0.11206896551724138,11.683189655172415,13
réfléchir chaussettes & lingerie,malade chaussettes & lingerie,0.0013554373892190595,0.14130434782608695,11.683189655172413,13
plaine accessoires,fort accessoires,0.0009383797309978105,0.10227272727272728,11.677353896103897,9
l'une art & crafts,détacher art & crafts,0.0009383797309978105,0.10227272727272728,11.677353896103897,9
détacher art & crafts,l'une art & crafts,0.0009383797309978105,0.10714285714285714,11.677353896103895,9
fort accessoires,plaine accessoires,0.0009383797309978105,0.10714285714285714,11.677353896103895,9
colère téléphonie,ressembler téléphonie,0.0015639662183296842,0.13513513513513514,11.676406135865596,15
ressembler téléphonie,colère téléphonie,0.0015639662183296842,0.13513513513513514,11.676406135865596,15
souhaiter jouets & enfants,veiller jouets & enfants,0.0014597018037743718,0.14,11.676000000000002,14
apporter livres & médias,adresser livres & médias,0.0014597018037743718,0.14,11.676000000000002,14
adresser livres & médias,apporter livres & médias,0.0014597018037743718,0.12173913043478261,11.676,14
veiller jouets & enfants,souhaiter jouets & enfants,0.0014597018037743718,0.12173913043478261,11.676,14
plaine mode & vêtements,souvent mode & vêtements,0.0012511729746637473,0.12903225806451613,11.674984783931832,12
souvent mode & vêtements,plaine mode & vêtements,0.0012511729746637473,0.11320754716981132,11.674984783931832,12
mémoire pet care,gros pet care,0.0009383797309978105,0.10344827586206896,11.672616632860041,9
gros pet care,mémoire pet care,0.0009383797309978105,0.10588235294117648,11.672616632860041,9
doute chaussures,début chaussures,0.0013554373892190595,0.11926605504587155,11.67225238719341,13
début chaussures,doute chaussures,0.0013554373892190595,0.1326530612244898,11.67225238719341,13
quant à informatique,alors informatique,0.001146908560108435,0.1375,11.670464601769913,11
nu mode & vêtements,soirée mode & vêtements,0.0009383797309978105,0.12162162162162163,11.66472972972973,9
ordre chaussures,vif chaussures,0.0012511729746637473,0.12765957446808512,11.660790273556232,12
vif chaussures,ordre chaussures,0.0012511729746637473,0.11428571428571428,11.66079027355623,12
veiller jouets & enfants,politique jouets & enfants,0.0013554373892190595,0.11304347826086956,11.658064516129032,13
politique jouets & enfants,veiller jouets & enfants,0.0013554373892190595,0.13978494623655913,11.65806451612903,13
condamner beauté & santé,éclat beauté & santé,0.0013554373892190595,0.13,11.652616822429907,13
éclat beauté & santé,condamner beauté & santé,0.0013554373892190595,0.12149532710280374,11.652616822429907,13
près jouets & enfants,grand jouets & enfants,0.0013554373892190595,0.13,11.652616822429907,13
grand jouets & enfants,près jouets & enfants,0.0013554373892190595,0.12149532710280374,11.652616822429907,13
ou informatique,froid informatique,0.0010426441455531226,0.10204081632653061,11.650874635568513,10
froid informatique,ou informatique,0.0010426441455531226,0.11904761904761903,11.650874635568512,10
repas chaussures,soleil chaussures,0.0013554373892190595,0.1262135922330097,11.639563106796118,13
voiture chaussettes & lingerie,spectacle chaussettes & lingerie,0.001146908560108435,0.125,11.639563106796116,11
spectacle chaussettes & lingerie,voiture chaussettes & lingerie,0.001146908560108435,0.10679611650485436,11.639563106796116,11
fixe sports & loisirs,exprimer sports & loisirs,0.0012511729746637473,0.11650485436893204,11.639563106796116,12
plaine accessoires,signe accessoires,0.001146908560108435,0.125,11.639563106796116,11
soleil chaussures,repas chaussures,0.0013554373892190595,0.125,11.639563106796116,13
signe accessoires,plaine accessoires,0.001146908560108435,0.10679611650485436,11.639563106796116,11
exprimer sports & loisirs,fixe sports & loisirs,0.0012511729746637473,0.125,11.639563106796116,12
grain livres & médias,rideau livres & médias,0.001146908560108435,0.125,11.639563106796116,11
rideau livres & médias,grain livres & médias,0.001146908560108435,0.10679611650485436,11.639563106796116,11
endroit maison & jardin,depuis maison & jardin,0.0012511729746637473,0.12371134020618557,11.632504548211037,12
arracher informatique,fidèle informatique,0.0012511729746637473,0.12371134020618557,11.632504548211037,12
depuis maison & jardin,endroit maison & jardin,0.0012511729746637473,0.11764705882352941,11.632504548211037,12
en sacs & bagages,officier sacs & bagages,0.0010426441455531226,0.10309278350515463,11.632504548211037,10
certain pet care,surprendre pet care,0.0012511729746637473,0.11764705882352941,11.632504548211037,12
quoi beauté & santé,partie beauté & santé,0.0010426441455531226,0.10309278350515463,11.632504548211037,10
surprendre pet care,certain pet care,0.0012511729746637473,0.12371134020618557,11.632504548211037,12
fidèle informatique,arracher informatique,0.0012511729746637473,0.11764705882352941,11.632504548211037,12
officier sacs & bagages,en sacs & bagages,0.0010426441455531226,0.1176470588235294,11.632504548211035,10
partie beauté & santé,quoi beauté & santé,0.0010426441455531226,0.1176470588235294,11.632504548211035,10
souffrance bijoux,diriger bijoux,0.0015639662183296842,0.15151515151515152,11.625454545454547,15
bande livres & médias,entraîner livres & médias,0.0014597018037743718,0.1272727272727273,11.625454545454547,14
veiller téléphonie,clair téléphonie,0.0012511729746637473,0.1090909090909091,11.625454545454545,12
clair téléphonie,veiller téléphonie,0.0012511729746637473,0.13333333333333333,11.625454545454545,12
apporter livres & médias,aider livres & médias,0.0012511729746637473,0.12000000000000001,11.625454545454545,12
bataille accessoires,plaine accessoires,0.0008341153164424981,0.10666666666666666,11.625454545454545,8
diriger bijoux,souffrance bijoux,0.0015639662183296842,0.12000000000000001,11.625454545454545,15
dehors pet care,calme pet care,0.0012511729746637473,0.12121212121212122,11.625454545454545,12
calme pet care,dehors pet care,0.0012511729746637473,0.12000000000000001,11.625454545454545,12
entraîner livres & médias,bande livres & médias,0.0014597018037743718,0.13333333333333333,11.625454545454545,14
aider livres & médias,apporter livres & médias,0.0012511729746637473,0.12121212121212122,11.625454545454545,12
livrer sacs & bagages,chaud sacs & bagages,0.0012511729746637473,0.12121212121212122,11.625454545454545,12
chaud sacs & bagages,livrer sacs & bagages,0.0012511729746637473,0.12000000000000001,11.625454545454545,12
compte mode & vêtements,immense mode & vêtements,0.001146908560108435,0.12222222222222222,11.606270627062706,11
immense mode & vêtements,compte mode & vêtements,0.001146908560108435,0.10891089108910891,11.606270627062706,11
classe maison & jardin,céder maison & jardin,0.0010426441455531226,0.10526315789473684,11.604355716878402,10
céder maison & jardin,classe maison & jardin,0.0010426441455531226,0.11494252873563217,11.604355716878402,10
escalier pet care,long pet care,0.0009383797309978105,0.11250000000000002,11.60201612903226,9
personnage chaussettes & lingerie,doute chaussettes & lingerie,0.001146908560108435,0.12941176470588237,11.599890049477736,11
pas sports & loisirs,surveiller sports & loisirs,0.001146908560108435,0.12941176470588237,11.599890049477736,11
surveiller sports & loisirs,pas sports & loisirs,0.001146908560108435,0.102803738317757,11.599890049477734,11
doute chaussettes & lingerie,personnage chaussettes & lingerie,0.001146908560108435,0.102803738317757,11.599890049477734,11
entrer bijoux,discussion bijoux,0.0010426441455531226,0.11363636363636363,11.59453578336557,10
frapper auto & moto,membre auto & moto,0.0010426441455531226,0.11363636363636363,11.59453578336557,10
loin téléphonie,usage téléphonie,0.0010426441455531226,0.11363636363636363,11.59453578336557,10
tapis électronique,général électronique,0.0010426441455531226,0.11363636363636363,11.59453578336557,10
général électronique,tapis électronique,0.0010426441455531226,0.10638297872340424,11.594535783365568,10
usage téléphonie,loin téléphonie,0.0010426441455531226,0.10638297872340424,11.594535783365568,10
discussion bijoux,entrer bijoux,0.0010426441455531226,0.10638297872340424,11.594535783365568,10
membre auto & moto,frapper auto & moto,0.0010426441455531226,0.10638297872340424,11.594535783365568,10
assez accessoires,réclamer accessoires,0.001146908560108435,0.11,11.593516483516483,11
premier jouets & enfants,près jouets & enfants,0.001146908560108435,0.12087912087912088,11.593516483516483,11
près jouets & enfants,premier jouets & enfants,0.001146908560108435,0.11,11.593516483516483,11
réclamer accessoires,assez accessoires,0.001146908560108435,0.12087912087912088,11.593516483516483,11
couper montres,empire montres,0.001146908560108435,0.11,11.593516483516483,11
empire montres,couper montres,0.001146908560108435,0.12087912087912088,11.593516483516483,11
regard maison & jardin,sourire maison & jardin,0.0010426441455531226,0.1075268817204301,11.587531714389272,10
ouvrage art & crafts,obliger art & crafts,0.0010426441455531226,0.1075268817204301,11.587531714389272,10
habitant chaussures,trente chaussures,0.0010426441455531226,0.1075268817204301,11.587531714389272,10
trente chaussures,habitant chaussures,0.0010426441455531226,0.11235955056179775,11.58753171438927,10
sourire maison & jardin,regard maison & jardin,0.0010426441455531226,0.11235955056179775,11.58753171438927,10
obliger art & crafts,ouvrage art & crafts,0.0010426441455531226,0.11235955056179775,11.58753171438927,10
étranger sacs & bagages,payer sacs & bagages,0.0009383797309978105,0.1111111111111111,11.583333333333334,9
capable électronique,mensonge électronique,0.0009383797309978105,0.1111111111111111,11.583333333333334,9
signifier mode & vêtements,afin de mode & vêtements,0.0009383797309978105,0.1111111111111111,11.583333333333334,9
raison art & crafts,chez art & crafts,0.0009383797309978105,0.1111111111111111,11.583333333333334,9
général auto & moto,trait auto & moto,0.0010426441455531226,0.11111111111111109,11.583333333333332,10
fuir alimentation,baisser alimentation,0.0007298509018871859,0.10144927536231883,11.583333333333332,7
trait auto & moto,général auto & moto,0.0010426441455531226,0.10869565217391304,11.583333333333332,10
fuir alimentation,fatigue alimentation,0.0008341153164424981,0.11594202898550723,11.583333333333332,8
cent informatique,rôle informatique,0.0013554373892190595,0.13402061855670103,11.580105879074951,13
rôle informatique,cent informatique,0.0013554373892190595,0.1171171171171171,11.58010587907495,13
habitant chaussures,mourir chaussures,0.001146908560108435,0.11827956989247311,11.575707702435812,11
mourir chaussures,habitant chaussures,0.001146908560108435,0.11224489795918367,11.575707702435812,11
hésiter chaussettes & lingerie,malade chaussettes & lingerie,0.0014597018037743718,0.14,11.575344827586209,14
malade chaussettes & lingerie,hésiter chaussettes & lingerie,0.0014597018037743718,0.1206896551724138,11.575344827586207,14
cent informatique,tendre informatique,0.001146908560108435,0.1134020618556701,11.570629524018425,11
tendre informatique,cent informatique,0.001146908560108435,0.11702127659574468,11.570629524018425,11
tendre informatique,arracher informatique,0.001146908560108435,0.11702127659574468,11.570629524018425,11
en sacs & bagages,peu sacs & bagages,0.001146908560108435,0.1134020618556701,11.570629524018425,11
peu sacs & bagages,en sacs & bagages,0.001146908560108435,0.11702127659574468,11.570629524018425,11
arracher informatique,tendre informatique,0.001146908560108435,0.1134020618556701,11.570629524018425,11
entrée alimentation,obtenir alimentation,0.001146908560108435,0.11578947368421054,11.568092105263158,11
recherche sports & loisirs,très sports & loisirs,0.001146908560108435,0.11578947368421054,11.568092105263158,11
très sports & loisirs,recherche sports & loisirs,0.001146908560108435,0.11458333333333333,11.568092105263158,11
obtenir alimentation,entrée alimentation,0.001146908560108435,0.11458333333333333,11.568092105263158,11
demeurer jouets & enfants,pouvoir jouets & enfants,0.0009383797309978105,0.10975609756097562,11.567810238541947,9
surprendre accessoires,qualité accessoires,0.0008341153164424981,0.10126582278481013,11.562386980108498,8
voyager auto & moto,cuisine auto & moto,0.0010426441455531226,0.12048192771084337,11.555421686746987,10
toucher auto & moto,goutte auto & moto,0.0010426441455531226,0.12048192771084337,11.555421686746987,10
aucun bijoux,bataille bijoux,0.001146908560108435,0.10476190476190475,11.54909688013136,11
bataille bijoux,aucun bijoux,0.001146908560108435,0.1264367816091954,11.54909688013136,11
art beauté & santé,au beauté & santé,0.0012511729746637473,0.10714285714285715,11.546147672552168,12
vraiment informatique,foi informatique,0.0012511729746637473,0.10714285714285715,11.546147672552168,12
au beauté & santé,art beauté & santé,0.0012511729746637473,0.13483146067415733,11.546147672552168,12
foi informatique,vraiment informatique,0.0012511729746637473,0.13483146067415733,11.546147672552168,12
fauteuil informatique,rencontrer informatique,0.0009383797309978105,0.10227272727272728,11.539973262032087,9
rencontrer informatique,fauteuil informatique,0.0009383797309978105,0.10588235294117648,11.539973262032087,9
train chaussettes & lingerie,détail chaussettes & lingerie,0.0012511729746637473,0.12631578947368421,11.538045112781955,12
détail chaussettes & lingerie,train chaussettes & lingerie,0.0012511729746637473,0.11428571428571428,11.538045112781955,12
plaire livres & médias,adresser livres & médias,0.0013554373892190595,0.13829787234042554,11.53404255319149,13
contenir gaming,attitude gaming,0.0013554373892190595,0.13829787234042554,11.53404255319149,13
demeurer jouets & enfants,veiller jouets & enfants,0.0013554373892190595,0.13829787234042554,11.53404255319149,13
adresser livres & médias,plaire livres & médias,0.0013554373892190595,0.11304347826086956,11.534042553191489,13
attitude gaming,contenir gaming,0.0013554373892190595,0.11304347826086956,11.534042553191489,13
veiller jouets & enfants,demeurer jouets & enfants,0.0013554373892190595,0.11304347826086956,11.534042553191489,13
oeuvre bijoux,blanc bijoux,0.0010426441455531226,0.101010101010101,11.53318903318903,10
brusquement alimentation,nombreux alimentation,0.0010426441455531226,0.101010101010101,11.53318903318903,10
blanc bijoux,oeuvre bijoux,0.0010426441455531226,0.11904761904761903,11.53318903318903,10
nombreux alimentation,brusquement alimentation,0.0010426441455531226,0.11904761904761903,11.53318903318903,10
race gaming,de gaming,0.0014597018037743718,0.13461538461538464,11.527644230769232,14
de gaming,race gaming,0.0014597018037743718,0.125,11.527644230769232,14
alors maison & jardin,visage maison & jardin,0.0009383797309978105,0.11538461538461539,11.52764423076923,9
haut mode & vêtements,douceur mode & vêtements,0.001146908560108435,0.10091743119266056,11.522608125819135,11
douceur mode & vêtements,haut mode & vêtements,0.001146908560108435,0.13095238095238093,11.522608125819133,11
mémoire chaussures,repas chaussures,0.0012511729746637473,0.12371134020618557,11.519567610849766,12
repas chaussures,mémoire chaussures,0.0012511729746637473,0.11650485436893204,11.519567610849766,12
partie chaussettes & lingerie,chaud chaussettes & lingerie,0.0012511729746637473,0.12244897959183675,11.513805522208884,12
chaud chaussettes & lingerie,partie chaussettes & lingerie,0.0012511729746637473,0.11764705882352941,11.513805522208884,12
examiner montres,pourquoi montres,0.0012511729746637473,0.11764705882352941,11.513805522208884,12
sur chaussettes & lingerie,chaud chaussettes & lingerie,0.0012511729746637473,0.12244897959183675,11.513805522208884,12
succès montres,et montres,0.0012511729746637473,0.12244897959183675,11.513805522208884,12
et montres,succès montres,0.0012511729746637473,0.11764705882352941,11.513805522208884,12
partie chaussettes & lingerie,personnage chaussettes & lingerie,0.0010426441455531226,0.10204081632653061,11.513805522208884,10
succès montres,monsieur montres,0.0012511729746637473,0.12244897959183675,11.513805522208884,12
monsieur montres,succès montres,0.0012511729746637473,0.11764705882352941,11.513805522208884,12
chaud chaussettes & lingerie,sur chaussettes & lingerie,0.0012511729746637473,0.11764705882352941,11.513805522208884,12
pourquoi montres,examiner montres,0.0012511729746637473,0.12244897959183675,11.513805522208884,12
personnage chaussettes & lingerie,partie chaussettes & lingerie,0.0010426441455531226,0.1176470588235294,11.513805522208882,10
hasard accessoires,assez accessoires,0.0012511729746637473,0.12000000000000001,11.509200000000002,12
police livres & médias,apporter livres & médias,0.0012511729746637473,0.12000000000000001,11.509200000000002,12
apporter livres & médias,police livres & médias,0.0012511729746637473,0.12000000000000001,11.509200000000002,12
souhaiter jouets & enfants,près jouets & enfants,0.0012511729746637473,0.12000000000000001,11.509200000000002,12
près jouets & enfants,souhaiter jouets & enfants,0.0012511729746637473,0.12000000000000001,11.509200000000002,12
assez accessoires,hasard accessoires,0.0012511729746637473,0.12000000000000001,11.509200000000002,12
trente chaussures,as chaussures,0.001146908560108435,0.12359550561797754,11.508781498854589,11
épaule livres & médias,rideau livres & médias,0.001146908560108435,0.12359550561797754,11.508781498854589,11
rideau livres & médias,épaule livres & médias,0.001146908560108435,0.10679611650485436,11.508781498854587,11
as chaussures,trente chaussures,0.001146908560108435,0.10679611650485436,11.508781498854587,11
pauvre sacs & bagages,composer sacs & bagages,0.0009383797309978105,0.1139240506329114,11.50153231179214,9
fenêtre mode & vêtements,de mode & vêtements,0.0009383797309978105,0.1139240506329114,11.50153231179214,9
subir sports & loisirs,mauvais sports & loisirs,0.0012511729746637473,0.1090909090909091,11.497702297702299,12
mauvais sports & loisirs,subir sports & loisirs,0.0012511729746637473,0.13186813186813187,11.497702297702299,12
vide sacs & bagages,en sacs & bagages,0.0010426441455531226,0.11627906976744186,11.497242867417885,10
en sacs & bagages,vide sacs & bagages,0.0010426441455531226,0.10309278350515463,11.497242867417885,10
sol alimentation,pouvoir alimentation,0.0008341153164424981,0.11267605633802816,11.496553790830086,8
signifier mode & vêtements,nouveau mode & vêtements,0.0010426441455531226,0.12345679012345677,11.495864796835669,10
silencieux bijoux,situation bijoux,0.0013554373892190595,0.13541666666666666,11.493639380530974,13
situation bijoux,silencieux bijoux,0.0013554373892190595,0.11504424778761062,11.493639380530972,13
hiver accessoires,manquer accessoires,0.001146908560108435,0.12941176470588237,11.49248366013072,11
puisque sports & loisirs,résultat sports & loisirs,0.001146908560108435,0.10784313725490195,11.492483660130718,11
manquer accessoires,hiver accessoires,0.001146908560108435,0.10185185185185185,11.492483660130718,11
phrase pet care,valoir pet care,0.001146908560108435,0.10784313725490195,11.492483660130718,11
résultat sports & loisirs,puisque sports & loisirs,0.001146908560108435,0.12222222222222222,11.492483660130718,11
valoir pet care,phrase pet care,0.001146908560108435,0.12222222222222222,11.492483660130718,11
visage maison & jardin,céder maison & jardin,0.0010426441455531226,0.10416666666666666,11.483477011494251,10
céder maison & jardin,visage maison & jardin,0.0010426441455531226,0.11494252873563217,11.483477011494251,10
oiseau alimentation,pouvoir alimentation,0.0009383797309978105,0.11250000000000002,11.478590425531916,9
oiseau alimentation,parent alimentation,0.0009383797309978105,0.11250000000000002,11.478590425531916,9
oiseau alimentation,obliger alimentation,0.0009383797309978105,0.11250000000000002,11.478590425531916,9
pas mode & vêtements,ignorer mode & vêtements,0.0009383797309978105,0.11250000000000002,11.478590425531916,9
devant jouets & enfants,aider jouets & enfants,0.0009383797309978105,0.11250000000000002,11.478590425531916,9
entrée électronique,énorme électronique,0.0009383797309978105,0.11250000000000002,11.478590425531916,9
haut mode & vêtements,pareil mode & vêtements,0.0012511729746637473,0.11009174311926606,11.477064220183488,12
pareil mode & vêtements,haut mode & vêtements,0.0012511729746637473,0.13043478260869568,11.477064220183488,12
larme pet care,surprendre pet care,0.0013554373892190595,0.11607142857142856,11.47671207658321,13
surprendre pet care,larme pet care,0.0013554373892190595,0.13402061855670103,11.47671207658321,13
intérieur électronique,tapis électronique,0.0008341153164424981,0.10526315789473684,11.472488038277511,8
poser gaming,celui gaming,0.0015639662183296842,0.13392857142857142,11.468829719387754,15
celui gaming,poser gaming,0.0015639662183296842,0.13392857142857142,11.468829719387754,15
réfléchir chaussettes & lingerie,hésiter chaussettes & lingerie,0.001146908560108435,0.11956521739130435,11.467500000000001,11
devant jouets & enfants,veiller jouets & enfants,0.001146908560108435,0.1375,11.467500000000001,11
hésiter chaussettes & lingerie,réfléchir chaussettes & lingerie,0.001146908560108435,0.11,11.467500000000001,11
chemise bijoux,côte bijoux,0.001146908560108435,0.11956521739130435,11.467500000000001,11
côte bijoux,chemise bijoux,0.001146908560108435,0.11,11.467500000000001,11
trait auto & moto,goutte auto & moto,0.001146908560108435,0.11956521739130435,11.467500000000001,11
goutte auto & moto,trait auto & moto,0.001146908560108435,0.11,11.467500000000001,11
temps beauté & santé,exécuter beauté & santé,0.0010426441455531226,0.12195121951219512,11.46700143472023,10
vide électronique,cuisine électronique,0.0010426441455531226,0.12195121951219512,11.46700143472023,10
terreur alimentation,d'abord alimentation,0.0010426441455531226,0.11235955056179775,11.464260100406406,10
terreur alimentation,pouvoir alimentation,0.0010426441455531226,0.11235955056179775,11.464260100406406,10
d'abord alimentation,terreur alimentation,0.0010426441455531226,0.10638297872340424,11.464260100406406,10
épaule livres & médias,il livres & médias,0.0010426441455531226,0.11235955056179775,11.464260100406406,10
mariage téléphonie,usage téléphonie,0.0010426441455531226,0.11235955056179775,11.464260100406406,10
usage téléphonie,mariage téléphonie,0.0010426441455531226,0.10638297872340424,11.464260100406406,10
il livres & médias,épaule livres & médias,0.0010426441455531226,0.10638297872340424,11.464260100406406,10
pouvoir alimentation,terreur alimentation,0.0010426441455531226,0.10638297872340424,11.464260100406406,10
fuir alimentation,oublier alimentation,0.0008341153164424981,0.11594202898550723,11.463917525773194,8
raison art & crafts,ouvrage art & crafts,0.0009383797309978105,0.1111111111111111,11.458781362007167,9
être sacs & bagages,livrer sacs & bagages,0.001146908560108435,0.11827956989247311,11.458781362007167,11
livrer sacs & bagages,être sacs & bagages,0.001146908560108435,0.1111111111111111,11.458781362007167,11
ouvrage art & crafts,brûler art & crafts,0.001146908560108435,0.11827956989247311,11.458781362007167,11
craindre sacs & bagages,être sacs & bagages,0.0009383797309978105,0.1111111111111111,11.458781362007167,9
signifier mode & vêtements,songer mode & vêtements,0.0009383797309978105,0.1111111111111111,11.458781362007167,9
brûler art & crafts,ouvrage art & crafts,0.001146908560108435,0.1111111111111111,11.458781362007167,11
clair téléphonie,route téléphonie,0.0010426441455531226,0.11111111111111109,11.458781362007166,10
route téléphonie,clair téléphonie,0.0010426441455531226,0.1075268817204301,11.458781362007166,10
guerre sports & loisirs,résultat sports & loisirs,0.0010426441455531226,0.1075268817204301,11.458781362007166,10
résultat sports & loisirs,guerre sports & loisirs,0.0010426441455531226,0.11111111111111109,11.458781362007166,10
contenir gaming,attacher gaming,0.001146908560108435,0.11702127659574468,11.452561875814157,11
non chaussures,retirer chaussures,0.001146908560108435,0.11702127659574468,11.452561875814157,11
non chaussures,mourir chaussures,0.001146908560108435,0.11702127659574468,11.452561875814157,11
armer téléphonie,si téléphonie,0.001146908560108435,0.11702127659574468,11.452561875814157,11
haute maison & jardin,gagner maison & jardin,0.001146908560108435,0.11702127659574468,11.452561875814157,11
argent gaming,attacher gaming,0.001146908560108435,0.11702127659574468,11.452561875814157,11
gagner maison & jardin,haute maison & jardin,0.001146908560108435,0.11224489795918367,11.452561875814155,11
attacher gaming,argent gaming,0.001146908560108435,0.11224489795918367,11.452561875814155,11
retirer chaussures,non chaussures,0.001146908560108435,0.11224489795918367,11.452561875814155,11
si téléphonie,armer téléphonie,0.001146908560108435,0.11224489795918367,11.452561875814155,11
mourir chaussures,non chaussures,0.001146908560108435,0.11224489795918367,11.452561875814155,11
attacher gaming,contenir gaming,0.001146908560108435,0.11224489795918367,11.452561875814155,11
aider livres & médias,bande livres & médias,0.0013554373892190595,0.1313131313131313,11.44931129476584,13
bande livres & médias,aider livres & médias,0.0013554373892190595,0.11818181818181818,11.44931129476584,13
en sacs & bagages,composer sacs & bagages,0.001146908560108435,0.1134020618556701,11.4488334237656,11
composer sacs & bagages,en sacs & bagages,0.001146908560108435,0.11578947368421054,11.4488334237656,11
alors informatique,foi informatique,0.0012511729746637473,0.10619469026548674,11.443969374564983,12
foi informatique,alors informatique,0.0012511729746637473,0.13483146067415733,11.443969374564983,12
or sports & loisirs,surveiller sports & loisirs,0.0012511729746637473,0.12765957446808512,11.442831576854248,12
surveiller sports & loisirs,or sports & loisirs,0.0012511729746637473,0.11214953271028039,11.442831576854246,12
toucher auto & moto,cesse auto & moto,0.0010426441455531226,0.12048192771084337,11.441011571036622,10
vous gaming,commencer gaming,0.001146908560108435,0.10377358490566038,11.44014313597918,11
commencer gaming,vous gaming,0.001146908560108435,0.1264367816091954,11.440143135979179,11
céder mode & vêtements,soirée mode & vêtements,0.0013554373892190595,0.11926605504587155,11.438807339449541,13
soirée mode & vêtements,céder mode & vêtements,0.0013554373892190595,0.13,11.438807339449541,13
poste art & crafts,livre art & crafts,0.0008341153164424981,0.10256410256410256,11.438282647584973,8
promettre électronique,ailleurs électronique,0.0008341153164424981,0.10256410256410256,11.438282647584973,8
plaine bijoux,lien bijoux,0.0009383797309978105,0.12162162162162163,11.436009538950715,9
désir chaussures,repas chaussures,0.0014597018037743718,0.12280701754385964,11.435360245273378,14
repas chaussures,désir chaussures,0.0014597018037743718,0.13592233009708737,11.435360245273376,14
voyage livres & médias,regretter livres & médias,0.0013554373892190595,0.12037037037037036,11.430418041804181,13
regretter livres & médias,voyage livres & médias,0.0013554373892190595,0.12871287128712872,11.430418041804181,13
tu mode & vêtements,souvent mode & vêtements,0.0012511729746637473,0.12631578947368421,11.4291956305859,12
souvent mode & vêtements,tu mode & vêtements,0.0012511729746637473,0.11320754716981132,11.4291956305859,12
puisque sports & loisirs,anglais sports & loisirs,0.0013554373892190595,0.12745098039215685,11.424134139637163,13
anglais sports & loisirs,puisque sports & loisirs,0.0013554373892190595,0.12149532710280374,11.424134139637163,13
fixe sports & loisirs,ton sports & loisirs,0.0013554373892190595,0.1262135922330097,11.41994870855468,13
ton sports & loisirs,fixe sports & loisirs,0.0013554373892190595,0.12264150943396225,11.41994870855468,13
valoir pet care,larme pet care,0.0012511729746637473,0.13333333333333333,11.417857142857143,12
entrer bijoux,aucun bijoux,0.001146908560108435,0.125,11.417857142857143,11
tromper art & crafts,détacher art & crafts,0.0008341153164424981,0.1,11.417857142857143,8
de gaming,camarade gaming,0.0012511729746637473,0.10714285714285715,11.417857142857143,12
larme pet care,valoir pet care,0.0012511729746637473,0.10714285714285715,11.417857142857143,12
voiture chaussettes & lingerie,trésor chaussettes & lingerie,0.001146908560108435,0.125,11.417857142857143,11
camarade gaming,de gaming,0.0012511729746637473,0.13333333333333333,11.417857142857143,12
trésor chaussettes & lingerie,voiture chaussettes & lingerie,0.001146908560108435,0.10476190476190475,11.417857142857141,11
aucun bijoux,entrer bijoux,0.001146908560108435,0.10476190476190475,11.417857142857141,11
trente chaussures,humain chaussures,0.0009383797309978105,0.10112359550561799,11.410310641110378,9
mariage téléphonie,travers téléphonie,0.0009383797309978105,0.10112359550561799,11.410310641110378,9
travers téléphonie,mariage téléphonie,0.0009383797309978105,0.10588235294117648,11.410310641110378,9
humain chaussures,trente chaussures,0.0009383797309978105,0.10588235294117648,11.410310641110378,9
soleil chaussures,choix chaussures,0.0012511729746637473,0.11538461538461539,11.408802537668517,12
choix chaussures,soleil chaussures,0.0012511729746637473,0.12371134020618557,11.408802537668517,12
subir sports & loisirs,surveiller sports & loisirs,0.0014597018037743718,0.1272727272727273,11.408156329651659,14
surveiller sports & loisirs,subir sports & loisirs,0.0014597018037743718,0.13084112149532712,11.408156329651659,14
tendre informatique,fauteuil informatique,0.0009383797309978105,0.1046511627906977,11.405787526427064,9
tendre informatique,vague informatique,0.0009383797309978105,0.1046511627906977,11.405787526427064,9
violence auto & moto,retirer auto & moto,0.0009383797309978105,0.1046511627906977,11.405787526427064,9
retirer auto & moto,violence auto & moto,0.0009383797309978105,0.10227272727272728,11.405787526427062,9
vague informatique,tendre informatique,0.0009383797309978105,0.10227272727272728,11.405787526427062,9
fauteuil informatique,tendre informatique,0.0009383797309978105,0.10227272727272728,11.405787526427062,9
émotion bijoux,bataille bijoux,0.0012511729746637473,0.10344827586206898,11.404280618311535,12
bataille bijoux,émotion bijoux,0.0012511729746637473,0.13793103448275862,11.404280618311534,12
contre téléphonie,mariage téléphonie,0.001146908560108435,0.10576923076923077,11.398120138288679,11
prouver chaussures,soleil chaussures,0.001146908560108435,0.12359550561797754,11.398120138288679,11
mariage téléphonie,contre téléphonie,0.001146908560108435,0.12359550561797754,11.398120138288679,11
soleil chaussures,prouver chaussures,0.001146908560108435,0.10576923076923077,11.398120138288679,11
quart pet care,mode pet care,0.0012511729746637473,0.12000000000000001,11.395247524752477,12
apporter livres & médias,regretter livres & médias,0.0012511729746637473,0.12000000000000001,11.395247524752477,12
calme pet care,mode pet care,0.0012511729746637473,0.12000000000000001,11.395247524752477,12
couper montres,dont montres,0.0012511729746637473,0.12000000000000001,11.395247524752477,12
assez accessoires,mari accessoires,0.0012511729746637473,0.12000000000000001,11.395247524752477,12
mode pet care,calme pet care,0.0012511729746637473,0.11881188118811882,11.395247524752476,12
dont montres,couper montres,0.0012511729746637473,0.11881188118811882,11.395247524752476,12
mari accessoires,assez accessoires,0.0012511729746637473,0.11881188118811882,11.395247524752476,12
regretter livres & médias,apporter livres & médias,0.0012511729746637473,0.11881188118811882,11.395247524752476,12
mode pet care,quart pet care,0.0012511729746637473,0.11881188118811882,11.395247524752476,12
frapper art & crafts,libre art & crafts,0.0008341153164424981,0.1081081081081081,11.394119394119393,8
paquet alimentation,tellement alimentation,0.0008341153164424981,0.1081081081081081,11.394119394119393,8
révolution alimentation,fatigue alimentation,0.0009383797309978105,0.1139240506329114,11.381724683544304,9
attacher gaming,contraire gaming,0.0010426441455531226,0.10204081632653061,11.379924062648316,10
contraire gaming,attacher gaming,0.0010426441455531226,0.11627906976744186,11.379924062648316,10
bon maison & jardin,veille maison & jardin,0.0010426441455531226,0.10204081632653061,11.379924062648316,10
veille maison & jardin,bon maison & jardin,0.0010426441455531226,0.11627906976744186,11.379924062648316,10
arracher informatique,alors informatique,0.0013554373892190595,0.13402061855670103,11.375148252896635,13
alors informatique,arracher informatique,0.0013554373892190595,0.11504424778761062,11.375148252896633,13
chaud chaussettes & lingerie,toute chaussettes & lingerie,0.001146908560108435,0.10784313725490195,11.366192630898512,11
choix sacs & bagages,genre sacs & bagages,0.001146908560108435,0.12087912087912088,11.366192630898512,11
toute chaussettes & lingerie,chaud chaussettes & lingerie,0.001146908560108435,0.12087912087912088,11.366192630898512,11
genre sacs & bagages,choix sacs & bagages,0.001146908560108435,0.10784313725490195,11.366192630898512,11
empire montres,examiner montres,0.001146908560108435,0.12087912087912088,11.366192630898512,11
examiner montres,empire montres,0.001146908560108435,0.10784313725490195,11.366192630898512,11
bataille bijoux,réalité bijoux,0.0010426441455531226,0.11494252873563217,11.365090650551013,10
réalité bijoux,bataille bijoux,0.0010426441455531226,0.10309278350515463,11.365090650551013,10
sur mode & vêtements,de mode & vêtements,0.0009383797309978105,0.11250000000000002,11.35776315789474,9
pas mode & vêtements,tu mode & vêtements,0.0009383797309978105,0.11250000000000002,11.35776315789474,9
encore beauté & santé,auprès beauté & santé,0.0010426441455531226,0.12195121951219512,11.355671323703529,10
but art & crafts,l'une art & crafts,0.0010426441455531226,0.10416666666666666,11.352982954545453,10
l'une art & crafts,but art & crafts,0.0010426441455531226,0.11363636363636363,11.352982954545453,10
malade chaussettes & lingerie,posséder chaussettes & lingerie,0.0014597018037743718,0.1206896551724138,11.348377281947261,14
bas gaming,reposer gaming,0.0014597018037743718,0.1372549019607843,11.348377281947261,14
reposer gaming,bas gaming,0.0014597018037743718,0.1206896551724138,11.348377281947261,14
posséder chaussettes & lingerie,malade chaussettes & lingerie,0.0014597018037743718,0.1372549019607843,11.348377281947261,14
oeuvre bijoux,femme bijoux,0.0013554373892190595,0.1313131313131313,11.346164346164345,13
femme bijoux,oeuvre bijoux,0.0013554373892190595,0.1171171171171171,11.346164346164343,13
soirée mode & vêtements,songer mode & vêtements,0.001146908560108435,0.11,11.344193548387096,11
quart pet care,long pet care,0.001146908560108435,0.11,11.344193548387096,11
chaud sacs & bagages,être sacs & bagages,0.001146908560108435,0.11,11.344193548387096,11
songer mode & vêtements,soirée mode & vêtements,0.001146908560108435,0.11827956989247311,11.344193548387096,11
long pet care,quart pet care,0.001146908560108435,0.11827956989247311,11.344193548387096,11
être sacs & bagages,chaud sacs & bagages,0.001146908560108435,0.11827956989247311,11.344193548387096,11
épaule livres & médias,découvrir livres & médias,0.0010426441455531226,0.11235955056179775,11.343583678296866,10
découvrir livres & médias,épaule livres & médias,0.0010426441455531226,0.10526315789473684,11.343583678296866,10
entrée alimentation,terreur alimentation,0.0010426441455531226,0.10526315789473684,11.343583678296866,10
terreur alimentation,entrée alimentation,0.0010426441455531226,0.11235955056179775,11.343583678296866,10
il livres & médias,voyage livres & médias,0.0012511729746637473,0.12765957446808512,11.336879432624114,12
haute maison & jardin,silence maison & jardin,0.0010426441455531226,0.10638297872340424,11.336879432624112,10
voyage livres & médias,il livres & médias,0.0012511729746637473,0.1111111111111111,11.336879432624112,12
énergie alimentation,parent alimentation,0.0009383797309978105,0.1111111111111111,11.336879432624112,9
craindre sacs & bagages,parti sacs & bagages,0.0009383797309978105,0.1111111111111111,11.336879432624112,9
il livres & médias,aider livres & médias,0.001146908560108435,0.11702127659574468,11.336879432624112,11
plaire livres & médias,aider livres & médias,0.001146908560108435,0.11702127659574468,11.336879432624112,11
naissance électronique,général électronique,0.0010426441455531226,0.11111111111111109,11.336879432624112,10
général électronique,naissance électronique,0.0010426441455531226,0.10638297872340424,11.336879432624112,10
ignorer mode & vêtements,combien mode & vêtements,0.001146908560108435,0.11702127659574468,11.336879432624112,11
combien mode & vêtements,ignorer mode & vêtements,0.001146908560108435,0.1111111111111111,11.336879432624112,11
aider livres & médias,plaire livres & médias,0.001146908560108435,0.1111111111111111,11.336879432624112,11
aider livres & médias,il livres & médias,0.001146908560108435,0.1111111111111111,11.336879432624112,11
camarade gaming,contenir gaming,0.0010426441455531226,0.11111111111111109,11.336879432624112,10
silence maison & jardin,haute maison & jardin,0.0010426441455531226,0.11111111111111109,11.336879432624112,10
contenir gaming,camarade gaming,0.0010426441455531226,0.10638297872340424,11.336879432624112,10
bande livres & médias,éviter livres & médias,0.0013554373892190595,0.11818181818181818,11.334818181818182,13
éviter livres & médias,bande livres & médias,0.0013554373892190595,0.13,11.334818181818182,13
consentir gaming,commencer gaming,0.001146908560108435,0.102803738317757,11.333225910409281,11
commencer gaming,consentir gaming,0.001146908560108435,0.1264367816091954,11.333225910409281,11
choix sacs & bagages,être sacs & bagages,0.0010426441455531226,0.10989010989010989,11.332860687699396,10
premier jouets & enfants,politique jouets & enfants,0.0010426441455531226,0.10989010989010989,11.332860687699396,10
politique jouets & enfants,premier jouets & enfants,0.0010426441455531226,0.1075268817204301,11.332860687699396,10
être sacs & bagages,choix sacs & bagages,0.0010426441455531226,0.1075268817204301,11.332860687699396,10
appel accessoires,habitant accessoires,0.001146908560108435,0.11578947368421054,11.332008592910851,11
habitant accessoires,appel accessoires,0.001146908560108435,0.11224489795918367,11.33200859291085,11
chemise bijoux,couler bijoux,0.0010426441455531226,0.10869565217391304,11.331521739130435,10
île chaussettes & lingerie,réfléchir chaussettes & lingerie,0.0010426441455531226,0.10869565217391304,11.331521739130435,10
couler bijoux,chemise bijoux,0.0010426441455531226,0.10869565217391304,11.331521739130435,10
réfléchir chaussettes & lingerie,île chaussettes & lingerie,0.0010426441455531226,0.10869565217391304,11.331521739130435,10
oublier alimentation,obtenir alimentation,0.001146908560108435,0.1134020618556701,11.32957474226804,11
fatigue alimentation,oublier alimentation,0.001146908560108435,0.11458333333333333,11.32957474226804,11
obtenir alimentation,oublier alimentation,0.001146908560108435,0.11458333333333333,11.32957474226804,11
oublier alimentation,fatigue alimentation,0.001146908560108435,0.1134020618556701,11.32957474226804,11
subir électronique,cuisine électronique,0.0010426441455531226,0.12048192771084337,11.32884479092842,10
nu mode & vêtements,nouveau mode & vêtements,0.0009383797309978105,0.12162162162162163,11.324980320125952,9
presque art & crafts,l'une art & crafts,0.0008341153164424981,0.1038961038961039,11.323494687131051,8
soulever sports & loisirs,anglais sports & loisirs,0.0012511729746637473,0.12631578947368421,11.322380718150518,12
anglais sports & loisirs,soulever sports & loisirs,0.0012511729746637473,0.11214953271028039,11.322380718150518,12
monsieur montres,vérité montres,0.0013554373892190595,0.12745098039215685,11.318355119825707,13
vérité montres,monsieur montres,0.0013554373892190595,0.12037037037037036,11.318355119825707,13
vous gaming,race gaming,0.0013554373892190595,0.12264150943396225,11.310141509433961,13
race gaming,vous gaming,0.0013554373892190595,0.125,11.310141509433961,13
examiner montres,secret montres,0.0016682306328849963,0.13559322033898305,11.308474576271186,16
secret montres,examiner montres,0.0016682306328849963,0.1391304347826087,11.308474576271186,16
éclat beauté & santé,sentir beauté & santé,0.0014597018037743718,0.13084112149532712,11.305380146501642,14
sentir beauté & santé,éclat beauté & santé,0.0014597018037743718,0.12612612612612611,11.30538014650164,14
réalité bijoux,aucun bijoux,0.0012511729746637473,0.12371134020618557,11.300147275405008,12
aucun bijoux,réalité bijoux,0.0012511729746637473,0.11428571428571428,11.300147275405006,12
retirer chaussures,soleil chaussures,0.0012511729746637473,0.12244897959183675,11.29238618524333,12
soleil chaussures,retirer chaussures,0.0012511729746637473,0.11538461538461539,11.292386185243329,12
alors maison & jardin,bon maison & jardin,0.0009383797309978105,0.11538461538461539,11.292386185243329,9
alors maison & jardin,soutenir maison & jardin,0.0009383797309978105,0.11538461538461539,11.292386185243329,9
poste art & crafts,faveur art & crafts,0.0009383797309978105,0.11538461538461539,11.292386185243329,9
détacher art & crafts,libre art & crafts,0.0009383797309978105,0.10714285714285714,11.292386185243327,9
détail chaussettes & lingerie,assez chaussettes & lingerie,0.001146908560108435,0.10476190476190475,11.289566613162119,11
assez chaussettes & lingerie,détail chaussettes & lingerie,0.001146908560108435,0.12359550561797754,11.289566613162119,11
sonner beauté & santé,au beauté & santé,0.001146908560108435,0.10476190476190475,11.289566613162119,11
au beauté & santé,sonner beauté & santé,0.001146908560108435,0.12359550561797754,11.289566613162119,11
souffrance bijoux,passer bijoux,0.0012511729746637473,0.12121212121212122,11.28684907325684,12
passer bijoux,souffrance bijoux,0.0012511729746637473,0.11650485436893204,11.28684907325684,12
phrase pet care,quart pet care,0.0012511729746637473,0.11764705882352941,11.283529411764706,12
chaud chaussettes & lingerie,larme chaussettes & lingerie,0.0012511729746637473,0.11764705882352941,11.283529411764706,12
larme chaussettes & lingerie,chaud chaussettes & lingerie,0.0012511729746637473,0.12000000000000001,11.283529411764706,12
couper montres,et montres,0.0012511729746637473,0.12000000000000001,11.283529411764706,12
quart pet care,phrase pet care,0.0012511729746637473,0.12000000000000001,11.283529411764706,12
et montres,couper montres,0.0012511729746637473,0.11764705882352941,11.283529411764706,12
bien chaussettes & lingerie,larme chaussettes & lingerie,0.0010426441455531226,0.1176470588235294,11.283529411764704,10
dégager accessoires,assez accessoires,0.0010426441455531226,0.1176470588235294,11.283529411764704,10
fort téléphonie,important téléphonie,0.0009383797309978105,0.10112359550561799,11.277632610399793,9
important téléphonie,fort téléphonie,0.0009383797309978105,0.1046511627906977,11.277632610399793,9
important téléphonie,mariage téléphonie,0.0009383797309978105,0.1046511627906977,11.277632610399793,9
mariage téléphonie,important téléphonie,0.0009383797309978105,0.10112359550561799,11.277632610399793,9
repousser bijoux,émotion bijoux,0.0012511729746637473,0.13636363636363638,11.274686520376177,12
émotion bijoux,repousser bijoux,0.0012511729746637473,0.10344827586206898,11.274686520376177,12
émotion bijoux,danger bijoux,0.0015639662183296842,0.12931034482758622,11.274686520376177,15
danger bijoux,émotion bijoux,0.0015639662183296842,0.13636363636363638,11.274686520376177,15
grain livres & médias,fonder livres & médias,0.0009383797309978105,0.10227272727272728,11.274686520376175,9
fonder livres & médias,grain livres & médias,0.0009383797309978105,0.10344827586206896,11.274686520376175,9
jusque pet care,paupière pet care,0.001146908560108435,0.12222222222222222,11.27147435897436,11
paupière pet care,jusque pet care,0.001146908560108435,0.10576923076923077,11.27147435897436,11
camarade gaming,race gaming,0.001146908560108435,0.12222222222222222,11.27147435897436,11
race gaming,camarade gaming,0.001146908560108435,0.10576923076923077,11.27147435897436,11
clair téléphonie,amuser téléphonie,0.001146908560108435,0.12222222222222222,11.27147435897436,11
amuser téléphonie,clair téléphonie,0.001146908560108435,0.10576923076923077,11.27147435897436,11
paquet alimentation,près alimentation,0.0008341153164424981,0.1081081081081081,11.27027027027027,8
frapper art & crafts,chez art & crafts,0.0008341153164424981,0.1081081081081081,11.27027027027027,8
mauvais beauté & santé,art beauté & santé,0.0015639662183296842,0.13157894736842105,11.267622180451127,15
art beauté & santé,mauvais beauté & santé,0.0015639662183296842,0.13392857142857142,11.267622180451127,15
cesse auto & moto,fusil auto & moto,0.0014597018037743718,0.13861386138613863,11.266487665715726,14
fusil auto & moto,cesse auto & moto,0.0014597018037743718,0.11864406779661017,11.266487665715726,14
livre art & crafts,brûler art & crafts,0.0010426441455531226,0.11627906976744186,11.264975334742775,10
brûler art & crafts,livre art & crafts,0.0010426441455531226,0.101010101010101,11.264975334742775,10
spectacle chaussettes & lingerie,toute chaussettes & lingerie,0.001146908560108435,0.10679611650485436,11.255841246132508,11
toute chaussettes & lingerie,spectacle chaussettes & lingerie,0.001146908560108435,0.12087912087912088,11.255841246132508,11
envoyer pet care,phrase pet care,0.0014597018037743718,0.11965811965811965,11.25138260432378,14
envoyer pet care,certain pet care,0.0014597018037743718,0.11965811965811965,11.25138260432378,14
certain pet care,envoyer pet care,0.0014597018037743718,0.1372549019607843,11.251382604323778,14
phrase pet care,envoyer pet care,0.0014597018037743718,0.1372549019607843,11.251382604323778,14
attacher gaming,commencer gaming,0.0010426441455531226,0.10204081632653061,11.249120337790288,10
commencer gaming,attacher gaming,0.0010426441455531226,0.11494252873563217,11.249120337790288,10
demeurer jouets & enfants,danger jouets & enfants,0.0010426441455531226,0.12195121951219512,11.246482176360226,10
vers beauté & santé,art beauté & santé,0.0013554373892190595,0.1313131313131313,11.244859307359306,13
art beauté & santé,vers beauté & santé,0.0013554373892190595,0.11607142857142856,11.244859307359306,13
depuis maison & jardin,fenêtre maison & jardin,0.001146908560108435,0.10784313725490195,11.242647058823529,11
chaud chaussettes & lingerie,haïr chaussettes & lingerie,0.001146908560108435,0.10784313725490195,11.242647058823529,11
haïr chaussettes & lingerie,chaud chaussettes & lingerie,0.001146908560108435,0.11956521739130435,11.242647058823529,11
fenêtre maison & jardin,depuis maison & jardin,0.001146908560108435,0.11956521739130435,11.242647058823529,11
environ électronique,inspirer électronique,0.0008341153164424981,0.10666666666666666,11.242197802197802,8
entrée électronique,oncle électronique,0.0009383797309978105,0.11250000000000002,11.239453125,9
visite électronique,oncle électronique,0.0009383797309978105,0.11250000000000002,11.239453125,9
devoir jouets & enfants,chute jouets & enfants,0.0009383797309978105,0.11250000000000002,11.239453125,9
de électronique,oncle électronique,0.0009383797309978105,0.11250000000000002,11.239453125,9
malade chaussettes & lingerie,spectacle chaussettes & lingerie,0.0014597018037743718,0.1206896551724138,11.238198861734181,14
spectacle chaussettes & lingerie,malade chaussettes & lingerie,0.0014597018037743718,0.13592233009708737,11.238198861734181,14
reposer gaming,possible gaming,0.0014597018037743718,0.1206896551724138,11.238198861734181,14
possible gaming,reposer gaming,0.0014597018037743718,0.13592233009708737,11.238198861734181,14
rare pet care,surprendre pet care,0.0010426441455531226,0.11363636363636363,11.235941893158389,10
surprendre pet care,rare pet care,0.0010426441455531226,0.10309278350515463,11.235941893158387,10
rencontrer auto & moto,fou auto & moto,0.001146908560108435,0.11827956989247311,11.231874800383265,11
long pet care,mode pet care,0.001146908560108435,0.11827956989247311,11.231874800383265,11
long pet care,marche pet care,0.001146908560108435,0.11827956989247311,11.231874800383265,11
marche pet care,long pet care,0.001146908560108435,0.10891089108910891,11.231874800383263,11
mode pet care,long pet care,0.001146908560108435,0.10891089108910891,11.231874800383263,11
fou auto & moto,rencontrer auto & moto,0.001146908560108435,0.10891089108910891,11.231874800383263,11
épaule livres & médias,tandis que livres & médias,0.0010426441455531226,0.11235955056179775,11.225421348314606,10
tandis que livres & médias,épaule livres & médias,0.0010426441455531226,0.10416666666666666,11.225421348314606,10
discussion beauté & santé,au beauté & santé,0.0010426441455531226,0.10416666666666666,11.225421348314606,10
au beauté & santé,discussion beauté & santé,0.0010426441455531226,0.11235955056179775,11.225421348314606,10
intérêt auto & moto,lui auto & moto,0.0010426441455531226,0.10416666666666666,11.225421348314606,10
lui auto & moto,intérêt auto & moto,0.0010426441455531226,0.11235955056179775,11.225421348314606,10
obtenir alimentation,terreur alimentation,0.0010426441455531226,0.10416666666666666,11.225421348314606,10
terreur alimentation,obtenir alimentation,0.0010426441455531226,0.11235955056179775,11.225421348314606,10
goutte auto & moto,saison auto & moto,0.001146908560108435,0.11,11.223510638297872,11
saison auto & moto,goutte auto & moto,0.001146908560108435,0.11702127659574468,11.223510638297872,11
il livres & médias,éviter livres & médias,0.001146908560108435,0.11702127659574468,11.223510638297872,11
plaire livres & médias,police livres & médias,0.001146908560108435,0.11702127659574468,11.223510638297872,11
police livres & médias,plaire livres & médias,0.001146908560108435,0.11,11.223510638297872,11
éviter livres & médias,il livres & médias,0.001146908560108435,0.11,11.223510638297872,11
parfaitement gaming,matière gaming,0.0013554373892190595,0.12871287128712872,11.222592259225923,13
matière gaming,parfaitement gaming,0.0013554373892190595,0.11818181818181818,11.222592259225923,13
entretenir bijoux,passer bijoux,0.0010426441455531226,0.12048192771084337,11.218856006550475,10
classe maison & jardin,convenir maison & jardin,0.0012511729746637473,0.12631578947368421,11.217543859649123,12
signifier mode & vêtements,de mode & vêtements,0.0009383797309978105,0.1111111111111111,11.217543859649123,9
convenir maison & jardin,classe maison & jardin,0.0012511729746637473,0.1111111111111111,11.217543859649123,12
sourire sports & loisirs,résultat sports & loisirs,0.0008341153164424981,0.10526315789473684,11.21754385964912,8
chute jouets & enfants,serrer jouets & enfants,0.001146908560108435,0.11458333333333333,11.213966836734695,11
très sports & loisirs,couper sports & loisirs,0.001146908560108435,0.11458333333333333,11.213966836734695,11
serrer jouets & enfants,chute jouets & enfants,0.001146908560108435,0.11224489795918367,11.213966836734693,11
couper sports & loisirs,très sports & loisirs,0.001146908560108435,0.11224489795918367,11.213966836734693,11
réclamer accessoires,inquiétude accessoires,0.0010426441455531226,0.10989010989010989,11.212298339957915,10
inquiétude accessoires,réclamer accessoires,0.0010426441455531226,0.10638297872340424,11.212298339957913,10
pareil mode & vêtements,songer mode & vêtements,0.0010426441455531226,0.10869565217391304,11.209677419354838,10
afin de mode & vêtements,songer mode & vêtements,0.0010426441455531226,0.10869565217391304,11.209677419354838,10
songer mode & vêtements,afin de mode & vêtements,0.0010426441455531226,0.1075268817204301,11.209677419354838,10
songer mode & vêtements,pareil mode & vêtements,0.0010426441455531226,0.1075268817204301,11.209677419354838,10
payer montres,vérité montres,0.0013554373892190595,0.1262135922330097,11.208468176914778,13
vérité montres,payer montres,0.0013554373892190595,0.12037037037037036,11.208468176914778,13
curieux gaming,consentir gaming,0.0012511729746637473,0.125,11.20443925233645,12
consentir gaming,curieux gaming,0.0012511729746637473,0.11214953271028039,11.20443925233645,12
voiture chaussettes & lingerie,doute chaussettes & lingerie,0.001146908560108435,0.125,11.20443925233645,11
devant jouets & enfants,gens jouets & enfants,0.0010426441455531226,0.125,11.20443925233645,10
court beauté & santé,éclat beauté & santé,0.001146908560108435,0.125,11.20443925233645,11
éclat beauté & santé,court beauté & santé,0.001146908560108435,0.102803738317757,11.20443925233645,11
doute chaussettes & lingerie,voiture chaussettes & lingerie,0.001146908560108435,0.102803738317757,11.20443925233645,11
art beauté & santé,éclat beauté & santé,0.0014597018037743718,0.125,11.20443925233645,14
éclat beauté & santé,art beauté & santé,0.0014597018037743718,0.13084112149532712,11.20443925233645,14
milieu chaussettes & lingerie,chaud chaussettes & lingerie,0.0010426441455531226,0.11904761904761903,11.193977591036411,10
place chaussures,ton chaussures,0.0014597018037743718,0.14,11.1895,14
ton chaussures,place chaussures,0.0014597018037743718,0.11666666666666665,11.189499999999999,14
temps beauté & santé,en beauté & santé,0.001146908560108435,0.13414634146341464,11.187804878048782,11
sur chaussettes & lingerie,détail chaussettes & lingerie,0.0012511729746637473,0.12244897959183675,11.184839650145774,12
détail chaussettes & lingerie,sur chaussettes & lingerie,0.0012511729746637473,0.11428571428571428,11.184839650145772,12
entretenir bijoux,demande bijoux,0.0009383797309978105,0.10843373493975905,11.182666148464827,9
partie beauté & santé,sentir beauté & santé,0.001146908560108435,0.12941176470588237,11.1818759936407,11
dehors pet care,paupière pet care,0.0012511729746637473,0.12121212121212122,11.17832167832168,12
envoyer pet care,rare pet care,0.0012511729746637473,0.10256410256410256,11.178321678321678,12
rare pet care,envoyer pet care,0.0012511729746637473,0.13636363636363638,11.178321678321678,12
paupière pet care,dehors pet care,0.0012511729746637473,0.11538461538461539,11.178321678321678,12
rideau livres & médias,police livres & médias,0.0012511729746637473,0.11650485436893204,11.173980582524273,12
place chaussures,as chaussures,0.0012511729746637473,0.12000000000000001,11.173980582524273,12
police livres & médias,rideau livres & médias,0.0012511729746637473,0.12000000000000001,11.173980582524273,12
as chaussures,place chaussures,0.0012511729746637473,0.11650485436893204,11.173980582524273,12
fine montres,examiner montres,0.0012511729746637473,0.11881188118811882,11.171811298776937,12
militaire montres,dont montres,0.0012511729746637473,0.11764705882352941,11.171811298776937,12
examiner montres,fine montres,0.0012511729746637473,0.11764705882352941,11.171811298776937,12
cesse auto & moto,franc auto & moto,0.0012511729746637473,0.11881188118811882,11.171811298776937,12
marche pet care,esprit pet care,0.0012511729746637473,0.11881188118811882,11.171811298776937,12
posséder chaussettes & lingerie,grave chaussettes & lingerie,0.0012511729746637473,0.11764705882352941,11.171811298776937,12
dont montres,militaire montres,0.0012511729746637473,0.11881188118811882,11.171811298776937,12
franc auto & moto,cesse auto & moto,0.0012511729746637473,0.11764705882352941,11.171811298776937,12
esprit pet care,marche pet care,0.0012511729746637473,0.11764705882352941,11.171811298776937,12
grave chaussettes & lingerie,posséder chaussettes & lingerie,0.0012511729746637473,0.11881188118811882,11.171811298776937,12
attention auto & moto,cesse auto & moto,0.0010426441455531226,0.1176470588235294,11.171811298776936,10
humain chaussures,présence chaussures,0.0010426441455531226,0.1176470588235294,11.171811298776936,10
baisser alimentation,près alimentation,0.0009383797309978105,0.10714285714285714,11.169642857142858,9
nombreux alimentation,près alimentation,0.0009383797309978105,0.10714285714285714,11.169642857142858,9
douceur mode & vêtements,pareil mode & vêtements,0.0009383797309978105,0.10714285714285714,11.169642857142858,9
pauvre sacs & bagages,prier sacs & bagages,0.0008341153164424981,0.10126582278481013,11.163683980794412,8
succès montres,capable montres,0.0013554373892190595,0.1326530612244898,11.16031149301826,13
capable montres,succès montres,0.0013554373892190595,0.11403508771929824,11.16031149301826,13
pas sports & loisirs,mauvais sports & loisirs,0.0009383797309978105,0.10588235294117648,11.159534583063996,9
officier sacs & bagages,choix sacs & bagages,0.0009383797309978105,0.10588235294117648,11.159534583063996,9
clair téléphonie,jeu téléphonie,0.0009383797309978105,0.1,11.15232558139535,9
jeu téléphonie,clair téléphonie,0.0009383797309978105,0.1046511627906977,11.15232558139535,9
diriger auto & moto,violence auto & moto,0.0008341153164424981,0.1,11.15232558139535,8
dimanche informatique,tendre informatique,0.0008341153164424981,0.1,11.15232558139535,8
de électronique,appartement électronique,0.0008341153164424981,0.1,11.15232558139535,8
vide sacs & bagages,chaud sacs & bagages,0.0010426441455531226,0.11627906976744186,11.152325581395349,10
veille maison & jardin,d'abord maison & jardin,0.0010426441455531226,0.11627906976744186,11.152325581395349,10
ville bijoux,côte bijoux,0.0010426441455531226,0.11627906976744186,11.152325581395349,10
jeu téléphonie,compagnon téléphonie,0.0010426441455531226,0.11627906976744186,11.152325581395349,10
tendre informatique,puissance informatique,0.0010426441455531226,0.11627906976744186,11.152325581395349,10
songer art & crafts,faveur art & crafts,0.0009383797309978105,0.1139240506329114,11.149444587961769,9
entrer bijoux,repousser bijoux,0.0009383797309978105,0.10227272727272728,11.14656508264463,9
repousser bijoux,entrer bijoux,0.0009383797309978105,0.10227272727272728,11.14656508264463,9
fenêtre mode & vêtements,céder mode & vêtements,0.0010426441455531226,0.12658227848101264,11.138079201021947,10
dehors pet care,mémoire pet care,0.0010426441455531226,0.101010101010101,11.135492859630789,10
mémoire pet care,dehors pet care,0.0010426441455531226,0.11494252873563217,11.135492859630789,10
passer bijoux,chemise bijoux,0.001146908560108435,0.10679611650485436,11.133495145631068,11
chemise bijoux,passer bijoux,0.001146908560108435,0.11956521739130435,11.133495145631068,11
escalier pet care,surprendre pet care,0.0009383797309978105,0.11250000000000002,11.123582474226806,9
lien bijoux,demande bijoux,0.001146908560108435,0.10784313725490195,11.121758380771663,11
bas gaming,rire gaming,0.001146908560108435,0.10784313725490195,11.121758380771663,11
demande bijoux,lien bijoux,0.001146908560108435,0.11827956989247311,11.121758380771663,11
long pet care,esprit pet care,0.001146908560108435,0.11827956989247311,11.121758380771663,11
esprit pet care,long pet care,0.001146908560108435,0.10784313725490195,11.121758380771663,11
rire gaming,bas gaming,0.001146908560108435,0.11827956989247311,11.121758380771663,11
voiture chaussettes & lingerie,partie chaussettes & lingerie,0.0010426441455531226,0.11363636363636363,11.121289424860853,10
extraordinaire accessoires,habitant accessoires,0.0010426441455531226,0.11363636363636363,11.121289424860853,10
partie chaussettes & lingerie,voiture chaussettes & lingerie,0.0010426441455531226,0.10204081632653061,11.121289424860853,10
habitant accessoires,extraordinaire accessoires,0.0010426441455531226,0.10204081632653061,11.121289424860853,10
mourir chaussures,précis chaussures,0.0010426441455531226,0.10204081632653061,11.121289424860853,10
précis chaussures,mourir chaussures,0.0010426441455531226,0.11363636363636363,11.121289424860853,10
secret montres,marche montres,0.0014597018037743718,0.12173913043478261,11.12,14
marche montres,secret montres,0.0014597018037743718,0.13333333333333333,11.12,14
blanc bijoux,situation bijoux,0.001146908560108435,0.13095238095238093,11.114728192161818,11
bas gaming,matière gaming,0.0013554373892190595,0.12745098039215685,11.112566844919787,13
dangereux gaming,matière gaming,0.0013554373892190595,0.12745098039215685,11.112566844919787,13
matière gaming,bas gaming,0.0013554373892190595,0.11818181818181818,11.112566844919785,13
matière gaming,dangereux gaming,0.0013554373892190595,0.11818181818181818,11.112566844919785,13
tendre informatique,tromper informatique,0.001146908560108435,0.11702127659574468,11.112386770591954,11
tromper informatique,tendre informatique,0.001146908560108435,0.10891089108910891,11.112386770591954,11
saison auto & moto,fou auto & moto,0.001146908560108435,0.11702127659574468,11.112386770591954,11
fou auto & moto,saison auto & moto,0.001146908560108435,0.10891089108910891,11.112386770591954,11
endroit maison & jardin,sourire maison & jardin,0.0010426441455531226,0.10309278350515463,11.109695355033013,10
sourire maison & jardin,endroit maison & jardin,0.0010426441455531226,0.11235955056179775,11.109695355033013,10
larme chaussettes & lingerie,train chaussettes & lingerie,0.001146908560108435,0.11,11.105368421052633,11
train chaussettes & lingerie,larme chaussettes & lingerie,0.001146908560108435,0.11578947368421054,11.105368421052633,11
soirée mode & vêtements,tu mode & vêtements,0.001146908560108435,0.11,11.105368421052633,11
tu mode & vêtements,soirée mode & vêtements,0.001146908560108435,0.11578947368421054,11.105368421052633,11
brûler art & crafts,but art & crafts,0.001146908560108435,0.1111111111111111,11.100694444444443,11
but art & crafts,brûler art & crafts,0.001146908560108435,0.11458333333333333,11.100694444444443,11
silencieux bijoux,oeuvre bijoux,0.001146908560108435,0.11458333333333333,11.100694444444443,11
oeuvre bijoux,silencieux bijoux,0.001146908560108435,0.1111111111111111,11.100694444444443,11
intérieur électronique,inspirer électronique,0.0008341153164424981,0.10526315789473684,11.094274146905725,8
trait auto & moto,membre auto & moto,0.0010426441455531226,0.10869565217391304,11.090425531914894,10
réponse sacs & bagages,peu sacs & bagages,0.0010426441455531226,0.10869565217391304,11.090425531914894,10
couler bijoux,discussion bijoux,0.0010426441455531226,0.10869565217391304,11.090425531914894,10
pareil mode & vêtements,ignorer mode & vêtements,0.0010426441455531226,0.10869565217391304,11.090425531914894,10
peu sacs & bagages,réponse sacs & bagages,0.0010426441455531226,0.10638297872340424,11.090425531914892,10
ignorer mode & vêtements,pareil mode & vêtements,0.0010426441455531226,0.10638297872340424,11.090425531914892,10
discussion bijoux,couler bijoux,0.0010426441455531226,0.10638297872340424,11.090425531914892,10
membre auto & moto,trait auto & moto,0.0010426441455531226,0.10638297872340424,11.090425531914892,10
passage pet care,surprendre pet care,0.0012511729746637473,0.11214953271028039,11.088929569322673,12
surprendre pet care,passage pet care,0.0012511729746637473,0.12371134020618557,11.088929569322671,12
demeurer jouets & enfants,conclure jouets & enfants,0.0009383797309978105,0.10975609756097562,11.080744544287551,9
si téléphonie,bras téléphonie,0.0012511729746637473,0.12244897959183675,11.07932229495572,12
attacher gaming,vous gaming,0.0012511729746637473,0.12244897959183675,11.07932229495572,12
vous gaming,attacher gaming,0.0012511729746637473,0.11320754716981132,11.07932229495572,12
bras téléphonie,si téléphonie,0.0012511729746637473,0.11320754716981132,11.07932229495572,12
près pet care,passage pet care,0.001146908560108435,0.12359550561797754,11.078546676467502,11
passage pet care,près pet care,0.001146908560108435,0.102803738317757,11.0785466764675,11
sonner beauté & santé,vers beauté & santé,0.0012511729746637473,0.11428571428571428,11.071861471861471,12
combien mode & vêtements,gagner mode & vêtements,0.0012511729746637473,0.12121212121212122,11.071861471861471,12
gagner mode & vêtements,combien mode & vêtements,0.0012511729746637473,0.11428571428571428,11.071861471861471,12
vers beauté & santé,sonner beauté & santé,0.0012511729746637473,0.12121212121212122,11.071861471861471,12
toucher auto & moto,saison auto & moto,0.0009383797309978105,0.10843373493975905,11.063701614970523,9
habiter alimentation,d'abord alimentation,0.0009383797309978105,0.10843373493975905,11.063701614970523,9
nouveau mode & vêtements,immense mode & vêtements,0.0012511729746637473,0.11650485436893204,11.063347111410172,12
immense mode & vêtements,nouveau mode & vêtements,0.0012511729746637473,0.11881188118811882,11.06334711141017,12
bas gaming,chasser gaming,0.0014597018037743718,0.1372549019607843,11.06228373702422,14
bien chaussettes & lingerie,posséder chaussettes & lingerie,0.0010426441455531226,0.1176470588235294,11.06228373702422,10
personnage chaussettes & lingerie,posséder chaussettes & lingerie,0.0010426441455531226,0.1176470588235294,11.06228373702422,10
monsieur montres,et montres,0.0012511729746637473,0.11764705882352941,11.06228373702422,12
et montres,monsieur montres,0.0012511729746637473,0.11764705882352941,11.06228373702422,12
et montres,militaire montres,0.0012511729746637473,0.11764705882352941,11.06228373702422,12
chasser gaming,bas gaming,0.0014597018037743718,0.11764705882352941,11.06228373702422,14
gros pet care,phrase pet care,0.0010426441455531226,0.1176470588235294,11.06228373702422,10
militaire montres,et montres,0.0012511729746637473,0.11764705882352941,11.06228373702422,12
ordre chaussures,ton chaussures,0.0013554373892190595,0.13829787234042554,11.05345744680851,13
ton chaussures,ordre chaussures,0.0013554373892190595,0.10833333333333332,11.05345744680851,13
clef beauté & santé,en beauté & santé,0.001146908560108435,0.13253012048192772,11.053012048192771,11
poste art & crafts,obliger art & crafts,0.0008341153164424981,0.10256410256410256,11.052722558340536,8
tendre informatique,rôle informatique,0.001146908560108435,0.12790697674418605,11.051854179761156,11
jeu téléphonie,colère téléphonie,0.001146908560108435,0.12790697674418605,11.051854179761156,11
sec art & crafts,valeur art & crafts,0.0013554373892190595,0.11403508771929824,11.047581073896863,13
valeur art & crafts,sec art & crafts,0.0013554373892190595,0.1313131313131313,11.047581073896861,13
cacher sacs & bagages,réponse sacs & bagages,0.0009383797309978105,0.10588235294117648,11.03823529411765,9
bien chaussettes & lingerie,île chaussettes & lingerie,0.0009383797309978105,0.10588235294117648,11.03823529411765,9
elle maison & jardin,fenêtre maison & jardin,0.0009383797309978105,0.10588235294117648,11.03823529411765,9
toile électronique,tapis électronique,0.0008341153164424981,0.10126582278481013,11.036823935558113,8
douter sports & loisirs,papier sports & loisirs,0.0008341153164424981,0.10126582278481013,11.036823935558113,8
paquet alimentation,parent alimentation,0.0008341153164424981,0.1081081081081081,11.030477285796435,8
argent gaming,chat gaming,0.0012511729746637473,0.12765957446808512,11.030477285796435,12
chat gaming,argent gaming,0.0012511729746637473,0.10810810810810811,11.030477285796435,12
paquet alimentation,pouvoir alimentation,0.0008341153164424981,0.1081081081081081,11.030477285796435,8
paquet alimentation,d'abord alimentation,0.0008341153164424981,0.1081081081081081,11.030477285796435,8
jeu téléphonie,jeunesse téléphonie,0.0009383797309978105,0.1046511627906977,11.02977255302837,9
sourire sports & loisirs,fixe sports & loisirs,0.0009383797309978105,0.11842105263157895,11.0269545222279,9
malade chaussettes & lingerie,trésor chaussettes & lingerie,0.0014597018037743718,0.1206896551724138,11.024137931034483,14
trésor chaussettes & lingerie,malade chaussettes & lingerie,0.0014597018037743718,0.13333333333333333,11.024137931034483,14
céder maison & jardin,silence maison & jardin,0.0009383797309978105,0.10344827586206896,11.024137931034483,9
silence maison & jardin,céder maison & jardin,0.0009383797309978105,0.1,11.024137931034483,9
camarade gaming,reposer gaming,0.0012511729746637473,0.13333333333333333,11.024137931034483,12
reposer gaming,camarade gaming,0.0012511729746637473,0.10344827586206898,11.024137931034483,12
épaule livres & médias,grain livres & médias,0.0009383797309978105,0.10112359550561799,11.021322778345251,9
davantage livres & médias,épaule livres & médias,0.0009383797309978105,0.10227272727272728,11.021322778345251,9
grain livres & médias,épaule livres & médias,0.0009383797309978105,0.10227272727272728,11.021322778345251,9
épaule livres & médias,davantage livres & médias,0.0009383797309978105,0.10112359550561799,11.021322778345251,9
refuser beauté & santé,souhaiter beauté & santé,0.001146908560108435,0.11827956989247311,11.013780144065143,11
demande bijoux,passer bijoux,0.001146908560108435,0.11827956989247311,11.013780144065143,11
passer bijoux,demande bijoux,0.001146908560108435,0.10679611650485436,11.01378014406514,11
souhaiter beauté & santé,refuser beauté & santé,0.001146908560108435,0.10679611650485436,11.01378014406514,11
lien bijoux,femme bijoux,0.0013554373892190595,0.12745098039215685,11.012453630100687,13
femme bijoux,lien bijoux,0.0013554373892190595,0.1171171171171171,11.012453630100687,13
escalier pet care,chat pet care,0.0009383797309978105,0.11250000000000002,11.010076530612247,9
devoir jouets & enfants,serrer jouets & enfants,0.0009383797309978105,0.11250000000000002,11.010076530612247,9
éternel gaming,celui gaming,0.0009383797309978105,0.1285714285714286,11.010076530612245,9
brûler art & crafts,l'une art & crafts,0.0010426441455531226,0.101010101010101,11.008953168044076,10
l'une art & crafts,brûler art & crafts,0.0010426441455531226,0.11363636363636363,11.008953168044076,10
bande livres & médias,rideau livres & médias,0.0013554373892190595,0.11818181818181818,11.00467784642542,13
passer bijoux,danger bijoux,0.0013554373892190595,0.1262135922330097,11.00467784642542,13
rideau livres & médias,bande livres & médias,0.0013554373892190595,0.1262135922330097,11.00467784642542,13
danger bijoux,passer bijoux,0.0013554373892190595,0.11818181818181818,11.00467784642542,13
général électronique,cuisine électronique,0.001146908560108435,0.11702127659574468,11.003441802252816,11
usage téléphonie,proposer téléphonie,0.001146908560108435,0.11702127659574468,11.003441802252816,11
proposer téléphonie,usage téléphonie,0.001146908560108435,0.10784313725490195,11.003441802252816,11
il livres & médias,cour livres & médias,0.001146908560108435,0.11702127659574468,11.003441802252816,11
depuis maison & jardin,haute maison & jardin,0.001146908560108435,0.10784313725490195,11.003441802252816,11
cuisine électronique,général électronique,0.001146908560108435,0.10784313725490195,11.003441802252816,11
haute maison & jardin,depuis maison & jardin,0.001146908560108435,0.11702127659574468,11.003441802252816,11
contenir gaming,haut gaming,0.001146908560108435,0.11702127659574468,11.003441802252816,11
haut gaming,contenir gaming,0.001146908560108435,0.10784313725490195,11.003441802252816,11
peu sacs & bagages,libre sacs & bagages,0.001146908560108435,0.11702127659574468,11.003441802252816,11
libre sacs & bagages,peu sacs & bagages,0.001146908560108435,0.10784313725490195,11.003441802252816,11
cour livres & médias,il livres & médias,0.001146908560108435,0.10784313725490195,11.003441802252816,11
escalier pet care,pièce pet care,0.0010426441455531226,0.125,10.998853211009175,10
diriger auto & moto,six auto & moto,0.0010426441455531226,0.125,10.998853211009175,10
sourire maison & jardin,soutenir maison & jardin,0.0010426441455531226,0.11235955056179775,10.99633111671635,10
serrer jouets & enfants,promettre jouets & enfants,0.0010426441455531226,0.10204081632653061,10.99633111671635,10
soutenir maison & jardin,sourire maison & jardin,0.0010426441455531226,0.10204081632653061,10.99633111671635,10
promettre jouets & enfants,serrer jouets & enfants,0.0010426441455531226,0.11235955056179775,10.99633111671635,10
marche montres,vérité montres,0.0013554373892190595,0.1238095238095238,10.994973544973544,13
entraîner livres & médias,voyage livres & médias,0.0013554373892190595,0.1238095238095238,10.994973544973544,13
vérité montres,marche montres,0.0013554373892190595,0.12037037037037036,10.994973544973544,13
voyage livres & médias,entraîner livres & médias,0.0013554373892190595,0.12037037037037036,10.994973544973544,13
surveiller sports & loisirs,ton sports & loisirs,0.0013554373892190595,0.12149532710280374,10.993034738141422,13
ton sports & loisirs,surveiller sports & loisirs,0.0013554373892190595,0.12264150943396225,10.993034738141422,13
souhaiter jouets & enfants,coeur jouets & enfants,0.001146908560108435,0.11,10.989687499999999,11
coeur jouets & enfants,souhaiter jouets & enfants,0.001146908560108435,0.11458333333333333,10.989687499999999,11
françois maison & jardin,endroit maison & jardin,0.0009383797309978105,0.1111111111111111,10.986254295532646,9
valoir pet care,surprendre pet care,0.0010426441455531226,0.11111111111111109,10.986254295532644,10
surprendre pet care,valoir pet care,0.0010426441455531226,0.10309278350515463,10.986254295532644,10
oublier alimentation,précis alimentation,0.0010426441455531226,0.10309278350515463,10.986254295532644,10
précis alimentation,oublier alimentation,0.0010426441455531226,0.11111111111111109,10.986254295532644,10
pouvoir jouets & enfants,donc jouets & enfants,0.0010426441455531226,0.10989010989010989,10.97870879120879,10
donc jouets & enfants,pouvoir jouets & enfants,0.0010426441455531226,0.10416666666666666,10.97870879120879,10
nommer maison & jardin,visage maison & jardin,0.0010426441455531226,0.10989010989010989,10.97870879120879,10
visage maison & jardin,nommer maison & jardin,0.0010426441455531226,0.10416666666666666,10.97870879120879,10
serrer jouets & enfants,gens jouets & enfants,0.0012511729746637473,0.12244897959183675,10.975777226778563,12
gens jouets & enfants,serrer jouets & enfants,0.0012511729746637473,0.11214953271028039,10.975777226778563,12
près alimentation,entrée alimentation,0.0010426441455531226,0.10869565217391304,10.973684210526317,10
entrée alimentation,près alimentation,0.0010426441455531226,0.10526315789473684,10.973684210526317,10
chez art & crafts,sec art & crafts,0.0012511729746637473,0.13043478260869568,10.973684210526317,12
sec art & crafts,chez art & crafts,0.0012511729746637473,0.10526315789473684,10.973684210526317,12
île chaussettes & lingerie,train chaussettes & lingerie,0.0010426441455531226,0.10869565217391304,10.973684210526317,10
mauvais beauté & santé,étude beauté & santé,0.0012511729746637473,0.10526315789473684,10.973684210526317,12
soulever sports & loisirs,main sports & loisirs,0.0010426441455531226,0.10526315789473684,10.973684210526317,10
main sports & loisirs,soulever sports & loisirs,0.0010426441455531226,0.10869565217391304,10.973684210526317,10
étude beauté & santé,mauvais beauté & santé,0.0012511729746637473,0.13043478260869568,10.973684210526317,12
train chaussettes & lingerie,île chaussettes & lingerie,0.0010426441455531226,0.10526315789473684,10.973684210526317,10
être sacs & bagages,parti sacs & bagages,0.0010426441455531226,0.1075268817204301,10.971173644474947,10
politique jouets & enfants,réalité jouets & enfants,0.0010426441455531226,0.1075268817204301,10.971173644474947,10
réalité jouets & enfants,politique jouets & enfants,0.0010426441455531226,0.10638297872340424,10.971173644474947,10
rencontrer auto & moto,membre auto & moto,0.0010426441455531226,0.1075268817204301,10.971173644474947,10
aider jouets & enfants,politique jouets & enfants,0.0010426441455531226,0.10638297872340424,10.971173644474947,10
politique jouets & enfants,aider jouets & enfants,0.0010426441455531226,0.1075268817204301,10.971173644474947,10
parti sacs & bagages,être sacs & bagages,0.0010426441455531226,0.10638297872340424,10.971173644474947,10
demande bijoux,discussion bijoux,0.0010426441455531226,0.1075268817204301,10.971173644474947,10
discussion bijoux,demande bijoux,0.0010426441455531226,0.10638297872340424,10.971173644474947,10
membre auto & moto,rencontrer auto & moto,0.0010426441455531226,0.10638297872340424,10.971173644474947,10
souvent mode & vêtements,combien mode & vêtements,0.0012511729746637473,0.11320754716981132,10.967409948542024,12
combien mode & vêtements,souvent mode & vêtements,0.0012511729746637473,0.12121212121212122,10.967409948542024,12
attitude accessoires,manquer accessoires,0.0010426441455531226,0.12345679012345677,10.963648834019201,10
apporter livres & médias,entraîner livres & médias,0.0012511729746637473,0.12000000000000001,10.961142857142857,12
blanc bijoux,diriger bijoux,0.0012511729746637473,0.14285714285714285,10.961142857142857,12
police livres & médias,entraîner livres & médias,0.0012511729746637473,0.12000000000000001,10.961142857142857,12
entraîner livres & médias,police livres & médias,0.0012511729746637473,0.11428571428571428,10.961142857142857,12
entraîner livres & médias,apporter livres & médias,0.0012511729746637473,0.11428571428571428,10.961142857142857,12
éviter livres & médias,entraîner livres & médias,0.0012511729746637473,0.12000000000000001,10.961142857142857,12
entraîner livres & médias,éviter livres & médias,0.0012511729746637473,0.11428571428571428,10.961142857142857,12
larme chaussettes & lingerie,détail chaussettes & lingerie,0.0012511729746637473,0.12000000000000001,10.961142857142857,12
détail chaussettes & lingerie,larme chaussettes & lingerie,0.0012511729746637473,0.11428571428571428,10.961142857142857,12
race gaming,parfaitement gaming,0.0012511729746637473,0.11538461538461539,10.956968773800458,12
parfaitement gaming,race gaming,0.0012511729746637473,0.11881188118811882,10.956968773800458,12
mode pet care,paupière pet care,0.0012511729746637473,0.11881188118811882,10.956968773800458,12
paupière pet care,mode pet care,0.0012511729746637473,0.11538461538461539,10.956968773800458,12
même sports & loisirs,anglais sports & loisirs,0.001146908560108435,0.12222222222222222,10.95545171339564,11
anglais sports & loisirs,même sports & loisirs,0.001146908560108435,0.102803738317757,10.955451713395638,11
terme beauté & santé,exécuter beauté & santé,0.0012511729746637473,0.11650485436893204,10.954882924043403,12
exécuter beauté & santé,terme beauté & santé,0.0012511729746637473,0.11764705882352941,10.954882924043403,12
contraire gaming,poser gaming,0.001146908560108435,0.12790697674418605,10.953176910299003,11
habiter alimentation,nul alimentation,0.0009383797309978105,0.10843373493975905,10.947241597970834,9
important téléphonie,proposer téléphonie,0.0010426441455531226,0.11627906976744186,10.933652530779753,10
ailleurs électronique,cuisine électronique,0.0010426441455531226,0.11627906976744186,10.933652530779753,10
contraire gaming,dangereux gaming,0.0010426441455531226,0.11627906976744186,10.933652530779753,10
fort accessoires,inquiétude accessoires,0.0009383797309978105,0.10714285714285714,10.931990881458965,9
froid informatique,tendre informatique,0.0009383797309978105,0.10714285714285714,10.931990881458965,9
demeurer jouets & enfants,gens jouets & enfants,0.0010426441455531226,0.12195121951219512,10.931160246181902,10
promettre électronique,naissance électronique,0.0008341153164424981,0.10256410256410256,10.929914529914528,8
surprendre accessoires,assez accessoires,0.0009383797309978105,0.1139240506329114,10.926455696202533,9
soi livres & médias,entraîner livres & médias,0.001146908560108435,0.11956521739130435,10.92142857142857,11
entraîner livres & médias,soi livres & médias,0.001146908560108435,0.10476190476190475,10.92142857142857,11
couler bijoux,aucun bijoux,0.001146908560108435,0.11956521739130435,10.92142857142857,11
aucun bijoux,couler bijoux,0.001146908560108435,0.10476190476190475,10.92142857142857,11
tenter maison & jardin,fenêtre maison & jardin,0.001146908560108435,0.10476190476190475,10.92142857142857,11
fenêtre maison & jardin,tenter maison & jardin,0.001146908560108435,0.11956521739130435,10.92142857142857,11
marche montres,vêtement montres,0.001146908560108435,0.10476190476190475,10.92142857142857,11
vêtement montres,marche montres,0.001146908560108435,0.11956521739130435,10.92142857142857,11
attention auto & moto,rencontrer auto & moto,0.0009383797309978105,0.10588235294117648,10.91954459203036,9
personnage chaussettes & lingerie,appuyer chaussettes & lingerie,0.0009383797309978105,0.10588235294117648,10.91954459203036,9
travers téléphonie,route téléphonie,0.0009383797309978105,0.10588235294117648,10.91954459203036,9
rôle informatique,l'un informatique,0.0012511729746637473,0.10810810810810811,10.914366998577526,12
l'un informatique,rôle informatique,0.0012511729746637473,0.12631578947368421,10.914366998577524,12
nu mode & vêtements,tu mode & vêtements,0.0008341153164424981,0.1081081081081081,10.914366998577524,8
larme pet care,certain pet care,0.0013554373892190595,0.11607142857142856,10.914128151260503,13
certain pet care,larme pet care,0.0013554373892190595,0.12745098039215685,10.914128151260503,13
volonté art & crafts,obliger art & crafts,0.0008341153164424981,0.10126582278481013,10.912814677855213,8
songer art & crafts,obliger art & crafts,0.0008341153164424981,0.10126582278481013,10.912814677855213,8
ville bijoux,chemise bijoux,0.0009383797309978105,0.1046511627906977,10.909883720930235,9
livre art & crafts,chez art & crafts,0.0009383797309978105,0.1046511627906977,10.909883720930235,9
bataille bijoux,secours bijoux,0.0009383797309978105,0.10344827586206896,10.902993558165972,9
dimanche informatique,trait informatique,0.0009383797309978105,0.11250000000000002,10.898863636363638,9
escalier pet care,court pet care,0.0008341153164424981,0.1,10.898863636363638,8
nom téléphonie,loin téléphonie,0.0009383797309978105,0.1,10.898863636363638,9
devoir jouets & enfants,beaux jouets & enfants,0.0010426441455531226,0.125,10.898863636363638,10
valoir pet care,court pet care,0.0009383797309978105,0.1,10.898863636363638,9
visite électronique,tapis électronique,0.0008341153164424981,0.1,10.898863636363638,8
diriger auto & moto,frapper auto & moto,0.0008341153164424981,0.1,10.898863636363638,8
entrer bijoux,danger bijoux,0.001146908560108435,0.125,10.898863636363638,11
sur mode & vêtements,combien mode & vêtements,0.0009383797309978105,0.11250000000000002,10.898863636363638,9
danger bijoux,entrer bijoux,0.001146908560108435,0.1,10.898863636363638,11
escalier pet care,dehors pet care,0.0009383797309978105,0.11250000000000002,10.898863636363638,9
oiseau alimentation,brusquement alimentation,0.0009383797309978105,0.11250000000000002,10.898863636363638,9
repousser bijoux,côte bijoux,0.0010426441455531226,0.11363636363636363,10.898863636363636,10
court pet care,valoir pet care,0.0009383797309978105,0.10227272727272728,10.898863636363636,9
loin téléphonie,compagnon téléphonie,0.0010426441455531226,0.11363636363636363,10.898863636363636,10
entrer bijoux,côte bijoux,0.0010426441455531226,0.11363636363636363,10.898863636363636,10
loin téléphonie,nom téléphonie,0.0009383797309978105,0.10227272727272728,10.898863636363636,9
retirer auto & moto,cuisine auto & moto,0.0010426441455531226,0.11363636363636363,10.898863636363636,10
plaine accessoires,assez accessoires,0.0010426441455531226,0.11363636363636363,10.898863636363636,10
non chaussures,as chaussures,0.001146908560108435,0.11702127659574468,10.89661227019211,11
as chaussures,non chaussures,0.001146908560108435,0.10679611650485436,10.896612270192108,11
anglais sports & loisirs,surveiller sports & loisirs,0.0013554373892190595,0.12149532710280374,10.890296095728885,13
surveiller sports & loisirs,anglais sports & loisirs,0.0013554373892190595,0.12149532710280374,10.890296095728885,13
recherche sports & loisirs,puisque sports & loisirs,0.001146908560108435,0.11578947368421054,10.887616099071208,11
faible sacs & bagages,libre sacs & bagages,0.001146908560108435,0.11578947368421054,10.887616099071208,11
libre sacs & bagages,faible sacs & bagages,0.001146908560108435,0.10784313725490195,10.887616099071208,11
puisque sports & loisirs,recherche sports & loisirs,0.001146908560108435,0.10784313725490195,10.887616099071208,11
brûler art & crafts,obliger art & crafts,0.0010426441455531226,0.101010101010101,10.885257065032345,10
obliger art & crafts,brûler art & crafts,0.0010426441455531226,0.11235955056179775,10.885257065032345,10
arracher informatique,puissance informatique,0.001146908560108435,0.1134020618556701,10.87639175257732,11
fonder chaussettes & lingerie,hésiter chaussettes & lingerie,0.001146908560108435,0.1134020618556701,10.87639175257732,11
place chaussures,choix chaussures,0.001146908560108435,0.11,10.87639175257732,11
hésiter chaussettes & lingerie,fonder chaussettes & lingerie,0.001146908560108435,0.11,10.87639175257732,11
côte bijoux,réalité bijoux,0.001146908560108435,0.11,10.87639175257732,11
réalité bijoux,côte bijoux,0.001146908560108435,0.1134020618556701,10.87639175257732,11
puissance informatique,arracher informatique,0.001146908560108435,0.11,10.87639175257732,11
choix chaussures,place chaussures,0.001146908560108435,0.1134020618556701,10.87639175257732,11
pièce pet care,près pet care,0.001146908560108435,0.10091743119266056,10.875270590660758,11
chance chaussures,doute chaussures,0.001146908560108435,0.12359550561797754,10.875270590660758,11
obliger art & crafts,forcer art & crafts,0.001146908560108435,0.12359550561797754,10.875270590660758,11
forcer art & crafts,obliger art & crafts,0.001146908560108435,0.10091743119266056,10.875270590660758,11
doute chaussures,chance chaussures,0.001146908560108435,0.10091743119266056,10.875270590660758,11
près pet care,pièce pet care,0.001146908560108435,0.12359550561797754,10.875270590660758,11
observer informatique,ou informatique,0.001146908560108435,0.1111111111111111,10.874149659863946,11
ou informatique,observer informatique,0.001146908560108435,0.11224489795918367,10.874149659863946,11
succès montres,tel montres,0.001146908560108435,0.11224489795918367,10.874149659863946,11
tel montres,succès montres,0.001146908560108435,0.1111111111111111,10.874149659863946,11
raison art & crafts,faveur art & crafts,0.0009383797309978105,0.1111111111111111,10.874149659863946,9
couper sports & loisirs,même sports & loisirs,0.0010426441455531226,0.10204081632653061,10.874149659863946,10
habitant accessoires,manquer accessoires,0.0012511729746637473,0.12244897959183675,10.874149659863946,12
manquer accessoires,habitant accessoires,0.0012511729746637473,0.1111111111111111,10.874149659863946,12
même sports & loisirs,couper sports & loisirs,0.0010426441455531226,0.11111111111111109,10.874149659863944,10
compte montres,place montres,0.0010426441455531226,0.10989010989010989,10.865526226350969,10
place montres,compte montres,0.0010426441455531226,0.10309278350515463,10.865526226350967,10
chemise bijoux,silencieux bijoux,0.0010426441455531226,0.10869565217391304,10.859375,10
couler bijoux,silencieux bijoux,0.0010426441455531226,0.10869565217391304,10.859375,10
silencieux bijoux,chemise bijoux,0.0010426441455531226,0.10416666666666666,10.859375,10
silencieux bijoux,couler bijoux,0.0010426441455531226,0.10416666666666666,10.859375,10
main sports & loisirs,émotion sports & loisirs,0.0010426441455531226,0.10869565217391304,10.859375,10
émotion sports & loisirs,main sports & loisirs,0.0010426441455531226,0.10416666666666666,10.859375,10
souffrance bijoux,émotion bijoux,0.0013554373892190595,0.1313131313131313,10.85710553814002,13
émotion bijoux,souffrance bijoux,0.0013554373892190595,0.11206896551724138,10.85710553814002,13
être sacs & bagages,faible sacs & bagages,0.0010426441455531226,0.1075268817204301,10.855687606112054,10
songer mode & vêtements,de mode & vêtements,0.0010426441455531226,0.1075268817204301,10.855687606112054,10
ouvrage art & crafts,sec art & crafts,0.0012511729746637473,0.12903225806451613,10.855687606112053,12
sec art & crafts,ouvrage art & crafts,0.0012511729746637473,0.10526315789473684,10.855687606112053,12
faible sacs & bagages,être sacs & bagages,0.0010426441455531226,0.10526315789473684,10.855687606112053,10
sourire sports & loisirs,guerre sports & loisirs,0.0008341153164424981,0.10526315789473684,10.855687606112053,8
désir chaussures,habitant chaussures,0.0012511729746637473,0.10526315789473684,10.855687606112053,12
habitant chaussures,désir chaussures,0.0012511729746637473,0.12903225806451613,10.855687606112053,12
de mode & vêtements,songer mode & vêtements,0.0010426441455531226,0.10526315789473684,10.855687606112053,10
saison auto & moto,membre auto & moto,0.0010426441455531226,0.10638297872340424,10.854459031235852,10
membre auto & moto,saison auto & moto,0.0010426441455531226,0.10638297872340424,10.854459031235852,10
vif chaussures,présence chaussures,0.0012511729746637473,0.11428571428571428,10.852616690240453,12
présence chaussures,vif chaussures,0.0012511729746637473,0.11881188118811882,10.852616690240453,12
grave chaussettes & lingerie,trésor chaussettes & lingerie,0.0012511729746637473,0.11881188118811882,10.852616690240453,12
trésor chaussettes & lingerie,grave chaussettes & lingerie,0.0012511729746637473,0.11428571428571428,10.852616690240453,12
entraîner livres & médias,rouge livres & médias,0.0012511729746637473,0.11428571428571428,10.852616690240453,12
rouge livres & médias,entraîner livres & médias,0.0012511729746637473,0.11881188118811882,10.852616690240453,12
alors maison & jardin,depuis maison & jardin,0.0009383797309978105,0.11538461538461539,10.849547511312217,9
terme beauté & santé,souhaiter beauté & santé,0.0012511729746637473,0.11650485436893204,10.848524837402206,12
souhaiter beauté & santé,terme beauté & santé,0.0012511729746637473,0.11650485436893204,10.848524837402206,12
adresser livres & médias,éviter livres & médias,0.0013554373892190595,0.11304347826086956,10.842,13
éviter livres & médias,adresser livres & médias,0.0013554373892190595,0.13,10.842,13
toucher auto & moto,avouer auto & moto,0.0009383797309978105,0.10843373493975905,10.833207831325302,9
avant sacs & bagages,payer sacs & bagages,0.0008341153164424981,0.1038961038961039,10.831168831168833,8
capable montres,dont montres,0.0013554373892190595,0.11403508771929824,10.82881709223554,13
dont montres,capable montres,0.0013554373892190595,0.12871287128712872,10.82881709223554,13
fidèle informatique,alors informatique,0.0013554373892190595,0.12745098039215685,10.817542946382092,13
alors informatique,fidèle informatique,0.0013554373892190595,0.11504424778761062,10.817542946382092,13
chaîne sacs & bagages,faible sacs & bagages,0.0009383797309978105,0.10714285714285714,10.816917293233082,9
chaîne sacs & bagages,composer sacs & bagages,0.0009383797309978105,0.10714285714285714,10.816917293233082,9
nombreux alimentation,nul alimentation,0.0009383797309978105,0.10714285714285714,10.816917293233082,9
poste art & crafts,libre art & crafts,0.0008341153164424981,0.10256410256410256,10.809805579036349,8
promettre électronique,inspirer électronique,0.0008341153164424981,0.10256410256410256,10.809805579036349,8
celui gaming,possible gaming,0.0013554373892190595,0.11607142857142856,10.808165742024965,13
possible gaming,celui gaming,0.0013554373892190595,0.1262135922330097,10.808165742024965,13
céder maison & jardin,depuis maison & jardin,0.0010426441455531226,0.11494252873563217,10.807978363759295,10
demande bijoux,aucun bijoux,0.001146908560108435,0.11827956989247311,10.803993855606757,11
habitant chaussures,vif chaussures,0.001146908560108435,0.11827956989247311,10.803993855606757,11
vif chaussures,habitant chaussures,0.001146908560108435,0.10476190476190475,10.803993855606757,11
aucun bijoux,demande bijoux,0.001146908560108435,0.10476190476190475,10.803993855606757,11
humain chaussures,non chaussures,0.0009383797309978105,0.10588235294117648,10.803379224030039,9
seigneur alimentation,obliger alimentation,0.0009383797309978105,0.10588235294117648,10.803379224030039,9
amuser téléphonie,colère téléphonie,0.0013554373892190595,0.125,10.800675675675675,13
rôle informatique,vraiment informatique,0.0014597018037743718,0.12612612612612611,10.800675675675675,14
court beauté & santé,sentir beauté & santé,0.001146908560108435,0.125,10.800675675675675,11
vraiment informatique,rôle informatique,0.0014597018037743718,0.125,10.800675675675675,14
discussion beauté & santé,sentir beauté & santé,0.0012511729746637473,0.125,10.800675675675675,12
sentir beauté & santé,discussion beauté & santé,0.0012511729746637473,0.10810810810810811,10.800675675675675,12
curieux gaming,chat gaming,0.0012511729746637473,0.125,10.800675675675675,12
chat gaming,curieux gaming,0.0012511729746637473,0.10810810810810811,10.800675675675675,12
colère téléphonie,amuser téléphonie,0.0013554373892190595,0.1171171171171171,10.800675675675675,13
douter sports & loisirs,résultat sports & loisirs,0.0008341153164424981,0.10126582278481013,10.791561181434599,8
court pet care,marche pet care,0.0010426441455531226,0.11363636363636363,10.79095409540954,10
signe montres,dont montres,0.0010426441455531226,0.11363636363636363,10.79095409540954,10
signe montres,journal montres,0.0010426441455531226,0.11363636363636363,10.79095409540954,10
pas mode & vêtements,soirée mode & vêtements,0.0009383797309978105,0.11250000000000002,10.789875000000002,9
diriger auto & moto,goutte auto & moto,0.0009383797309978105,0.11250000000000002,10.789875000000002,9
fixe sports & loisirs,recherche sports & loisirs,0.001146908560108435,0.10679611650485436,10.781911088400614,11
recherche sports & loisirs,fixe sports & loisirs,0.001146908560108435,0.11578947368421054,10.781911088400614,11
terme beauté & santé,malade beauté & santé,0.001146908560108435,0.10679611650485436,10.781911088400614,11
malade beauté & santé,terme beauté & santé,0.001146908560108435,0.11578947368421054,10.781911088400614,11
plaine accessoires,réclamer accessoires,0.0009383797309978105,0.10227272727272728,10.779095904095906,9
repousser bijoux,secours bijoux,0.0009383797309978105,0.10227272727272728,10.779095904095906,9
extraordinaire accessoires,réclamer accessoires,0.0009383797309978105,0.10227272727272728,10.779095904095906,9
fauteuil informatique,mettre informatique,0.0009383797309978105,0.10227272727272728,10.779095904095906,9
clair téléphonie,mariage téléphonie,0.0009383797309978105,0.1,10.776404494382025,9
silence maison & jardin,sourire maison & jardin,0.0009383797309978105,0.1,10.776404494382025,9
devoir jouets & enfants,promettre jouets & enfants,0.0008341153164424981,0.1,10.776404494382025,8
mariage téléphonie,clair téléphonie,0.0009383797309978105,0.10112359550561799,10.776404494382023,9
fort téléphonie,mur téléphonie,0.0010426441455531226,0.11235955056179775,10.776404494382023,10
sourire maison & jardin,silence maison & jardin,0.0009383797309978105,0.10112359550561799,10.776404494382023,9
pièce pet care,chat pet care,0.0012511729746637473,0.11009174311926606,10.774386818947765,12
chat pet care,pièce pet care,0.0012511729746637473,0.12244897959183675,10.774386818947763,12
avouer auto & moto,petit auto & moto,0.001146908560108435,0.11458333333333333,10.774203431372548,11
curieux gaming,bas gaming,0.001146908560108435,0.11458333333333333,10.774203431372548,11
puisque sports & loisirs,exprimer sports & loisirs,0.001146908560108435,0.10784313725490195,10.774203431372548,11
exprimer sports & loisirs,puisque sports & loisirs,0.001146908560108435,0.11458333333333333,10.774203431372548,11
petit auto & moto,avouer auto & moto,0.001146908560108435,0.10784313725490195,10.774203431372548,11
bas gaming,curieux gaming,0.001146908560108435,0.10784313725490195,10.774203431372548,11
tromper informatique,cent informatique,0.001146908560108435,0.10891089108910891,10.768704705522099,11
présence chaussures,choix chaussures,0.001146908560108435,0.10891089108910891,10.768704705522099,11
mémoire chaussures,présence chaussures,0.001146908560108435,0.1134020618556701,10.768704705522099,11
présence chaussures,mémoire chaussures,0.001146908560108435,0.10891089108910891,10.768704705522099,11
surprendre pet care,marche pet care,0.001146908560108435,0.1134020618556701,10.768704705522099,11
marche pet care,surprendre pet care,0.001146908560108435,0.10891089108910891,10.768704705522099,11
cent informatique,tromper informatique,0.001146908560108435,0.1134020618556701,10.768704705522099,11
choix chaussures,présence chaussures,0.001146908560108435,0.1134020618556701,10.768704705522099,11
calme pet care,chat pet care,0.001146908560108435,0.11,10.765408163265306,11
gagner maison & jardin,d'abord maison & jardin,0.001146908560108435,0.11224489795918367,10.765408163265306,11
succès montres,couper montres,0.001146908560108435,0.11224489795918367,10.765408163265306,11
chat pet care,calme pet care,0.001146908560108435,0.11224489795918367,10.765408163265306,11
bon maison & jardin,d'abord maison & jardin,0.001146908560108435,0.11224489795918367,10.765408163265306,11
larme chaussettes & lingerie,partie chaussettes & lingerie,0.001146908560108435,0.11,10.765408163265306,11
partie chaussettes & lingerie,larme chaussettes & lingerie,0.001146908560108435,0.11224489795918367,10.765408163265306,11
d'abord maison & jardin,bon maison & jardin,0.001146908560108435,0.11,10.765408163265306,11
larme chaussettes & lingerie,sur chaussettes & lingerie,0.001146908560108435,0.11,10.765408163265306,11
sur chaussettes & lingerie,larme chaussettes & lingerie,0.001146908560108435,0.11224489795918367,10.765408163265306,11
couper montres,succès montres,0.001146908560108435,0.11,10.765408163265306,11
d'abord maison & jardin,gagner maison & jardin,0.001146908560108435,0.11,10.765408163265306,11
énergie alimentation,brusquement alimentation,0.0009383797309978105,0.1111111111111111,10.764309764309763,9
livre art & crafts,sec art & crafts,0.001146908560108435,0.12790697674418605,10.761015911872704,11
soleil chaussures,ton chaussures,0.0014597018037743718,0.13461538461538464,10.759134615384616,14
ton chaussures,soleil chaussures,0.0014597018037743718,0.11666666666666665,10.759134615384616,14
haut mode & vêtements,compte mode & vêtements,0.001146908560108435,0.10091743119266056,10.754434250764525,11
compte mode & vêtements,haut mode & vêtements,0.001146908560108435,0.12222222222222222,10.754434250764525,11
oublier alimentation,près alimentation,0.0010426441455531226,0.10309278350515463,10.747422680412372,10
gris chaussettes & lingerie,réfléchir chaussettes & lingerie,0.0010426441455531226,0.10309278350515463,10.747422680412372,10
quoi beauté & santé,étude beauté & santé,0.0010426441455531226,0.10309278350515463,10.747422680412372,10
fonder chaussettes & lingerie,réfléchir chaussettes & lingerie,0.0010426441455531226,0.10309278350515463,10.747422680412372,10
étude beauté & santé,quoi beauté & santé,0.0010426441455531226,0.10869565217391304,10.74742268041237,10
réfléchir chaussettes & lingerie,fonder chaussettes & lingerie,0.0010426441455531226,0.10869565217391304,10.74742268041237,10
réfléchir chaussettes & lingerie,gris chaussettes & lingerie,0.0010426441455531226,0.10869565217391304,10.74742268041237,10
près alimentation,oublier alimentation,0.0010426441455531226,0.10869565217391304,10.74742268041237,10
éternel gaming,haut gaming,0.0008341153164424981,0.11428571428571428,10.746218487394957,8
détail chaussettes & lingerie,chaud chaussettes & lingerie,0.0012511729746637473,0.11428571428571428,10.746218487394957,12
chaud chaussettes & lingerie,détail chaussettes & lingerie,0.0012511729746637473,0.11764705882352941,10.746218487394957,12
marche montres,monsieur montres,0.0012511729746637473,0.11428571428571428,10.746218487394957,12
monsieur montres,marche montres,0.0012511729746637473,0.11764705882352941,10.746218487394957,12
humain chaussures,vif chaussures,0.0010426441455531226,0.1176470588235294,10.746218487394955,10
as chaussures,soleil chaussures,0.0012511729746637473,0.11650485436893204,10.744212098581032,12
soleil chaussures,as chaussures,0.0012511729746637473,0.11538461538461539,10.74421209858103,12
visage maison & jardin,titre maison & jardin,0.0010426441455531226,0.10416666666666666,10.742607526881718,10
titre maison & jardin,visage maison & jardin,0.0010426441455531226,0.1075268817204301,10.742607526881718,10
rencontrer auto & moto,avouer auto & moto,0.0010426441455531226,0.1075268817204301,10.742607526881718,10
avouer auto & moto,rencontrer auto & moto,0.0010426441455531226,0.10416666666666666,10.742607526881718,10
rencontrer auto & moto,intérêt auto & moto,0.0010426441455531226,0.1075268817204301,10.742607526881718,10
intérêt auto & moto,rencontrer auto & moto,0.0010426441455531226,0.10416666666666666,10.742607526881718,10
sourire sports & loisirs,or sports & loisirs,0.0008341153164424981,0.10526315789473684,10.74020156774916,8
ci beauté & santé,mauvais beauté & santé,0.0012511729746637473,0.12765957446808512,10.74020156774916,12
mauvais beauté & santé,ci beauté & santé,0.0012511729746637473,0.10526315789473684,10.74020156774916,12
intérieur électronique,énorme électronique,0.0008341153164424981,0.10526315789473684,10.74020156774916,8
composer sacs & bagages,peu sacs & bagages,0.0010426441455531226,0.10526315789473684,10.74020156774916,10
conclure jouets & enfants,aider jouets & enfants,0.0010426441455531226,0.10526315789473684,10.74020156774916,10
découvrir livres & médias,il livres & médias,0.0010426441455531226,0.10526315789473684,10.74020156774916,10
peu sacs & bagages,composer sacs & bagages,0.0010426441455531226,0.10638297872340424,10.740201567749159,10
il livres & médias,découvrir livres & médias,0.0010426441455531226,0.10638297872340424,10.740201567749159,10
aider jouets & enfants,conclure jouets & enfants,0.0010426441455531226,0.10638297872340424,10.740201567749159,10
journal montres,secret montres,0.0013554373892190595,0.12871287128712872,10.734653465346534,13
secret montres,journal montres,0.0013554373892190595,0.11304347826086956,10.734653465346534,13
exécuter beauté & santé,mauvais beauté & santé,0.0013554373892190595,0.12745098039215685,10.72265221878225,13
mauvais beauté & santé,exécuter beauté & santé,0.0013554373892190595,0.11403508771929824,10.72265221878225,13
clef beauté & santé,quoi beauté & santé,0.0009383797309978105,0.10843373493975905,10.721525276363186,9
toile électronique,cuisine électronique,0.0009383797309978105,0.1139240506329114,10.712211466865227,9
pauvre sacs & bagages,genre sacs & bagages,0.0009383797309978105,0.1139240506329114,10.712211466865227,9
ville bijoux,diriger bijoux,0.0012511729746637473,0.13953488372093026,10.706232558139538,12
paupière pet care,larme pet care,0.0013554373892190595,0.125,10.704241071428571,13
larme pet care,paupière pet care,0.0013554373892190595,0.11607142857142856,10.704241071428571,13
dimanche informatique,vraiment informatique,0.0010426441455531226,0.125,10.704241071428571,10
blanc bijoux,silencieux bijoux,0.0009383797309978105,0.10714285714285714,10.70424107142857,9
rire gaming,vous gaming,0.001146908560108435,0.11827956989247311,10.702069385270846,11
vous gaming,rire gaming,0.001146908560108435,0.10377358490566038,10.702069385270846,11
jusque accessoires,réclamer accessoires,0.0007298509018871859,0.10144927536231883,10.692307692307692,7
seigneur alimentation,entrée alimentation,0.0009383797309978105,0.10588235294117648,10.68965944272446,9
dégager accessoires,appel accessoires,0.0009383797309978105,0.10588235294117648,10.68965944272446,9
bien chaussettes & lingerie,train chaussettes & lingerie,0.0009383797309978105,0.10588235294117648,10.68965944272446,9
paquet alimentation,oublier alimentation,0.0008341153164424981,0.1081081081081081,10.689328503761493,8
rare pet care,certain pet care,0.0010426441455531226,0.11363636363636363,10.685160427807485,10
court beauté & santé,exécuter beauté & santé,0.0010426441455531226,0.11363636363636363,10.685160427807485,10
grain livres & médias,cour livres & médias,0.0010426441455531226,0.11363636363636363,10.685160427807485,10
rare pet care,phrase pet care,0.0010426441455531226,0.11363636363636363,10.685160427807485,10
retirer auto & moto,franc auto & moto,0.0010426441455531226,0.11363636363636363,10.685160427807485,10
violence auto & moto,saison auto & moto,0.0009383797309978105,0.1046511627906977,10.677758535378528,9
violence auto & moto,membre auto & moto,0.0009383797309978105,0.1046511627906977,10.677758535378528,9
important téléphonie,armer téléphonie,0.0009383797309978105,0.1046511627906977,10.677758535378528,9
attacher gaming,matière gaming,0.0012511729746637473,0.12244897959183675,10.67643784786642,12
matière gaming,attacher gaming,0.0012511729746637473,0.1090909090909091,10.67643784786642,12
révolution alimentation,tellement alimentation,0.0008341153164424981,0.10126582278481013,10.67297259702323,8
près pet care,mode pet care,0.0010426441455531226,0.11235955056179775,10.66970742018022,10
lui auto & moto,fou auto & moto,0.0010426441455531226,0.11235955056179775,10.66970742018022,10
épaule livres & médias,rouge livres & médias,0.0010426441455531226,0.11235955056179775,10.66970742018022,10
silencieux bijoux,passer bijoux,0.001146908560108435,0.11458333333333333,10.669599514563107,11
tandis que livres & médias,rideau livres & médias,0.001146908560108435,0.11458333333333333,10.669599514563107,11
rideau livres & médias,tandis que livres & médias,0.001146908560108435,0.10679611650485436,10.669599514563105,11
passer bijoux,silencieux bijoux,0.001146908560108435,0.10679611650485436,10.669599514563105,11
céder maison & jardin,regard maison & jardin,0.0009383797309978105,0.10344827586206896,10.668520578420466,9
fonder livres & médias,montrer livres & médias,0.0009383797309978105,0.10344827586206896,10.668520578420466,9
forcer art & crafts,valeur art & crafts,0.0012511729746637473,0.11009174311926606,10.66555462885738,12
brûler art & crafts,forcer art & crafts,0.0012511729746637473,0.12121212121212122,10.66555462885738,12
forcer art & crafts,brûler art & crafts,0.0012511729746637473,0.11009174311926606,10.66555462885738,12
valeur art & crafts,forcer art & crafts,0.0012511729746637473,0.12121212121212122,10.66555462885738,12
porte informatique,cent informatique,0.001146908560108435,0.10784313725490195,10.66312916919345,11
cent informatique,porte informatique,0.001146908560108435,0.1134020618556701,10.66312916919345,11
exécuter beauté & santé,quoi beauté & santé,0.001146908560108435,0.10784313725490195,10.66312916919345,11
quoi beauté & santé,exécuter beauté & santé,0.001146908560108435,0.1134020618556701,10.66312916919345,11
genre sacs & bagages,en sacs & bagages,0.001146908560108435,0.10784313725490195,10.66312916919345,11
en sacs & bagages,genre sacs & bagages,0.001146908560108435,0.1134020618556701,10.66312916919345,11
retirer auto & moto,trait auto & moto,0.0009383797309978105,0.10227272727272728,10.66193181818182,9
court beauté & santé,étude beauté & santé,0.0009383797309978105,0.10227272727272728,10.66193181818182,9
entrer bijoux,couler bijoux,0.0009383797309978105,0.10227272727272728,10.66193181818182,9
grain livres & médias,soi livres & médias,0.0009383797309978105,0.10227272727272728,10.66193181818182,9
voiture chaussettes & lingerie,île chaussettes & lingerie,0.0009383797309978105,0.10227272727272728,10.66193181818182,9
succès montres,dont montres,0.001146908560108435,0.11224489795918367,10.658819963629016,11
présence chaussures,mourir chaussures,0.001146908560108435,0.10891089108910891,10.658819963629016,11
dont montres,succès montres,0.001146908560108435,0.10891089108910891,10.658819963629016,11
mourir chaussures,présence chaussures,0.001146908560108435,0.11224489795918367,10.658819963629016,11
retirer chaussures,présence chaussures,0.001146908560108435,0.11224489795918367,10.658819963629016,11
présence chaussures,retirer chaussures,0.001146908560108435,0.10891089108910891,10.658819963629016,11
sourire maison & jardin,nommer maison & jardin,0.0009383797309978105,0.10112359550561799,10.657982466971232,9
puissance informatique,observer informatique,0.001146908560108435,0.11,10.656666666666666,11
aider livres & médias,éviter livres & médias,0.001146908560108435,0.1111111111111111,10.656666666666666,11
tromper art & crafts,défaut art & crafts,0.0008341153164424981,0.1,10.656666666666666,8
françois maison & jardin,d'abord maison & jardin,0.0009383797309978105,0.1111111111111111,10.656666666666666,9
éviter livres & médias,aider livres & médias,0.001146908560108435,0.11,10.656666666666666,11
observer informatique,puissance informatique,0.001146908560108435,0.1111111111111111,10.656666666666666,11
convenir maison & jardin,d'abord maison & jardin,0.0012511729746637473,0.1111111111111111,10.656666666666666,12
d'abord maison & jardin,convenir maison & jardin,0.0012511729746637473,0.12000000000000001,10.656666666666666,12
nom téléphonie,mur téléphonie,0.0010426441455531226,0.11111111111111109,10.656666666666665,10
cour accessoires,hasard accessoires,0.0010426441455531226,0.11111111111111109,10.656666666666665,10
goutte maison & jardin,d'abord maison & jardin,0.0010426441455531226,0.11111111111111109,10.656666666666665,10
passage pet care,mode pet care,0.0012511729746637473,0.11214953271028039,10.649764041824746,12
mode pet care,passage pet care,0.0012511729746637473,0.11881188118811882,10.649764041824744,12
il livres & médias,adresser livres & médias,0.0012511729746637473,0.12765957446808512,10.6468085106383,12
adresser livres & médias,il livres & médias,0.0012511729746637473,0.10434782608695653,10.646808510638298,12
livrer sacs & bagages,choix sacs & bagages,0.0010426441455531226,0.101010101010101,10.646020646020645,10
choix sacs & bagages,livrer sacs & bagages,0.0010426441455531226,0.10989010989010989,10.646020646020645,10
vous gaming,chasser gaming,0.0014597018037743718,0.1320754716981132,10.644839067702552,14
chasser gaming,vous gaming,0.0014597018037743718,0.11764705882352941,10.644839067702552,14
partie chaussettes & lingerie,réfléchir chaussettes & lingerie,0.0010426441455531226,0.10204081632653061,10.637755102040817,10
main sports & loisirs,couper sports & loisirs,0.0010426441455531226,0.10869565217391304,10.637755102040817,10
sur chaussettes & lingerie,réfléchir chaussettes & lingerie,0.0010426441455531226,0.10204081632653061,10.637755102040817,10
réfléchir chaussettes & lingerie,sur chaussettes & lingerie,0.0010426441455531226,0.10869565217391304,10.637755102040817,10
couper sports & loisirs,main sports & loisirs,0.0010426441455531226,0.10204081632653061,10.637755102040817,10
réfléchir chaussettes & lingerie,partie chaussettes & lingerie,0.0010426441455531226,0.10869565217391304,10.637755102040817,10
fenêtre maison & jardin,gagner maison & jardin,0.0010426441455531226,0.10869565217391304,10.637755102040817,10
gagner maison & jardin,fenêtre maison & jardin,0.0010426441455531226,0.10204081632653061,10.637755102040817,10
appuyer chaussettes & lingerie,gris chaussettes & lingerie,0.0010426441455531226,0.1075268817204301,10.631858995676753,10
gris chaussettes & lingerie,appuyer chaussettes & lingerie,0.0010426441455531226,0.10309278350515463,10.631858995676753,10
examiner montres,secret montres,0.0013554373892190595,0.12745098039215685,10.629411764705882,13
secret montres,examiner montres,0.0013554373892190595,0.11304347826086956,10.629411764705882,13
obtenir alimentation,pouvoir alimentation,0.0010426441455531226,0.10416666666666666,10.628324468085106,10
taire sports & loisirs,or sports & loisirs,0.0010426441455531226,0.10416666666666666,10.628324468085106,10
or sports & loisirs,taire sports & loisirs,0.0010426441455531226,0.10638297872340424,10.628324468085104,10
pouvoir alimentation,obtenir alimentation,0.0010426441455531226,0.10638297872340424,10.628324468085104,10
capable montres,payer montres,0.0013554373892190595,0.11403508771929824,10.618548799182422,13
payer montres,capable montres,0.0013554373892190595,0.1262135922330097,10.618548799182422,13
réponse sacs & bagages,problème sacs & bagages,0.001146908560108435,0.11956521739130435,10.618055555555555,11
problème sacs & bagages,réponse sacs & bagages,0.001146908560108435,0.10185185185185185,10.618055555555555,11
payer sacs & bagages,problème sacs & bagages,0.001146908560108435,0.11956521739130435,10.618055555555555,11
problème sacs & bagages,payer sacs & bagages,0.001146908560108435,0.10185185185185185,10.618055555555555,11
gros pet care,envoyer pet care,0.001146908560108435,0.12941176470588237,10.608446455505279,11
surprendre accessoires,signe accessoires,0.0009383797309978105,0.1139240506329114,10.608209413788867,9
retirer chaussures,ton chaussures,0.0013554373892190595,0.1326530612244898,10.602295918367346,13
ton chaussures,retirer chaussures,0.0013554373892190595,0.10833333333333332,10.602295918367346,13
politique jouets & enfants,gens jouets & enfants,0.001146908560108435,0.11827956989247311,10.602050045221585,11
gens jouets & enfants,politique jouets & enfants,0.001146908560108435,0.102803738317757,10.602050045221585,11
céder mode & vêtements,haut mode & vêtements,0.0010426441455531226,0.12048192771084337,10.601304299767879,10
subir électronique,guerre électronique,0.0010426441455531226,0.12048192771084337,10.601304299767879,10
voyager auto & moto,six auto & moto,0.0010426441455531226,0.12048192771084337,10.601304299767879,10
consentir gaming,matière gaming,0.0013554373892190595,0.12149532710280374,10.593288020390824,13
matière gaming,consentir gaming,0.0013554373892190595,0.11818181818181818,10.593288020390824,13
signe montres,payer montres,0.0010426441455531226,0.11363636363636363,10.581421006178287,10
papier sports & loisirs,fixe sports & loisirs,0.0010426441455531226,0.11363636363636363,10.581421006178287,10
précis chaussures,repas chaussures,0.0010426441455531226,0.11363636363636363,10.581421006178287,10
escalier pet care,bataille pet care,0.0009383797309978105,0.11250000000000002,10.578308823529413,9
escalier pet care,esprit pet care,0.0009383797309978105,0.11250000000000002,10.578308823529413,9
escalier pet care,phrase pet care,0.0009383797309978105,0.11250000000000002,10.578308823529413,9
diriger auto & moto,petit auto & moto,0.0009383797309978105,0.11250000000000002,10.578308823529413,9
pas sports & loisirs,taire sports & loisirs,0.0009383797309978105,0.10588235294117648,10.578308823529412,9
alors maison & jardin,titre maison & jardin,0.0008341153164424981,0.10256410256410256,10.57733664185277,8
tu mode & vêtements,gagner mode & vêtements,0.001146908560108435,0.11578947368421054,10.57654135338346,11
gagner mode & vêtements,tu mode & vêtements,0.001146908560108435,0.10476190476190475,10.576541353383458,11
contraire gaming,reposer gaming,0.001146908560108435,0.12790697674418605,10.575481154771452,11
oeuvre bijoux,danger bijoux,0.0012511729746637473,0.12121212121212122,10.568595041322315,12
danger bijoux,oeuvre bijoux,0.0012511729746637473,0.1090909090909091,10.568595041322315,12
fusil auto & moto,goutte auto & moto,0.0013554373892190595,0.11016949152542373,10.56635593220339,13
goutte auto & moto,fusil auto & moto,0.0013554373892190595,0.13,10.56635593220339,13
vide sacs & bagages,faible sacs & bagages,0.0009383797309978105,0.1046511627906977,10.565361077111385,9
foi informatique,fidèle informatique,0.0010426441455531226,0.11235955056179775,10.56510244547257,10
près pet care,bataille pet care,0.0010426441455531226,0.11235955056179775,10.56510244547257,10
gris chaussettes & lingerie,spectacle chaussettes & lingerie,0.001146908560108435,0.1134020618556701,10.559603643278951,11
as chaussures,mémoire chaussures,0.001146908560108435,0.10679611650485436,10.559603643278951,11
souhaiter beauté & santé,quoi beauté & santé,0.001146908560108435,0.10679611650485436,10.559603643278951,11
spectacle chaussettes & lingerie,gris chaussettes & lingerie,0.001146908560108435,0.10679611650485436,10.559603643278951,11
mémoire chaussures,as chaussures,0.001146908560108435,0.1134020618556701,10.559603643278951,11
quoi beauté & santé,souhaiter beauté & santé,0.001146908560108435,0.1134020618556701,10.559603643278951,11
douter sports & loisirs,pied sports & loisirs,0.0008341153164424981,0.10126582278481013,10.556962025316457,8
pauvre sacs & bagages,payer sacs & bagages,0.0008341153164424981,0.10126582278481013,10.556962025316457,8
volonté art & crafts,chez art & crafts,0.0008341153164424981,0.10126582278481013,10.556962025316457,8
émotion bijoux,discussion bijoux,0.0012511729746637473,0.10344827586206898,10.555025678650038,12
discussion bijoux,émotion bijoux,0.0012511729746637473,0.12765957446808512,10.555025678650038,12
naturel maison & jardin,haute maison & jardin,0.0009383797309978105,0.10344827586206896,10.555025678650036,9
prier sacs & bagages,parti sacs & bagages,0.0009383797309978105,0.10344827586206896,10.555025678650036,9
fonder livres & médias,il livres & médias,0.0009383797309978105,0.10344827586206896,10.555025678650036,9
fonder livres & médias,plaire livres & médias,0.0009383797309978105,0.10344827586206896,10.555025678650036,9
prier sacs & bagages,peu sacs & bagages,0.0009383797309978105,0.10344827586206896,10.555025678650036,9
fidèle informatique,ou informatique,0.001146908560108435,0.10784313725490195,10.554321728691477,11
exécuter beauté & santé,humide beauté & santé,0.001146908560108435,0.10784313725490195,10.554321728691477,11
humide beauté & santé,exécuter beauté & santé,0.001146908560108435,0.11224489795918367,10.554321728691477,11
ou informatique,fidèle informatique,0.001146908560108435,0.11224489795918367,10.554321728691477,11
pourquoi montres,militaire montres,0.001146908560108435,0.11224489795918367,10.554321728691477,11
puisque sports & loisirs,couper sports & loisirs,0.001146908560108435,0.10784313725490195,10.554321728691477,11
couper sports & loisirs,puisque sports & loisirs,0.001146908560108435,0.11224489795918367,10.554321728691477,11
militaire montres,pourquoi montres,0.001146908560108435,0.10784313725490195,10.554321728691477,11
dangereux téléphonie,heure téléphonie,0.0012511729746637473,0.1111111111111111,10.551155115511552,12
dehors pet care,marche pet care,0.001146908560108435,0.1111111111111111,10.551155115511552,11
heure téléphonie,dangereux téléphonie,0.0012511729746637473,0.11881188118811882,10.551155115511552,12
général auto & moto,cesse auto & moto,0.0010426441455531226,0.11111111111111109,10.55115511551155,10
clair téléphonie,heure téléphonie,0.0010426441455531226,0.11111111111111109,10.55115511551155,10
marche pet care,dehors pet care,0.001146908560108435,0.10891089108910891,10.55115511551155,11
éviter livres & médias,police livres & médias,0.001146908560108435,0.11,10.5501,11
compagnon téléphonie,mur téléphonie,0.001146908560108435,0.11,10.5501,11
mur téléphonie,compagnon téléphonie,0.001146908560108435,0.11,10.5501,11
police livres & médias,éviter livres & médias,0.001146908560108435,0.11,10.5501,11
entrer bijoux,demande bijoux,0.0009383797309978105,0.10227272727272728,10.547287390029325,9
plaine accessoires,parce que accessoires,0.0009383797309978105,0.10227272727272728,10.547287390029325,9
rare pet care,long pet care,0.0009383797309978105,0.10227272727272728,10.547287390029325,9
repousser bijoux,demande bijoux,0.0009383797309978105,0.10227272727272728,10.547287390029325,9
extraordinaire accessoires,parce que accessoires,0.0009383797309978105,0.10227272727272728,10.547287390029325,9
consentir gaming,chasser gaming,0.0014597018037743718,0.13084112149532712,10.545354590434306,14
chasser gaming,consentir gaming,0.0014597018037743718,0.11764705882352941,10.545354590434306,14
gros pet care,passage pet care,0.0010426441455531226,0.1176470588235294,10.545354590434304,10
prouver chaussures,profond chaussures,0.0009383797309978105,0.10112359550561799,10.542134831460675,9
au beauté & santé,étude beauté & santé,0.0009383797309978105,0.10112359550561799,10.542134831460675,9
vous gaming,possible gaming,0.0012511729746637473,0.11320754716981132,10.541491115588936,12
possible gaming,vous gaming,0.0012511729746637473,0.11650485436893204,10.541491115588936,12
rire téléphonie,veiller téléphonie,0.001146908560108435,0.12087912087912088,10.53956043956044,11
jeunesse téléphonie,compagnon téléphonie,0.0010426441455531226,0.10989010989010989,10.53956043956044,10
entrée électronique,inspirer électronique,0.0008341153164424981,0.1,10.53956043956044,8
rire téléphonie,compagnon téléphonie,0.0010426441455531226,0.10989010989010989,10.53956043956044,10
veiller téléphonie,rire téléphonie,0.001146908560108435,0.1,10.53956043956044,11
malade chaussettes & lingerie,chaud chaussettes & lingerie,0.0013554373892190595,0.11206896551724138,10.537778904665315,13
chaud chaussettes & lingerie,malade chaussettes & lingerie,0.0013554373892190595,0.12745098039215685,10.537778904665315,13
afin de mode & vêtements,combien mode & vêtements,0.0010426441455531226,0.10869565217391304,10.53030303030303,10
livrer sacs & bagages,payer sacs & bagages,0.0010426441455531226,0.101010101010101,10.53030303030303,10
soi livres & médias,aider livres & médias,0.0010426441455531226,0.10869565217391304,10.53030303030303,10
aider livres & médias,soi livres & médias,0.0010426441455531226,0.101010101010101,10.53030303030303,10
payer sacs & bagages,livrer sacs & bagages,0.0010426441455531226,0.10869565217391304,10.53030303030303,10
combien mode & vêtements,afin de mode & vêtements,0.0010426441455531226,0.101010101010101,10.53030303030303,10
titre maison & jardin,bon maison & jardin,0.0010426441455531226,0.1075268817204301,10.523370638578012,10
appuyer chaussettes & lingerie,partie chaussettes & lingerie,0.0010426441455531226,0.1075268817204301,10.523370638578012,10
retirer chaussures,habitant chaussures,0.0010426441455531226,0.10204081632653061,10.523370638578012,10
partie chaussettes & lingerie,appuyer chaussettes & lingerie,0.0010426441455531226,0.10204081632653061,10.523370638578012,10
habitant chaussures,retirer chaussures,0.0010426441455531226,0.1075268817204301,10.523370638578012,10
regard maison & jardin,gagner maison & jardin,0.0010426441455531226,0.1075268817204301,10.523370638578012,10
unique chaussures,retirer chaussures,0.0010426441455531226,0.1075268817204301,10.523370638578012,10
retirer chaussures,unique chaussures,0.0010426441455531226,0.10204081632653061,10.523370638578012,10
bon maison & jardin,titre maison & jardin,0.0010426441455531226,0.10204081632653061,10.523370638578012,10
gagner maison & jardin,regard maison & jardin,0.0010426441455531226,0.10204081632653061,10.523370638578012,10
doute chaussures,profond chaussures,0.001146908560108435,0.10091743119266056,10.520642201834864,11
six auto & moto,trait auto & moto,0.001146908560108435,0.10091743119266056,10.520642201834864,11
trait auto & moto,six auto & moto,0.001146908560108435,0.11956521739130435,10.520642201834862,11
profond chaussures,doute chaussures,0.001146908560108435,0.11956521739130435,10.520642201834862,11
choix chaussures,ordre chaussures,0.0010426441455531226,0.10309278350515463,10.518754112744022,10
ordre chaussures,choix chaussures,0.0010426441455531226,0.10638297872340424,10.518754112744022,10
fatigue alimentation,entrée alimentation,0.0010426441455531226,0.10416666666666666,10.516447368421053,10
obtenir alimentation,nul alimentation,0.0010426441455531226,0.10416666666666666,10.516447368421053,10
taire sports & loisirs,soulever sports & loisirs,0.0010426441455531226,0.10416666666666666,10.516447368421053,10
avec livres & médias,tandis que livres & médias,0.0008341153164424981,0.10526315789473684,10.516447368421051,8
entrée alimentation,fatigue alimentation,0.0010426441455531226,0.10526315789473684,10.516447368421051,10
soulever sports & loisirs,taire sports & loisirs,0.0010426441455531226,0.10526315789473684,10.516447368421051,10
nul alimentation,obtenir alimentation,0.0010426441455531226,0.10526315789473684,10.516447368421051,10
sourire sports & loisirs,très sports & loisirs,0.0008341153164424981,0.10526315789473684,10.516447368421051,8
entretenir bijoux,danger bijoux,0.0010426441455531226,0.12048192771084337,10.504928806133625,10
convenir maison & jardin,regard maison & jardin,0.001146908560108435,0.10185185185185185,10.503882915173236,11
convenir maison & jardin,titre maison & jardin,0.001146908560108435,0.10185185185185185,10.503882915173236,11
regard maison & jardin,convenir maison & jardin,0.001146908560108435,0.11827956989247311,10.503882915173236,11
titre maison & jardin,convenir maison & jardin,0.001146908560108435,0.11827956989247311,10.503882915173236,11
fonder livres & médias,entraîner livres & médias,0.0010426441455531226,0.11494252873563217,10.4991789819376,10
céder maison & jardin,tenter maison & jardin,0.0010426441455531226,0.11494252873563217,10.4991789819376,10
consentir gaming,contenir gaming,0.001146908560108435,0.102803738317757,10.489262278783059,11
éclat beauté & santé,ci beauté & santé,0.001146908560108435,0.102803738317757,10.489262278783059,11
ci beauté & santé,éclat beauté & santé,0.001146908560108435,0.11702127659574468,10.489262278783059,11
contenir gaming,consentir gaming,0.001146908560108435,0.11702127659574468,10.489262278783059,11
fort accessoires,habitant accessoires,0.0009383797309978105,0.10714285714285714,10.485787172011662,9
nu mode & vêtements,combien mode & vêtements,0.0008341153164424981,0.1081081081081081,10.473382473382472,8
elle maison & jardin,endroit maison & jardin,0.0009383797309978105,0.10588235294117648,10.469254093389935,9
bien chaussettes & lingerie,fonder chaussettes & lingerie,0.0009383797309978105,0.10588235294117648,10.469254093389935,9
rencontrer informatique,cent informatique,0.0009383797309978105,0.10588235294117648,10.469254093389935,9
gros pet care,surprendre pet care,0.0009383797309978105,0.10588235294117648,10.469254093389935,9
jusque pet care,larme pet care,0.001146908560108435,0.12222222222222222,10.466369047619047,11
tandis que livres & médias,entraîner livres & médias,0.001146908560108435,0.11458333333333333,10.466369047619047,11
entraîner livres & médias,tandis que livres & médias,0.001146908560108435,0.10476190476190475,10.466369047619047,11
couper montres,ensuite montres,0.0012511729746637473,0.12000000000000001,10.462909090909092,12
ensuite montres,couper montres,0.0012511729746637473,0.1090909090909091,10.462909090909092,12
souhaiter jouets & enfants,beaux jouets & enfants,0.0012511729746637473,0.12000000000000001,10.462909090909092,12
beaux jouets & enfants,souhaiter jouets & enfants,0.0012511729746637473,0.1090909090909091,10.462909090909092,12
ville bijoux,silencieux bijoux,0.0009383797309978105,0.1046511627906977,10.45530523255814,9
repas chaussures,mourir chaussures,0.001146908560108435,0.10679611650485436,10.451852585694471,11
as chaussures,mourir chaussures,0.001146908560108435,0.10679611650485436,10.451852585694471,11
mourir chaussures,as chaussures,0.001146908560108435,0.11224489795918367,10.451852585694471,11
mourir chaussures,repas chaussures,0.001146908560108435,0.11224489795918367,10.451852585694471,11
depuis maison & jardin,convenir maison & jardin,0.0012511729746637473,0.11764705882352941,10.447712418300654,12
genre sacs & bagages,problème sacs & bagages,0.0012511729746637473,0.11764705882352941,10.447712418300654,12
livrer sacs & bagages,libre sacs & bagages,0.001146908560108435,0.1111111111111111,10.447712418300652,11
nul montres,examiner montres,0.001146908560108435,0.1111111111111111,10.447712418300652,11
elle maison & jardin,convenir maison & jardin,0.0010426441455531226,0.1176470588235294,10.447712418300652,10
libre sacs & bagages,livrer sacs & bagages,0.001146908560108435,0.10784313725490195,10.447712418300652,11
jusque pet care,certain pet care,0.0010426441455531226,0.11111111111111109,10.447712418300652,10
dégager accessoires,manquer accessoires,0.0010426441455531226,0.1176470588235294,10.447712418300652,10
craindre sacs & bagages,genre sacs & bagages,0.0009383797309978105,0.1111111111111111,10.447712418300652,9
silence maison & jardin,depuis maison & jardin,0.0010426441455531226,0.11111111111111109,10.447712418300652,10
cacher sacs & bagages,problème sacs & bagages,0.0010426441455531226,0.1176470588235294,10.447712418300652,10
esprit pet care,envoyer pet care,0.0013554373892190595,0.12745098039215685,10.447712418300652,13
envoyer pet care,esprit pet care,0.0013554373892190595,0.1111111111111111,10.447712418300652,13
jusque pet care,bataille pet care,0.0010426441455531226,0.11111111111111109,10.447712418300652,10
observer informatique,fidèle informatique,0.001146908560108435,0.1111111111111111,10.447712418300652,11
clair téléphonie,proposer téléphonie,0.0010426441455531226,0.11111111111111109,10.447712418300652,10
général auto & moto,franc auto & moto,0.0010426441455531226,0.11111111111111109,10.447712418300652,10
lien bijoux,oeuvre bijoux,0.001146908560108435,0.10784313725490195,10.447712418300652,11
oeuvre bijoux,lien bijoux,0.001146908560108435,0.1111111111111111,10.447712418300652,11
problème sacs & bagages,genre sacs & bagages,0.0012511729746637473,0.1111111111111111,10.447712418300652,12
fidèle informatique,observer informatique,0.001146908560108435,0.10784313725490195,10.447712418300652,11
et montres,tel montres,0.001146908560108435,0.10784313725490195,10.447712418300652,11
tel montres,et montres,0.001146908560108435,0.1111111111111111,10.447712418300652,11
convenir maison & jardin,depuis maison & jardin,0.0012511729746637473,0.1111111111111111,10.447712418300652,12
étranger sacs & bagages,genre sacs & bagages,0.0009383797309978105,0.1111111111111111,10.447712418300652,9
porte informatique,observer informatique,0.001146908560108435,0.10784313725490195,10.447712418300652,11
observer informatique,porte informatique,0.001146908560108435,0.1111111111111111,10.447712418300652,11
examiner montres,nul montres,0.001146908560108435,0.10784313725490195,10.447712418300652,11
couper montres,fine montres,0.001146908560108435,0.11,10.445643564356436,11
apporter livres & médias,rouge livres & médias,0.001146908560108435,0.11,10.445643564356436,11
rouge livres & médias,apporter livres & médias,0.001146908560108435,0.10891089108910891,10.445643564356436,11
fine montres,couper montres,0.001146908560108435,0.10891089108910891,10.445643564356436,11
police livres & médias,regretter livres & médias,0.001146908560108435,0.11,10.445643564356436,11
cesse auto & moto,cuisine auto & moto,0.001146908560108435,0.10891089108910891,10.445643564356436,11
regretter livres & médias,police livres & médias,0.001146908560108435,0.10891089108910891,10.445643564356436,11
cuisine auto & moto,cesse auto & moto,0.001146908560108435,0.11,10.445643564356436,11
volonté art & crafts,ouvrage art & crafts,0.0008341153164424981,0.10126582278481013,10.443446304614127,8
habiller mode & vêtements,songer mode & vêtements,0.0008341153164424981,0.10126582278481013,10.443446304614127,8
surveiller sports & loisirs,fixe sports & loisirs,0.0012511729746637473,0.11214953271028039,10.442972507032032,12
gens jouets & enfants,exprimer jouets & enfants,0.0012511729746637473,0.11214953271028039,10.442972507032032,12
grand jouets & enfants,exprimer jouets & enfants,0.0012511729746637473,0.11214953271028039,10.442972507032032,12
exprimer jouets & enfants,grand jouets & enfants,0.0012511729746637473,0.11650485436893204,10.44297250703203,12
fixe sports & loisirs,surveiller sports & loisirs,0.0012511729746637473,0.11650485436893204,10.44297250703203,12
exprimer jouets & enfants,gens jouets & enfants,0.0012511729746637473,0.11650485436893204,10.44297250703203,12
bataille accessoires,habitant accessoires,0.0008341153164424981,0.10666666666666666,10.439183673469389,8
empire montres,fine montres,0.0010426441455531226,0.10989010989010989,10.435208356000436,10
pourtant électronique,théâtre électronique,0.0010426441455531226,0.10989010989010989,10.435208356000436,10
vague informatique,tendre informatique,0.0009383797309978105,0.10227272727272728,10.435082205029014,9
trente chaussures,unique chaussures,0.0009383797309978105,0.10112359550561799,10.428778542950345,9
naissance électronique,mensonge électronique,0.0009383797309978105,0.1,10.425,9
veiller jouets & enfants,chute jouets & enfants,0.0012511729746637473,0.10434782608695653,10.425,12
compte mode & vêtements,pareil mode & vêtements,0.0009383797309978105,0.1,10.425,9
sur mode & vêtements,pareil mode & vêtements,0.0008341153164424981,0.1,10.425,8
chute jouets & enfants,veiller jouets & enfants,0.0012511729746637473,0.125,10.425,12
pas mode & vêtements,pareil mode & vêtements,0.0008341153164424981,0.1,10.425,8
compte mode & vêtements,afin de mode & vêtements,0.0009383797309978105,0.1,10.425,9
court beauté & santé,en beauté & santé,0.001146908560108435,0.125,10.425,11
tromper art & crafts,chez art & crafts,0.0008341153164424981,0.1,10.425,8
même sports & loisirs,pied sports & loisirs,0.0009383797309978105,0.1,10.425,9
payer sacs & bagages,chaud sacs & bagages,0.0010426441455531226,0.10869565217391304,10.424999999999999,10
réponse sacs & bagages,chaud sacs & bagages,0.0010426441455531226,0.10869565217391304,10.424999999999999,10
contraire gaming,consentir gaming,0.0010426441455531226,0.11627906976744186,10.422734188219952,10
vide électronique,théâtre électronique,0.0009383797309978105,0.10975609756097562,10.422482492151657,9
refuser beauté & santé,vers beauté & santé,0.0010426441455531226,0.1075268817204301,10.41707396546106,10
aider livres & médias,montrer livres & médias,0.0010426441455531226,0.101010101010101,10.41707396546106,10
montrer livres & médias,aider livres & médias,0.0010426441455531226,0.1075268817204301,10.41707396546106,10
signifier mode & vêtements,combien mode & vêtements,0.0010426441455531226,0.1075268817204301,10.41707396546106,10
combien mode & vêtements,signifier mode & vêtements,0.0010426441455531226,0.101010101010101,10.41707396546106,10
vers beauté & santé,refuser beauté & santé,0.0010426441455531226,0.101010101010101,10.41707396546106,10
soumettre montres,marche montres,0.0013554373892190595,0.11403508771929824,10.416290726817042,13
marche montres,soumettre montres,0.0013554373892190595,0.1238095238095238,10.41629072681704,13
usage téléphonie,si téléphonie,0.0010426441455531226,0.10638297872340424,10.411419887103778,10
si téléphonie,usage téléphonie,0.0010426441455531226,0.10204081632653061,10.411419887103778,10
humide beauté & santé,ci beauté & santé,0.0010426441455531226,0.10204081632653061,10.411419887103778,10
ci beauté & santé,humide beauté & santé,0.0010426441455531226,0.10638297872340424,10.411419887103778,10
oublier alimentation,entrée alimentation,0.0010426441455531226,0.10309278350515463,10.408030385241455,10
fonder chaussettes & lingerie,train chaussettes & lingerie,0.0010426441455531226,0.10309278350515463,10.408030385241455,10
cent informatique,l'un informatique,0.0010426441455531226,0.10309278350515463,10.408030385241455,10
entrée alimentation,oublier alimentation,0.0010426441455531226,0.10526315789473684,10.408030385241453,10
train chaussettes & lingerie,fonder chaussettes & lingerie,0.0010426441455531226,0.10526315789473684,10.408030385241453,10
l'un informatique,cent informatique,0.0010426441455531226,0.10526315789473684,10.408030385241453,10
unique chaussures,doute chaussures,0.001146908560108435,0.11827956989247311,10.407517016868896,11
doute chaussures,unique chaussures,0.001146908560108435,0.10091743119266056,10.407517016868896,11
émotion sports & loisirs,très sports & loisirs,0.0010426441455531226,0.10416666666666666,10.406901041666666,10
très sports & loisirs,émotion sports & loisirs,0.0010426441455531226,0.10416666666666666,10.406901041666666,10
classe auto & moto,goutte auto & moto,0.0009383797309978105,0.10843373493975905,10.399879518072291,9
entretenir bijoux,côte bijoux,0.0009383797309978105,0.10843373493975905,10.399879518072291,9
usage téléphonie,dangereux téléphonie,0.001146908560108435,0.11702127659574468,10.392139479905437,11
dangereux téléphonie,usage téléphonie,0.001146908560108435,0.10185185185185185,10.392139479905437,11
blanc bijoux,souffrance bijoux,0.0009383797309978105,0.10714285714285714,10.37987012987013,9
détacher art & crafts,valeur art & crafts,0.0009383797309978105,0.10714285714285714,10.37987012987013,9
froid informatique,observer informatique,0.0009383797309978105,0.10714285714285714,10.37987012987013,9
presque art & crafts,but art & crafts,0.0008341153164424981,0.1038961038961039,10.37987012987013,8
précis chaussures,vif chaussures,0.0010426441455531226,0.11363636363636363,10.37987012987013,10
devant jouets & enfants,danger jouets & enfants,0.0009383797309978105,0.11250000000000002,10.37487980769231,9
colère téléphonie,mur téléphonie,0.0012511729746637473,0.10810810810810811,10.36864864864865,12
ressembler téléphonie,compagnon téléphonie,0.0012511729746637473,0.10810810810810811,10.36864864864865,12
compagnon téléphonie,ressembler téléphonie,0.0012511729746637473,0.12000000000000001,10.36864864864865,12
mur téléphonie,colère téléphonie,0.0012511729746637473,0.12000000000000001,10.36864864864865,12
ton sports & loisirs,émotion sports & loisirs,0.001146908560108435,0.10377358490566038,10.367629716981131,11
émotion sports & loisirs,ton sports & loisirs,0.001146908560108435,0.11458333333333333,10.367629716981131,11
bien chaussettes & lingerie,sur chaussettes & lingerie,0.0009383797309978105,0.10588235294117648,10.362424969987996,9
promettre jouets & enfants,danger jouets & enfants,0.0010426441455531226,0.11235955056179775,10.361927398444253,10
heure téléphonie,veiller téléphonie,0.0012511729746637473,0.11881188118811882,10.35931593159316,12
veiller téléphonie,heure téléphonie,0.0012511729746637473,0.1090909090909091,10.35931593159316,12
fusil auto & moto,petit auto & moto,0.0013554373892190595,0.11016949152542373,10.359172482552342,13
petit auto & moto,fusil auto & moto,0.0013554373892190595,0.12745098039215685,10.359172482552342,13
alors maison & jardin,classe maison & jardin,0.0008341153164424981,0.10256410256410256,10.354655870445345,8
pièce pet care,phrase pet care,0.0012511729746637473,0.11009174311926606,10.351861845655694,12
pièce pet care,bataille pet care,0.0012511729746637473,0.11009174311926606,10.351861845655694,12
bataille pet care,pièce pet care,0.0012511729746637473,0.11764705882352941,10.351861845655693,12
phrase pet care,pièce pet care,0.0012511729746637473,0.11764705882352941,10.351861845655693,12
jusque accessoires,huit accessoires,0.0007298509018871859,0.10144927536231883,10.351063829787233,7
tendre informatique,cent informatique,0.0009383797309978105,0.1046511627906977,10.347518580676098,9
cour accessoires,signe accessoires,0.0010426441455531226,0.11111111111111109,10.346278317152102,10
même sports & loisirs,fixe sports & loisirs,0.0010426441455531226,0.11111111111111109,10.346278317152102,10
résultat sports & loisirs,fixe sports & loisirs,0.0010426441455531226,0.11111111111111109,10.346278317152102,10
humain chaussures,ton chaussures,0.001146908560108435,0.12941176470588237,10.343235294117648,11
hésiter chaussettes & lingerie,posséder chaussettes & lingerie,0.001146908560108435,0.11,10.343235294117646,11
police livres & médias,cour livres & médias,0.001146908560108435,0.11,10.343235294117646,11
depuis maison & jardin,d'abord maison & jardin,0.001146908560108435,0.10784313725490195,10.343235294117646,11
posséder chaussettes & lingerie,hésiter chaussettes & lingerie,0.001146908560108435,0.10784313725490195,10.343235294117646,11
cour livres & médias,police livres & médias,0.001146908560108435,0.10784313725490195,10.343235294117646,11
petit auto & moto,goutte auto & moto,0.001146908560108435,0.10784313725490195,10.343235294117646,11
goutte auto & moto,petit auto & moto,0.001146908560108435,0.11,10.343235294117646,11
d'abord maison & jardin,depuis maison & jardin,0.001146908560108435,0.11,10.343235294117646,11
reposer gaming,celui gaming,0.0014597018037743718,0.1206896551724138,10.335129310344827,14
celui gaming,reposer gaming,0.0014597018037743718,0.125,10.335129310344827,14
empire montres,monsieur montres,0.0010426441455531226,0.10989010989010989,10.33290239172592,10
empire montres,et montres,0.0010426441455531226,0.10989010989010989,10.33290239172592,10
pourtant électronique,cuisine électronique,0.0010426441455531226,0.10989010989010989,10.33290239172592,10
compte montres,et montres,0.0010426441455531226,0.10989010989010989,10.33290239172592,10
rire téléphonie,proposer téléphonie,0.0010426441455531226,0.10989010989010989,10.33290239172592,10
révolution alimentation,obliger alimentation,0.0008341153164424981,0.10126582278481013,10.33234581201185,8
surprendre accessoires,huit accessoires,0.0008341153164424981,0.10126582278481013,10.33234581201185,8
chant accessoires,inquiétude accessoires,0.0008341153164424981,0.10126582278481013,10.33234581201185,8
pauvre sacs & bagages,peu sacs & bagages,0.0008341153164424981,0.10126582278481013,10.33234581201185,8
en beauté & santé,sonner beauté & santé,0.0013554373892190595,0.11304347826086956,10.325714285714286,13
sonner beauté & santé,en beauté & santé,0.0013554373892190595,0.1238095238095238,10.325714285714286,13
extraordinaire accessoires,appel accessoires,0.0009383797309978105,0.10227272727272728,10.325239234449763,9
papier sports & loisirs,soulever sports & loisirs,0.0009383797309978105,0.10227272727272728,10.325239234449763,9
pareil mode & vêtements,immense mode & vêtements,0.0010426441455531226,0.10869565217391304,10.321782178217822,10
afin de mode & vêtements,immense mode & vêtements,0.0010426441455531226,0.10869565217391304,10.321782178217822,10
trait auto & moto,fou auto & moto,0.0010426441455531226,0.10869565217391304,10.321782178217822,10
promettre jouets & enfants,demeurer jouets & enfants,0.0009383797309978105,0.10112359550561799,10.317834090365768,9
terreur alimentation,parent alimentation,0.0009383797309978105,0.10112359550561799,10.317834090365768,9
fort téléphonie,armer téléphonie,0.0009383797309978105,0.10112359550561799,10.317834090365768,9
matière gaming,rire gaming,0.001146908560108435,0.1,10.312903225806451,11
habitant chaussures,place chaussures,0.0010426441455531226,0.1075268817204301,10.312903225806451,10
silence maison & jardin,titre maison & jardin,0.0009383797309978105,0.1,10.312903225806451,9
rire gaming,matière gaming,0.001146908560108435,0.11827956989247311,10.312903225806451,11
politique jouets & enfants,souhaiter jouets & enfants,0.0010426441455531226,0.1075268817204301,10.312903225806451,10
même sports & loisirs,guerre sports & loisirs,0.0009383797309978105,0.1,10.312903225806451,9
habiller mode & vêtements,souvent mode & vêtements,0.0009383797309978105,0.1139240506329114,10.307977071889182,9
mémoire pet care,passage pet care,0.0010426441455531226,0.11494252873563217,10.302932645826619,10
train chaussettes & lingerie,partie chaussettes & lingerie,0.0010426441455531226,0.10526315789473684,10.301825993555317,10
partie chaussettes & lingerie,train chaussettes & lingerie,0.0010426441455531226,0.10204081632653061,10.301825993555317,10
voyager auto & moto,fou auto & moto,0.0009383797309978105,0.10843373493975905,10.296910413932961,9
classe auto & moto,fou auto & moto,0.0009383797309978105,0.10843373493975905,10.296910413932961,9
général électronique,guerre électronique,0.001146908560108435,0.11702127659574468,10.296798750731993,11
guerre électronique,général électronique,0.001146908560108435,0.10091743119266056,10.296798750731993,11
jusque accessoires,manquer accessoires,0.0008341153164424981,0.11594202898550723,10.296296296296294,8
contenir gaming,chasser gaming,0.0012511729746637473,0.12765957446808512,10.288932594314323,12
argent gaming,chasser gaming,0.0012511729746637473,0.12765957446808512,10.288932594314323,12
chasser gaming,contenir gaming,0.0012511729746637473,0.10084033613445378,10.288932594314321,12
chasser gaming,argent gaming,0.0012511729746637473,0.10084033613445378,10.288932594314321,12
appel accessoires,manquer accessoires,0.001146908560108435,0.11578947368421054,10.282748538011697,11
manquer accessoires,appel accessoires,0.001146908560108435,0.10185185185185185,10.282748538011695,11
défaut art & crafts,sec art & crafts,0.001146908560108435,0.12222222222222222,10.282748538011695,11
larme pet care,quart pet care,0.0012511729746637473,0.10714285714285715,10.276071428571429,12
vraiment informatique,puissance informatique,0.0012511729746637473,0.10714285714285715,10.276071428571429,12
quart pet care,larme pet care,0.0012511729746637473,0.12000000000000001,10.276071428571429,12
puissance informatique,vraiment informatique,0.0012511729746637473,0.12000000000000001,10.276071428571429,12
gens jouets & enfants,donc jouets & enfants,0.001146908560108435,0.102803738317757,10.27073598130841,11
très sports & loisirs,surveiller sports & loisirs,0.001146908560108435,0.11458333333333333,10.27073598130841,11
surveiller sports & loisirs,très sports & loisirs,0.001146908560108435,0.102803738317757,10.27073598130841,11
donc jouets & enfants,gens jouets & enfants,0.001146908560108435,0.11458333333333333,10.27073598130841,11
subir sports & loisirs,puisque sports & loisirs,0.0012511729746637473,0.1090909090909091,10.257754010695187,12
soumettre livres & médias,aider livres & médias,0.0009383797309978105,0.10588235294117648,10.257754010695187,9
puisque sports & loisirs,subir sports & loisirs,0.0012511729746637473,0.11764705882352941,10.257754010695187,12
retirer chaussures,vif chaussures,0.001146908560108435,0.11224489795918367,10.252769679300291,11
vif chaussures,retirer chaussures,0.001146908560108435,0.10476190476190475,10.252769679300291,11
repas chaussures,doute chaussures,0.0012511729746637473,0.11650485436893204,10.251358332591076,12
doute chaussures,repas chaussures,0.0012511729746637473,0.11009174311926606,10.251358332591076,12
détail chaussettes & lingerie,doute chaussettes & lingerie,0.0012511729746637473,0.11428571428571428,10.244058744993325,12
doute chaussettes & lingerie,détail chaussettes & lingerie,0.0012511729746637473,0.11214953271028039,10.244058744993325,12
assez accessoires,signe accessoires,0.001146908560108435,0.11,10.242815533980583,11
signe accessoires,assez accessoires,0.001146908560108435,0.10679611650485436,10.242815533980583,11
signe accessoires,hasard accessoires,0.001146908560108435,0.10679611650485436,10.242815533980583,11
hasard accessoires,signe accessoires,0.001146908560108435,0.11,10.242815533980583,11
en beauté & santé,mauvais beauté & santé,0.0014597018037743718,0.12173913043478261,10.242105263157894,14
mauvais beauté & santé,en beauté & santé,0.0014597018037743718,0.12280701754385964,10.242105263157894,14
important téléphonie,si téléphonie,0.0009383797309978105,0.1046511627906977,10.241931656383485,9
jeu téléphonie,si téléphonie,0.0009383797309978105,0.1046511627906977,10.241931656383485,9
tendre informatique,ou informatique,0.0009383797309978105,0.1046511627906977,10.241931656383485,9
dangereux gaming,parfaitement gaming,0.001146908560108435,0.10784313725490195,10.240827023878857,11
petit auto & moto,cesse auto & moto,0.001146908560108435,0.10784313725490195,10.240827023878857,11
cesse auto & moto,petit auto & moto,0.001146908560108435,0.10891089108910891,10.240827023878857,11
heure téléphonie,proposer téléphonie,0.001146908560108435,0.10891089108910891,10.240827023878857,11
proposer téléphonie,heure téléphonie,0.001146908560108435,0.10784313725490195,10.240827023878857,11
parfaitement gaming,dangereux gaming,0.001146908560108435,0.10891089108910891,10.240827023878857,11
mauvais sports & loisirs,fixe sports & loisirs,0.0010426441455531226,0.10989010989010989,10.232582951029553,10
réclamer accessoires,signe accessoires,0.0010426441455531226,0.10989010989010989,10.232582951029553,10
bataille accessoires,assez accessoires,0.0008341153164424981,0.10666666666666666,10.2304,8
fonder chaussettes & lingerie,malade chaussettes & lingerie,0.0012511729746637473,0.12371134020618557,10.228581585495913,12
malade chaussettes & lingerie,fonder chaussettes & lingerie,0.0012511729746637473,0.10344827586206898,10.228581585495913,12
douter sports & loisirs,recherche sports & loisirs,0.0008341153164424981,0.10126582278481013,10.223584277148568,8
surprendre accessoires,appel accessoires,0.0008341153164424981,0.10126582278481013,10.223584277148568,8
habiller mode & vêtements,tu mode & vêtements,0.0008341153164424981,0.10126582278481013,10.223584277148568,8
mauvais beauté & santé,éclat beauté & santé,0.0013554373892190595,0.11403508771929824,10.221593703885883,13
éclat beauté & santé,mauvais beauté & santé,0.0013554373892190595,0.12149532710280374,10.221593703885882,13
trait auto & moto,petit auto & moto,0.0010426441455531226,0.10869565217391304,10.220588235294116,10
vêtement montres,et montres,0.0010426441455531226,0.10869565217391304,10.220588235294116,10
soi livres & médias,cour livres & médias,0.0010426441455531226,0.10869565217391304,10.220588235294116,10
réponse sacs & bagages,libre sacs & bagages,0.0010426441455531226,0.10869565217391304,10.220588235294116,10
temps beauté & santé,auprès beauté & santé,0.0009383797309978105,0.10975609756097562,10.220104191333176,9
demande bijoux,femme bijoux,0.001146908560108435,0.11827956989247311,10.219994187736122,11
tapis électronique,oncle électronique,0.0009383797309978105,0.10227272727272728,10.21768465909091,9
papier sports & loisirs,émotion sports & loisirs,0.0009383797309978105,0.10227272727272728,10.21768465909091,9
frapper auto & moto,intérêt auto & moto,0.0009383797309978105,0.10227272727272728,10.21768465909091,9
pièce pet care,larme pet care,0.0013554373892190595,0.11926605504587155,10.213220838794232,13
larme pet care,pièce pet care,0.0013554373892190595,0.11607142857142856,10.213220838794232,13
douter sports & loisirs,anglais sports & loisirs,0.0009383797309978105,0.1139240506329114,10.21164083757246,9
matière gaming,chat gaming,0.0013554373892190595,0.11818181818181818,10.21154791154791,13
femme bijoux,danger bijoux,0.0013554373892190595,0.1171171171171171,10.21154791154791,13
chat gaming,matière gaming,0.0013554373892190595,0.1171171171171171,10.21154791154791,13
danger bijoux,femme bijoux,0.0013554373892190595,0.11818181818181818,10.21154791154791,13
entrée électronique,général électronique,0.0008341153164424981,0.1,10.203191489361704,8
devant jouets & enfants,réalité jouets & enfants,0.0008341153164424981,0.1,10.203191489361704,8
même sports & loisirs,or sports & loisirs,0.0009383797309978105,0.1,10.203191489361704,9
clair téléphonie,armer téléphonie,0.0009383797309978105,0.1,10.203191489361704,9
nom téléphonie,usage téléphonie,0.0009383797309978105,0.1,10.203191489361704,9
précis alimentation,d'abord alimentation,0.0009383797309978105,0.1,10.203191489361704,9
armer téléphonie,compagnon téléphonie,0.0010426441455531226,0.10638297872340424,10.203191489361702,10
discussion bijoux,côte bijoux,0.0010426441455531226,0.10638297872340424,10.203191489361702,10
détruire auto & moto,cuisine auto & moto,0.0010426441455531226,0.10638297872340424,10.203191489361702,10
armer téléphonie,mur téléphonie,0.0010426441455531226,0.10638297872340424,10.203191489361702,10
membre auto & moto,goutte auto & moto,0.0010426441455531226,0.10638297872340424,10.203191489361702,10
nul montres,capable montres,0.0012511729746637473,0.12121212121212122,10.197767145135566,12
entrée alimentation,brusquement alimentation,0.0010426441455531226,0.10526315789473684,10.197767145135565,10
livrer sacs & bagages,composer sacs & bagages,0.0010426441455531226,0.101010101010101,10.197767145135565,10
composer sacs & bagages,livrer sacs & bagages,0.0010426441455531226,0.10526315789473684,10.197767145135565,10
capable montres,nul montres,0.0012511729746637473,0.10526315789473684,10.197767145135565,12
brusquement alimentation,entrée alimentation,0.0010426441455531226,0.101010101010101,10.197767145135565,10
clef beauté & santé,exécuter beauté & santé,0.0009383797309978105,0.10843373493975905,10.195960311835579,9
serrer jouets & enfants,donc jouets & enfants,0.0010426441455531226,0.10204081632653061,10.19451530612245,10
donc jouets & enfants,serrer jouets & enfants,0.0010426441455531226,0.10416666666666666,10.19451530612245,10
pas mode & vêtements,souvent mode & vêtements,0.0009383797309978105,0.11250000000000002,10.179127358490568,9
possible gaming,chasser gaming,0.0013554373892190595,0.1262135922330097,10.172391286611733,13
chasser gaming,possible gaming,0.0013554373892190595,0.1092436974789916,10.172391286611733,13
empire montres,soumettre montres,0.001146908560108435,0.12087912087912088,10.169751301330248,11
entretenir bijoux,diriger bijoux,0.001146908560108435,0.13253012048192772,10.16877108433735,11
presque art & crafts,faveur art & crafts,0.0008341153164424981,0.1038961038961039,10.168036045587067,8
rôle informatique,porte informatique,0.0012511729746637473,0.10810810810810811,10.165341812400635,12
sentir beauté & santé,exécuter beauté & santé,0.0012511729746637473,0.10810810810810811,10.165341812400635,12
exécuter beauté & santé,sentir beauté & santé,0.0012511729746637473,0.11764705882352941,10.165341812400635,12
porte informatique,rôle informatique,0.0012511729746637473,0.11764705882352941,10.165341812400635,12
rencontrer informatique,rôle informatique,0.0010426441455531226,0.1176470588235294,10.165341812400634,10
fusil auto & moto,intérêt auto & moto,0.0012511729746637473,0.1016949152542373,10.159957627118644,12
intérêt auto & moto,fusil auto & moto,0.0012511729746637473,0.125,10.159957627118644,12
subir sports & loisirs,fixe sports & loisirs,0.0012511729746637473,0.1090909090909091,10.158164165931158,12
fixe sports & loisirs,subir sports & loisirs,0.0012511729746637473,0.11650485436893204,10.158164165931158,12
personnage chaussettes & lingerie,hésiter chaussettes & lingerie,0.0009383797309978105,0.10588235294117648,10.155176470588236,9
gros pet care,quart pet care,0.0009383797309978105,0.10588235294117648,10.155176470588236,9
travers téléphonie,mur téléphonie,0.0009383797309978105,0.10588235294117648,10.155176470588236,9
soumettre livres & médias,police livres & médias,0.0009383797309978105,0.10588235294117648,10.155176470588236,9
cacher sacs & bagages,chaud sacs & bagages,0.0009383797309978105,0.10588235294117648,10.155176470588236,9
poste art & crafts,forcer art & crafts,0.0009383797309978105,0.11538461538461539,10.152787579393085,9
sourd accessoires,manquer accessoires,0.0012511729746637473,0.11428571428571428,10.149206349206349,12
attitude accessoires,sourd accessoires,0.0009383797309978105,0.1111111111111111,10.149206349206349,9
manquer accessoires,sourd accessoires,0.0012511729746637473,0.1111111111111111,10.149206349206349,12
mari accessoires,signe accessoires,0.001146908560108435,0.10891089108910891,10.141401518792655,11
présence chaussures,repas chaussures,0.001146908560108435,0.10891089108910891,10.141401518792655,11
payer montres,fine montres,0.001146908560108435,0.10679611650485436,10.141401518792655,11
fine montres,payer montres,0.001146908560108435,0.10891089108910891,10.141401518792655,11
repas chaussures,présence chaussures,0.001146908560108435,0.10679611650485436,10.141401518792655,11
signe accessoires,mari accessoires,0.001146908560108435,0.10679611650485436,10.141401518792655,11
bataille pet care,phrase pet care,0.001146908560108435,0.10784313725490195,10.140426758938869,11
certain pet care,esprit pet care,0.001146908560108435,0.10784313725490195,10.140426758938869,11
militaire montres,examiner montres,0.001146908560108435,0.10784313725490195,10.140426758938869,11
examiner montres,militaire montres,0.001146908560108435,0.10784313725490195,10.140426758938869,11
chaud chaussettes & lingerie,posséder chaussettes & lingerie,0.001146908560108435,0.10784313725490195,10.140426758938869,11
phrase pet care,bataille pet care,0.001146908560108435,0.10784313725490195,10.140426758938869,11
posséder chaussettes & lingerie,chaud chaussettes & lingerie,0.001146908560108435,0.10784313725490195,10.140426758938869,11
certain pet care,bataille pet care,0.001146908560108435,0.10784313725490195,10.140426758938869,11
bataille pet care,certain pet care,0.001146908560108435,0.10784313725490195,10.140426758938869,11
esprit pet care,certain pet care,0.001146908560108435,0.10784313725490195,10.140426758938869,11
reposer gaming,vous gaming,0.0013554373892190595,0.11206896551724138,10.140126870527,13
vous gaming,reposer gaming,0.0013554373892190595,0.12264150943396225,10.140126870527,13
ville bijoux,oeuvre bijoux,0.0009383797309978105,0.1046511627906977,10.1384778012685,9
jeu téléphonie,veiller téléphonie,0.0010426441455531226,0.11627906976744186,10.138477801268499,10
rire téléphonie,contre téléphonie,0.0010426441455531226,0.10989010989010989,10.134192730346577,10
gens jouets & enfants,veiller jouets & enfants,0.0013554373892190595,0.12149532710280374,10.132710280373832,13
veiller jouets & enfants,transformer jouets & enfants,0.0013554373892190595,0.11304347826086956,10.132710280373832,13
veiller jouets & enfants,gens jouets & enfants,0.0013554373892190595,0.11304347826086956,10.132710280373832,13
transformer jouets & enfants,veiller jouets & enfants,0.0013554373892190595,0.12149532710280374,10.132710280373832,13
bataille accessoires,mari accessoires,0.0008341153164424981,0.10666666666666666,10.12910891089109,8
rire gaming,poser gaming,0.001146908560108435,0.11827956989247311,10.128744239631336,11
naturel maison & jardin,gagner maison & jardin,0.0009383797309978105,0.10344827586206896,10.12420830401126,9
céder maison & jardin,soutenir maison & jardin,0.0009383797309978105,0.10344827586206896,10.12420830401126,9
douter sports & loisirs,taire sports & loisirs,0.0008341153164424981,0.10126582278481013,10.117088607594937,8
chef art & crafts,but art & crafts,0.0008341153164424981,0.10126582278481013,10.117088607594937,8
signe montres,place montres,0.0009383797309978105,0.10227272727272728,10.11234770384255,9
repousser bijoux,réalité bijoux,0.0009383797309978105,0.10227272727272728,10.11234770384255,9
usage téléphonie,ressembler téléphonie,0.001146908560108435,0.11702127659574468,10.111270845313399,11
appuyer chaussettes & lingerie,chaud chaussettes & lingerie,0.0010426441455531226,0.1075268817204301,10.110689437065147,10
route téléphonie,proposer téléphonie,0.0010426441455531226,0.1075268817204301,10.110689437065147,10
regard maison & jardin,depuis maison & jardin,0.0010426441455531226,0.1075268817204301,10.110689437065147,10
être sacs & bagages,libre sacs & bagages,0.0010426441455531226,0.1075268817204301,10.110689437065147,10
usage téléphonie,heure téléphonie,0.0010426441455531226,0.10638297872340424,10.10216979144723,10
il livres & médias,rouge livres & médias,0.0010426441455531226,0.10638297872340424,10.10216979144723,10
découvrir livres & médias,bande livres & médias,0.001146908560108435,0.11578947368421054,10.095789473684212,11
bande livres & médias,découvrir livres & médias,0.001146908560108435,0.1,10.095789473684212,11
avec livres & médias,police livres & médias,0.0008341153164424981,0.10526315789473684,10.09578947368421,8
mauvais beauté & santé,condamner beauté & santé,0.0012511729746637473,0.10526315789473684,10.09578947368421,12
avec livres & médias,apporter livres & médias,0.0008341153164424981,0.10526315789473684,10.09578947368421,8
découvrir livres & médias,éviter livres & médias,0.0010426441455531226,0.10526315789473684,10.09578947368421,10
couper montres,soumettre montres,0.0012511729746637473,0.12000000000000001,10.09578947368421,12
condamner beauté & santé,mauvais beauté & santé,0.0012511729746637473,0.12000000000000001,10.09578947368421,12
de mode & vêtements,soirée mode & vêtements,0.0010426441455531226,0.10526315789473684,10.09578947368421,10
soumettre montres,couper montres,0.0012511729746637473,0.10526315789473684,10.09578947368421,12
davantage livres & médias,voyage livres & médias,0.0010426441455531226,0.11363636363636363,10.091540404040403,10
sur chaussettes & lingerie,gris chaussettes & lingerie,0.0010426441455531226,0.10204081632653061,10.089417210183042,10
endroit maison & jardin,bon maison & jardin,0.0010426441455531226,0.10309278350515463,10.089417210183042,10
gris chaussettes & lingerie,sur chaussettes & lingerie,0.0010426441455531226,0.10309278350515463,10.089417210183042,10
surprendre pet care,chat pet care,0.0010426441455531226,0.10309278350515463,10.089417210183042,10
bon maison & jardin,endroit maison & jardin,0.0010426441455531226,0.10204081632653061,10.089417210183042,10
chat pet care,surprendre pet care,0.0010426441455531226,0.10204081632653061,10.089417210183042,10
escalier pet care,passage pet care,0.0009383797309978105,0.11250000000000002,10.083995327102805,9
forcer art & crafts,but art & crafts,0.001146908560108435,0.10091743119266056,10.082282110091743,11
but art & crafts,forcer art & crafts,0.001146908560108435,0.11458333333333333,10.082282110091743,11
six auto & moto,intérêt auto & moto,0.001146908560108435,0.10091743119266056,10.082282110091743,11
intérêt auto & moto,six auto & moto,0.001146908560108435,0.11458333333333333,10.082282110091743,11
avouer auto & moto,six auto & moto,0.001146908560108435,0.11458333333333333,10.082282110091743,11
six auto & moto,avouer auto & moto,0.001146908560108435,0.10091743119266056,10.082282110091743,11
larme pet care,phrase pet care,0.0012511729746637473,0.10714285714285715,10.074579831932773,12
phrase pet care,larme pet care,0.0012511729746637473,0.11764705882352941,10.074579831932773,12
dangereux gaming,de gaming,0.0012511729746637473,0.11764705882352941,10.074579831932773,12
de gaming,dangereux gaming,0.0012511729746637473,0.10714285714285715,10.074579831932773,12
milieu chaussettes & lingerie,posséder chaussettes & lingerie,0.0009383797309978105,0.10714285714285714,10.074579831932772,9
en sacs & bagages,problème sacs & bagages,0.001146908560108435,0.1134020618556701,10.070733104238258,11
problème sacs & bagages,en sacs & bagages,0.001146908560108435,0.10185185185185185,10.070733104238258,11
sentir beauté & santé,terme beauté & santé,0.0012511729746637473,0.10810810810810811,10.06664917344529,12
terme beauté & santé,sentir beauté & santé,0.0012511729746637473,0.11650485436893204,10.06664917344529,12
reposer gaming,attitude gaming,0.0014597018037743718,0.1206896551724138,10.065517241379311,14
attitude gaming,reposer gaming,0.0014597018037743718,0.12173913043478261,10.065517241379311,14
presque art & crafts,brûler art & crafts,0.0008341153164424981,0.1038961038961039,10.065328610783157,8
haut mode & vêtements,gagner mode & vêtements,0.0012511729746637473,0.11009174311926606,10.056094364351246,12
gagner mode & vêtements,haut mode & vêtements,0.0012511729746637473,0.11428571428571428,10.056094364351244,12
plaine bijoux,émotion bijoux,0.0009383797309978105,0.12162162162162163,10.055801491146319,9
gros pet care,mode pet care,0.0009383797309978105,0.10588235294117648,10.054630168899244,9
dégager accessoires,mari accessoires,0.0009383797309978105,0.10588235294117648,10.054630168899244,9
bras téléphonie,dangereux téléphonie,0.0012511729746637473,0.11320754716981132,10.053459119496855,12
dangereux téléphonie,bras téléphonie,0.0012511729746637473,0.1111111111111111,10.053459119496855,12
signifier mode & vêtements,souvent mode & vêtements,0.0009383797309978105,0.1111111111111111,10.053459119496855,9
couper montres,marche montres,0.001146908560108435,0.11,10.047714285714285,11
sourd accessoires,assez accessoires,0.001146908560108435,0.10476190476190475,10.047714285714285,11
assez accessoires,sourd accessoires,0.001146908560108435,0.11,10.047714285714285,11
hasard accessoires,sourd accessoires,0.001146908560108435,0.11,10.047714285714285,11
marche montres,couper montres,0.001146908560108435,0.10476190476190475,10.047714285714285,11
sourd accessoires,hasard accessoires,0.001146908560108435,0.10476190476190475,10.047714285714285,11
auprès beauté & santé,exécuter beauté & santé,0.001146908560108435,0.10679611650485436,10.041976013706453,11
exécuter beauté & santé,auprès beauté & santé,0.001146908560108435,0.10784313725490195,10.041976013706453,11
monsieur montres,payer montres,0.001146908560108435,0.10784313725490195,10.041976013706453,11
payer montres,militaire montres,0.001146908560108435,0.10679611650485436,10.041976013706453,11
payer montres,monsieur montres,0.001146908560108435,0.10679611650485436,10.041976013706453,11
chaud chaussettes & lingerie,spectacle chaussettes & lingerie,0.001146908560108435,0.10784313725490195,10.041976013706453,11
militaire montres,payer montres,0.001146908560108435,0.10784313725490195,10.041976013706453,11
spectacle chaussettes & lingerie,chaud chaussettes & lingerie,0.001146908560108435,0.10679611650485436,10.041976013706453,11
sec art & crafts,forcer art & crafts,0.0013554373892190595,0.11403508771929824,10.034041525832931,13
forcer art & crafts,sec art & crafts,0.0013554373892190595,0.11926605504587155,10.03404152583293,13
chat gaming,poser gaming,0.0013554373892190595,0.1171171171171171,10.02919884169884,13
poser gaming,chat gaming,0.0013554373892190595,0.11607142857142856,10.02919884169884,13
chef art & crafts,forcer art & crafts,0.0009383797309978105,0.1139240506329114,10.024271280919754,9
profond chaussures,soleil chaussures,0.0010426441455531226,0.10869565217391304,10.024038461538462,10
bataille bijoux,souffrance bijoux,0.0009383797309978105,0.10344827586206896,10.021943573667711,9
bataille bijoux,oeuvre bijoux,0.0009383797309978105,0.10344827586206896,10.021943573667711,9
contenir gaming,celui gaming,0.001146908560108435,0.11702127659574468,10.020991641337385,11
ci beauté & santé,art beauté & santé,0.001146908560108435,0.11702127659574468,10.020991641337385,11
parce que accessoires,signe accessoires,0.0010426441455531226,0.1075268817204301,10.012527403695582,10
appuyer chaussettes & lingerie,spectacle chaussettes & lingerie,0.0010426441455531226,0.1075268817204301,10.012527403695582,10
habitant chaussures,as chaussures,0.0010426441455531226,0.1075268817204301,10.012527403695582,10
vague informatique,ou informatique,0.0009383797309978105,0.10227272727272728,10.009160482374769,9
chemise bijoux,diriger bijoux,0.0012511729746637473,0.13043478260869568,10.008000000000003,12
près jouets & enfants,veiller jouets & enfants,0.0012511729746637473,0.12000000000000001,10.008000000000001,12
police livres & médias,adresser livres & médias,0.0012511729746637473,0.12000000000000001,10.008000000000001,12
veiller jouets & enfants,près jouets & enfants,0.0012511729746637473,0.10434782608695653,10.008000000000001,12
adresser livres & médias,police livres & médias,0.0012511729746637473,0.10434782608695653,10.008000000000001,12
saison auto & moto,petit auto & moto,0.0010426441455531226,0.10638297872340424,10.003128911138923,10
parti sacs & bagages,genre sacs & bagages,0.0010426441455531226,0.10638297872340424,10.003128911138923,10
détruire auto & moto,petit auto & moto,0.0010426441455531226,0.10638297872340424,10.003128911138923,10
peu sacs & bagages,genre sacs & bagages,0.0010426441455531226,0.10638297872340424,10.003128911138923,10
argent gaming,haut gaming,0.0010426441455531226,0.10638297872340424,10.003128911138923,10
journal montres,capable montres,0.0012511729746637473,0.11881188118811882,9.995831162063576,12
avec livres & médias,rouge livres & médias,0.0008341153164424981,0.10526315789473684,9.995831162063574,8
tu mode & vêtements,immense mode & vêtements,0.0010426441455531226,0.10526315789473684,9.995831162063574,10
capable montres,journal montres,0.0012511729746637473,0.10526315789473684,9.995831162063574,12
avouer auto & moto,goutte auto & moto,0.0010426441455531226,0.10416666666666666,9.990625,10
naissance électronique,oncle électronique,0.0009383797309978105,0.1,9.990625,9
beaux jouets & enfants,donc jouets & enfants,0.001146908560108435,0.1,9.990625,11
donc jouets & enfants,beaux jouets & enfants,0.001146908560108435,0.11458333333333333,9.990625,11
silencieux bijoux,côte bijoux,0.0010426441455531226,0.10416666666666666,9.990625,10
goutte maison & jardin,visage maison & jardin,0.0009383797309978105,0.1,9.990625,9
visage maison & jardin,d'abord maison & jardin,0.0010426441455531226,0.10416666666666666,9.990625,10
coeur jouets & enfants,beaux jouets & enfants,0.001146908560108435,0.11458333333333333,9.990625,11
beaux jouets & enfants,coeur jouets & enfants,0.001146908560108435,0.1,9.990625,11
taire sports & loisirs,subir sports & loisirs,0.001146908560108435,0.11458333333333333,9.990625,11
subir sports & loisirs,taire sports & loisirs,0.001146908560108435,0.1,9.990625,11
place montres,nul montres,0.0010426441455531226,0.10309278350515463,9.987503905029676,10
nul montres,place montres,0.0010426441455531226,0.101010101010101,9.987503905029676,10
retirer chaussures,début chaussures,0.0010426441455531226,0.10204081632653061,9.98646397334444,10
début chaussures,retirer chaussures,0.0010426441455531226,0.10204081632653061,9.98646397334444,10
blanc bijoux,passer bijoux,0.0009383797309978105,0.10714285714285714,9.976768377253814,9
bon maison & jardin,convenir maison & jardin,0.001146908560108435,0.11224489795918367,9.96797052154195,11
convenir maison & jardin,bon maison & jardin,0.001146908560108435,0.10185185185185185,9.96797052154195,11
avant sacs & bagages,chaud sacs & bagages,0.0008341153164424981,0.1038961038961039,9.964675324675325,8
officier sacs & bagages,libre sacs & bagages,0.0009383797309978105,0.10588235294117648,9.9560553633218,9
pas sports & loisirs,puisque sports & loisirs,0.0009383797309978105,0.10588235294117648,9.9560553633218,9
paupière pet care,esprit pet care,0.001146908560108435,0.10576923076923077,9.945418552036198,11
esprit pet care,paupière pet care,0.001146908560108435,0.10784313725490195,9.945418552036198,11
repas chaussures,as chaussures,0.001146908560108435,0.10679611650485436,9.944481100952022,11
as chaussures,repas chaussures,0.001146908560108435,0.10679611650485436,9.944481100952022,11
important téléphonie,heure téléphonie,0.0009383797309978105,0.1046511627906977,9.93771586460972,9
ailleurs électronique,théâtre électronique,0.0009383797309978105,0.1046511627906977,9.93771586460972,9
bataille accessoires,signe accessoires,0.0008341153164424981,0.10666666666666666,9.932427184466018,8
bataille bijoux,femme bijoux,0.0010426441455531226,0.11494252873563217,9.931655793724758,10
jusque accessoires,habitant accessoires,0.0007298509018871859,0.10144927536231883,9.928571428571429,7
diriger bijoux,émotion bijoux,0.0015639662183296842,0.12000000000000001,9.921724137931037,15
céder maison & jardin,d'abord maison & jardin,0.0009383797309978105,0.10344827586206896,9.921724137931035,9
émotion bijoux,diriger bijoux,0.0015639662183296842,0.12931034482758622,9.921724137931035,15
fonder livres & médias,police livres & médias,0.0009383797309978105,0.10344827586206896,9.921724137931035,9
habitant chaussures,soleil chaussures,0.0010426441455531226,0.1075268817204301,9.916253101736972,10
l'un informatique,vraiment informatique,0.001146908560108435,0.11578947368421054,9.915507518796993,11
chef art & crafts,faveur art & crafts,0.0008341153164424981,0.10126582278481013,9.91061741152157,8
loin téléphonie,veiller téléphonie,0.0010426441455531226,0.11363636363636363,9.90805785123967,10
fauteuil informatique,trait informatique,0.0009383797309978105,0.10227272727272728,9.90805785123967,9
vague informatique,trait informatique,0.0009383797309978105,0.10227272727272728,9.90805785123967,9
contenir gaming,possible gaming,0.0010426441455531226,0.10638297872340424,9.906011154720098,10
de électronique,guerre électronique,0.0009383797309978105,0.11250000000000002,9.898967889908258,9
sourire sports & loisirs,puisque sports & loisirs,0.0008341153164424981,0.10526315789473684,9.897832817337461,8
avec livres & médias,cour livres & médias,0.0008341153164424981,0.10526315789473684,9.897832817337461,8
assez chaussettes & lingerie,sur chaussettes & lingerie,0.0009383797309978105,0.10112359550561799,9.896698005044716,9
prouver chaussures,début chaussures,0.0009383797309978105,0.10112359550561799,9.896698005044716,9
trente chaussures,mourir chaussures,0.0009383797309978105,0.10112359550561799,9.896698005044716,9
avouer auto & moto,fou auto & moto,0.0010426441455531226,0.10416666666666666,9.89170792079208,10
intérêt auto & moto,cesse auto & moto,0.0010426441455531226,0.10416666666666666,9.89170792079208,10
quant à informatique,cent informatique,0.0008341153164424981,0.1,9.887628865979382,8
fonder chaussettes & lingerie,larme chaussettes & lingerie,0.0010426441455531226,0.10309278350515463,9.887628865979382,10
ensuite montres,place montres,0.001146908560108435,0.1,9.887628865979382,11
dimanche informatique,cent informatique,0.0008341153164424981,0.1,9.887628865979382,8
mémoire chaussures,place chaussures,0.0010426441455531226,0.10309278350515463,9.887628865979382,10
place montres,ensuite montres,0.001146908560108435,0.1134020618556701,9.887628865979382,11
pourquoi montres,nul montres,0.0010426441455531226,0.10204081632653061,9.885590599876314,10
nul montres,pourquoi montres,0.0010426441455531226,0.101010101010101,9.885590599876313,10
éternel gaming,chat gaming,0.0008341153164424981,0.11428571428571428,9.874903474903475,8
craindre sacs & bagages,problème sacs & bagages,0.0009383797309978105,0.1111111111111111,9.867283950617283,9
vérité montres,nul montres,0.001146908560108435,0.10185185185185185,9.867283950617283,11
nul montres,vérité montres,0.001146908560108435,0.1111111111111111,9.867283950617283,11
goutte maison & jardin,convenir maison & jardin,0.0010426441455531226,0.11111111111111109,9.867283950617281,10
cour accessoires,manquer accessoires,0.0010426441455531226,0.11111111111111109,9.867283950617281,10
silence maison & jardin,convenir maison & jardin,0.0010426441455531226,0.11111111111111109,9.867283950617281,10
refuser beauté & santé,en beauté & santé,0.001146908560108435,0.11827956989247311,9.864516129032257,11
rire gaming,attitude gaming,0.001146908560108435,0.11827956989247311,9.864516129032257,11
grand jouets & enfants,souhaiter jouets & enfants,0.001146908560108435,0.102803738317757,9.859906542056075,11
souhaiter jouets & enfants,grand jouets & enfants,0.001146908560108435,0.11,9.859906542056075,11
hésiter chaussettes & lingerie,doute chaussettes & lingerie,0.001146908560108435,0.11,9.859906542056075,11
doute chaussettes & lingerie,hésiter chaussettes & lingerie,0.001146908560108435,0.102803738317757,9.859906542056075,11
personnage chaussettes & lingerie,spectacle chaussettes & lingerie,0.0009383797309978105,0.10588235294117648,9.859394631639065,9
hiver accessoires,signe accessoires,0.0009383797309978105,0.10588235294117648,9.859394631639065,9
partie beauté & santé,auprès beauté & santé,0.0009383797309978105,0.10588235294117648,9.859394631639065,9
mauvais beauté & santé,sentir beauté & santé,0.0013554373892190595,0.11403508771929824,9.85324798482693,13
sentir beauté & santé,mauvais beauté & santé,0.0013554373892190595,0.1171171171171171,9.85324798482693,13
mauvais sports & loisirs,surveiller sports & loisirs,0.0010426441455531226,0.10989010989010989,9.850056485570505,10
premier jouets & enfants,transformer jouets & enfants,0.0010426441455531226,0.10989010989010989,9.850056485570505,10
non chaussures,désir chaussures,0.001146908560108435,0.11702127659574468,9.84518477043673,11
milieu chaussettes & lingerie,malade chaussettes & lingerie,0.0010426441455531226,0.11904761904761903,9.842980295566502,10
commencer gaming,de gaming,0.0010426441455531226,0.11494252873563217,9.842980295566502,10
veille maison & jardin,depuis maison & jardin,0.0009383797309978105,0.1046511627906977,9.84028727770178,9
tendre informatique,fidèle informatique,0.0009383797309978105,0.1046511627906977,9.84028727770178,9
temps beauté & santé,éclat beauté & santé,0.0009383797309978105,0.10975609756097562,9.838044221563713,9
compte montres,examiner montres,0.001146908560108435,0.12087912087912088,9.825013969081766,11
reposer gaming,parfaitement gaming,0.0012511729746637473,0.10344827586206898,9.823489245476274,12
malade chaussettes & lingerie,grave chaussettes & lingerie,0.0012511729746637473,0.10344827586206898,9.823489245476274,12
grave chaussettes & lingerie,malade chaussettes & lingerie,0.0012511729746637473,0.11881188118811882,9.823489245476273,12
fonder livres & médias,regretter livres & médias,0.0009383797309978105,0.10344827586206896,9.823489245476273,9
parfaitement gaming,reposer gaming,0.0012511729746637473,0.11881188118811882,9.823489245476273,12
refuser beauté & santé,sonner beauté & santé,0.0010426441455531226,0.1075268817204301,9.821812596006144,10
regard maison & jardin,tenter maison & jardin,0.0010426441455531226,0.1075268817204301,9.821812596006144,10
plaine mode & vêtements,gagner mode & vêtements,0.0010426441455531226,0.1075268817204301,9.821812596006144,10
entrer bijoux,femme bijoux,0.0010426441455531226,0.11363636363636363,9.818796068796068,10
discussion beauté & santé,art beauté & santé,0.001146908560108435,0.11458333333333333,9.812220982142856,11
armer téléphonie,amuser téléphonie,0.0010426441455531226,0.10638297872340424,9.810761047463174,10
sommet art & crafts,valeur art & crafts,0.0008341153164424981,0.10126582278481013,9.810510164940544,8
révolution alimentation,brusquement alimentation,0.0008341153164424981,0.10126582278481013,9.810510164940544,8
chef art & crafts,valeur art & crafts,0.0008341153164424981,0.10126582278481013,9.810510164940544,8
songer art & crafts,brûler art & crafts,0.0008341153164424981,0.10126582278481013,9.810510164940544,8
fenêtre mode & vêtements,combien mode & vêtements,0.0008341153164424981,0.10126582278481013,9.810510164940544,8
fauteuil informatique,puissance informatique,0.0009383797309978105,0.10227272727272728,9.808977272727274,9
davantage livres & médias,police livres & médias,0.0009383797309978105,0.10227272727272728,9.808977272727274,9
court pet care,quart pet care,0.0009383797309978105,0.10227272727272728,9.808977272727274,9
grain livres & médias,police livres & médias,0.0009383797309978105,0.10227272727272728,9.808977272727274,9
grain livres & médias,éviter livres & médias,0.0009383797309978105,0.10227272727272728,9.808977272727274,9
frapper auto & moto,cuisine auto & moto,0.0009383797309978105,0.10227272727272728,9.808977272727274,9
découvrir livres & médias,rideau livres & médias,0.0010426441455531226,0.10526315789473684,9.801737353091466,10
as chaussures,désir chaussures,0.0012511729746637473,0.11650485436893204,9.801737353091466,12
désir chaussures,as chaussures,0.0012511729746637473,0.10526315789473684,9.801737353091466,12
tu mode & vêtements,nouveau mode & vêtements,0.0010426441455531226,0.10526315789473684,9.801737353091466,10
malade beauté & santé,souhaiter beauté & santé,0.0010426441455531226,0.10526315789473684,9.801737353091466,10
promettre jouets & enfants,beaux jouets & enfants,0.0010426441455531226,0.11235955056179775,9.796731358529112,10
obliger art & crafts,valeur art & crafts,0.0009383797309978105,0.10112359550561799,9.796731358529112,9
émotion sports & loisirs,puisque sports & loisirs,0.0010426441455531226,0.10416666666666666,9.794730392156861,10
très sports & loisirs,puisque sports & loisirs,0.0010426441455531226,0.10416666666666666,9.794730392156861,10
quant à informatique,revoir informatique,0.0008341153164424981,0.1,9.786734693877552,8
habitant accessoires,hasard accessoires,0.0010426441455531226,0.10204081632653061,9.786734693877552,10
partie chaussettes & lingerie,hésiter chaussettes & lingerie,0.0010426441455531226,0.10204081632653061,9.786734693877552,10
revoir informatique,puissance informatique,0.0010426441455531226,0.10204081632653061,9.786734693877552,10
défaut art & crafts,faveur art & crafts,0.0009383797309978105,0.1,9.786734693877552,9
cour accessoires,habitant accessoires,0.0009383797309978105,0.1,9.786734693877552,9
si téléphonie,compagnon téléphonie,0.0010426441455531226,0.10204081632653061,9.786734693877552,10
goutte maison & jardin,bon maison & jardin,0.0009383797309978105,0.1,9.786734693877552,9
éternel gaming,attacher gaming,0.0007298509018871859,0.1,9.786734693877552,7
douceur mode & vêtements,gagner mode & vêtements,0.0009383797309978105,0.10714285714285714,9.78673469387755,9
milieu chaussettes & lingerie,trésor chaussettes & lingerie,0.0009383797309978105,0.10714285714285714,9.78673469387755,9
colère téléphonie,bras téléphonie,0.0012511729746637473,0.10810810810810811,9.781744008159103,12
bras téléphonie,colère téléphonie,0.0012511729746637473,0.11320754716981132,9.781744008159102,12
appuyer chaussettes & lingerie,malade chaussettes & lingerie,0.001146908560108435,0.11827956989247311,9.779477196885429,11
flot électronique,cuisine électronique,0.0008341153164424981,0.1038961038961039,9.769289533995417,8
avant sacs & bagages,genre sacs & bagages,0.0008341153164424981,0.1038961038961039,9.769289533995417,8
grave chaussettes & lingerie,doute chaussettes & lingerie,0.001146908560108435,0.10891089108910891,9.762283705006015,11
parfaitement gaming,consentir gaming,0.001146908560108435,0.10891089108910891,9.762283705006015,11
doute chaussettes & lingerie,grave chaussettes & lingerie,0.001146908560108435,0.102803738317757,9.762283705006015,11
consentir gaming,parfaitement gaming,0.001146908560108435,0.102803738317757,9.762283705006015,11
compte montres,vérité montres,0.0010426441455531226,0.10989010989010989,9.758852258852258,10
ton sports & loisirs,puisque sports & loisirs,0.001146908560108435,0.10377358490566038,9.757769145394006,11
puisque sports & loisirs,ton sports & loisirs,0.001146908560108435,0.10784313725490195,9.757769145394006,11
vif chaussures,repas chaussures,0.001146908560108435,0.10476190476190475,9.755062413314839,11
sonner beauté & santé,souhaiter beauté & santé,0.001146908560108435,0.10476190476190475,9.755062413314839,11
sonner beauté & santé,terme beauté & santé,0.001146908560108435,0.10476190476190475,9.755062413314839,11
terme beauté & santé,sonner beauté & santé,0.001146908560108435,0.10679611650485436,9.755062413314839,11
repas chaussures,vif chaussures,0.001146908560108435,0.10679611650485436,9.755062413314839,11
as chaussures,vif chaussures,0.001146908560108435,0.10679611650485436,9.755062413314839,11
souhaiter beauté & santé,sonner beauté & santé,0.001146908560108435,0.10679611650485436,9.755062413314839,11
trésor chaussettes & lingerie,spectacle chaussettes & lingerie,0.001146908560108435,0.10476190476190475,9.755062413314839,11
vif chaussures,as chaussures,0.001146908560108435,0.10476190476190475,9.755062413314839,11
spectacle chaussettes & lingerie,trésor chaussettes & lingerie,0.001146908560108435,0.10679611650485436,9.755062413314839,11
île chaussettes & lingerie,doute chaussettes & lingerie,0.0010426441455531226,0.10869565217391304,9.742990654205608,10
réfléchir chaussettes & lingerie,doute chaussettes & lingerie,0.0010426441455531226,0.10869565217391304,9.742990654205608,10
guerre sports & loisirs,ton sports & loisirs,0.0010426441455531226,0.1075268817204301,9.729153986609859,10
commencer gaming,bas gaming,0.0009383797309978105,0.10344827586206896,9.727180527383366,9
bien chaussettes & lingerie,malade chaussettes & lingerie,0.0010426441455531226,0.1176470588235294,9.727180527383366,10
commencer gaming,haut gaming,0.0009383797309978105,0.10344827586206896,9.727180527383366,9
préférer sacs & bagages,libre sacs & bagages,0.0009383797309978105,0.10344827586206896,9.727180527383366,9
ci beauté & santé,sonner beauté & santé,0.0010426441455531226,0.10638297872340424,9.717325227963524,10
secret montres,payer montres,0.0012511729746637473,0.10434782608695653,9.716504854368933,12
attitude gaming,possible gaming,0.0012511729746637473,0.10434782608695653,9.716504854368933,12
payer montres,secret montres,0.0012511729746637473,0.11650485436893204,9.716504854368932,12
possible gaming,attitude gaming,0.0012511729746637473,0.11650485436893204,9.716504854368932,12
voiture chaussettes & lingerie,grave chaussettes & lingerie,0.0009383797309978105,0.10227272727272728,9.711858685868588,9
extraordinaire accessoires,mari accessoires,0.0009383797309978105,0.10227272727272728,9.711858685868588,9
vague informatique,tromper informatique,0.0009383797309978105,0.10227272727272728,9.711858685868588,9
rare pet care,mode pet care,0.0009383797309978105,0.10227272727272728,9.711858685868588,9
fort téléphonie,compagnon téléphonie,0.0009383797309978105,0.10112359550561799,9.698764044943822,9
mariage téléphonie,compagnon téléphonie,0.0009383797309978105,0.10112359550561799,9.698764044943822,9
épaule livres & médias,apporter livres & médias,0.0009383797309978105,0.10112359550561799,9.698764044943822,9
attacher gaming,chat gaming,0.001146908560108435,0.11224489795918367,9.698565912851626,11
si téléphonie,colère téléphonie,0.001146908560108435,0.11224489795918367,9.698565912851626,11
revoir informatique,rôle informatique,0.001146908560108435,0.11224489795918367,9.698565912851626,11
fonder chaussettes & lingerie,posséder chaussettes & lingerie,0.0010426441455531226,0.10309278350515463,9.693753790175863,10
réalité bijoux,lien bijoux,0.0010426441455531226,0.10309278350515463,9.693753790175863,10
succès montres,fine montres,0.0010426441455531226,0.10204081632653061,9.689836330571833,10
habitant accessoires,mari accessoires,0.0010426441455531226,0.10204081632653061,9.689836330571833,10
ou informatique,fort informatique,0.0010426441455531226,0.10204081632653061,9.689836330571833,10
début chaussures,présence chaussures,0.0010426441455531226,0.10204081632653061,9.689836330571833,10
résultat sports & loisirs,subir sports & loisirs,0.0010426441455531226,0.11111111111111109,9.687878787878786,10
aider livres & médias,police livres & médias,0.0010426441455531226,0.101010101010101,9.687878787878786,10
reposer gaming,chat gaming,0.0013554373892190595,0.11206896551724138,9.68336439888164,13
chat gaming,reposer gaming,0.0013554373892190595,0.1171171171171171,9.68336439888164,13
haut mode & vêtements,soirée mode & vêtements,0.001146908560108435,0.10091743119266056,9.678990825688073,11
cuisine auto & moto,six auto & moto,0.001146908560108435,0.11,9.678990825688073,11
soirée mode & vêtements,haut mode & vêtements,0.001146908560108435,0.11,9.678990825688073,11
six auto & moto,cuisine auto & moto,0.001146908560108435,0.10091743119266056,9.678990825688073,11
argent gaming,reposer gaming,0.001146908560108435,0.11702127659574468,9.6754402054292,11
voyage livres & médias,rouge livres & médias,0.001146908560108435,0.10185185185185185,9.671892189218921,11
fine montres,vérité montres,0.001146908560108435,0.10891089108910891,9.671892189218921,11
vérité montres,fine montres,0.001146908560108435,0.10185185185185185,9.671892189218921,11
rouge livres & médias,voyage livres & médias,0.001146908560108435,0.10891089108910891,9.671892189218921,11
bien chaussettes & lingerie,détail chaussettes & lingerie,0.0009383797309978105,0.10588235294117648,9.671596638655462,9
exécuter beauté & santé,éclat beauté & santé,0.001146908560108435,0.10784313725490195,9.666575041231445,11
phrase pet care,passage pet care,0.001146908560108435,0.10784313725490195,9.666575041231445,11
passage pet care,phrase pet care,0.001146908560108435,0.102803738317757,9.666575041231445,11
éclat beauté & santé,exécuter beauté & santé,0.001146908560108435,0.102803738317757,9.666575041231445,11
découvrir livres & médias,adresser livres & médias,0.001146908560108435,0.11578947368421054,9.65684210526316,11
repousser bijoux,situation bijoux,0.0010426441455531226,0.11363636363636363,9.64501206757844,10
bataille pet care,envoyer pet care,0.0012511729746637473,0.11764705882352941,9.644042232277526,12
envoyer pet care,bataille pet care,0.0012511729746637473,0.10256410256410256,9.644042232277526,12
long pet care,passage pet care,0.0010426441455531226,0.1075268817204301,9.638227313837804,10
quant à informatique,vraiment informatique,0.0009383797309978105,0.11250000000000002,9.633816964285716,9
fonder livres & médias,rideau livres & médias,0.0009383797309978105,0.10344827586206896,9.63274188148644,9
commencer gaming,possible gaming,0.0009383797309978105,0.10344827586206896,9.63274188148644,9
d'abord accessoires,signe accessoires,0.0009383797309978105,0.10344827586206896,9.63274188148644,9
réalité bijoux,situation bijoux,0.001146908560108435,0.1134020618556701,9.625125444758691,11
signe montres,monsieur montres,0.0009383797309978105,0.10227272727272728,9.616644385026738,9
frapper auto & moto,franc auto & moto,0.0009383797309978105,0.10227272727272728,9.616644385026738,9
rare pet care,bataille pet care,0.0009383797309978105,0.10227272727272728,9.616644385026738,9
signe montres,et montres,0.0009383797309978105,0.10227272727272728,9.616644385026738,9
voiture chaussettes & lingerie,posséder chaussettes & lingerie,0.0009383797309978105,0.10227272727272728,9.616644385026738,9
court pet care,phrase pet care,0.0009383797309978105,0.10227272727272728,9.616644385026738,9
retirer auto & moto,petit auto & moto,0.0009383797309978105,0.10227272727272728,9.616644385026738,9
capable montres,marche montres,0.0012511729746637473,0.10526315789473684,9.615037593984962,12
marche montres,capable montres,0.0012511729746637473,0.11428571428571428,9.615037593984962,12
ou informatique,vraiment informatique,0.001146908560108435,0.11224489795918367,9.611971574344023,11
donc jouets & enfants,danger jouets & enfants,0.0010426441455531226,0.10416666666666666,9.606370192307692,10
passage pet care,larme pet care,0.0012511729746637473,0.11214953271028039,9.603805073431243,12
larme pet care,passage pet care,0.0012511729746637473,0.10714285714285715,9.603805073431243,12
trente chaussures,présence chaussures,0.0009383797309978105,0.10112359550561799,9.6027366781622,9
foi informatique,fort informatique,0.0009383797309978105,0.10112359550561799,9.6027366781622,9
chance chaussures,présence chaussures,0.0009383797309978105,0.10112359550561799,9.6027366781622,9
fort téléphonie,heure téléphonie,0.0009383797309978105,0.10112359550561799,9.6027366781622,9
poser gaming,reposer gaming,0.0013554373892190595,0.11607142857142856,9.59690578817734,13
reposer gaming,poser gaming,0.0013554373892190595,0.11206896551724138,9.59690578817734,13
revoir informatique,fidèle informatique,0.0010426441455531226,0.10204081632653061,9.59483793517407,10
revoir informatique,porte informatique,0.0010426441455531226,0.10204081632653061,9.59483793517407,10
chat pet care,esprit pet care,0.0010426441455531226,0.10204081632653061,9.59483793517407,10
si téléphonie,proposer téléphonie,0.0010426441455531226,0.10204081632653061,9.59483793517407,10
attacher gaming,dangereux gaming,0.0010426441455531226,0.10204081632653061,9.59483793517407,10
nul montres,dont montres,0.0010426441455531226,0.101010101010101,9.591959195919591,10
tel montres,dont montres,0.0010426441455531226,0.101010101010101,9.591959195919591,10
devoir jouets & enfants,près jouets & enfants,0.0008341153164424981,0.1,9.591000000000001,8
valoir pet care,calme pet care,0.0009383797309978105,0.1,9.591000000000001,9
silence maison & jardin,d'abord maison & jardin,0.0009383797309978105,0.1,9.591000000000001,9
sur mode & vêtements,soirée mode & vêtements,0.0008341153164424981,0.1,9.591000000000001,8
jusque pet care,calme pet care,0.0009383797309978105,0.1,9.591000000000001,9
général auto & moto,cuisine auto & moto,0.0009383797309978105,0.1,9.591000000000001,9
volonté art & crafts,sec art & crafts,0.0009383797309978105,0.1139240506329114,9.584610259826782,9
secours bijoux,danger bijoux,0.0010426441455531226,0.10989010989010989,9.581418581418582,10
transformer jouets & enfants,exprimer jouets & enfants,0.001146908560108435,0.102803738317757,9.572724798112693,11
souhaiter beauté & santé,éclat beauté & santé,0.001146908560108435,0.10679611650485436,9.572724798112693,11
éclat beauté & santé,souhaiter beauté & santé,0.001146908560108435,0.102803738317757,9.572724798112693,11
exprimer jouets & enfants,transformer jouets & enfants,0.001146908560108435,0.10679611650485436,9.572724798112693,11
demeurer jouets & enfants,beaux jouets & enfants,0.0009383797309978105,0.10975609756097562,9.569733924611976,9
souvenir jouets & enfants,beaux jouets & enfants,0.0009383797309978105,0.10975609756097562,9.569733924611976,9
afin de mode & vêtements,haut mode & vêtements,0.0010426441455531226,0.10869565217391304,9.564220183486238,10
afin de mode & vêtements,céder mode & vêtements,0.0010426441455531226,0.10869565217391304,9.564220183486238,10
court beauté & santé,mauvais beauté & santé,0.0010426441455531226,0.11363636363636363,9.560406698564593,10
veille maison & jardin,tenter maison & jardin,0.0009383797309978105,0.1046511627906977,9.559136212624585,9
tandis que livres & médias,adresser livres & médias,0.001146908560108435,0.11458333333333333,9.55625,11
céder mode & vêtements,céder mode & vêtements,0.0009383797309978105,0.10843373493975905,9.541173869791093,9
réalité jouets & enfants,grand jouets & enfants,0.0010426441455531226,0.10638297872340424,9.53569298071187,10
visage maison & jardin,tenter maison & jardin,0.0010426441455531226,0.10416666666666666,9.51488095238095,10
camarade gaming,celui gaming,0.0010426441455531226,0.11111111111111109,9.51488095238095,10
lui auto & moto,petit auto & moto,0.0009383797309978105,0.10112359550561799,9.508592200925314,9
épaule livres & médias,cour livres & médias,0.0009383797309978105,0.10112359550561799,9.508592200925314,9
près pet care,certain pet care,0.0009383797309978105,0.10112359550561799,9.508592200925314,9
surprendre pet care,paupière pet care,0.0010426441455531226,0.10309278350515463,9.507335448057098,10
mémoire chaussures,soleil chaussures,0.0010426441455531226,0.10309278350515463,9.507335448057098,10
partie chaussettes & lingerie,spectacle chaussettes & lingerie,0.0010426441455531226,0.10204081632653061,9.501684168813156,10
humide beauté & santé,souhaiter beauté & santé,0.0010426441455531226,0.10204081632653061,9.501684168813156,10
pourquoi montres,payer montres,0.0010426441455531226,0.10204081632653061,9.501684168813156,10
succès montres,payer montres,0.0010426441455531226,0.10204081632653061,9.501684168813156,10
nul montres,monsieur montres,0.0010426441455531226,0.101010101010101,9.49792038027332,10
visite électronique,théâtre électronique,0.0008341153164424981,0.1,9.496039603960398,8
éternel gaming,parfaitement gaming,0.0007298509018871859,0.1,9.496039603960398,7
ensuite montres,dont montres,0.001146908560108435,0.1,9.496039603960398,11
pas mode & vêtements,immense mode & vêtements,0.0008341153164424981,0.1,9.496039603960398,8
dont montres,ensuite montres,0.001146908560108435,0.10891089108910891,9.496039603960396,11
rire téléphonie,colère téléphonie,0.0010426441455531226,0.10989010989010989,9.495099495099494,10
jeunesse téléphonie,colère téléphonie,0.0010426441455531226,0.10989010989010989,9.495099495099494,10
rire téléphonie,ressembler téléphonie,0.0010426441455531226,0.10989010989010989,9.495099495099494,10
guerre électronique,cuisine électronique,0.001146908560108435,0.10091743119266056,9.489206691851052,11
cuisine électronique,guerre électronique,0.001146908560108435,0.10784313725490195,9.489206691851052,11
franc auto & moto,six auto & moto,0.001146908560108435,0.10784313725490195,9.489206691851052,11
six auto & moto,franc auto & moto,0.001146908560108435,0.10091743119266056,9.489206691851052,11
soi livres & médias,bande livres & médias,0.0010426441455531226,0.10869565217391304,9.477272727272727,10
ouvrage art & crafts,forcer art & crafts,0.0010426441455531226,0.1075268817204301,9.46137910624445,10
signifier mode & vêtements,haut mode & vêtements,0.0010426441455531226,0.1075268817204301,9.46137910624445,10
envoyer pet care,paupière pet care,0.0012511729746637473,0.10256410256410256,9.458579881656805,12
paupière pet care,envoyer pet care,0.0012511729746637473,0.11538461538461539,9.458579881656805,12
quoi beauté & santé,en beauté & santé,0.001146908560108435,0.1134020618556701,9.457731958762887,11
habitant chaussures,ton chaussures,0.001146908560108435,0.11827956989247311,9.453494623655914,11
prouver chaussures,désir chaussures,0.0010426441455531226,0.11235955056179775,9.452986398580721,10
faveur art & crafts,sec art & crafts,0.001146908560108435,0.11224489795918367,9.443340494092373,11
début chaussures,désir chaussures,0.001146908560108435,0.11224489795918367,9.443340494092373,11
conclure jouets & enfants,grand jouets & enfants,0.0010426441455531226,0.10526315789473684,9.43531726512543,10
précis chaussures,soleil chaussures,0.0009383797309978105,0.10227272727272728,9.431708916083917,9
court pet care,paupière pet care,0.0009383797309978105,0.10227272727272728,9.431708916083917,9
taire sports & loisirs,ton sports & loisirs,0.0010426441455531226,0.10416666666666666,9.425117924528301,10
fonder chaussettes & lingerie,trésor chaussettes & lingerie,0.0010426441455531226,0.10309278350515463,9.416789396170838,10
quoi beauté & santé,sonner beauté & santé,0.0010426441455531226,0.10309278350515463,9.416789396170838,10
fonder chaussettes & lingerie,détail chaussettes & lingerie,0.0010426441455531226,0.10309278350515463,9.416789396170838,10
chance chaussures,repas chaussures,0.0009383797309978105,0.10112359550561799,9.416275771790119,9
prouver chaussures,as chaussures,0.0009383797309978105,0.10112359550561799,9.416275771790119,9
trente chaussures,repas chaussures,0.0009383797309978105,0.10112359550561799,9.416275771790119,9
tromper informatique,rôle informatique,0.001146908560108435,0.10891089108910891,9.41048969761841,11
fort informatique,rôle informatique,0.001146908560108435,0.10891089108910891,9.41048969761841,11
mourir chaussures,soleil chaussures,0.0010426441455531226,0.10204081632653061,9.410321821036108,10
vers beauté & santé,terme beauté & santé,0.0010426441455531226,0.101010101010101,9.405707561047365,10
vers beauté & santé,auprès beauté & santé,0.0010426441455531226,0.101010101010101,9.405707561047365,10
oeuvre bijoux,passer bijoux,0.0010426441455531226,0.101010101010101,9.405707561047365,10
monsieur montres,ensuite montres,0.001146908560108435,0.10784313725490195,9.402941176470588,11
ensuite montres,monsieur montres,0.001146908560108435,0.1,9.402941176470588,11
général auto & moto,petit auto & moto,0.0009383797309978105,0.1,9.402941176470588,9
bande livres & médias,cour livres & médias,0.001146908560108435,0.1,9.402941176470588,11
cour livres & médias,bande livres & médias,0.001146908560108435,0.10784313725490195,9.402941176470588,11
encore beauté & santé,art beauté & santé,0.0009383797309978105,0.10975609756097562,9.398845818815332,9
trésor chaussettes & lingerie,doute chaussettes & lingerie,0.001146908560108435,0.10476190476190475,9.390387182910548,11
doute chaussettes & lingerie,trésor chaussettes & lingerie,0.001146908560108435,0.102803738317757,9.390387182910546,11
demande bijoux,danger bijoux,0.0010426441455531226,0.1075268817204301,9.375366568914956,10
contraire gaming,chasser gaming,0.0010426441455531226,0.11627906976744186,9.37170216923979,10
saison auto & moto,six auto & moto,0.0010426441455531226,0.10638297872340424,9.360726137029083,10
non chaussures,ton chaussures,0.001146908560108435,0.11702127659574468,9.352925531914893,11
composer sacs & bagages,problème sacs & bagages,0.0010426441455531226,0.10526315789473684,9.347953216374268,10
faible sacs & bagages,problème sacs & bagages,0.0010426441455531226,0.10526315789473684,9.347953216374268,10
tel montres,soumettre montres,0.001146908560108435,0.1111111111111111,9.347953216374268,11
davantage livres & médias,entraîner livres & médias,0.0009383797309978105,0.10227272727272728,9.341883116883118,9
plaine bijoux,femme bijoux,0.0008341153164424981,0.1081081081081081,9.341124908692475,8
coeur jouets & enfants,transformer jouets & enfants,0.0010426441455531226,0.10416666666666666,9.337032710280374,10
taire sports & loisirs,surveiller sports & loisirs,0.0010426441455531226,0.10416666666666666,9.337032710280374,10
exprimer sports & loisirs,surveiller sports & loisirs,0.0010426441455531226,0.10416666666666666,9.337032710280374,10
côte bijoux,situation bijoux,0.001146908560108435,0.11,9.33637168141593,11
près pet care,paupière pet care,0.0009383797309978105,0.10112359550561799,9.32573465859983,9
pourquoi montres,marche montres,0.0010426441455531226,0.10204081632653061,9.32069970845481,10
dangereux gaming,chat gaming,0.001146908560108435,0.10784313725490195,9.318229994700582,11
compte mode & vêtements,nouveau mode & vêtements,0.0009383797309978105,0.1,9.311650485436894,9
ensuite montres,payer montres,0.001146908560108435,0.1,9.311650485436894,11
payer montres,ensuite montres,0.001146908560108435,0.10679611650485436,9.311650485436893,11
rire gaming,chat gaming,0.0010426441455531226,0.1075268817204301,9.290903807032837,10
armer téléphonie,veiller téléphonie,0.0010426441455531226,0.10638297872340424,9.275628626692455,10
plaire livres & médias,bande livres & médias,0.0010426441455531226,0.10638297872340424,9.275628626692455,10
secours bijoux,diriger bijoux,0.001146908560108435,0.12087912087912088,9.274813186813187,11
de mode & vêtements,céder mode & vêtements,0.0010426441455531226,0.10526315789473684,9.262192177691936,10
tu mode & vêtements,haut mode & vêtements,0.0010426441455531226,0.10526315789473684,9.262192177691936,10
danger bijoux,situation bijoux,0.0012511729746637473,0.1090909090909091,9.259211584875302,12
situation bijoux,danger bijoux,0.0012511729746637473,0.10619469026548674,9.259211584875302,12
couper montres,capable montres,0.001146908560108435,0.11,9.254473684210526,11
tandis que livres & médias,voyage livres & médias,0.0010426441455531226,0.10416666666666666,9.250578703703702,10
compte montres,capable montres,0.0010426441455531226,0.10989010989010989,9.245228455754772,10
fort informatique,alors informatique,0.001146908560108435,0.10891089108910891,9.243932357837554,11
fonder chaussettes & lingerie,doute chaussettes & lingerie,0.0010426441455531226,0.10309278350515463,9.240774641102226,10
trente chaussures,vif chaussures,0.0009383797309978105,0.10112359550561799,9.236918138041734,9
frapper auto & moto,fusil auto & moto,0.0010426441455531226,0.11363636363636363,9.236325115562403,10
curieux gaming,chasser gaming,0.001146908560108435,0.11458333333333333,9.235031512605042,11
chemise bijoux,situation bijoux,0.0010426441455531226,0.10869565217391304,9.225663716814159,10
couler bijoux,situation bijoux,0.0010426441455531226,0.10869565217391304,9.225663716814159,10
veiller téléphonie,contre téléphonie,0.001146908560108435,0.1,9.222115384615385,11
contre téléphonie,veiller téléphonie,0.001146908560108435,0.10576923076923077,9.222115384615385,11
escalier pet care,paupière pet care,0.0008341153164424981,0.1,9.222115384615385,8
transformer jouets & enfants,gens jouets & enfants,0.001146908560108435,0.102803738317757,9.214865927155211,11
grand jouets & enfants,gens jouets & enfants,0.001146908560108435,0.102803738317757,9.214865927155211,11
gens jouets & enfants,grand jouets & enfants,0.001146908560108435,0.102803738317757,9.214865927155211,11
gens jouets & enfants,transformer jouets & enfants,0.001146908560108435,0.102803738317757,9.214865927155211,11
rire gaming,de gaming,0.0010426441455531226,0.1075268817204301,9.20794930875576,10
contenir gaming,chat gaming,0.0010426441455531226,0.10638297872340424,9.192064404830361,10
fonder livres & médias,voyage livres & médias,0.0009383797309978105,0.10344827586206896,9.186781609195402,9
oeuvre bijoux,émotion bijoux,0.001146908560108435,0.1111111111111111,9.186781609195402,11
prier sacs & bagages,problème sacs & bagages,0.0009383797309978105,0.10344827586206896,9.186781609195402,9
soulever sports & loisirs,subir sports & loisirs,0.0010426441455531226,0.10526315789473684,9.17799043062201,10
femme bijoux,situation bijoux,0.0012511729746637473,0.10810810810810811,9.17579526429084,12
situation bijoux,femme bijoux,0.0012511729746637473,0.10619469026548674,9.17579526429084,12
condamner beauté & santé,en beauté & santé,0.001146908560108435,0.11,9.174,11
fenêtre mode & vêtements,souvent mode & vêtements,0.0008341153164424981,0.10126582278481013,9.162646286123715,8
place montres,vérité montres,0.0010426441455531226,0.10309278350515463,9.155211912943871,10
fort téléphonie,bras téléphonie,0.0009383797309978105,0.10112359550561799,9.149777400890397,9
couper sports & loisirs,anglais sports & loisirs,0.0010426441455531226,0.10204081632653061,9.146481022315468,10
auprès beauté & santé,art beauté & santé,0.001146908560108435,0.10679611650485436,9.145371012482663,11
flot électronique,guerre électronique,0.0008341153164424981,0.1038961038961039,9.141903967592041,8
presque art & crafts,forcer art & crafts,0.0008341153164424981,0.1038961038961039,9.141903967592041,8
contre téléphonie,ressembler téléphonie,0.001146908560108435,0.10576923076923077,9.139033264033264,11
contre téléphonie,colère téléphonie,0.001146908560108435,0.10576923076923077,9.139033264033264,11
amuser téléphonie,ressembler téléphonie,0.001146908560108435,0.10576923076923077,9.139033264033264,11
vif chaussures,ton chaussures,0.0012511729746637473,0.11428571428571428,9.134285714285713,12
compte mode & vêtements,gagner mode & vêtements,0.0009383797309978105,0.1,9.134285714285713,9
ton chaussures,vif chaussures,0.0012511729746637473,0.1,9.134285714285713,12
important téléphonie,veiller téléphonie,0.0009383797309978105,0.1046511627906977,9.124630021141652,9
ton chaussures,désir chaussures,0.0013554373892190595,0.10833333333333332,9.11425438596491,13
désir chaussures,ton chaussures,0.0013554373892190595,0.11403508771929824,9.11425438596491,13
argent gaming,de gaming,0.0010426441455531226,0.10638297872340424,9.109992401215804,10
bande livres & médias,adresser livres & médias,0.0012511729746637473,0.1090909090909091,9.09818181818182,12
adresser livres & médias,bande livres & médias,0.0012511729746637473,0.10434782608695653,9.09818181818182,12
ensuite montres,secret montres,0.0012511729746637473,0.1090909090909091,9.09818181818182,12
secret montres,ensuite montres,0.0012511729746637473,0.10434782608695653,9.09818181818182,12
malade beauté & santé,sentir beauté & santé,0.0010426441455531226,0.10526315789473684,9.095305832147936,10
fine montres,secret montres,0.001146908560108435,0.10891089108910891,9.083168316831683,11
rouge livres & médias,adresser livres & médias,0.001146908560108435,0.10891089108910891,9.083168316831683,11
silencieux bijoux,danger bijoux,0.0010426441455531226,0.10416666666666666,9.082386363636363,10
demande bijoux,diriger bijoux,0.001146908560108435,0.11827956989247311,9.075354838709677,11
militaire montres,soumettre montres,0.001146908560108435,0.10784313725490195,9.073013415892671,11
examiner montres,capable montres,0.001146908560108435,0.10784313725490195,9.073013415892671,11
soi livres & médias,adresser livres & médias,0.0010426441455531226,0.10869565217391304,9.065217391304348,10
promettre jouets & enfants,grand jouets & enfants,0.0009383797309978105,0.10112359550561799,9.06426546256432,9
au beauté & santé,éclat beauté & santé,0.0009383797309978105,0.10112359550561799,9.06426546256432,9
pourquoi montres,vérité montres,0.0010426441455531226,0.10204081632653061,9.061791383219955,10
race gaming,poser gaming,0.001146908560108435,0.10576923076923077,9.057434752747252,11
race gaming,celui gaming,0.001146908560108435,0.10576923076923077,9.057434752747252,11
nom téléphonie,bras téléphonie,0.0009383797309978105,0.1,9.04811320754717,9
attacher gaming,chasser gaming,0.001146908560108435,0.11224489795918367,9.046561481735552,11
ville bijoux,femme bijoux,0.0009383797309978105,0.1046511627906977,9.042426147077311,9
bataille bijoux,danger bijoux,0.0009383797309978105,0.10344827586206896,9.01974921630094,9
quart pet care,envoyer pet care,0.001146908560108435,0.11,9.017179487179487,11
malade beauté & santé,art beauté & santé,0.0010426441455531226,0.10526315789473684,9.014097744360901,10
l'une art & crafts,forcer art & crafts,0.0009383797309978105,0.10227272727272728,8.999061718098416,9
cour livres & médias,adresser livres & médias,0.001146908560108435,0.10784313725490195,8.994117647058824,11
haut gaming,attitude gaming,0.001146908560108435,0.10784313725490195,8.994117647058824,11
exécuter beauté & santé,en beauté & santé,0.001146908560108435,0.10784313725490195,8.994117647058824,11
chant accessoires,manquer accessoires,0.0008341153164424981,0.10126582278481013,8.9929676511955,8
surprendre accessoires,manquer accessoires,0.0008341153164424981,0.10126582278481013,8.9929676511955,8
souhaiter beauté & santé,mauvais beauté & santé,0.001146908560108435,0.10679611650485436,8.98492590700051,11
mariage téléphonie,dangereux téléphonie,0.0009383797309978105,0.10112359550561799,8.980337078651687,9
trente chaussures,ton chaussures,0.0010426441455531226,0.11235955056179775,8.980337078651685,10
vous gaming,chat gaming,0.001146908560108435,0.10377358490566038,8.966598674145844,11
jusque pet care,passage pet care,0.0009383797309978105,0.1,8.963551401869159,9
même sports & loisirs,surveiller sports & loisirs,0.0009383797309978105,0.1,8.963551401869159,9
subir sports & loisirs,anglais sports & loisirs,0.001146908560108435,0.1,8.963551401869159,11
anglais sports & loisirs,subir sports & loisirs,0.001146908560108435,0.102803738317757,8.963551401869159,11
éternel gaming,consentir gaming,0.0007298509018871859,0.1,8.963551401869159,7
fusil auto & moto,six auto & moto,0.0012511729746637473,0.1016949152542373,8.94821956149899,12
six auto & moto,fusil auto & moto,0.0012511729746637473,0.11009174311926606,8.94821956149899,12
cuisine auto & moto,fusil auto & moto,0.001146908560108435,0.11,8.940762711864407,11
passer bijoux,diriger bijoux,0.0012511729746637473,0.11650485436893204,8.939184466019418,12
davantage livres & médias,bande livres & médias,0.0009383797309978105,0.10227272727272728,8.917252066115703,9
haut gaming,reposer gaming,0.001146908560108435,0.10784313725490195,8.91658215010142,11
dangereux gaming,reposer gaming,0.001146908560108435,0.10784313725490195,8.91658215010142,11
fenêtre mode & vêtements,haut mode & vêtements,0.0008341153164424981,0.10126582278481013,8.910463360817559,8
songer art & crafts,forcer art & crafts,0.0008341153164424981,0.10126582278481013,8.910463360817559,8
toile électronique,guerre électronique,0.0008341153164424981,0.10126582278481013,8.910463360817559,8
exprimer jouets & enfants,veiller jouets & enfants,0.001146908560108435,0.10679611650485436,8.906796116504854,11
rideau livres & médias,adresser livres & médias,0.001146908560108435,0.10679611650485436,8.906796116504854,11
lui auto & moto,six auto & moto,0.0009383797309978105,0.10112359550561799,8.897948665086075,9
dehors pet care,pièce pet care,0.0010426441455531226,0.101010101010101,8.887962190714482,10
consentir gaming,chat gaming,0.001146908560108435,0.102803738317757,8.882798686537004,11
ville bijoux,situation bijoux,0.0009383797309978105,0.1046511627906977,8.882383206421077,9
tendre informatique,alors informatique,0.0009383797309978105,0.1046511627906977,8.882383206421077,9
bande livres & médias,voyage livres & médias,0.001146908560108435,0.1,8.880555555555556,11
ensuite montres,vérité montres,0.001146908560108435,0.1,8.880555555555556,11
vérité montres,ensuite montres,0.001146908560108435,0.10185185185185185,8.880555555555555,11
rose chaussures,ton chaussures,0.0009383797309978105,0.1111111111111111,8.880555555555555,9
voyage livres & médias,bande livres & médias,0.001146908560108435,0.10185185185185185,8.880555555555555,11
mémoire pet care,larme pet care,0.0009383797309978105,0.10344827586206896,8.858682266009852,9
capable montres,soumettre montres,0.0012511729746637473,0.10526315789473684,8.855955678670359,12
malade beauté & santé,mauvais beauté & santé,0.0010426441455531226,0.10526315789473684,8.855955678670359,10
soumettre montres,capable montres,0.0012511729746637473,0.10526315789473684,8.855955678670359,12
loin téléphonie,ressembler téléphonie,0.0009383797309978105,0.10227272727272728,8.836916461916463,9
trait auto & moto,fusil auto & moto,0.0010426441455531226,0.10869565217391304,8.834745762711863,10
douter sports & loisirs,subir sports & loisirs,0.0008341153164424981,0.10126582278481013,8.82945914844649,8
situation bijoux,diriger bijoux,0.0013554373892190595,0.11504424778761062,8.827115044247789,13
diriger bijoux,situation bijoux,0.0013554373892190595,0.104,8.827115044247787,13
danger jouets & enfants,veiller jouets & enfants,0.001146908560108435,0.10576923076923077,8.821153846153846,11
mariage téléphonie,veiller téléphonie,0.0009383797309978105,0.10112359550561799,8.817058222676202,9
si téléphonie,ressembler téléphonie,0.0010426441455531226,0.10204081632653061,8.816878102592389,10
ou informatique,rôle informatique,0.0010426441455531226,0.10204081632653061,8.816878102592389,10
vif chaussures,désir chaussures,0.001146908560108435,0.10476190476190475,8.813784461152881,11
sonner beauté & santé,mauvais beauté & santé,0.001146908560108435,0.10476190476190475,8.813784461152881,11
nul montres,ensuite montres,0.0010426441455531226,0.101010101010101,8.80716253443526,10
consentir gaming,de gaming,0.001146908560108435,0.102803738317757,8.803487983978638,11
sur mode & vêtements,céder mode & vêtements,0.0008341153164424981,0.1,8.79908256880734,8
entrée électronique,guerre électronique,0.0008341153164424981,0.1,8.79908256880734,8
soumettre montres,secret montres,0.0012511729746637473,0.10526315789473684,8.778947368421052,12
secret montres,soumettre montres,0.0012511729746637473,0.10434782608695653,8.778947368421052,12
parfaitement gaming,chasser gaming,0.001146908560108435,0.10891089108910891,8.777851734753307,11
franc auto & moto,fusil auto & moto,0.001146908560108435,0.10784313725490195,8.76545363908275,11
court pet care,larme pet care,0.0009383797309978105,0.10227272727272728,8.758015422077923,9
fauteuil informatique,vraiment informatique,0.0009383797309978105,0.10227272727272728,8.758015422077923,9
presque art & crafts,sec art & crafts,0.0008341153164424981,0.1038961038961039,8.740943267259057,8
attacher gaming,de gaming,0.0010426441455531226,0.10204081632653061,8.738155976676385,10
mariage téléphonie,ressembler téléphonie,0.0009383797309978105,0.10112359550561799,8.737625265715154,9
entrer bijoux,diriger bijoux,0.0010426441455531226,0.11363636363636363,8.719090909090909,10
train chaussettes & lingerie,malade chaussettes & lingerie,0.0010426441455531226,0.10526315789473684,8.703266787658801,10
discussion beauté & santé,en beauté & santé,0.0010426441455531226,0.10416666666666666,8.6875,10
fauteuil informatique,alors informatique,0.0009383797309978105,0.10227272727272728,8.680510860820597,9
place montres,soumettre montres,0.0010426441455531226,0.10309278350515463,8.673358654367878,10
place montres,capable montres,0.0010426441455531226,0.10309278350515463,8.673358654367878,10
choix chaussures,désir chaussures,0.0010426441455531226,0.10309278350515463,8.673358654367878,10
aucun bijoux,émotion bijoux,0.001146908560108435,0.10476190476190475,8.661822660098522,11
près pet care,larme pet care,0.0009383797309978105,0.10112359550561799,8.659610754414127,9
veiller téléphonie,ressembler téléphonie,0.001146908560108435,0.1,8.64054054054054,11
clair téléphonie,colère téléphonie,0.0009383797309978105,0.1,8.64054054054054,9
dimanche informatique,rôle informatique,0.0008341153164424981,0.1,8.64054054054054,8
silencieux bijoux,émotion bijoux,0.0010426441455531226,0.10416666666666666,8.612607758620689,10
l'une art & crafts,sec art & crafts,0.0009383797309978105,0.10227272727272728,8.604366028708133,9
trait informatique,alors informatique,0.0010426441455531226,0.101010101010101,8.573344060069722,10
escalier pet care,larme pet care,0.0008341153164424981,0.1,8.563392857142858,8
matière gaming,celui gaming,0.001146908560108435,0.1,8.563392857142858,11
éternel gaming,poser gaming,0.0007298509018871859,0.1,8.563392857142858,7
signe montres,secret montres,0.0009383797309978105,0.10227272727272728,8.529545454545454,9
race gaming,chasser gaming,0.001146908560108435,0.10576923076923077,8.524644473173884,11
réalité bijoux,émotion bijoux,0.0010426441455531226,0.10309278350515463,8.52381798791326,10
succès montres,secret montres,0.0010426441455531226,0.10204081632653061,8.510204081632653,10
humide beauté & santé,en beauté & santé,0.0010426441455531226,0.10204081632653061,8.510204081632653,10
chance chaussures,désir chaussures,0.0009383797309978105,0.10112359550561799,8.50768775872265,9
violence auto & moto,fusil auto & moto,0.0009383797309978105,0.1046511627906977,8.50601103665747,9
doute chaussettes & lingerie,malade chaussettes & lingerie,0.001146908560108435,0.102803738317757,8.499919432806962,11
consentir gaming,reposer gaming,0.001146908560108435,0.102803738317757,8.499919432806962,11
vers beauté & santé,mauvais beauté & santé,0.0010426441455531226,0.101010101010101,8.49813928761297,10
doute chaussures,désir chaussures,0.001146908560108435,0.10091743119266056,8.490342829550942,11
mémoire pet care,envoyer pet care,0.0009383797309978105,0.10344827586206896,8.480106100795755,9
entrer bijoux,émotion bijoux,0.0009383797309978105,0.10227272727272728,8.456014890282132,9
côte bijoux,diriger bijoux,0.001146908560108435,0.11,8.44008,11
attacher gaming,reposer gaming,0.0010426441455531226,0.10204081632653061,8.436840253342718,10
au beauté & santé,en beauté & santé,0.0009383797309978105,0.10112359550561799,8.43370786516854,9
épaule livres & médias,adresser livres & médias,0.0009383797309978105,0.10112359550561799,8.43370786516854,9
passage pet care,envoyer pet care,0.001146908560108435,0.102803738317757,8.427270548765875,11
court pet care,envoyer pet care,0.0009383797309978105,0.10227272727272728,8.383741258741258,9
matière gaming,attitude gaming,0.001146908560108435,0.1,8.34,11
femme bijoux,diriger bijoux,0.0012511729746637473,0.10810810810810811,8.29491891891892,12
pourquoi montres,examiner montres,0.0010426441455531226,0.10204081632653061,8.29384296091318,10
matière gaming,reposer gaming,0.001146908560108435,0.1,8.268103448275863,11
précis chaussures,ton chaussures,0.0009383797309978105,0.10227272727272728,8.174147727272727,9
diriger auto & moto,fusil auto & moto,0.0008341153164424981,0.1,8.127966101694916,8
général auto & moto,fusil auto & moto,0.0009383797309978105,0.1,8.127966101694916,9
prouver chaussures,ton chaussures,0.0009383797309978105,0.10112359550561799,8.082303370786518,9
réalité bijoux,diriger bijoux,0.0010426441455531226,0.10309278350515463,7.910103092783505,10
