CustomerID,Recency,Frequency,Monetary,AvgSatisfaction,ReturnRate,ChurnProbability,ChurnRisk
CUST000252,212,4,350.73,2.0,0.0,1.0,Critical
CUST009560,602,1,74.03,3.0,0.0,1.0,Critical
CUST001198,622,1,202.0,3.0,0.0,1.0,Critical
CUST004785,391,7,613.46,4.333333333333333,0.0,1.0,Critical
CUST008045,300,5,417.76,3.8,0.0,1.0,Critical
CUST001256,725,1,124.21,0.0,0.0,1.0,Critical
CUST000460,530,2,122.17,2.0,0.0,1.0,Critical
CUST003853,743,1,75.98,4.0,0.0,1.0,Critical
CUST007751,287,2,180.63,4.0,0.0,1.0,Critical
CUST004925,208,6,472.2,3.4,0.0,1.0,Critical
CUST005479,482,2,224.72,3.5,0.0,1.0,Critical
CUST003557,194,5,416.74,4.0,0.0,1.0,Critical
CUST004875,351,3,278.89,3.0,0.0,1.0,Critical
CUST000738,225,7,681.46,3.25,0.0,1.0,Critical
CUST009327,275,4,394.89,3.0,25.0,1.0,Critical
CUST008779,189,8,721.69,4.0,0.0,1.0,Critical
CUST000187,383,4,334.57,4.0,0.0,1.0,Critical
CUST007532,659,5,559.72,3.75,0.0,1.0,Critical
CUST009599,357,5,408.7,4.0,0.0,1.0,Critical
CUST008417,540,3,270.0,3.6666666666666665,0.0,1.0,Critical
CUST000639,416,5,531.45,2.75,0.0,1.0,Critical
CUST009309,274,2,181.14000000000001,4.0,0.0,1.0,Critical
CUST001219,507,1,145.34,0.0,0.0,1.0,Critical
CUST004106,253,3,263.68,2.0,0.0,1.0,Critical
CUST007343,359,4,339.95,4.0,25.0,1.0,Critical
CUST006888,550,2,298.14,0.0,0.0,1.0,Critical
CUST004236,744,1,76.49,0.0,0.0,1.0,Critical
CUST005040,724,1,87.79,2.0,0.0,1.0,Critical
CUST003529,293,2,211.52,5.0,0.0,1.0,Critical
CUST006543,470,1,85.89,5.0,0.0,1.0,Critical
CUST005758,233,3,229.21,5.0,0.0,1.0,Critical
CUST008142,769,1,99.6,5.0,0.0,1.0,Critical
CUST007561,278,2,216.85,3.0,0.0,1.0,Critical
CUST009356,549,1,126.07,0.0,0.0,1.0,Critical
CUST004311,760,1,120.02,4.0,0.0,1.0,Critical
CUST008841,583,1,86.86,5.0,0.0,1.0,Critical
CUST005686,299,1,153.26,2.0,0.0,1.0,Critical
CUST008613,385,1,133.98,4.0,0.0,1.0,Critical
CUST004746,339,2,219.36,3.0,0.0,1.0,Critical
CUST001243,561,2,195.08,4.5,0.0,1.0,Critical
CUST008832,762,1,132.86,4.0,0.0,1.0,Critical
CUST008148,244,2,197.66,0.0,0.0,1.0,Critical
CUST000206,253,2,190.3,0.0,0.0,1.0,Critical
CUST003987,286,1,79.54,2.0,0.0,1.0,Critical
CUST001046,231,4,371.2,3.5,25.0,1.0,Critical
CUST003238,396,4,378.07,4.0,0.0,1.0,Critical
CUST000039,374,6,701.22,4.2,0.0,1.0,Critical
CUST000570,438,3,395.86,3.0,0.0,1.0,Critical
CUST004044,676,1,76.39,0.0,100.0,1.0,Critical
CUST006186,310,1,98.69,3.0,0.0,1.0,Critical
CUST002939,522,1,114.26,5.0,0.0,1.0,Critical
CUST005171,394,1,75.8,4.0,0.0,1.0,Critical
CUST001851,567,2,168.48000000000002,4.5,0.0,1.0,Critical
CUST002639,325,3,265.15999999999997,3.0,0.0,1.0,Critical
CUST003859,449,3,375.78,0.0,0.0,1.0,Critical
CUST008726,487,1,69.18,5.0,0.0,1.0,Critical
CUST004393,652,3,211.14,3.5,0.0,1.0,Critical
CUST004347,242,3,264.03999999999996,3.0,0.0,1.0,Critical
CUST003163,188,4,583.0,4.0,0.0,1.0,Critical
CUST000575,405,3,297.05,5.0,0.0,1.0,Critical
CUST001871,222,3,423.49,4.0,0.0,1.0,Critical
CUST000872,301,5,496.56,3.8,0.0,1.0,Critical
CUST002212,237,3,349.0,4.0,0.0,1.0,Critical
CUST008909,438,3,224.73,4.5,0.0,1.0,Critical
CUST008485,412,4,479.36,3.3333333333333335,0.0,1.0,Critical
CUST004035,298,3,329.43,4.0,0.0,1.0,Critical
CUST009195,773,1,85.27,5.0,0.0,1.0,Critical
CUST003359,572,2,265.49,3.0,0.0,1.0,Critical
CUST003207,317,3,289.1,4.0,0.0,1.0,Critical
CUST008968,190,3,300.55,3.5,0.0,1.0,Critical
CUST008279,575,1,77.59,0.0,0.0,1.0,Critical
CUST002294,272,2,210.05,3.5,0.0,1.0,Critical
CUST004452,768,1,66.76,0.0,0.0,1.0,Critical
CUST005989,695,2,138.44,5.0,0.0,1.0,Critical
CUST006513,295,1,79.17,4.0,0.0,1.0,Critical
CUST004353,507,2,255.32999999999998,2.0,0.0,1.0,Critical
CUST009017,293,4,395.87,4.5,0.0,1.0,Critical
CUST005642,466,2,170.01999999999998,5.0,0.0,1.0,Critical
CUST005560,387,2,194.73,3.5,50.0,1.0,Critical
CUST001064,738,1,131.88,3.0,0.0,1.0,Critical
CUST003375,511,3,277.65999999999997,3.5,0.0,1.0,Critical
CUST001618,216,3,241.57,4.0,0.0,1.0,Critical
CUST009174,395,1,60.94,4.0,0.0,1.0,Critical
CUST006894,519,1,105.37,5.0,0.0,1.0,Critical
CUST009191,752,1,72.86,3.0,0.0,1.0,Critical
CUST009592,235,2,158.05,4.0,0.0,1.0,Critical
CUST009712,225,1,63.23,0.0,0.0,1.0,Critical
CUST003236,238,3,290.40999999999997,3.5,0.0,1.0,Critical
CUST000497,509,1,91.66,3.0,0.0,1.0,Critical
CUST005186,643,1,130.46,0.0,0.0,1.0,Critical
CUST000420,229,5,517.4,4.5,0.0,1.0,Critical
CUST007413,250,4,363.84000000000003,2.5,0.0,1.0,Critical
CUST000321,521,3,192.51999999999998,4.0,0.0,1.0,Critical
CUST005188,221,6,718.35,4.25,0.0,1.0,Critical
CUST004700,258,6,720.47,3.8,0.0,1.0,Critical
CUST003231,388,2,230.5,3.5,0.0,1.0,Critical
CUST001014,426,3,378.26,4.0,0.0,1.0,Critical
CUST002118,200,4,374.93,3.0,0.0,1.0,Critical
CUST007784,279,2,190.41,4.5,0.0,1.0,Critical
CUST002526,502,1,119.08,0.0,0.0,1.0,Critical
CUST009046,294,2,182.22,4.0,0.0,1.0,Critical
CUST007765,554,1,92.52,4.0,0.0,1.0,Critical
CUST001194,283,2,271.11,4.0,0.0,1.0,Critical
CUST000384,301,4,405.13,4.333333333333333,0.0,1.0,Critical
CUST003471,609,1,76.55,0.0,0.0,1.0,Critical
CUST006481,236,4,308.78,3.6666666666666665,0.0,1.0,Critical
CUST001277,303,4,494.66,3.25,25.0,1.0,Critical
CUST007736,217,6,531.24,3.6,0.0,1.0,Critical
CUST000781,402,1,78.53,0.0,0.0,1.0,Critical
CUST000893,322,2,195.91,4.0,0.0,1.0,Critical
CUST009418,197,6,544.4,2.75,16.67,1.0,Critical
CUST005215,530,2,191.01999999999998,4.5,0.0,1.0,Critical
CUST005905,494,2,220.61,4.0,0.0,1.0,Critical
CUST008341,279,2,159.11,4.5,0.0,1.0,Critical
CUST009883,370,2,290.03000000000003,2.5,0.0,1.0,Critical
CUST007143,732,1,132.47,2.0,0.0,1.0,Critical
CUST006313,485,1,86.42,3.0,0.0,1.0,Critical
CUST008352,187,2,217.13,5.0,0.0,1.0,Critical
CUST007136,254,2,248.84,4.5,0.0,1.0,Critical
CUST002752,275,8,729.39,3.5,0.0,1.0,Critical
CUST003499,196,3,289.20000000000005,3.0,0.0,1.0,Critical
CUST003625,425,3,290.02,4.0,0.0,1.0,Critical
CUST005832,279,3,368.81,4.333333333333333,0.0,1.0,Critical
CUST004063,247,4,389.18,3.75,0.0,1.0,Critical
CUST006670,241,1,137.12,0.0,0.0,1.0,Critical
CUST000177,227,2,193.54999999999998,0.0,0.0,1.0,Critical
CUST007827,383,1,99.71,0.0,0.0,1.0,Critical
CUST002807,220,3,186.98000000000002,4.0,0.0,1.0,Critical
CUST002434,352,2,176.1,2.0,0.0,1.0,Critical
CUST009640,327,1,109.45,4.0,0.0,1.0,Critical
CUST004383,378,3,302.56,4.333333333333333,0.0,1.0,Critical
CUST006477,487,2,204.61,4.5,0.0,1.0,Critical
CUST007505,410,2,208.14,4.5,0.0,1.0,Critical
CUST000223,350,3,372.3,2.6666666666666665,0.0,1.0,Critical
CUST002288,190,4,301.05,4.0,0.0,1.0,Critical
CUST002059,466,3,215.32999999999998,3.6666666666666665,0.0,1.0,Critical
CUST001569,231,5,449.98,4.25,0.0,1.0,Critical
CUST008349,319,5,541.52,3.8,0.0,1.0,Critical
CUST001060,257,2,159.24,3.5,0.0,1.0,Critical
CUST007071,556,5,490.24,3.8,0.0,1.0,Critical
CUST002983,290,2,209.17000000000002,3.5,50.0,1.0,Critical
CUST002546,569,3,365.34000000000003,4.0,0.0,1.0,Critical
CUST002286,203,4,393.61,2.6666666666666665,0.0,1.0,Critical
CUST007425,345,5,499.92,3.6666666666666665,0.0,1.0,Critical
CUST003716,433,7,713.41,3.142857142857143,0.0,1.0,Critical
CUST004672,282,3,373.45000000000005,3.3333333333333335,0.0,1.0,Critical
CUST009298,214,2,262.2,5.0,0.0,1.0,Critical
CUST006173,328,5,701.87,4.0,0.0,1.0,Critical
CUST003246,205,6,555.04,4.2,0.0,1.0,Critical
CUST002670,214,9,894.2,3.1666666666666665,0.0,1.0,Critical
CUST001138,218,5,637.59,3.6,0.0,1.0,Critical
CUST004727,411,3,247.5,4.5,0.0,1.0,Critical
CUST003450,231,3,309.67,4.0,0.0,1.0,Critical
CUST001815,331,3,240.89999999999998,4.0,0.0,1.0,Critical
CUST000515,275,2,169.01999999999998,3.0,0.0,1.0,Critical
CUST006904,375,2,164.0,3.5,0.0,1.0,Critical
CUST006505,225,6,630.96,3.4,0.0,1.0,Critical
CUST001045,300,5,628.35,3.6666666666666665,0.0,1.0,Critical
CUST001339,299,2,148.2,2.0,0.0,1.0,Critical
CUST004019,241,5,612.83,4.5,0.0,1.0,Critical
CUST007587,193,2,284.13,4.0,0.0,1.0,Critical
CUST004684,223,3,295.76,4.0,0.0,1.0,Critical
CUST009047,305,4,423.76,4.25,0.0,1.0,Critical
CUST008276,375,4,312.86,3.3333333333333335,0.0,1.0,Critical
CUST003514,281,2,197.48000000000002,0.0,0.0,1.0,Critical
CUST006086,331,2,148.4,3.5,50.0,1.0,Critical
CUST004277,555,2,209.4,4.5,0.0,1.0,Critical
CUST000975,277,4,489.17,4.0,0.0,1.0,Critical
CUST006554,538,3,310.76,4.0,33.33,1.0,Critical
CUST007182,240,5,628.18,4.333333333333333,0.0,1.0,Critical
CUST001752,356,4,363.97,3.0,0.0,1.0,Critical
CUST008307,266,4,500.56,3.6666666666666665,0.0,1.0,Critical
CUST007360,620,2,250.12,3.5,0.0,1.0,Critical
CUST001685,376,2,258.42,4.0,0.0,1.0,Critical
CUST002259,578,2,184.84,3.0,0.0,1.0,Critical
CUST004052,257,3,367.52,4.0,0.0,1.0,Critical
CUST009274,217,3,183.51,3.6666666666666665,0.0,1.0,Critical
CUST000546,446,2,216.68,5.0,0.0,1.0,Critical
CUST002661,209,3,409.62,4.0,0.0,1.0,Critical
CUST001616,209,4,432.17,4.0,0.0,1.0,Critical
CUST008662,333,3,331.9,3.3333333333333335,0.0,1.0,Critical
CUST007077,239,4,318.34,4.0,0.0,1.0,Critical
CUST000072,371,3,352.46999999999997,0.0,0.0,1.0,Critical
CUST008345,640,2,152.12,5.0,0.0,1.0,Critical
CUST004481,413,3,288.1,4.0,0.0,1.0,Critical
CUST005657,678,1,114.16,4.0,0.0,1.0,Critical
CUST000677,305,2,202.74,4.0,0.0,1.0,Critical
CUST003636,231,4,380.47,4.0,0.0,1.0,Critical
CUST009172,615,1,92.87,2.0,0.0,1.0,Critical
CUST006249,213,6,696.8399999999999,3.5,0.0,1.0,Critical
CUST008818,255,4,572.87,3.6666666666666665,0.0,1.0,Critical
CUST002108,418,4,299.05,4.333333333333333,0.0,1.0,Critical
CUST004904,200,6,601.22,3.8,0.0,1.0,Critical
CUST007571,309,3,290.97,3.0,0.0,1.0,Critical
CUST007148,296,3,269.35,4.0,0.0,1.0,Critical
CUST006252,584,2,195.15,3.0,0.0,1.0,Critical
CUST005714,451,3,218.5,4.0,0.0,1.0,Critical
CUST001316,609,1,147.91,4.0,0.0,1.0,Critical
CUST009081,532,3,273.12,3.3333333333333335,0.0,1.0,Critical
CUST008852,351,2,165.95999999999998,3.0,0.0,1.0,Critical
CUST006247,305,4,633.25,4.333333333333333,0.0,1.0,Critical
CUST002398,241,7,605.65,4.0,0.0,1.0,Critical
CUST007933,304,4,325.43,4.25,0.0,1.0,Critical
CUST008523,309,4,429.92,4.5,0.0,1.0,Critical
CUST002649,367,2,173.26999999999998,4.0,0.0,1.0,Critical
CUST008127,318,2,240.38,3.0,0.0,1.0,Critical
CUST002270,544,1,128.5,4.0,0.0,1.0,Critical
CUST003081,551,2,276.94,4.0,0.0,1.0,Critical
CUST005895,524,3,333.73,3.0,0.0,1.0,Critical
CUST004181,345,3,348.70000000000005,5.0,0.0,1.0,Critical
CUST006304,328,3,373.71000000000004,4.333333333333333,0.0,1.0,Critical
CUST007450,615,1,118.98,0.0,0.0,1.0,Critical
CUST000737,340,1,72.51,5.0,0.0,1.0,Critical
CUST006778,258,3,295.19,4.5,0.0,1.0,Critical
CUST008194,196,4,491.12,4.333333333333333,0.0,1.0,Critical
CUST002517,271,2,183.2,0.0,0.0,1.0,Critical
CUST002182,207,5,764.0699999999999,3.6,0.0,1.0,Critical
CUST006673,375,4,386.31,3.25,0.0,1.0,Critical
CUST004278,214,5,483.05,4.0,0.0,1.0,Critical
CUST000720,271,2,163.76,3.5,0.0,1.0,Critical
CUST001231,495,1,64.7,4.0,0.0,1.0,Critical
CUST009879,418,3,222.64,4.5,0.0,1.0,Critical
CUST001850,484,1,72.16,2.0,0.0,1.0,Critical
CUST006823,336,3,335.63,3.5,0.0,1.0,Critical
CUST008495,300,2,184.76,4.5,0.0,1.0,Critical
CUST008151,468,2,199.37,5.0,0.0,1.0,Critical
CUST007481,331,3,199.14,2.6666666666666665,0.0,1.0,Critical
CUST001995,511,3,285.77,3.3333333333333335,0.0,1.0,Critical
CUST004579,202,10,1021.56,4.666666666666667,0.0,1.0,Critical
CUST007018,405,2,251.01999999999998,4.0,0.0,1.0,Critical
CUST007980,479,3,226.48,4.0,0.0,1.0,Critical
CUST009226,233,4,398.5,4.333333333333333,0.0,1.0,Critical
CUST009431,273,1,79.45,5.0,0.0,1.0,Critical
CUST004608,583,2,266.99,2.5,50.0,1.0,Critical
CUST004433,209,4,569.78,4.0,0.0,1.0,Critical
CUST005807,260,5,347.51,3.4,0.0,1.0,Critical
CUST009126,385,2,217.54000000000002,5.0,0.0,1.0,Critical
CUST000201,196,2,171.28,2.0,0.0,1.0,Critical
CUST004687,189,6,789.02,4.0,0.0,1.0,Critical
CUST004071,351,4,313.89,4.0,0.0,1.0,Critical
CUST008987,289,2,210.23000000000002,5.0,0.0,1.0,Critical
CUST000801,233,3,297.72,3.0,0.0,1.0,Critical
CUST000476,527,2,260.76,4.0,0.0,1.0,Critical
CUST006378,276,4,474.46,3.6666666666666665,0.0,1.0,Critical
CUST007538,326,3,239.24,4.5,0.0,1.0,Critical
CUST009894,433,4,475.53999999999996,3.3333333333333335,0.0,1.0,Critical
CUST008038,233,7,665.34,3.1666666666666665,0.0,1.0,Critical
CUST000432,306,4,310.0,4.0,0.0,1.0,Critical
CUST003312,293,6,737.39,4.666666666666667,0.0,1.0,Critical
CUST005101,301,5,532.04,3.25,20.0,1.0,Critical
CUST006316,244,2,251.47000000000003,4.5,0.0,1.0,Critical
CUST005096,383,3,287.39,3.0,0.0,1.0,Critical
CUST002131,218,5,404.20000000000005,4.0,0.0,1.0,Critical
CUST003058,438,2,179.56,4.5,0.0,1.0,Critical
CUST002092,200,5,539.25,3.75,20.0,1.0,Critical
CUST000369,667,1,83.46,4.0,0.0,1.0,Critical
CUST001160,292,2,225.03,4.0,0.0,1.0,Critical
CUST005793,274,1,70.01,3.0,0.0,1.0,Critical
CUST005205,598,2,195.26,4.0,0.0,1.0,Critical
CUST006798,746,2,248.26,4.5,0.0,1.0,Critical
CUST006618,386,2,159.36,3.5,0.0,1.0,Critical
CUST002269,400,3,291.31,4.333333333333333,0.0,1.0,Critical
CUST003376,249,3,290.09000000000003,4.0,0.0,1.0,Critical
CUST009094,316,3,243.65,4.0,0.0,1.0,Critical
CUST002342,545,3,288.19,4.0,0.0,1.0,Critical
CUST008125,187,5,555.65,3.25,20.0,1.0,Critical
CUST008157,431,5,551.57,4.5,0.0,1.0,Critical
CUST005213,293,10,914.35,2.888888888888889,0.0,1.0,Critical
CUST008599,334,2,139.68,0.0,0.0,1.0,Critical
CUST004715,563,2,241.47,4.0,0.0,1.0,Critical
CUST005335,234,2,154.22,3.5,0.0,1.0,Critical
CUST008559,350,2,253.67000000000002,5.0,0.0,1.0,Critical
CUST002874,537,2,182.16000000000003,4.0,0.0,1.0,Critical
CUST000767,281,3,389.87,2.5,0.0,1.0,Critical
CUST002835,723,1,145.02,4.0,0.0,1.0,Critical
CUST008817,232,2,150.44,3.0,0.0,1.0,Critical
CUST006687,222,2,265.61,2.0,0.0,1.0,Critical
CUST002783,619,1,93.24,0.0,0.0,1.0,Critical
CUST009571,293,3,363.94,3.3333333333333335,0.0,1.0,Critical
CUST000074,301,3,408.35,4.0,0.0,1.0,Critical
CUST000948,386,2,140.67000000000002,4.0,0.0,1.0,Critical
CUST008163,498,5,486.45,4.0,0.0,1.0,Critical
CUST008107,621,2,200.04,0.0,0.0,1.0,Critical
CUST003883,317,2,147.49,4.5,0.0,1.0,Critical
CUST003432,297,4,359.06,3.25,0.0,1.0,Critical
CUST001856,450,2,198.06,4.0,0.0,1.0,Critical
CUST007618,577,1,79.02,3.0,0.0,1.0,Critical
CUST003090,374,2,202.92000000000002,4.0,0.0,1.0,Critical
CUST001571,347,3,230.24,4.666666666666667,0.0,1.0,Critical
CUST004703,648,1,108.0,0.0,0.0,1.0,Critical
CUST000909,294,4,377.86,4.666666666666667,0.0,1.0,Critical
CUST005038,414,2,175.66,3.5,0.0,1.0,Critical
CUST005411,209,4,403.83,4.0,0.0,1.0,Critical
CUST008694,299,2,194.1,3.0,0.0,1.0,Critical
CUST009852,368,2,341.25,2.0,0.0,1.0,Critical
CUST006899,486,3,253.39999999999998,4.0,0.0,1.0,Critical
CUST005332,220,2,149.51,4.0,0.0,1.0,Critical
CUST001625,274,4,431.22,4.5,0.0,1.0,Critical
CUST001041,268,5,696.52,4.5,20.0,1.0,Critical
CUST006869,363,3,271.9,2.0,0.0,1.0,Critical
CUST004022,371,2,194.69,4.0,0.0,1.0,Critical
CUST007711,505,1,237.22,4.0,0.0,1.0,Critical
CUST001759,350,4,426.28000000000003,3.75,0.0,1.0,Critical
CUST002907,236,5,476.8,2.6666666666666665,0.0,1.0,Critical
CUST009996,331,3,240.65,4.0,0.0,1.0,Critical
CUST004560,384,4,516.27,4.0,0.0,1.0,Critical
CUST006628,276,3,300.27,4.0,33.33,1.0,Critical
CUST005564,190,4,642.44,4.25,0.0,1.0,Critical
CUST006157,430,4,372.86,3.25,0.0,1.0,Critical
CUST004707,234,2,284.59,4.0,0.0,1.0,Critical
CUST003008,244,3,276.15,4.333333333333333,0.0,1.0,Critical
CUST001750,248,2,174.92000000000002,4.5,0.0,1.0,Critical
CUST008402,435,4,314.03000000000003,3.25,0.0,1.0,Critical
CUST001250,286,5,528.03,3.25,0.0,1.0,Critical
CUST009850,195,8,812.4300000000001,4.0,0.0,1.0,Critical
CUST001796,265,5,601.44,3.5,0.0,1.0,Critical
CUST003224,342,2,171.01999999999998,0.0,0.0,1.0,Critical
CUST007101,215,2,269.15999999999997,5.0,0.0,1.0,Critical
CUST002876,384,3,251.81,4.5,0.0,1.0,Critical
CUST006558,367,1,63.08,4.0,0.0,1.0,Critical
CUST006766,580,3,269.78999999999996,2.0,0.0,1.0,Critical
CUST007489,255,4,323.3,3.3333333333333335,25.0,1.0,Critical
CUST009813,514,2,243.26,4.5,0.0,1.0,Critical
CUST008363,218,5,475.53000000000003,4.25,0.0,1.0,Critical
CUST008019,394,3,243.33,4.666666666666667,0.0,1.0,Critical
CUST007088,283,5,464.34000000000003,4.0,0.0,1.0,Critical
CUST007387,741,2,188.95,2.0,0.0,1.0,Critical
CUST009948,231,3,190.95000000000002,3.6666666666666665,0.0,1.0,Critical
CUST000480,213,6,519.39,4.25,0.0,1.0,Critical
CUST002045,297,2,382.66999999999996,0.0,0.0,1.0,Critical
CUST000957,279,5,517.12,3.5,0.0,1.0,Critical
CUST002261,212,2,331.1,4.0,0.0,1.0,Critical
CUST001926,368,2,183.99,3.0,0.0,1.0,Critical
CUST002112,192,2,187.76,4.0,0.0,1.0,Critical
CUST004069,493,2,192.58999999999997,2.5,0.0,1.0,Critical
CUST007290,251,5,401.14,4.333333333333333,0.0,1.0,Critical
CUST003893,280,3,355.39,3.3333333333333335,0.0,1.0,Critical
CUST008351,314,4,438.49,3.3333333333333335,0.0,1.0,Critical
CUST002493,728,1,210.05,4.0,0.0,1.0,Critical
CUST000400,603,4,398.63,4.0,0.0,1.0,Critical
CUST005554,375,4,368.6,3.25,25.0,1.0,Critical
CUST002154,323,3,247.8,4.5,0.0,1.0,Critical
CUST006968,351,2,196.97000000000003,0.0,0.0,1.0,Critical
CUST008250,723,2,277.6,4.0,0.0,1.0,Critical
CUST007206,364,1,103.97,5.0,0.0,1.0,Critical
CUST009691,445,2,135.29,0.0,0.0,1.0,Critical
CUST005159,204,4,377.26,3.5,0.0,1.0,Critical
CUST009966,325,4,344.63,3.6666666666666665,0.0,1.0,Critical
CUST002585,223,6,830.4399999999999,3.6,0.0,1.0,Critical
CUST005972,238,4,277.8,3.0,0.0,1.0,Critical
CUST001899,453,5,624.77,4.2,0.0,1.0,Critical
CUST001395,374,4,457.83000000000004,2.0,0.0,1.0,Critical
CUST001722,558,1,83.41,4.0,0.0,1.0,Critical
CUST005322,218,5,411.74,3.5,0.0,1.0,Critical
CUST006684,329,2,262.76,5.0,0.0,1.0,Critical
CUST008229,398,4,353.47,4.0,0.0,1.0,Critical
CUST008840,206,4,413.51,4.0,0.0,1.0,Critical
CUST006531,267,3,314.58,4.666666666666667,0.0,1.0,Critical
CUST004291,273,1,147.94,5.0,0.0,1.0,Critical
CUST009831,603,1,115.96,0.0,0.0,1.0,Critical
CUST005422,268,3,212.89000000000001,2.0,0.0,1.0,Critical
CUST000698,267,8,763.25,4.0,0.0,1.0,Critical
CUST006701,217,8,795.81,4.0,0.0,1.0,Critical
CUST005863,200,7,767.27,3.25,0.0,1.0,Critical
CUST001735,394,5,476.81,3.75,0.0,1.0,Critical
CUST001828,414,4,399.78000000000003,4.333333333333333,0.0,1.0,Critical
CUST005367,253,4,335.4,3.6666666666666665,0.0,1.0,Critical
CUST006290,464,2,277.71000000000004,3.0,0.0,1.0,Critical
CUST007073,280,3,226.86,3.0,0.0,1.0,Critical
CUST001923,302,2,208.89999999999998,2.5,0.0,1.0,Critical
CUST006994,205,4,391.56,2.5,0.0,1.0,Critical
CUST002334,243,3,260.73,3.0,0.0,1.0,Critical
CUST005122,245,1,105.95,5.0,0.0,1.0,Critical
CUST001790,314,5,461.31,4.0,0.0,1.0,Critical
CUST005211,394,2,215.95,5.0,0.0,1.0,Critical
CUST008216,192,2,164.84,4.5,0.0,1.0,Critical
CUST007917,355,5,808.21,4.0,0.0,1.0,Critical
CUST008384,237,2,282.34000000000003,3.0,0.0,1.0,Critical
CUST000922,746,1,75.54,5.0,0.0,1.0,Critical
CUST000329,274,4,337.48,4.5,0.0,1.0,Critical
CUST000838,423,3,430.11,3.6666666666666665,0.0,1.0,Critical
CUST008807,304,3,303.12,3.0,0.0,1.0,Critical
CUST003145,231,4,473.5,3.0,0.0,1.0,Critical
CUST007449,209,5,512.46,3.2,0.0,1.0,Critical
CUST004905,286,2,192.55,5.0,0.0,1.0,Critical
CUST000839,323,1,172.63,0.0,0.0,1.0,Critical
CUST005535,370,2,181.42000000000002,4.5,0.0,1.0,Critical
CUST001312,656,1,70.65,4.0,0.0,1.0,Critical
CUST002176,484,3,225.9,3.6666666666666665,0.0,1.0,Critical
CUST009846,247,4,352.95,3.0,0.0,1.0,Critical
CUST002580,245,2,187.13,4.0,0.0,1.0,Critical
CUST008274,444,3,373.71999999999997,3.0,0.0,1.0,Critical
CUST004014,246,4,408.21,3.0,0.0,1.0,Critical
CUST009179,455,5,567.31,3.6666666666666665,0.0,1.0,Critical
CUST003113,235,5,712.64,4.0,0.0,1.0,Critical
CUST001823,278,4,423.40999999999997,5.0,0.0,1.0,Critical
CUST000600,278,5,614.82,2.6666666666666665,0.0,1.0,Critical
CUST000359,242,5,665.79,3.0,0.0,1.0,Critical
CUST002709,389,2,246.74,3.5,0.0,1.0,Critical
CUST006804,576,3,451.47,4.5,0.0,1.0,Critical
CUST003796,432,1,108.17,4.0,0.0,1.0,Critical
CUST006103,625,1,122.97,2.0,0.0,1.0,Critical
CUST003735,402,3,260.61,3.3333333333333335,0.0,1.0,Critical
CUST005251,198,4,507.55000000000007,3.0,0.0,1.0,Critical
CUST008236,393,2,142.85999999999999,0.0,0.0,1.0,Critical
CUST009400,554,1,113.11,4.0,0.0,1.0,Critical
CUST005828,313,4,522.88,3.5,25.0,1.0,Critical
CUST006791,452,2,253.29999999999998,0.0,0.0,1.0,Critical
CUST000277,767,1,90.97,3.0,0.0,1.0,Critical
CUST003513,319,3,243.76999999999998,3.5,0.0,1.0,Critical
CUST009293,411,2,281.5,5.0,0.0,1.0,Critical
CUST000766,239,4,444.49,3.0,0.0,1.0,Critical
CUST009263,352,5,556.3399999999999,3.4,0.0,1.0,Critical
CUST008437,264,7,737.52,3.75,0.0,1.0,Critical
CUST004261,226,6,564.52,3.75,16.67,1.0,Critical
CUST002743,659,1,85.03,5.0,0.0,1.0,Critical
CUST009053,242,2,136.26,3.5,0.0,1.0,Critical
CUST007224,308,2,236.32,2.0,0.0,1.0,Critical
CUST001257,253,4,351.69,3.3333333333333335,0.0,1.0,Critical
CUST007433,364,2,165.01,2.5,0.0,1.0,Critical
CUST005939,278,2,218.38,3.0,0.0,1.0,Critical
CUST004486,207,2,145.21,4.0,0.0,1.0,Critical
CUST000936,326,4,427.06,3.3333333333333335,0.0,1.0,Critical
CUST001478,493,6,616.02,4.4,0.0,1.0,Critical
CUST009304,280,3,285.31,4.666666666666667,0.0,1.0,Critical
CUST008248,415,2,151.32,4.0,0.0,1.0,Critical
CUST006267,255,3,335.0,3.5,0.0,1.0,Critical
CUST003511,394,4,268.31,4.333333333333333,0.0,1.0,Critical
CUST000678,198,4,486.33000000000004,3.5,0.0,1.0,Critical
CUST006970,405,3,350.90999999999997,2.5,0.0,1.0,Critical
CUST003088,190,5,600.6899999999999,3.0,0.0,1.0,Critical
CUST006274,255,5,608.61,3.25,20.0,1.0,Critical
CUST003225,367,6,802.35,4.2,0.0,1.0,Critical
CUST003454,476,4,288.13,4.0,0.0,1.0,Critical
CUST003954,459,6,627.78,3.5,0.0,1.0,Critical
CUST007954,239,2,205.37,5.0,0.0,1.0,Critical
CUST007635,504,2,172.20999999999998,5.0,0.0,1.0,Critical
CUST004932,752,1,86.48,0.0,0.0,1.0,Critical
CUST009500,211,4,301.73,4.333333333333333,0.0,1.0,Critical
CUST007510,251,4,377.09000000000003,3.3333333333333335,0.0,1.0,Critical
CUST007806,251,3,299.51,0.0,0.0,1.0,Critical
CUST008003,215,6,685.61,3.6666666666666665,0.0,1.0,Critical
CUST002018,285,4,425.63,4.75,0.0,1.0,Critical
CUST007353,307,7,754.8299999999999,4.2,0.0,1.0,Critical
CUST004656,530,4,318.17999999999995,3.3333333333333335,0.0,1.0,Critical
CUST004110,215,6,618.6800000000001,3.75,0.0,1.0,Critical
CUST002789,279,3,207.83,3.0,0.0,1.0,Critical
CUST005926,206,4,374.9,2.6666666666666665,0.0,1.0,Critical
CUST007379,384,4,310.07,3.0,0.0,1.0,Critical
CUST003411,215,4,479.25,4.5,0.0,1.0,Critical
CUST006566,238,5,480.59,3.5,0.0,1.0,Critical
CUST006482,384,4,483.51,4.0,0.0,1.0,Critical
CUST009654,334,2,234.74,3.0,0.0,1.0,Critical
CUST009657,244,4,511.35,2.0,0.0,1.0,Critical
CUST000499,311,5,472.75,4.25,0.0,1.0,Critical
CUST009249,251,3,267.19,5.0,0.0,1.0,Critical
CUST008499,332,3,369.62,2.0,33.33,1.0,Critical
CUST003944,374,3,262.24,3.0,0.0,1.0,Critical
CUST004956,269,4,535.31,4.25,0.0,1.0,Critical
CUST005786,200,4,274.71000000000004,3.0,0.0,1.0,Critical
CUST009542,483,1,123.72,4.0,0.0,1.0,Critical
CUST009495,284,2,211.17000000000002,2.0,0.0,1.0,Critical
CUST002152,422,3,288.31,4.333333333333333,0.0,1.0,Critical
CUST000356,393,3,263.95,4.0,0.0,1.0,Critical
CUST004346,220,3,266.17,1.5,66.67,1.0,Critical
CUST001507,279,6,639.51,3.8,0.0,1.0,Critical
CUST002397,224,6,475.65999999999997,4.0,0.0,1.0,Critical
CUST001408,216,9,880.09,4.0,0.0,1.0,Critical
CUST000821,338,2,176.78,3.0,0.0,1.0,Critical
CUST008175,415,1,62.68,0.0,0.0,1.0,Critical
CUST003472,358,3,336.13,4.333333333333333,0.0,1.0,Critical
CUST006494,313,2,145.68,3.0,0.0,1.0,Critical
CUST004168,443,3,269.86,3.0,0.0,1.0,Critical
CUST009467,269,3,300.98,3.0,0.0,1.0,Critical
CUST001065,317,1,112.17,5.0,0.0,1.0,Critical
CUST007335,422,3,244.13,4.0,0.0,1.0,Critical
CUST006880,232,6,596.59,4.75,0.0,1.0,Critical
CUST005705,710,1,109.77,0.0,0.0,1.0,Critical
CUST004629,396,2,267.69,4.0,0.0,1.0,Critical
CUST001220,622,1,120.93,3.0,0.0,1.0,Critical
CUST009849,567,2,166.64,2.0,0.0,1.0,Critical
CUST005363,270,2,211.56,0.0,0.0,1.0,Critical
CUST001812,380,1,75.34,4.0,0.0,1.0,Critical
CUST003217,198,4,566.17,5.0,0.0,1.0,Critical
CUST008914,242,4,358.07,4.0,0.0,1.0,Critical
CUST007844,357,3,303.67,3.5,0.0,1.0,Critical
CUST002959,293,5,470.71,4.0,0.0,1.0,Critical
CUST005608,257,4,261.72,3.3333333333333335,0.0,1.0,Critical
CUST003690,275,2,294.58,4.0,0.0,1.0,Critical
CUST002529,400,1,64.28,4.0,0.0,1.0,Critical
CUST009389,464,2,250.23000000000002,5.0,0.0,1.0,Critical
CUST002786,261,4,547.9,4.0,0.0,1.0,Critical
CUST006333,214,3,269.12,4.5,0.0,1.0,Critical
CUST006644,590,2,170.13,3.0,0.0,1.0,Critical
CUST005304,250,1,60.07,0.0,0.0,1.0,Critical
CUST002282,237,4,486.25,4.5,0.0,1.0,Critical
CUST009674,291,8,807.91,3.6,0.0,1.0,Critical
CUST001338,201,6,614.3299999999999,3.0,0.0,1.0,Critical
CUST006042,456,3,218.3,3.3333333333333335,0.0,1.0,Critical
CUST003345,298,2,176.41,4.5,0.0,1.0,Critical
CUST008136,422,3,334.09000000000003,4.0,0.0,1.0,Critical
CUST009368,494,4,350.9,3.75,0.0,1.0,Critical
CUST001032,502,4,576.63,3.6666666666666665,0.0,1.0,Critical
CUST002542,358,3,284.89,4.5,0.0,1.0,Critical
CUST005282,286,2,146.66,3.0,0.0,1.0,Critical
CUST009895,351,2,230.74,4.0,0.0,1.0,Critical
CUST001167,190,5,414.69,3.6666666666666665,20.0,1.0,Critical
CUST007798,230,6,806.4,4.4,0.0,1.0,Critical
CUST005822,475,3,225.28,3.5,0.0,1.0,Critical
CUST008306,301,8,857.14,2.0,0.0,1.0,Critical
CUST009604,335,4,362.31,4.0,0.0,1.0,Critical
CUST002371,352,2,144.69,5.0,0.0,1.0,Critical
CUST008399,232,2,274.53,4.0,0.0,1.0,Critical
CUST003112,206,6,606.77,1.6666666666666667,16.67,1.0,Critical
CUST002826,282,4,544.25,3.5,0.0,1.0,Critical
CUST002665,313,3,307.48,3.0,0.0,1.0,Critical
CUST003907,467,4,458.19,4.333333333333333,0.0,1.0,Critical
CUST003143,406,3,295.65,4.5,0.0,1.0,Critical
CUST009055,340,2,223.45,4.0,0.0,1.0,Critical
CUST006363,269,3,405.71000000000004,3.0,0.0,1.0,Critical
CUST002942,771,1,93.9,5.0,0.0,1.0,Critical
CUST005599,220,2,249.5,4.5,0.0,1.0,Critical
CUST008321,239,3,175.68,2.6666666666666665,33.33,1.0,Critical
CUST003010,239,2,209.73,2.0,0.0,1.0,Critical
CUST001049,217,4,345.73,3.0,0.0,1.0,Critical
CUST004758,321,4,368.15999999999997,2.6666666666666665,0.0,1.0,Critical
CUST001723,232,3,382.56,3.0,0.0,1.0,Critical
CUST009448,585,2,203.11,2.0,0.0,1.0,Critical
CUST007978,484,4,398.92,3.5,0.0,1.0,Critical
CUST003244,354,3,366.66999999999996,2.6666666666666665,0.0,1.0,Critical
CUST003438,242,4,444.27,4.25,0.0,1.0,Critical
CUST003301,445,4,436.27,3.0,0.0,1.0,Critical
CUST006581,230,2,140.24,4.0,0.0,1.0,Critical
CUST002272,243,3,161.8,4.0,0.0,1.0,Critical
CUST004510,736,2,139.93,4.0,0.0,1.0,Critical
CUST002935,710,1,162.64,0.0,0.0,1.0,Critical
CUST006723,207,4,410.41999999999996,4.0,0.0,1.0,Critical
CUST009783,575,3,262.75,4.0,0.0,1.0,Critical
CUST003681,375,5,442.84,3.75,0.0,1.0,Critical
CUST000632,208,2,242.91,4.0,0.0,1.0,Critical
CUST008458,472,3,284.82,0.0,0.0,1.0,Critical
CUST000386,338,3,265.47,5.0,0.0,1.0,Critical
CUST005306,638,1,120.69,4.0,0.0,1.0,Critical
CUST005877,567,4,333.0,3.0,0.0,1.0,Critical
CUST008298,288,5,429.14,4.0,0.0,1.0,Critical
CUST009581,306,1,61.52,4.0,0.0,1.0,Critical
CUST004126,307,4,481.96,4.25,0.0,1.0,Critical
CUST008794,315,4,400.63,3.5,0.0,1.0,Critical
CUST001622,252,2,146.59,3.0,0.0,1.0,Critical
CUST004164,240,3,306.77,4.0,0.0,1.0,Critical
CUST007370,284,5,492.02,3.0,0.0,1.0,Critical
CUST007740,278,3,297.88,3.6666666666666665,0.0,1.0,Critical
CUST002055,211,14,1334.16,3.8181818181818183,0.0,1.0,Critical
CUST000852,281,3,264.66,3.3333333333333335,0.0,1.0,Critical
CUST002726,231,7,705.15,4.0,0.0,1.0,Critical
CUST001022,208,3,344.15,4.5,0.0,1.0,Critical
CUST001595,359,6,628.72,4.25,0.0,1.0,Critical
CUST000399,296,5,662.19,4.333333333333333,0.0,1.0,Critical
CUST000985,279,4,516.69,4.5,0.0,1.0,Critical
CUST005087,272,5,464.63,3.3333333333333335,0.0,1.0,Critical
CUST003635,298,6,505.14,4.333333333333333,0.0,1.0,Critical
CUST000889,266,2,198.77,0.0,0.0,1.0,Critical
CUST000119,261,3,279.06,4.0,0.0,1.0,Critical
CUST002399,314,6,504.15,3.75,0.0,1.0,Critical
CUST004675,347,4,605.47,4.0,0.0,1.0,Critical
CUST001072,387,3,431.87,3.5,0.0,1.0,Critical
CUST009994,250,3,318.53,4.0,0.0,1.0,Critical
CUST008501,300,6,546.6800000000001,3.25,0.0,1.0,Critical
CUST001645,305,5,434.09000000000003,3.75,0.0,1.0,Critical
CUST003670,211,5,434.53,3.5,0.0,1.0,Critical
CUST002713,553,2,179.11,5.0,0.0,1.0,Critical
CUST004882,396,3,341.99,4.0,0.0,1.0,Critical
CUST000644,228,7,773.03,4.0,0.0,1.0,Critical
CUST003142,649,2,224.37,3.0,0.0,1.0,Critical
CUST000885,239,4,395.45,3.5,0.0,1.0,Critical
CUST006787,335,3,222.81,3.6666666666666665,0.0,1.0,Critical
CUST006056,292,5,455.5,3.3333333333333335,0.0,1.0,Critical
CUST000114,253,1,61.28,0.0,0.0,1.0,Critical
CUST004011,423,3,298.24,5.0,0.0,1.0,Critical
CUST001103,236,2,213.95,4.0,0.0,1.0,Critical
CUST001165,218,5,434.96000000000004,5.0,0.0,1.0,Critical
CUST005307,462,2,372.12,3.5,0.0,1.0,Critical
CUST001200,372,3,345.59000000000003,4.0,0.0,1.0,Critical
CUST002945,267,5,420.36,4.0,0.0,1.0,Critical
CUST001361,379,4,452.48,3.5,0.0,1.0,Critical
CUST000901,236,5,612.25,3.75,0.0,1.0,Critical
CUST005423,289,5,580.0899999999999,3.0,0.0,1.0,Critical
CUST009109,389,3,251.43,3.3333333333333335,0.0,1.0,Critical
CUST007096,240,2,134.87,4.5,0.0,1.0,Critical
CUST005464,214,3,319.56,4.333333333333333,0.0,1.0,Critical
CUST004018,649,3,243.76,4.0,0.0,1.0,Critical
CUST007726,288,4,374.73,3.0,0.0,1.0,Critical
CUST006892,223,4,498.31,4.333333333333333,0.0,1.0,Critical
CUST003364,480,2,241.04,4.0,0.0,1.0,Critical
CUST005140,387,4,349.03999999999996,4.0,0.0,1.0,Critical
CUST007716,216,6,539.69,4.0,0.0,1.0,Critical
CUST000205,525,2,254.73000000000002,0.0,0.0,1.0,Critical
CUST003603,272,1,89.95,2.0,0.0,1.0,Critical
CUST001102,275,5,474.33,3.0,0.0,1.0,Critical
CUST006057,211,11,1063.41,4.5,0.0,1.0,Critical
CUST002457,323,3,352.53,5.0,0.0,1.0,Critical
CUST004142,267,3,249.0,4.0,0.0,1.0,Critical
CUST000346,212,2,176.45,4.5,0.0,1.0,Critical
CUST008179,421,5,581.3199999999999,4.25,0.0,1.0,Critical
CUST000656,283,3,373.22,4.0,0.0,1.0,Critical
CUST007156,273,6,658.81,3.5,0.0,1.0,Critical
CUST008149,285,3,296.15,4.0,0.0,1.0,Critical
CUST004258,375,4,273.42,3.3333333333333335,0.0,1.0,Critical
CUST001706,393,4,440.8,5.0,0.0,1.0,Critical
CUST006459,282,2,147.07999999999998,4.0,0.0,1.0,Critical
CUST004229,279,3,354.27,3.0,33.33,1.0,Critical
CUST005049,236,2,199.62,5.0,0.0,1.0,Critical
CUST004225,246,3,230.58999999999997,2.0,0.0,1.0,Critical
CUST003138,376,3,285.43,3.5,0.0,1.0,Critical
CUST008174,237,3,346.09,4.0,0.0,1.0,Critical
CUST005952,458,1,94.98,3.0,0.0,1.0,Critical
CUST009584,206,3,403.6,4.0,0.0,1.0,Critical
CUST007036,205,4,461.07000000000005,3.3333333333333335,0.0,1.0,Critical
CUST008809,315,2,159.92000000000002,3.0,0.0,1.0,Critical
CUST007928,309,6,629.66,3.0,0.0,1.0,Critical
CUST002274,484,2,188.06,4.5,0.0,1.0,Critical
CUST009548,238,3,317.15000000000003,3.5,0.0,1.0,Critical
CUST006735,203,7,712.8199999999999,3.0,0.0,1.0,Critical
CUST008927,348,8,767.76,3.857142857142857,0.0,1.0,Critical
CUST006871,675,2,170.67000000000002,2.0,0.0,1.0,Critical
CUST005121,401,4,412.34000000000003,3.5,0.0,1.0,Critical
CUST003169,328,6,656.29,4.0,0.0,1.0,Critical
CUST008605,204,4,514.89,3.5,0.0,1.0,Critical
CUST005968,221,3,272.96000000000004,4.5,0.0,1.0,Critical
CUST004381,565,3,372.0,4.333333333333333,0.0,1.0,Critical
CUST003726,219,11,1034.44,3.3333333333333335,9.09,1.0,Critical
CUST008095,379,5,516.11,3.5,0.0,1.0,Critical
CUST007874,449,3,229.81,3.3333333333333335,0.0,1.0,Critical
CUST002523,312,3,236.26,4.0,0.0,1.0,Critical
CUST000376,248,5,647.08,4.0,0.0,1.0,Critical
CUST004195,385,5,489.82,3.6666666666666665,0.0,1.0,Critical
CUST002643,275,4,391.19,2.3333333333333335,25.0,1.0,Critical
CUST004466,212,5,740.76,4.0,0.0,1.0,Critical
CUST000267,296,2,183.25,4.0,0.0,1.0,Critical
CUST002025,444,2,172.32999999999998,3.0,0.0,1.0,Critical
CUST008486,248,2,181.39,5.0,0.0,1.0,Critical
CUST000715,211,5,540.8100000000001,4.0,0.0,1.0,Critical
CUST003173,240,6,677.0899999999999,3.6,0.0,1.0,Critical
CUST009107,217,4,460.08000000000004,4.0,0.0,1.0,Critical
CUST002284,187,4,417.28,3.5,0.0,1.0,Critical
CUST006732,244,4,555.87,3.5,0.0,1.0,Critical
CUST005725,340,2,287.05,4.0,0.0,1.0,Critical
CUST009892,222,2,135.11,4.0,0.0,1.0,Critical
CUST006061,226,3,325.39,4.0,0.0,1.0,Critical
CUST002543,332,2,228.63,4.0,0.0,1.0,Critical
CUST005854,435,4,524.51,4.333333333333333,0.0,1.0,Critical
CUST004214,453,2,177.42000000000002,2.5,0.0,1.0,Critical
CUST002906,306,3,303.25,4.0,0.0,1.0,Critical
CUST005557,246,6,575.19,4.2,0.0,1.0,Critical
CUST006692,258,4,409.18,4.75,0.0,1.0,Critical
CUST006853,277,3,399.28999999999996,4.0,0.0,1.0,Critical
CUST009733,224,10,1052.86,3.888888888888889,0.0,1.0,Critical
CUST008371,268,6,609.0600000000001,3.1666666666666665,0.0,1.0,Critical
CUST007872,228,2,221.35999999999999,2.0,0.0,1.0,Critical
CUST009415,311,4,449.72,2.6666666666666665,0.0,1.0,Critical
CUST006126,278,4,439.44,3.6666666666666665,0.0,1.0,Critical
CUST002779,245,5,466.63,4.25,0.0,1.0,Critical
CUST002099,300,6,663.69,4.0,0.0,1.0,Critical
CUST006368,335,3,310.5,3.6666666666666665,0.0,1.0,Critical
CUST007782,213,2,139.0,0.0,0.0,1.0,Critical
CUST000181,301,7,633.91,3.6,0.0,1.0,Critical
CUST001857,219,4,483.08000000000004,4.25,0.0,1.0,Critical
CUST007479,318,3,252.56,3.0,0.0,1.0,Critical
CUST006578,292,4,389.55,4.0,0.0,1.0,Critical
CUST009237,309,3,320.14,3.0,0.0,1.0,Critical
CUST001784,576,2,160.93,5.0,0.0,1.0,Critical
CUST004518,218,4,496.09,3.25,0.0,1.0,Critical
CUST008962,366,4,329.06,2.5,0.0,1.0,Critical
CUST000544,417,4,320.98,3.0,0.0,1.0,Critical
CUST008383,212,3,408.65,3.5,0.0,1.0,Critical
CUST008102,505,3,379.34,3.0,0.0,1.0,Critical
CUST008287,338,4,491.42,2.5,0.0,1.0,Critical
CUST000133,426,5,553.22,3.0,0.0,1.0,Critical
CUST001030,409,3,322.48,3.6666666666666665,0.0,1.0,Critical
CUST008865,273,5,621.95,4.0,0.0,1.0,Critical
CUST009890,395,3,335.36,0.0,0.0,1.0,Critical
CUST001028,253,3,415.98,3.3333333333333335,33.33,1.0,Critical
CUST003815,255,6,673.1400000000001,3.75,0.0,1.0,Critical
CUST006199,344,3,294.05,3.0,0.0,1.0,Critical
CUST009371,275,2,382.76,5.0,0.0,1.0,Critical
CUST003968,190,3,367.84000000000003,3.6666666666666665,0.0,1.0,Critical
CUST000428,251,3,235.13,3.0,33.33,1.0,Critical
CUST009291,308,6,572.09,3.0,0.0,1.0,Critical
CUST001806,243,4,345.91,4.0,0.0,1.0,Critical
CUST005589,632,2,194.26000000000002,5.0,0.0,1.0,Critical
CUST007106,204,4,401.58,4.0,0.0,1.0,Critical
CUST009246,589,1,89.14,0.0,0.0,1.0,Critical
CUST004844,181,2,148.10000000000002,3.0,0.0,1.0,Critical
CUST006099,325,4,434.38,2.0,0.0,1.0,Critical
CUST001304,216,5,463.5,3.75,0.0,1.0,Critical
CUST005898,550,1,74.57,4.0,0.0,1.0,Critical
CUST000530,543,1,90.23,4.0,0.0,1.0,Critical
CUST007288,353,2,183.97,4.0,0.0,1.0,Critical
CUST006131,670,2,224.01999999999998,2.5,0.0,1.0,Critical
CUST008401,223,2,180.69,4.5,0.0,1.0,Critical
CUST001991,344,3,256.02,3.5,0.0,1.0,Critical
CUST006828,361,5,451.09999999999997,2.6666666666666665,20.0,1.0,Critical
CUST005979,311,3,237.39,2.0,0.0,1.0,Critical
CUST003373,566,4,474.32000000000005,3.0,0.0,1.0,Critical
CUST000035,256,1,109.98,0.0,0.0,1.0,Critical
CUST004428,360,5,478.04,4.0,0.0,1.0,Critical
CUST001223,369,6,558.86,4.0,0.0,1.0,Critical
CUST001363,516,2,170.51999999999998,4.0,0.0,1.0,Critical
CUST008546,299,2,198.06,4.0,0.0,1.0,Critical
CUST008140,200,1,144.68,4.0,0.0,1.0,Critical
CUST008887,294,3,296.08,4.0,0.0,1.0,Critical
CUST003497,291,2,275.37,2.0,0.0,1.0,Critical
CUST008185,385,4,432.25,3.0,0.0,1.0,Critical
CUST000361,379,5,756.5699999999999,3.75,20.0,1.0,Critical
CUST007971,287,3,249.67000000000002,4.5,0.0,1.0,Critical
CUST006837,293,4,416.52,3.3333333333333335,0.0,1.0,Critical
CUST002586,266,6,695.1,4.25,0.0,1.0,Critical
CUST001549,243,5,464.49,4.25,0.0,1.0,Critical
CUST006178,250,6,715.46,4.0,0.0,1.0,Critical
CUST005281,196,5,407.19,3.5,0.0,1.0,Critical
CUST004217,387,4,393.23,4.0,0.0,1.0,Critical
CUST000057,208,7,693.76,4.0,0.0,1.0,Critical
CUST008951,303,3,296.49,0.0,0.0,1.0,Critical
CUST009882,213,4,383.61,5.0,0.0,1.0,Critical
CUST008640,295,3,296.03,3.5,0.0,1.0,Critical
CUST000579,260,5,582.79,3.3333333333333335,0.0,1.0,Critical
CUST004124,657,2,206.76999999999998,3.5,0.0,1.0,Critical
CUST002953,428,5,488.77,4.0,0.0,1.0,Critical
CUST002658,352,4,411.40999999999997,2.6666666666666665,0.0,1.0,Critical
CUST003703,228,6,599.55,3.0,0.0,1.0,Critical
CUST002848,256,5,572.9,4.0,0.0,1.0,Critical
CUST000488,343,3,331.92,4.0,0.0,1.0,Critical
CUST005818,572,2,273.42,5.0,0.0,1.0,Critical
CUST000068,228,3,344.18,4.0,0.0,1.0,Critical
CUST004670,507,3,217.75,4.0,0.0,1.0,Critical
CUST006577,286,6,668.71,3.25,0.0,1.0,Critical
CUST006689,365,3,300.47,2.5,0.0,1.0,Critical
CUST003546,440,2,175.56,3.0,0.0,1.0,Critical
CUST000279,339,5,621.42,4.0,0.0,1.0,Critical
CUST008553,604,2,189.76,3.5,0.0,1.0,Critical
CUST003380,193,2,147.86,2.5,0.0,1.0,Critical
CUST001376,295,3,365.86,0.0,0.0,1.0,Critical
CUST001695,228,4,287.36,4.333333333333333,0.0,1.0,Critical
CUST007602,183,3,271.46,3.0,0.0,1.0,Critical
CUST002347,372,3,248.2,4.0,0.0,1.0,Critical
CUST008452,240,7,675.71,3.2857142857142856,14.29,1.0,Critical
CUST006471,448,2,211.88,3.0,0.0,1.0,Critical
CUST007731,266,3,394.9,5.0,0.0,1.0,Critical
CUST005811,381,2,206.75,4.5,0.0,1.0,Critical
CUST001913,197,4,419.99,4.0,0.0,1.0,Critical
CUST000153,222,5,586.21,4.333333333333333,0.0,1.0,Critical
CUST002220,273,4,456.9,4.0,0.0,1.0,Critical
CUST009615,293,4,388.07,3.75,0.0,1.0,Critical
CUST004440,242,3,260.43,4.5,0.0,1.0,Critical
CUST003447,405,4,337.23,3.5,0.0,1.0,Critical
CUST008257,581,5,448.99,3.5,0.0,1.0,Critical
CUST003355,192,7,659.03,3.6,0.0,1.0,Critical
CUST004995,443,2,156.42000000000002,4.0,0.0,1.0,Critical
CUST009806,307,4,285.03,5.0,0.0,1.0,Critical
CUST000506,431,1,183.35,4.0,0.0,1.0,Critical
CUST001494,441,2,214.41,0.0,0.0,1.0,Critical
CUST003149,437,3,281.61,3.0,0.0,1.0,Critical
CUST002063,609,3,245.34,4.0,0.0,1.0,Critical
CUST001900,245,2,192.42,4.0,0.0,1.0,Critical
CUST005467,192,4,529.57,3.5,0.0,1.0,Critical
CUST003108,578,2,247.93,4.5,0.0,1.0,Critical
CUST003675,299,5,452.82,4.0,0.0,1.0,Critical
CUST000943,365,4,317.22,4.25,0.0,1.0,Critical
CUST008385,639,2,204.55,4.0,0.0,1.0,Critical
CUST008885,391,4,357.55,3.6666666666666665,0.0,1.0,Critical
CUST009995,526,2,275.48,5.0,0.0,1.0,Critical
CUST001413,228,4,452.59,2.0,0.0,1.0,Critical
CUST003784,192,3,279.41,4.5,0.0,1.0,Critical
CUST005486,712,1,88.64,4.0,0.0,1.0,Critical
CUST001896,258,8,793.8000000000001,4.75,0.0,1.0,Critical
CUST005020,374,4,457.16999999999996,3.0,0.0,1.0,Critical
CUST007158,231,6,695.66,3.5,16.67,1.0,Critical
CUST004695,222,6,699.87,4.0,0.0,1.0,Critical
CUST008937,260,7,686.88,2.5,14.29,1.0,Critical
CUST009215,496,3,228.99,3.5,0.0,1.0,Critical
CUST008122,317,3,322.43,5.0,0.0,1.0,Critical
CUST005885,244,8,855.99,4.25,0.0,1.0,Critical
CUST008696,295,4,405.31,2.3333333333333335,0.0,1.0,Critical
CUST005840,253,5,550.65,3.5,0.0,1.0,Critical
CUST004120,408,5,579.86,3.2,20.0,1.0,Critical
CUST004881,403,3,211.46,4.5,0.0,1.0,Critical
CUST000857,492,1,125.37,0.0,0.0,1.0,Critical
CUST002014,201,7,817.27,3.1666666666666665,0.0,1.0,Critical
CUST009902,452,3,425.58000000000004,3.0,0.0,1.0,Critical
CUST002035,269,5,606.3199999999999,4.0,0.0,1.0,Critical
CUST001460,279,4,512.62,3.0,0.0,1.0,Critical
CUST008156,330,5,506.66,4.0,0.0,1.0,Critical
CUST004324,517,2,214.26,4.5,0.0,1.0,Critical
CUST002696,400,3,294.25,4.0,0.0,1.0,Critical
CUST004836,554,4,423.78,3.6666666666666665,0.0,1.0,Critical
CUST000536,400,2,243.13,2.0,0.0,1.0,Critical
CUST000021,221,5,443.59999999999997,3.25,20.0,1.0,Critical
CUST006709,282,5,528.99,2.0,0.0,1.0,Critical
CUST004781,244,2,172.34,3.0,0.0,1.0,Critical
CUST005063,226,5,336.27,4.0,0.0,1.0,Critical
CUST007407,401,2,191.69,4.0,0.0,1.0,Critical
CUST006544,360,1,89.55,4.0,0.0,1.0,Critical
CUST004172,194,8,800.8100000000001,4.25,0.0,1.0,Critical
CUST006590,211,3,335.19,4.0,0.0,1.0,Critical
CUST001251,424,3,263.96,4.0,0.0,1.0,Critical
CUST003379,313,7,658.81,3.5,0.0,1.0,Critical
CUST004332,298,5,495.67999999999995,3.0,0.0,1.0,Critical
CUST002869,633,1,63.79,0.0,0.0,1.0,Critical
CUST003230,246,3,241.43,2.3333333333333335,0.0,1.0,Critical
CUST004977,267,3,171.64,3.0,0.0,1.0,Critical
CUST008620,507,2,293.05,3.5,0.0,1.0,Critical
CUST002101,743,1,84.21,3.0,0.0,1.0,Critical
CUST005384,242,3,272.90999999999997,3.3333333333333335,0.0,1.0,Critical
CUST008344,532,2,148.67000000000002,5.0,0.0,1.0,Critical
CUST003828,386,3,181.77,3.5,0.0,1.0,Critical
CUST005912,282,7,758.13,2.6666666666666665,0.0,1.0,Critical
CUST004179,197,4,433.0,3.6666666666666665,0.0,1.0,Critical
CUST000445,234,5,531.44,3.6,0.0,1.0,Critical
CUST001439,309,3,298.99,4.0,0.0,1.0,Critical
CUST004668,240,3,291.16999999999996,4.0,0.0,1.0,Critical
CUST001199,595,2,158.47,3.5,0.0,1.0,Critical
CUST000764,198,2,302.25,2.0,0.0,1.0,Critical
CUST000168,265,2,248.55,3.0,0.0,1.0,Critical
CUST003742,313,3,364.49,4.333333333333333,0.0,1.0,Critical
CUST009050,228,5,604.98,4.5,0.0,1.0,Critical
CUST003466,223,6,743.29,4.75,0.0,1.0,Critical
CUST008661,652,1,138.22,0.0,0.0,1.0,Critical
CUST007053,413,2,364.24,4.0,0.0,1.0,Critical
CUST001191,263,3,360.31,3.0,0.0,1.0,Critical
CUST007188,183,6,643.32,3.6,16.67,1.0,Critical
CUST005412,227,2,182.81,0.0,0.0,1.0,Critical
CUST004256,208,3,317.03999999999996,5.0,0.0,1.0,Critical
CUST008386,214,4,466.13,3.0,0.0,1.0,Critical
CUST006517,474,2,133.38,4.5,0.0,1.0,Critical
CUST008105,375,3,325.78999999999996,4.0,0.0,1.0,Critical
CUST008900,364,2,223.27,5.0,0.0,1.0,Critical
CUST004315,202,7,618.16,3.6666666666666665,0.0,1.0,Critical
CUST009211,455,3,381.29,3.5,0.0,1.0,Critical
CUST004130,268,6,561.03,3.25,16.67,1.0,Critical
CUST005050,555,2,161.74,5.0,0.0,1.0,Critical
CUST002280,247,2,192.46,3.0,0.0,1.0,Critical
CUST008765,447,3,314.41,4.5,0.0,1.0,Critical
CUST002061,214,5,415.4,4.2,0.0,1.0,Critical
CUST008379,238,4,418.07,3.3333333333333335,0.0,1.0,Critical
CUST008199,482,3,379.44,0.0,0.0,1.0,Critical
CUST008109,348,2,227.01,3.5,0.0,1.0,Critical
CUST000046,635,1,85.83000000000001,5.0,0.0,1.0,Critical
CUST000923,224,5,575.0699999999999,4.0,0.0,1.0,Critical
CUST007392,319,8,703.46,3.3333333333333335,0.0,1.0,Critical
CUST001261,421,3,228.29,3.5,0.0,1.0,Critical
CUST004533,321,7,727.64,3.6,0.0,1.0,Critical
CUST000020,299,3,213.32999999999998,3.0,0.0,1.0,Critical
CUST006783,326,6,611.25,3.6666666666666665,0.0,1.0,Critical
CUST002166,249,7,764.42,4.0,0.0,1.0,Critical
CUST003531,246,5,529.62,3.6,0.0,1.0,Critical
CUST000916,333,4,427.08,3.6666666666666665,0.0,1.0,Critical
CUST004840,377,5,619.39,2.6666666666666665,20.0,1.0,Critical
CUST005904,208,5,576.66,2.5,0.0,1.0,Critical
CUST004866,215,5,447.65999999999997,4.5,0.0,1.0,Critical
CUST002894,386,6,579.17,3.0,0.0,1.0,Critical
CUST006118,308,3,356.51,3.6666666666666665,0.0,1.0,Critical
CUST003700,415,5,542.54,3.5,0.0,1.0,Critical
CUST007636,493,1,65.38,2.0,0.0,1.0,Critical
CUST004081,421,3,309.13,2.6666666666666665,0.0,1.0,Critical
CUST003956,617,1,119.24,4.0,0.0,1.0,Critical
CUST002305,383,4,428.43,4.0,0.0,1.0,Critical
CUST007094,279,4,464.74,3.25,0.0,1.0,Critical
CUST003015,317,2,149.48,0.0,0.0,1.0,Critical
CUST003708,405,2,137.16,4.5,0.0,1.0,Critical
CUST002206,501,2,253.75,0.0,0.0,1.0,Critical
CUST004730,193,4,373.12,2.6666666666666665,0.0,1.0,Critical
CUST008002,602,2,251.61,4.0,0.0,1.0,Critical
CUST001811,380,4,355.7,3.0,0.0,1.0,Critical
CUST007991,427,3,335.52,3.3333333333333335,0.0,1.0,Critical
CUST001101,343,2,200.17,4.0,0.0,1.0,Critical
CUST002041,289,5,333.45,5.0,0.0,1.0,Critical
CUST002875,590,4,312.26,4.25,0.0,1.0,Critical
CUST001746,697,4,437.26,5.0,0.0,1.0,Critical
CUST000740,297,2,162.99,4.5,0.0,1.0,Critical
CUST009577,498,3,264.78999999999996,4.5,0.0,1.0,Critical
CUST008848,278,3,281.98,3.3333333333333335,0.0,1.0,Critical
CUST001272,247,2,367.34000000000003,2.0,0.0,1.0,Critical
CUST000853,269,3,286.98,3.0,0.0,1.0,Critical
CUST001235,267,4,320.2,4.5,0.0,1.0,Critical
CUST008217,376,5,525.61,3.6666666666666665,0.0,1.0,Critical
CUST004959,184,5,518.2,4.25,0.0,1.0,Critical
CUST000697,253,3,295.63,3.0,33.33,1.0,Critical
CUST007190,244,3,210.46,3.3333333333333335,0.0,1.0,Critical
CUST001716,267,5,468.11,3.25,0.0,1.0,Critical
CUST001267,347,3,364.09000000000003,4.0,0.0,1.0,Critical
CUST008317,242,6,588.77,3.0,0.0,1.0,Critical
CUST008428,244,6,557.29,3.0,0.0,1.0,Critical
CUST002515,279,5,541.1500000000001,3.5,0.0,1.0,Critical
CUST009977,220,4,346.19,3.0,0.0,1.0,Critical
CUST009888,279,4,396.72,4.5,0.0,1.0,Critical
CUST007974,417,1,130.98,5.0,0.0,1.0,Critical
CUST006444,562,3,319.72,3.0,33.33,1.0,Critical
CUST001429,236,4,428.28,3.75,0.0,1.0,Critical
CUST003803,505,3,318.54,4.666666666666667,0.0,1.0,Critical
CUST002124,197,4,523.35,4.0,0.0,1.0,Critical
CUST005436,314,3,342.05,2.3333333333333335,33.33,1.0,Critical
CUST009326,246,5,528.99,4.333333333333333,0.0,1.0,Critical
CUST001398,279,1,96.51,3.0,0.0,1.0,Critical
CUST006405,346,2,261.78,3.5,0.0,1.0,Critical
CUST009885,211,5,590.48,3.5,0.0,1.0,Critical
CUST001271,455,6,751.28,3.8333333333333335,0.0,1.0,Critical
CUST007152,215,5,644.27,4.0,0.0,1.0,Critical
CUST007031,269,2,199.02,5.0,0.0,1.0,Critical
CUST008652,273,5,479.01,3.0,0.0,1.0,Critical
CUST005496,275,3,270.87,4.0,0.0,1.0,Critical
CUST008751,294,3,267.55,4.0,0.0,1.0,Critical
CUST005888,264,2,199.09,0.0,0.0,1.0,Critical
CUST006050,591,4,423.53,4.5,0.0,1.0,Critical
CUST001273,334,5,467.98,4.0,0.0,1.0,Critical
CUST003694,307,2,173.1,3.5,0.0,1.0,Critical
CUST003832,429,7,835.1700000000001,4.4,0.0,1.0,Critical
CUST007436,357,4,371.40999999999997,3.0,0.0,1.0,Critical
CUST006192,361,6,631.45,4.0,0.0,1.0,Critical
CUST007558,311,3,325.24,4.0,0.0,1.0,Critical
CUST003711,400,5,497.88,4.0,0.0,1.0,Critical
CUST004407,242,7,730.14,4.4,0.0,1.0,Critical
CUST008622,302,2,184.34,5.0,0.0,1.0,Critical
CUST002078,305,4,325.87,4.666666666666667,0.0,1.0,Critical
CUST004275,288,4,433.14,4.0,0.0,1.0,Critical
CUST000102,303,3,376.25,2.6666666666666665,0.0,1.0,Critical
CUST007604,222,4,478.35,3.6666666666666665,0.0,1.0,Critical
CUST000829,323,5,526.96,4.0,0.0,1.0,Critical
CUST004463,247,2,167.21,4.5,0.0,1.0,Critical
CUST002198,321,2,186.10000000000002,0.0,0.0,1.0,Critical
CUST004488,542,3,314.05,3.5,0.0,1.0,Critical
CUST009375,200,9,1037.7,3.2857142857142856,0.0,1.0,Critical
CUST006468,261,5,624.75,4.0,0.0,1.0,Critical
CUST006458,205,3,274.03,4.5,0.0,1.0,Critical
CUST000162,212,6,461.7,4.25,0.0,1.0,Critical
CUST004892,267,2,320.4,4.0,0.0,1.0,Critical
CUST002828,549,3,446.49,4.5,0.0,1.0,Critical
CUST009227,442,4,340.68,3.0,0.0,1.0,Critical
CUST005635,505,4,411.75,4.0,0.0,1.0,Critical
CUST001105,253,3,278.75,4.0,0.0,1.0,Critical
CUST007979,324,2,278.90999999999997,3.0,0.0,1.0,Critical
CUST006902,483,2,127.38,2.0,0.0,1.0,Critical
CUST008801,300,2,145.81,4.0,0.0,1.0,Critical
CUST006314,355,2,230.99,4.0,0.0,1.0,Critical
CUST008182,202,5,498.59000000000003,3.75,0.0,1.0,Critical
CUST009558,339,3,225.67000000000002,4.5,0.0,1.0,Critical
CUST002584,328,5,483.65000000000003,4.0,0.0,1.0,Critical
CUST006733,404,3,369.26,4.0,0.0,1.0,Critical
CUST006300,305,6,611.96,3.5,0.0,1.0,Critical
CUST005624,400,3,216.32999999999998,3.5,0.0,1.0,Critical
CUST004588,420,4,541.08,3.0,0.0,1.0,Critical
CUST003183,231,6,722.89,3.8,0.0,1.0,Critical
CUST002135,260,6,599.02,3.75,0.0,1.0,Critical
CUST004543,422,4,413.25,3.5,0.0,1.0,Critical
CUST003508,291,4,457.65999999999997,2.0,0.0,1.0,Critical
CUST002036,328,4,398.76,4.333333333333333,0.0,1.0,Critical
CUST009557,203,5,534.86,3.6666666666666665,0.0,1.0,Critical
CUST000202,261,6,623.73,3.6,0.0,1.0,Critical
CUST004900,239,2,144.89,4.0,0.0,1.0,Critical
CUST005353,398,2,167.75,4.0,0.0,1.0,Critical
CUST009427,522,2,161.96,3.0,0.0,1.0,Critical
CUST005081,459,3,338.97,4.0,0.0,1.0,Critical
CUST001937,230,6,807.52,3.5,0.0,1.0,Critical
CUST005372,352,3,297.57,3.0,0.0,1.0,Critical
CUST001583,691,2,246.51999999999998,4.5,0.0,1.0,Critical
CUST000576,372,2,153.36,3.5,0.0,1.0,Critical
CUST007840,257,5,526.9,5.0,0.0,1.0,Critical
CUST002569,243,2,228.48000000000002,4.0,0.0,1.0,Critical
CUST004894,223,4,382.90999999999997,4.0,0.0,1.0,Critical
CUST008677,293,3,363.89,3.5,0.0,1.0,Critical
CUST006469,518,2,190.37,5.0,0.0,1.0,Critical
CUST007323,189,4,377.98,4.75,0.0,1.0,Critical
CUST008891,369,3,325.24,2.6666666666666665,0.0,1.0,Critical
CUST001950,220,4,320.53,4.0,0.0,1.0,Critical
CUST005515,245,4,388.33,3.6666666666666665,0.0,1.0,Critical
CUST006897,330,4,396.48,3.3333333333333335,0.0,1.0,Critical
CUST003618,221,4,366.86,3.3333333333333335,0.0,1.0,Critical
CUST001989,286,3,208.50000000000003,4.0,0.0,1.0,Critical
CUST009728,234,5,466.15,3.0,0.0,1.0,Critical
CUST004028,487,4,432.07,4.0,0.0,1.0,Critical
CUST008130,582,4,523.74,4.333333333333333,0.0,1.0,Critical
CUST004303,407,3,223.16000000000003,4.0,0.0,1.0,Critical
CUST004949,459,3,345.95,3.5,0.0,1.0,Critical
CUST007882,475,5,600.21,3.75,0.0,1.0,Critical
CUST007780,372,5,437.93,4.333333333333333,0.0,1.0,Critical
CUST009759,266,5,631.56,3.75,0.0,1.0,Critical
CUST004767,263,3,413.79,4.5,0.0,1.0,Critical
CUST009695,743,1,77.11,3.0,0.0,1.0,Critical
CUST000225,194,4,503.99,4.5,0.0,1.0,Critical
CUST005393,251,4,355.15,3.0,0.0,1.0,Critical
CUST000242,219,5,581.84,4.666666666666667,0.0,1.0,Critical
CUST006113,712,2,214.73000000000002,2.0,0.0,1.0,Critical
CUST006453,243,5,616.99,3.0,0.0,1.0,Critical
CUST008196,563,4,333.0,4.0,0.0,1.0,Critical
CUST004879,565,3,219.87,4.333333333333333,0.0,1.0,Critical
CUST006623,407,3,260.5,2.5,0.0,1.0,Critical
CUST003713,489,2,208.48000000000002,0.0,0.0,1.0,Critical
CUST006017,345,3,257.19,3.0,0.0,1.0,Critical
CUST009905,406,2,163.34,4.0,0.0,1.0,Critical
CUST000290,215,5,529.9100000000001,4.333333333333333,0.0,1.0,Critical
CUST002839,378,6,634.15,4.0,0.0,1.0,Critical
CUST006529,323,3,257.40999999999997,3.6666666666666665,0.0,1.0,Critical
CUST009336,196,4,415.26,3.3333333333333335,0.0,1.0,Critical
CUST003534,562,4,357.49,3.25,0.0,1.0,Critical
CUST009412,236,3,262.73,4.0,0.0,1.0,Critical
CUST005845,221,7,641.34,3.4,0.0,1.0,Critical
CUST002082,186,6,528.17,3.1666666666666665,0.0,1.0,Critical
CUST005841,210,4,338.07,0.0,0.0,1.0,Critical
CUST007176,216,5,541.4,3.0,20.0,1.0,Critical
CUST009262,433,3,246.74,4.5,0.0,1.0,Critical
CUST001628,454,4,349.73,4.0,0.0,1.0,Critical
CUST001587,393,2,159.35000000000002,3.0,0.0,1.0,Critical
CUST001884,212,1,69.79,5.0,0.0,1.0,Critical
CUST002004,195,3,288.42,2.6666666666666665,0.0,1.0,Critical
CUST003445,213,2,226.39,4.0,0.0,1.0,Critical
CUST002302,421,3,379.61,2.0,0.0,1.0,Critical
CUST003242,188,3,320.73,4.0,0.0,1.0,Critical
CUST000809,453,2,227.61,3.0,0.0,1.0,Critical
CUST007105,375,5,462.08,4.2,0.0,1.0,Critical
CUST005086,415,1,111.57,5.0,0.0,1.0,Critical
CUST008713,529,2,349.99,2.0,0.0,1.0,Critical
CUST007612,281,2,301.25,4.5,0.0,1.0,Critical
CUST009423,423,2,155.44,4.0,0.0,1.0,Critical
CUST003389,298,3,326.88,4.0,0.0,1.0,Critical
CUST004526,507,4,422.46000000000004,3.25,0.0,1.0,Critical
CUST007175,329,4,391.61,4.0,0.0,1.0,Critical
CUST005209,415,5,459.36,3.75,0.0,1.0,Critical
CUST009746,406,2,346.01,2.0,0.0,1.0,Critical
CUST004152,191,2,149.26,2.0,0.0,1.0,Critical
CUST002423,241,1,119.35,0.0,0.0,1.0,Critical
CUST003973,257,6,777.53,3.5,0.0,1.0,Critical
CUST005667,322,3,302.45,5.0,0.0,1.0,Critical
CUST004300,518,4,442.78000000000003,3.3333333333333335,25.0,1.0,Critical
CUST007093,195,8,830.45,3.25,0.0,1.0,Critical
CUST009731,244,2,151.76,3.0,0.0,1.0,Critical
CUST006636,257,5,512.38,3.6666666666666665,0.0,1.0,Critical
CUST001698,202,5,500.11,3.6,0.0,1.0,Critical
CUST002037,372,7,684.35,3.5,0.0,1.0,Critical
CUST003473,254,2,173.2,4.0,0.0,1.0,Critical
CUST001368,362,3,292.65999999999997,3.6666666666666665,0.0,1.0,Critical
CUST005309,243,8,853.77,4.6,0.0,1.0,Critical
CUST002253,211,4,489.49,3.6666666666666665,0.0,1.0,Critical
CUST003600,269,4,435.03,3.0,0.0,1.0,Critical
CUST000490,664,2,208.17000000000002,5.0,0.0,1.0,Critical
CUST006859,269,2,284.81,5.0,0.0,1.0,Critical
CUST007103,278,6,661.05,3.75,0.0,1.0,Critical
CUST000961,209,6,622.03,4.666666666666667,0.0,1.0,Critical
CUST000340,439,3,269.71,4.5,0.0,1.0,Critical
CUST004681,299,3,323.15999999999997,5.0,0.0,1.0,Critical
CUST009993,274,2,209.83,3.5,0.0,1.0,Critical
CUST006067,284,5,527.19,3.75,0.0,1.0,Critical
CUST004645,296,6,535.79,3.1666666666666665,0.0,1.0,Critical
CUST003046,291,5,486.72,4.4,0.0,1.0,Critical
CUST000464,351,4,434.68,3.75,0.0,1.0,Critical
CUST005541,565,2,287.18,0.0,0.0,1.0,Critical
CUST002555,234,6,570.7,3.8333333333333335,0.0,1.0,Critical
CUST004198,270,5,385.5,4.0,0.0,1.0,Critical
CUST002030,368,2,270.15,5.0,0.0,1.0,Critical
CUST007854,258,4,493.49,3.0,0.0,1.0,Critical
CUST006584,376,6,491.75,3.6666666666666665,0.0,1.0,Critical
CUST004240,221,6,586.7,4.666666666666667,0.0,1.0,Critical
CUST009820,303,3,266.48,4.0,0.0,1.0,Critical
CUST000229,298,3,230.97,4.0,0.0,1.0,Critical
CUST008378,244,2,138.14,3.5,0.0,1.0,Critical
CUST000054,259,8,840.4499999999999,2.8333333333333335,12.5,1.0,Critical
CUST006096,218,2,173.26,3.5,0.0,1.0,Critical
CUST009444,288,4,417.31,4.0,0.0,1.0,Critical
CUST006672,195,3,285.21,4.0,0.0,1.0,Critical
CUST008266,300,6,689.4100000000001,4.0,0.0,1.0,Critical
CUST000492,444,4,331.45000000000005,4.333333333333333,0.0,1.0,Critical
CUST008272,544,2,254.74,4.5,0.0,1.0,Critical
CUST002175,296,5,512.3,3.6666666666666665,0.0,1.0,Critical
CUST001657,328,3,342.07,4.5,0.0,1.0,Critical
CUST002086,349,3,311.13,4.0,0.0,1.0,Critical
CUST004148,273,3,258.06,4.666666666666667,0.0,1.0,Critical
CUST003393,188,4,315.12,2.75,0.0,1.0,Critical
CUST006772,213,3,237.15,4.0,0.0,1.0,Critical
CUST004190,488,4,358.57,4.0,0.0,1.0,Critical
CUST006342,318,4,418.59999999999997,4.333333333333333,0.0,1.0,Critical
CUST000779,207,5,439.53999999999996,3.0,0.0,1.0,Critical
CUST008246,227,3,233.29,4.333333333333333,0.0,1.0,Critical
CUST005472,315,4,524.71,3.0,0.0,1.0,Critical
CUST007898,268,5,586.06,4.75,0.0,1.0,Critical
CUST001795,380,6,491.51,3.5,0.0,1.0,Critical
CUST000525,505,4,412.48,5.0,0.0,1.0,Critical
CUST003306,203,6,633.99,3.2,0.0,1.0,Critical
CUST005774,286,7,636.56,3.8333333333333335,0.0,1.0,Critical
CUST005873,629,1,132.61,5.0,0.0,1.0,Critical
CUST009152,381,5,573.5899999999999,3.5,0.0,1.0,Critical
CUST003477,561,2,174.47,4.5,0.0,1.0,Critical
CUST005953,318,2,201.13,3.0,0.0,1.0,Critical
CUST001779,284,3,321.35,3.6666666666666665,33.33,1.0,Critical
CUST003932,362,2,211.74,4.5,0.0,1.0,Critical
CUST009464,227,3,258.78999999999996,3.5,0.0,1.0,Critical
CUST001891,648,2,134.2,5.0,0.0,1.0,Critical
CUST000674,250,6,673.8,4.333333333333333,0.0,1.0,Critical
CUST005425,227,3,309.88,3.0,0.0,1.0,Critical
CUST009862,494,4,496.93,4.0,0.0,1.0,Critical
CUST001607,255,3,286.53,4.333333333333333,0.0,1.0,Critical
CUST001379,447,3,285.24,5.0,0.0,1.0,Critical
CUST009799,361,5,599.3199999999999,3.75,0.0,1.0,Critical
CUST006253,613,2,169.11,5.0,0.0,1.0,Critical
CUST007671,217,6,474.45000000000005,3.2,0.0,1.0,Critical
CUST005819,494,4,257.26,3.0,0.0,1.0,Critical
CUST009518,246,5,519.98,3.5,0.0,1.0,Critical
CUST009150,240,2,150.59,3.0,0.0,1.0,Critical
CUST008895,244,5,533.09,3.0,0.0,1.0,Critical
CUST001667,241,6,451.87,3.75,0.0,1.0,Critical
CUST003830,379,2,160.04000000000002,5.0,0.0,1.0,Critical
CUST005961,325,1,63.1,4.0,0.0,1.0,Critical
CUST002081,207,4,510.26,4.666666666666667,0.0,1.0,Critical
CUST001153,231,5,511.78999999999996,3.8,0.0,1.0,Critical
CUST003253,189,5,497.32000000000005,4.0,0.0,1.0,Critical
CUST008561,231,4,379.8,3.3333333333333335,0.0,1.0,Critical
CUST009574,456,4,378.23,3.0,25.0,1.0,Critical
CUST008964,225,7,599.63,4.285714285714286,0.0,1.0,Critical
CUST007429,279,4,329.51,3.5,0.0,1.0,Critical
CUST005483,490,2,220.32,4.0,0.0,1.0,Critical
CUST005455,330,3,427.32,3.0,0.0,1.0,Critical
CUST004738,247,4,498.53000000000003,3.25,25.0,1.0,Critical
CUST002967,225,4,411.69,3.5,0.0,1.0,Critical
CUST005668,313,3,276.89,3.6666666666666665,0.0,1.0,Critical
CUST007338,221,2,274.19,4.0,0.0,1.0,Critical
CUST008106,220,4,476.27,3.6666666666666665,0.0,1.0,Critical
CUST003605,235,4,416.86,4.0,0.0,1.0,Critical
CUST002630,716,1,123.26,2.0,0.0,1.0,Critical
CUST009271,384,3,295.01,4.5,0.0,1.0,Critical
CUST009587,181,4,355.22,3.3333333333333335,0.0,1.0,Critical
CUST000332,213,6,554.64,4.25,0.0,1.0,Critical
CUST004308,240,4,344.03,2.6666666666666665,0.0,1.0,Critical
CUST004552,221,4,515.45,5.0,0.0,1.0,Critical
CUST002599,303,4,443.04999999999995,4.333333333333333,0.0,1.0,Critical
CUST009701,204,6,477.78,3.0,0.0,1.0,Critical
CUST006928,497,4,388.88,3.5,0.0,1.0,Critical
CUST005219,187,5,400.87,4.2,0.0,1.0,Critical
CUST004851,247,8,729.27,3.5,0.0,1.0,Critical
CUST006366,378,6,611.0600000000001,3.6666666666666665,0.0,1.0,Critical
CUST005765,227,6,519.11,3.25,0.0,1.0,Critical
CUST002856,773,1,103.57,0.0,0.0,1.0,Critical
CUST005424,220,5,448.96,4.333333333333333,0.0,1.0,Critical
CUST001481,358,6,615.67,3.4,0.0,1.0,Critical
CUST005849,246,5,268.7,3.3333333333333335,0.0,1.0,Critical
CUST006365,216,5,550.37,3.0,0.0,1.0,Critical
CUST009865,234,4,443.3,4.0,0.0,1.0,Critical
CUST003413,222,5,382.86,4.0,0.0,1.0,Critical
CUST003288,430,3,298.11,4.666666666666667,0.0,1.0,Critical
CUST006881,236,3,221.10000000000002,4.0,0.0,1.0,Critical
CUST006023,288,2,164.0,0.0,0.0,1.0,Critical
CUST005354,386,3,345.82,4.666666666666667,0.0,1.0,Critical
CUST003949,224,4,389.76,4.333333333333333,0.0,1.0,Critical
CUST009437,515,2,134.01,3.5,0.0,1.0,Critical
CUST000765,542,4,511.92,3.5,0.0,1.0,Critical
CUST000251,205,4,442.09000000000003,4.0,0.0,1.0,Critical
CUST000417,274,6,722.13,4.4,0.0,1.0,Critical
CUST007659,270,3,265.58,3.0,0.0,1.0,Critical
CUST008986,470,2,277.82,4.0,0.0,1.0,Critical
CUST004047,378,4,401.51,3.0,0.0,1.0,Critical
CUST007193,220,2,274.1,5.0,0.0,1.0,Critical
CUST003774,380,3,382.52,5.0,0.0,1.0,Critical
CUST002745,431,2,210.17000000000002,4.0,0.0,1.0,Critical
CUST003448,287,4,345.98,3.0,0.0,1.0,Critical
CUST008464,260,2,236.62,4.0,0.0,1.0,Critical
CUST007180,369,3,153.09,3.0,0.0,1.0,Critical
CUST000601,270,3,262.32,2.0,0.0,1.0,Critical
CUST006953,417,3,269.03,2.0,33.33,1.0,Critical
CUST007119,198,5,642.9200000000001,3.2,0.0,1.0,Critical
CUST009917,232,3,387.67,3.0,0.0,1.0,Critical
CUST005359,231,4,340.01,3.3333333333333335,0.0,1.0,Critical
CUST005194,310,4,369.71999999999997,4.5,0.0,1.0,Critical
CUST008902,461,5,475.47,3.0,20.0,1.0,Critical
CUST007315,349,7,673.11,3.4,0.0,1.0,Critical
CUST001541,325,2,176.73000000000002,4.0,0.0,1.0,Critical
CUST008705,483,3,278.19,3.5,0.0,1.0,Critical
CUST008991,247,8,817.73,3.2,12.5,1.0,Critical
CUST002413,248,2,151.23000000000002,4.0,0.0,1.0,Critical
CUST007761,316,2,142.92000000000002,3.5,0.0,1.0,Critical
CUST009408,377,4,343.75,3.0,0.0,1.0,Critical
CUST000197,423,4,381.97,4.0,0.0,1.0,Critical
CUST004239,204,4,409.58,3.0,0.0,1.0,Critical
CUST003055,446,3,264.38,3.6666666666666665,0.0,1.0,Critical
CUST004843,269,3,236.19,4.0,0.0,1.0,Critical
CUST003760,390,5,505.61,4.0,0.0,1.0,Critical
CUST004005,526,3,402.97999999999996,4.0,0.0,1.0,Critical
CUST009391,410,2,204.81,4.5,0.0,1.0,Critical
CUST006599,217,9,1111.48,2.8,0.0,1.0,Critical
CUST005350,648,1,74.71,4.0,0.0,1.0,Critical
CUST004964,300,6,496.93,4.0,0.0,1.0,Critical
CUST001141,226,5,429.28999999999996,4.0,0.0,1.0,Critical
CUST008920,248,5,479.72,3.75,0.0,1.0,Critical
CUST003069,459,5,608.99,3.3333333333333335,0.0,1.0,Critical
CUST007458,307,3,336.04999999999995,4.0,0.0,1.0,Critical
CUST008703,213,6,565.56,3.4,0.0,1.0,Critical
CUST007061,227,5,590.11,4.333333333333333,0.0,1.0,Critical
CUST002060,405,3,414.54999999999995,3.6666666666666665,0.0,1.0,Critical
CUST002231,263,2,154.56,3.5,0.0,1.0,Critical
CUST007242,251,3,326.34000000000003,2.0,33.33,1.0,Critical
CUST006426,423,2,164.59,3.0,0.0,1.0,Critical
CUST007269,439,4,330.3,4.333333333333333,0.0,1.0,Critical
CUST000335,398,2,211.04000000000002,4.0,0.0,1.0,Critical
CUST008077,320,3,300.97999999999996,5.0,0.0,1.0,Critical
CUST004270,393,4,390.46,3.6666666666666665,0.0,1.0,Critical
CUST007555,220,5,486.74,4.0,0.0,1.0,Critical
CUST004602,421,4,520.01,3.0,0.0,1.0,Critical
CUST003425,620,2,208.19,2.0,0.0,1.0,Critical
CUST000135,277,5,537.38,2.6666666666666665,0.0,1.0,Critical
CUST009832,256,6,534.91,4.4,0.0,1.0,Critical
CUST008262,261,4,410.21,3.0,0.0,1.0,Critical
CUST004387,308,5,530.28,3.0,0.0,1.0,Critical
CUST005279,216,4,405.2,4.0,0.0,1.0,Critical
CUST001315,682,3,320.71,2.0,0.0,1.0,Critical
CUST004643,502,2,318.2,4.0,0.0,1.0,Critical
CUST005490,401,3,227.54,2.5,0.0,1.0,Critical
CUST004888,358,7,650.26,3.8333333333333335,0.0,1.0,Critical
CUST001887,291,3,445.76,3.5,0.0,1.0,Critical
CUST000324,209,5,356.36,3.6,0.0,1.0,Critical
CUST005435,184,6,549.9,4.0,0.0,1.0,Critical
CUST005019,367,6,656.7,3.5,0.0,1.0,Critical
CUST002760,387,4,352.7,3.25,0.0,1.0,Critical
CUST008126,276,4,399.43,3.6666666666666665,0.0,1.0,Critical
CUST005246,650,2,138.17000000000002,4.0,0.0,1.0,Critical
CUST005508,432,2,197.76999999999998,5.0,0.0,1.0,Critical
CUST000481,193,4,416.86,3.75,0.0,1.0,Critical
CUST001520,285,2,224.89,4.0,0.0,1.0,Critical
CUST002717,216,6,570.15,3.25,16.67,1.0,Critical
CUST006696,340,4,329.0,3.3333333333333335,0.0,1.0,Critical
CUST000255,237,4,399.65,4.0,0.0,1.0,Critical
CUST006500,239,4,311.87,3.6666666666666665,0.0,1.0,Critical
CUST000214,200,1,227.4,5.0,0.0,1.0,Critical
CUST007153,213,4,609.99,4.0,0.0,1.0,Critical
CUST005687,478,2,188.81,5.0,0.0,1.0,Critical
CUST006612,365,3,304.78999999999996,3.5,0.0,1.0,Critical
CUST005674,633,4,402.8,3.6666666666666665,0.0,1.0,Critical
CUST006110,238,3,446.32,4.0,0.0,1.0,Critical
CUST005869,409,7,678.9,2.8333333333333335,0.0,1.0,Critical
CUST009523,444,2,284.89,4.0,0.0,1.0,Critical
CUST000496,450,3,261.99,4.0,0.0,1.0,Critical
CUST003787,381,4,278.04,3.3333333333333335,0.0,1.0,Critical
CUST003800,378,5,583.11,4.666666666666667,0.0,1.0,Critical
CUST003876,183,6,756.75,3.5,0.0,1.0,Critical
CUST004869,404,7,627.58,3.8,0.0,1.0,Critical
CUST002229,346,4,384.94,4.666666666666667,0.0,1.0,Critical
CUST007956,268,4,551.11,4.0,0.0,1.0,Critical
CUST003052,230,3,382.47999999999996,3.3333333333333335,0.0,1.0,Critical
CUST005561,358,4,290.99,3.75,0.0,1.0,Critical
CUST004244,463,3,226.32,3.6666666666666665,0.0,1.0,Critical
CUST006208,381,5,571.17,3.0,0.0,1.0,Critical
CUST000896,236,5,565.92,4.0,0.0,1.0,Critical
CUST008535,399,7,846.66,4.0,0.0,1.0,Critical
CUST002358,453,3,313.29999999999995,4.5,0.0,1.0,Critical
CUST003842,230,6,570.0899999999999,3.0,0.0,1.0,Critical
CUST003676,193,4,279.98,3.0,0.0,1.0,Critical
CUST000051,203,6,701.5,3.3333333333333335,0.0,1.0,Critical
CUST007203,204,5,578.7,3.4,0.0,1.0,Critical
CUST001270,491,7,784.56,3.6666666666666665,0.0,1.0,Critical
CUST003097,207,6,565.11,3.6,0.0,1.0,Critical
CUST000287,309,6,669.34,3.75,0.0,1.0,Critical
CUST006734,378,4,334.29999999999995,3.25,0.0,1.0,Critical
CUST008975,183,4,454.63,4.0,0.0,1.0,Critical
CUST006356,648,1,217.65,0.0,0.0,1.0,Critical
CUST009868,281,5,574.45,4.0,0.0,1.0,Critical
CUST004021,231,9,1028.94,4.25,0.0,1.0,Critical
CUST003347,232,3,306.33,4.0,0.0,1.0,Critical
CUST009251,253,5,570.19,2.4,20.0,1.0,Critical
CUST005680,219,6,654.18,4.0,0.0,1.0,Critical
CUST006679,220,6,580.68,4.0,0.0,1.0,Critical
CUST009204,229,4,361.44,3.6666666666666665,0.0,1.0,Critical
CUST002593,374,4,428.2,2.0,0.0,1.0,Critical
CUST005567,431,2,194.47,3.5,0.0,1.0,Critical
CUST000636,611,4,366.22,3.6666666666666665,0.0,1.0,Critical
CUST006010,218,2,377.68,4.5,0.0,1.0,Critical
CUST007291,291,2,299.55,3.5,50.0,1.0,Critical
CUST007952,297,5,476.36,3.5,0.0,1.0,Critical
CUST007256,451,3,232.25,3.5,0.0,1.0,Critical
CUST002474,522,2,212.81,5.0,0.0,1.0,Critical
CUST003040,241,5,401.99,4.0,0.0,1.0,Critical
CUST003674,281,3,313.31,3.3333333333333335,0.0,1.0,Critical
CUST000527,307,4,465.37,4.0,0.0,1.0,Critical
CUST007895,242,6,672.01,3.2,0.0,1.0,Critical
CUST002236,279,4,451.97,3.5,0.0,1.0,Critical
CUST002842,330,2,276.18,4.5,0.0,1.0,Critical
CUST001536,243,3,316.71000000000004,4.5,0.0,1.0,Critical
CUST000652,253,5,558.1600000000001,3.0,0.0,1.0,Critical
CUST005203,334,6,570.19,3.5,16.67,1.0,Critical
CUST001011,190,5,424.56,3.0,0.0,1.0,Critical
CUST009306,285,3,420.94,4.0,0.0,1.0,Critical
CUST004539,309,5,448.22,3.4,0.0,1.0,Critical
CUST002313,286,3,365.03,3.3333333333333335,0.0,1.0,Critical
CUST002107,401,4,399.53,3.3333333333333335,0.0,1.0,Critical
CUST000846,232,4,268.4,4.0,0.0,1.0,Critical
CUST006457,522,1,96.11,0.0,0.0,1.0,Critical
CUST001034,276,4,636.66,4.0,0.0,1.0,Critical
CUST007625,356,4,372.61,4.0,0.0,1.0,Critical
CUST006266,410,4,311.76,4.333333333333333,0.0,1.0,Critical
CUST004066,198,6,613.0,3.75,0.0,1.0,Critical
CUST007930,291,6,657.89,4.0,0.0,1.0,Critical
CUST009104,303,4,541.47,3.6666666666666665,0.0,1.0,Critical
CUST000690,419,5,448.08,3.6,0.0,1.0,Critical
CUST004764,766,1,79.8,4.0,0.0,1.0,Critical
CUST008527,449,3,225.15,3.0,0.0,1.0,Critical
CUST002105,308,5,457.96,4.666666666666667,0.0,1.0,Critical
CUST006974,234,4,427.09999999999997,4.0,0.0,1.0,Critical
CUST005797,339,2,215.79,3.0,0.0,1.0,Critical
CUST000706,320,6,690.79,3.1666666666666665,0.0,1.0,Critical
CUST007519,185,4,385.37,3.3333333333333335,0.0,1.0,Critical
CUST003261,728,2,325.69,5.0,0.0,1.0,Critical
CUST000245,365,5,681.3499999999999,4.666666666666667,0.0,1.0,Critical
CUST000549,528,5,439.29,4.0,0.0,1.0,Critical
CUST004599,216,1,147.69,3.0,0.0,1.0,Critical
CUST002680,391,2,169.26,5.0,0.0,1.0,Critical
CUST008583,261,5,486.57000000000005,3.25,0.0,1.0,Critical
CUST004567,306,4,326.26,3.6666666666666665,0.0,1.0,Critical
CUST008534,436,4,462.95000000000005,4.0,25.0,1.0,Critical
CUST003303,368,4,472.61,4.333333333333333,0.0,1.0,Critical
CUST001915,298,2,183.93,3.0,0.0,1.0,Critical
CUST005663,216,8,769.55,3.5,0.0,1.0,Critical
CUST005621,270,5,562.19,3.6666666666666665,0.0,1.0,Critical
CUST004554,221,4,393.63,3.3333333333333335,0.0,1.0,Critical
CUST002196,489,4,416.86,3.5,0.0,1.0,Critical
CUST002015,608,4,348.26,2.0,0.0,1.0,Critical
CUST009959,341,5,587.3100000000001,3.3333333333333335,0.0,1.0,Critical
CUST005787,250,5,663.96,3.0,0.0,1.0,Critical
CUST005043,474,3,255.79,2.5,0.0,1.0,Critical
CUST004911,230,4,539.73,4.333333333333333,0.0,1.0,Critical
CUST005439,340,2,188.78,3.5,0.0,1.0,Critical
CUST001876,351,1,145.87,5.0,0.0,1.0,Critical
CUST001719,316,3,326.49,3.5,0.0,1.0,Critical
CUST006191,296,3,261.16999999999996,4.5,0.0,1.0,Critical
CUST006878,264,4,391.65,4.5,0.0,1.0,Critical
CUST006215,232,7,671.69,3.8,0.0,1.0,Critical
CUST003978,310,5,529.74,2.5,20.0,1.0,Critical
CUST007214,200,3,368.76,3.0,0.0,1.0,Critical
CUST004778,463,4,300.87,3.0,0.0,1.0,Critical
CUST001332,210,4,308.96000000000004,2.0,0.0,1.0,Critical
CUST001666,322,4,371.87,3.5,0.0,1.0,Critical
CUST004628,284,5,511.22,3.0,0.0,1.0,Critical
CUST001839,553,3,388.9,3.6666666666666665,0.0,1.0,Critical
CUST009252,205,3,273.99,3.6666666666666665,0.0,1.0,Critical
CUST002534,282,5,645.93,3.6666666666666665,0.0,1.0,Critical
CUST008771,322,3,311.15,2.0,0.0,1.0,Critical
CUST003371,237,6,485.13,3.25,0.0,1.0,Critical
CUST002951,187,5,428.94,2.6666666666666665,0.0,1.0,Critical
CUST008556,259,7,670.76,3.1666666666666665,14.29,1.0,Critical
CUST009789,198,5,605.8299999999999,2.6666666666666665,20.0,1.0,Critical
CUST000456,252,4,279.38,4.0,0.0,1.0,Critical
CUST000331,236,2,163.24,3.0,0.0,1.0,Critical
CUST001621,335,8,806.1,3.8333333333333335,0.0,1.0,Critical
CUST009816,300,5,594.08,4.25,0.0,1.0,Critical
CUST002897,237,4,425.82,4.0,0.0,1.0,Critical
CUST005678,506,2,185.53,2.0,0.0,1.0,Critical
CUST004848,241,4,490.79,4.0,0.0,1.0,Critical
CUST003127,322,6,542.0,4.333333333333333,0.0,1.0,Critical
CUST005301,326,4,250.41,4.333333333333333,0.0,1.0,Critical
CUST008565,252,8,794.1999999999999,4.25,12.5,1.0,Critical
CUST001539,314,2,195.38,4.0,0.0,1.0,Critical
CUST006077,200,5,405.18,4.5,0.0,1.0,Critical
CUST000897,433,5,509.87,4.0,0.0,1.0,Critical
CUST000905,377,4,596.97,3.0,0.0,1.0,Critical
CUST004736,450,4,471.41999999999996,3.6666666666666665,0.0,1.0,Critical
CUST006572,428,4,342.71000000000004,2.5,0.0,1.0,Critical
CUST006273,655,2,163.88,0.0,0.0,1.0,Critical
CUST005345,192,5,587.95,3.8,0.0,1.0,Critical
CUST002351,211,3,288.02,3.3333333333333335,33.33,1.0,Critical
CUST003013,277,6,609.14,4.75,0.0,1.0,Critical
CUST008230,326,2,211.69,2.5,0.0,1.0,Critical
CUST005928,273,4,409.05,3.75,0.0,1.0,Critical
CUST001424,240,5,483.68,3.25,0.0,1.0,Critical
CUST007135,285,4,343.96,4.5,0.0,1.0,Critical
CUST003535,306,3,435.72,3.0,0.0,1.0,Critical
CUST003682,239,3,306.1,2.5,0.0,1.0,Critical
CUST002968,716,1,60.58,3.0,0.0,1.0,Critical
CUST006388,202,5,461.11,5.0,0.0,1.0,Critical
CUST001959,251,5,439.48,3.75,0.0,1.0,Critical
CUST009671,466,3,284.55,4.0,0.0,1.0,Critical
CUST002361,218,3,297.11,4.0,0.0,1.0,Critical
CUST005132,251,7,784.8,3.7142857142857144,0.0,1.0,Critical
CUST003489,314,5,485.0,3.8,0.0,1.0,Critical
CUST004616,301,3,276.65,4.5,0.0,1.0,Critical
CUST000071,454,1,112.56,0.0,0.0,1.0,Critical
CUST006307,297,3,328.9,4.5,0.0,1.0,Critical
CUST009119,299,2,156.45,4.0,0.0,1.0,Critical
CUST007220,194,13,1404.7,3.8181818181818183,0.0,1.0,Critical
CUST004090,200,5,482.12,4.0,0.0,1.0,Critical
CUST004101,271,4,358.37,3.0,0.0,1.0,Critical
CUST009989,300,4,340.88,4.0,0.0,1.0,Critical
CUST003976,243,2,202.71,2.0,0.0,1.0,Critical
CUST003340,317,5,420.15000000000003,3.0,0.0,1.0,Critical
CUST001783,376,6,433.15,3.4,0.0,1.0,Critical
CUST006048,301,7,808.2,4.0,0.0,1.0,Critical
CUST001563,213,5,446.66999999999996,4.0,0.0,1.0,Critical
CUST006237,411,3,316.11,2.0,0.0,1.0,Critical
CUST003762,352,4,413.92,5.0,0.0,1.0,Critical
CUST006359,431,3,456.78999999999996,3.6666666666666665,0.0,1.0,Critical
CUST007237,537,2,186.51,5.0,0.0,1.0,Critical
CUST009606,276,2,169.49,4.0,0.0,1.0,Critical
CUST004970,286,3,286.79,4.0,0.0,1.0,Critical
CUST006033,272,3,266.8,4.5,0.0,1.0,Critical
CUST002911,216,5,527.05,4.0,0.0,1.0,Critical
CUST008826,246,4,456.41,3.3333333333333335,0.0,1.0,Critical
CUST008957,285,4,458.18,4.333333333333333,0.0,1.0,Critical
CUST008654,372,3,273.28999999999996,3.5,0.0,1.0,Critical
CUST008241,297,4,458.15,3.5,0.0,1.0,Critical
CUST001508,423,2,221.11,3.5,0.0,1.0,Critical
CUST002016,457,6,561.12,3.6666666666666665,0.0,1.0,Critical
CUST009091,212,5,496.85,3.6666666666666665,20.0,1.0,Critical
CUST006725,370,3,301.14,5.0,0.0,1.0,Critical
CUST003004,526,2,146.72,5.0,0.0,1.0,Critical
CUST004157,545,2,353.02,3.0,0.0,1.0,Critical
CUST008342,197,5,589.31,4.333333333333333,0.0,1.0,Critical
CUST008623,189,6,572.5799999999999,3.25,0.0,1.0,Critical
CUST004476,208,5,504.34,3.8,0.0,1.0,Critical
CUST006511,222,2,217.39,0.0,0.0,1.0,Critical
CUST000966,452,3,235.87,4.333333333333333,0.0,1.0,Critical
CUST008057,330,5,469.27,4.333333333333333,0.0,1.0,Critical
CUST000875,479,2,172.61,5.0,0.0,1.0,Critical
CUST001863,198,6,663.75,3.25,0.0,1.0,Critical
CUST004352,359,3,221.11,4.5,0.0,1.0,Critical
CUST000630,426,3,263.12,4.0,0.0,1.0,Critical
CUST003692,301,4,418.3,4.0,0.0,1.0,Critical
CUST005331,270,3,266.51,4.5,0.0,1.0,Critical
CUST003577,191,2,168.47,3.5,0.0,1.0,Critical
CUST006986,391,4,432.33000000000004,4.5,0.0,1.0,Critical
CUST004871,362,4,405.48,3.0,0.0,1.0,Critical
CUST006535,528,2,265.97,4.0,0.0,1.0,Critical
CUST003335,201,3,217.09,3.6666666666666665,0.0,1.0,Critical
CUST002190,302,6,513.34,4.0,0.0,1.0,Critical
CUST005744,236,5,591.63,4.25,0.0,1.0,Critical
CUST000416,345,4,397.15,3.5,0.0,1.0,Critical
CUST001877,538,3,242.86,4.333333333333333,0.0,1.0,Critical
CUST004768,259,4,348.3,4.25,0.0,1.0,Critical
CUST000084,208,4,375.03999999999996,4.0,0.0,1.0,Critical
CUST007866,191,3,305.9,3.6666666666666665,0.0,1.0,Critical
CUST002868,295,6,568.8100000000001,3.0,0.0,1.0,Critical
CUST006391,219,6,747.58,3.4,0.0,1.0,Critical
CUST008598,214,4,379.61,4.666666666666667,0.0,1.0,Critical
CUST001801,296,5,437.12,3.3333333333333335,0.0,1.0,Critical
CUST003777,365,2,155.07999999999998,5.0,0.0,1.0,Critical
CUST009854,235,4,603.69,2.0,0.0,1.0,Critical
CUST003002,371,9,915.4300000000001,4.0,0.0,1.0,Critical
CUST001357,586,2,228.27,3.0,0.0,1.0,Critical
CUST002634,488,3,255.41,4.0,0.0,1.0,Critical
CUST002462,227,6,746.91,3.5,0.0,1.0,Critical
CUST004074,252,7,669.02,3.4285714285714284,0.0,1.0,Critical
CUST007134,746,1,148.81,0.0,0.0,1.0,Critical
CUST005742,374,4,605.28,5.0,0.0,1.0,Critical
CUST008443,571,1,106.25,0.0,0.0,1.0,Critical
CUST009618,475,4,336.65,4.333333333333333,0.0,1.0,Critical
CUST008915,245,4,356.03000000000003,3.0,0.0,1.0,Critical
CUST001079,250,6,741.02,3.6666666666666665,0.0,1.0,Critical
CUST008424,549,5,403.05,3.75,0.0,1.0,Critical
CUST009287,246,3,325.03000000000003,3.3333333333333335,0.0,1.0,Critical
CUST000524,603,2,149.07999999999998,4.0,0.0,1.0,Critical
CUST006377,194,3,286.01,5.0,0.0,1.0,Critical
CUST008905,229,2,155.98,4.0,0.0,1.0,Critical
CUST008192,249,4,405.22999999999996,4.5,0.0,1.0,Critical
CUST009593,295,3,259.84000000000003,4.5,0.0,1.0,Critical
CUST007862,266,5,523.14,4.0,0.0,1.0,Critical
CUST003226,379,3,384.8,4.5,0.0,1.0,Critical
CUST003424,541,2,141.07,4.0,0.0,1.0,Critical
CUST005405,247,4,449.57,3.5,0.0,1.0,Critical
CUST001678,238,4,439.92,3.6666666666666665,0.0,1.0,Critical
CUST003431,284,3,323.27,2.0,0.0,1.0,Critical
CUST001217,536,5,725.07,4.25,0.0,1.0,Critical
CUST001650,307,4,404.85,3.0,50.0,1.0,Critical
CUST009812,192,4,323.18,3.5,0.0,1.0,Critical
CUST007452,259,2,230.57999999999998,4.0,0.0,1.0,Critical
CUST004789,204,5,538.4200000000001,2.75,0.0,1.0,Critical
CUST008040,482,5,399.98,4.0,0.0,1.0,Critical
CUST000089,675,1,80.06,0.0,0.0,1.0,Critical
CUST006257,344,1,82.05,3.0,0.0,1.0,Critical
CUST005459,313,4,379.26,2.5,0.0,1.0,Critical
CUST009706,247,3,273.78000000000003,2.6666666666666665,0.0,1.0,Critical
CUST000594,277,3,259.83000000000004,0.0,0.0,1.0,Critical
CUST008041,371,3,382.24,4.0,0.0,1.0,Critical
CUST000218,378,3,381.45,3.6666666666666665,0.0,1.0,Critical
CUST002545,417,3,333.69,4.0,0.0,1.0,Critical
CUST002000,385,4,598.37,3.0,0.0,1.0,Critical
CUST001546,385,3,240.38,4.0,0.0,1.0,Critical
CUST000771,307,3,325.06,5.0,0.0,1.0,Critical
CUST003165,301,4,399.71000000000004,3.6666666666666665,0.0,1.0,Critical
CUST007678,255,5,510.34000000000003,2.6666666666666665,0.0,1.0,Critical
CUST001427,212,4,318.99,4.0,0.0,1.0,Critical
CUST000891,337,2,187.66000000000003,4.0,0.0,1.0,Critical
CUST005987,187,3,293.5,0.0,0.0,1.0,Critical
CUST005362,222,3,332.93,3.5,0.0,1.0,Critical
CUST005327,316,6,831.25,4.0,0.0,1.0,Critical
CUST000379,333,4,411.15,3.5,25.0,1.0,Critical
CUST004997,395,2,187.08999999999997,5.0,0.0,1.0,Critical
CUST000913,201,4,428.25,4.25,0.0,1.0,Critical
CUST003921,300,2,179.06,5.0,0.0,1.0,Critical
CUST009964,236,2,243.33,4.5,0.0,1.0,Critical
CUST006349,227,2,243.07,5.0,0.0,1.0,Critical
CUST002343,219,5,383.25,4.0,0.0,1.0,Critical
CUST003839,428,5,411.67,4.0,0.0,1.0,Critical
CUST005719,517,1,133.14,2.0,0.0,1.0,Critical
CUST004803,299,4,302.34,2.5,0.0,1.0,Critical
CUST000988,532,3,305.78,3.0,0.0,1.0,Critical
CUST005298,229,6,710.08,3.25,0.0,1.0,Critical
CUST003984,422,3,336.48999999999995,4.0,0.0,1.0,Critical
CUST003806,221,6,550.68,3.0,0.0,1.0,Critical
CUST004886,326,4,459.30999999999995,4.333333333333333,0.0,1.0,Critical
CUST001255,231,2,221.45999999999998,2.0,50.0,1.0,Critical
CUST006900,363,4,411.9,4.0,0.0,1.0,Critical
CUST005303,244,5,569.07,3.0,20.0,1.0,Critical
CUST005522,198,5,597.81,3.75,0.0,1.0,Critical
CUST001799,309,5,502.58,4.0,0.0,1.0,Critical
CUST002991,396,4,406.43,4.0,0.0,1.0,Critical
CUST009196,484,3,228.61,2.0,0.0,1.0,Critical
CUST000747,443,2,294.3,5.0,0.0,1.0,Critical
CUST007371,266,6,704.38,3.75,16.67,1.0,Critical
CUST005466,337,6,650.49,3.8,0.0,1.0,Critical
CUST000667,200,2,346.39,3.0,0.0,1.0,Critical
CUST008775,189,6,509.56,3.5,0.0,1.0,Critical
CUST007251,219,6,626.98,4.0,0.0,1.0,Critical
CUST007585,492,2,219.08,4.0,0.0,1.0,Critical
CUST004419,565,2,302.59000000000003,4.0,0.0,1.0,Critical
CUST007173,243,6,651.26,4.0,0.0,1.0,Critical
CUST005225,340,6,575.49,3.6666666666666665,0.0,1.0,Critical
CUST005984,372,2,170.81,3.0,0.0,1.0,Critical
CUST004420,436,2,211.61,0.0,0.0,1.0,Critical
CUST002770,577,2,155.84,3.5,0.0,1.0,Critical
CUST008494,255,6,733.11,4.0,0.0,1.0,Critical
CUST004617,223,4,430.28,3.0,25.0,1.0,Critical
CUST004299,501,2,185.79000000000002,4.0,0.0,1.0,Critical
CUST007431,561,3,288.15,3.3333333333333335,0.0,1.0,Critical
CUST004083,195,8,768.3,3.4285714285714284,0.0,1.0,Critical
CUST007628,268,6,636.5,4.0,0.0,1.0,Critical
CUST002988,439,3,228.67000000000002,3.6666666666666665,0.0,1.0,Critical
CUST003526,214,6,592.11,4.0,0.0,1.0,Critical
CUST004960,200,8,826.26,3.6,0.0,1.0,Critical
CUST009646,216,2,248.39999999999998,4.0,0.0,1.0,Critical
CUST004525,262,7,657.52,3.6666666666666665,0.0,1.0,Critical
CUST003946,469,5,448.75,3.6666666666666665,0.0,1.0,Critical
CUST000666,252,5,462.69,4.0,0.0,1.0,Critical
CUST005118,207,7,726.75,3.75,0.0,1.0,Critical
CUST006297,334,5,469.29,3.25,0.0,1.0,Critical
CUST000845,214,6,648.04,3.0,0.0,1.0,Critical
CUST005625,203,5,449.98,4.25,0.0,1.0,Critical
CUST001967,308,4,354.09000000000003,4.0,0.0,1.0,Critical
CUST003886,312,4,437.17,3.5,0.0,1.0,Critical
CUST008425,252,10,1071.34,4.0,0.0,1.0,Critical
CUST003100,434,3,390.72,2.6666666666666665,0.0,1.0,Critical
CUST000315,268,8,743.78,3.0,0.0,1.0,Critical
CUST008690,340,4,338.31,4.333333333333333,0.0,1.0,Critical
CUST004872,523,6,586.9,3.6666666666666665,0.0,1.0,Critical
CUST004058,262,1,88.55,2.0,0.0,1.0,Critical
CUST009297,306,8,624.59,4.2,0.0,1.0,Critical
CUST003053,213,4,358.36,4.333333333333333,0.0,1.0,Critical
CUST009748,301,3,297.04,4.5,0.0,1.0,Critical
CUST005696,339,4,396.96,4.666666666666667,0.0,1.0,Critical
CUST002480,621,2,158.70999999999998,4.0,0.0,1.0,Critical
CUST001389,199,6,576.16,3.5,0.0,1.0,Critical
CUST009988,253,3,266.36,3.5,0.0,1.0,Critical
CUST006782,467,3,391.21,4.0,0.0,1.0,Critical
CUST006516,545,1,97.8,0.0,0.0,1.0,Critical
CUST009603,262,5,497.88,3.5,0.0,1.0,Critical
CUST004169,384,4,437.40999999999997,4.0,0.0,1.0,Critical
CUST009432,326,5,510.29999999999995,3.25,0.0,1.0,Critical
CUST001237,380,5,507.56,4.0,0.0,1.0,Critical
CUST000259,628,1,84.97,4.0,0.0,1.0,Critical
CUST000111,256,2,252.78,0.0,0.0,1.0,Critical
CUST005300,357,2,242.45999999999998,4.5,0.0,1.0,Critical
CUST003205,421,3,309.31,4.0,0.0,1.0,Critical
CUST005607,652,2,190.78,0.0,50.0,1.0,Critical
CUST006206,344,2,199.64,4.0,0.0,1.0,Critical
CUST008633,547,1,73.8,2.0,0.0,1.0,Critical
CUST005192,371,1,112.82,4.0,0.0,1.0,Critical
CUST007727,208,5,545.04,3.5,0.0,1.0,Critical
CUST005586,226,6,734.61,4.0,0.0,1.0,Critical
CUST003486,324,5,533.39,3.75,0.0,1.0,Critical
CUST000429,253,6,713.42,3.1666666666666665,0.0,1.0,Critical
CUST006971,237,6,473.68,3.8333333333333335,0.0,1.0,Critical
CUST000243,238,5,432.39,3.0,0.0,1.0,Critical
CUST007492,568,2,232.79000000000002,5.0,0.0,1.0,Critical
CUST000938,340,1,90.6,4.0,0.0,1.0,Critical
CUST001704,215,3,332.53,3.5,0.0,1.0,Critical
CUST002207,637,1,93.71,4.0,0.0,1.0,Critical
CUST004965,291,2,200.74,0.0,0.0,1.0,Critical
CUST007631,306,5,649.94,4.5,0.0,1.0,Critical
CUST006586,234,2,278.78999999999996,4.0,0.0,1.0,Critical
CUST002247,335,3,247.05,3.3333333333333335,0.0,1.0,Critical
CUST004379,395,5,658.51,4.0,0.0,1.0,Critical
CUST004816,458,2,156.19,3.0,0.0,1.0,Critical
CUST006162,213,4,285.21000000000004,3.0,0.0,1.0,Critical
CUST009121,252,8,770.45,3.7142857142857144,0.0,1.0,Critical
CUST008626,502,2,236.53,4.0,0.0,1.0,Critical
CUST006909,562,4,395.86,3.6666666666666665,0.0,1.0,Critical
CUST001550,299,3,187.48,3.3333333333333335,0.0,1.0,Critical
CUST002734,208,7,753.92,3.6666666666666665,0.0,1.0,Critical
CUST001258,266,5,536.01,3.6666666666666665,0.0,1.0,Critical
CUST006683,406,4,341.23,3.0,25.0,1.0,Critical
CUST001800,243,6,512.03,4.0,0.0,1.0,Critical
CUST008507,206,5,651.89,3.6,0.0,1.0,Critical
CUST006794,321,5,463.39,3.5,0.0,1.0,Critical
CUST006306,356,2,141.75,3.5,0.0,1.0,Critical
CUST007549,225,6,571.3100000000001,3.8,0.0,1.0,Critical
CUST009520,275,4,421.26,5.0,0.0,1.0,Critical
CUST000869,259,5,476.47,4.0,0.0,1.0,Critical
CUST004224,410,3,293.06,5.0,0.0,1.0,Critical
CUST002482,309,5,559.6,5.0,0.0,1.0,Critical
CUST004118,236,5,427.76,2.0,20.0,1.0,Critical
CUST000383,206,7,745.86,3.1666666666666665,14.29,1.0,Critical
CUST007728,586,4,340.16999999999996,2.6666666666666665,0.0,1.0,Critical
CUST008611,470,4,377.31,4.0,0.0,1.0,Critical
CUST008079,274,4,374.09000000000003,4.25,0.0,1.0,Critical
CUST009616,346,2,200.76000000000002,0.0,0.0,1.0,Critical
CUST000699,292,5,582.83,3.3333333333333335,0.0,1.0,Critical
CUST003653,241,4,400.16999999999996,3.75,0.0,1.0,Critical
CUST008998,381,3,286.66999999999996,4.0,0.0,1.0,Critical
CUST006025,223,6,622.29,3.75,0.0,1.0,Critical
CUST008514,443,4,373.05,3.5,0.0,1.0,Critical
CUST006172,470,4,422.82,3.0,0.0,1.0,Critical
CUST002509,265,4,353.09,3.6666666666666665,0.0,1.0,Critical
CUST003294,221,5,387.15,4.0,0.0,1.0,Critical
CUST008917,204,4,439.06,4.333333333333333,0.0,1.0,Critical
CUST008231,317,6,480.46999999999997,4.0,0.0,1.0,Critical
CUST004158,231,5,430.47,3.3333333333333335,0.0,1.0,Critical
CUST007440,466,5,598.5,3.3333333333333335,0.0,1.0,Critical
CUST002782,349,3,237.18,3.6666666666666665,0.0,1.0,Critical
CUST002929,309,4,384.47999999999996,3.5,0.0,1.0,Critical
CUST005950,330,5,501.72,3.4,0.0,1.0,Critical
CUST002091,223,5,671.81,4.0,0.0,1.0,Critical
CUST007386,440,2,196.24,4.0,0.0,1.0,Critical
CUST003453,202,4,373.96,4.666666666666667,0.0,1.0,Critical
CUST000091,188,6,769.17,2.6666666666666665,33.33,1.0,Critical
CUST006479,263,8,753.95,3.8333333333333335,0.0,1.0,Critical
CUST003559,217,4,342.35,3.0,25.0,1.0,Critical
CUST004026,312,7,694.55,3.2857142857142856,0.0,1.0,Critical
CUST000789,365,3,233.98000000000002,4.0,0.0,1.0,Critical
CUST007714,610,4,370.56,3.75,0.0,1.0,Critical
CUST008873,344,2,219.69,4.0,0.0,1.0,Critical
CUST008496,518,3,272.54,5.0,0.0,1.0,Critical
CUST001608,368,4,483.53,4.0,0.0,1.0,Critical
CUST009332,253,4,414.59000000000003,4.0,0.0,1.0,Critical
CUST006322,277,4,427.88,3.0,0.0,1.0,Critical
CUST006217,348,4,347.97,3.3333333333333335,0.0,1.0,Critical
CUST007594,219,5,644.49,4.6,0.0,1.0,Critical
CUST004824,202,3,281.57,3.6666666666666665,0.0,1.0,Critical
CUST007729,505,1,81.23,3.0,0.0,1.0,Critical
CUST001566,398,3,416.85,5.0,0.0,1.0,Critical
CUST006296,296,4,397.01,0.0,0.0,1.0,Critical
CUST009621,213,4,439.71000000000004,4.0,0.0,1.0,Critical
CUST009337,227,3,290.19,3.0,0.0,1.0,Critical
CUST008323,199,9,701.39,4.142857142857143,0.0,1.0,Critical
CUST005555,357,3,288.06,2.0,0.0,1.0,Critical
CUST008829,209,6,566.31,3.0,0.0,1.0,Critical
CUST008159,277,5,456.28999999999996,3.5,0.0,1.0,Critical
CUST002525,347,4,385.91,4.0,0.0,1.0,Critical
CUST006957,340,3,453.24,3.6666666666666665,0.0,1.0,Critical
CUST005698,573,2,272.4,3.0,0.0,1.0,Critical
CUST005752,338,3,197.34,3.3333333333333335,0.0,1.0,Critical
CUST002682,199,6,614.21,4.666666666666667,0.0,1.0,Critical
CUST005970,250,6,546.6,3.25,0.0,1.0,Critical
CUST009158,276,4,339.65999999999997,3.0,0.0,1.0,Critical
CUST003323,233,2,122.76,2.0,0.0,1.0,Critical
CUST004175,212,4,316.3,3.6666666666666665,0.0,1.0,Critical
CUST003258,238,3,318.17,3.5,0.0,1.0,Critical
CUST009430,488,4,313.5,4.0,0.0,1.0,Critical
CUST007654,350,6,634.95,3.8,0.0,1.0,Critical
CUST002184,269,3,386.59000000000003,5.0,0.0,1.0,Critical
CUST001845,203,8,747.37,4.166666666666667,0.0,1.0,Critical
CUST004392,232,6,644.35,4.25,0.0,1.0,Critical
CUST009210,360,6,563.29,4.4,0.0,1.0,Critical
CUST000260,189,2,136.09,4.0,0.0,1.0,Critical
CUST006308,307,3,326.29,4.0,0.0,1.0,Critical
CUST006016,298,7,692.71,4.0,0.0,1.0,Critical
CUST000572,421,3,296.67999999999995,5.0,0.0,1.0,Critical
CUST004250,266,2,210.57999999999998,4.0,0.0,1.0,Critical
CUST005751,285,4,460.13,4.0,0.0,1.0,Critical
CUST009022,194,6,622.41,3.3333333333333335,0.0,1.0,Critical
CUST001965,715,2,211.47,3.5,0.0,1.0,Critical
CUST002195,559,2,177.2,4.0,0.0,1.0,Critical
CUST004546,205,6,624.6899999999999,4.5,0.0,1.0,Critical
CUST001590,342,3,362.92,5.0,0.0,1.0,Critical
CUST002217,252,4,396.21999999999997,3.75,0.0,1.0,Critical
CUST001697,516,2,208.77,3.0,0.0,1.0,Critical
CUST000799,324,2,343.0,5.0,0.0,1.0,Critical
CUST002642,248,2,140.53,3.5,0.0,1.0,Critical
CUST008012,256,9,725.77,3.4444444444444446,0.0,1.0,Critical
CUST000645,203,6,576.28,3.4,16.67,1.0,Critical
CUST007646,277,5,514.74,3.8,0.0,1.0,Critical
CUST006634,242,3,299.76,4.0,0.0,1.0,Critical
CUST008133,221,3,247.39999999999998,4.0,0.0,1.0,Critical
CUST003153,281,5,487.85,3.25,0.0,1.0,Critical
CUST000486,229,4,369.38,4.0,0.0,1.0,Critical
CUST000176,298,4,353.15,4.5,0.0,1.0,Critical
CUST005022,274,4,312.59,4.333333333333333,0.0,1.0,Critical
CUST002925,303,2,173.2,3.5,0.0,1.0,Critical
CUST004780,248,3,307.27,3.5,0.0,1.0,Critical
CUST002187,211,7,701.6,4.25,0.0,1.0,Critical
CUST000339,212,2,182.12,3.5,0.0,1.0,Critical
CUST005469,322,3,358.06,5.0,0.0,1.0,Critical
CUST003935,312,4,204.43,4.5,0.0,1.0,Critical
CUST006119,270,2,200.16,0.0,0.0,1.0,Critical
CUST007243,353,4,475.80000000000007,3.0,0.0,1.0,Critical
CUST007417,494,3,330.4,4.0,0.0,1.0,Critical
CUST008679,482,3,332.52,3.0,0.0,1.0,Critical
CUST009049,287,4,408.34,4.0,0.0,1.0,Critical
CUST005834,256,4,315.69,3.0,0.0,1.0,Critical
CUST004343,442,4,438.28000000000003,2.6666666666666665,0.0,1.0,Critical
CUST002472,321,6,624.54,3.8,0.0,1.0,Critical
CUST007630,318,4,337.35,4.0,25.0,1.0,Critical
CUST002242,348,4,415.20000000000005,4.0,0.0,1.0,Critical
CUST009063,257,9,936.7,4.5,0.0,1.0,Critical
CUST005134,514,3,289.08,3.3333333333333335,0.0,1.0,Critical
CUST005951,461,5,464.78000000000003,4.0,0.0,1.0,Critical
CUST006649,217,3,247.82,4.0,0.0,1.0,Critical
CUST000607,355,5,416.11,0.0,0.0,1.0,Critical
CUST001172,254,4,527.04,3.0,0.0,1.0,Critical
CUST002535,225,4,501.37,3.75,0.0,1.0,Critical
CUST005730,187,6,534.88,3.6,0.0,1.0,Critical
CUST005759,233,5,392.65,4.333333333333333,0.0,1.0,Critical
CUST004861,264,6,814.5,4.0,0.0,1.0,Critical
CUST001710,194,4,437.71999999999997,3.3333333333333335,0.0,1.0,Critical
CUST001506,290,5,443.09,3.75,0.0,1.0,Critical
CUST001739,314,6,744.4200000000001,3.5,16.67,1.0,Critical
CUST004185,208,3,281.46000000000004,2.0,0.0,1.0,Critical
CUST004479,403,5,455.06,3.0,20.0,1.0,Critical
CUST000754,269,4,460.31,3.3333333333333335,0.0,1.0,Critical
CUST001724,531,3,237.48000000000002,3.0,0.0,1.0,Critical
CUST008894,462,3,267.18,4.666666666666667,0.0,1.0,Critical
CUST001142,263,3,253.16,5.0,0.0,1.0,Critical
CUST006437,263,6,460.06,3.6,0.0,1.0,Critical
CUST002324,193,6,545.06,3.3333333333333335,0.0,1.0,Critical
CUST009530,253,4,414.69,3.5,25.0,1.0,Critical
CUST001833,756,2,328.6,4.0,0.0,1.0,Critical
CUST007616,211,6,515.64,3.6,0.0,1.0,Critical
CUST006583,277,2,175.01,5.0,0.0,1.0,Critical
CUST003381,335,6,581.1800000000001,3.1666666666666665,0.0,1.0,Critical
CUST006264,365,5,675.78,4.333333333333333,20.0,1.0,Critical
CUST000283,183,5,449.11,3.6666666666666665,0.0,1.0,Critical
CUST001785,272,3,282.31,2.0,0.0,1.0,Critical
CUST008574,212,6,664.48,4.5,0.0,1.0,Critical
CUST008551,362,2,162.22,5.0,0.0,1.0,Critical
CUST009410,192,10,1188.65,3.142857142857143,0.0,1.0,Critical
CUST003179,217,3,330.07,4.0,0.0,1.0,Critical
CUST005500,483,3,450.99,5.0,0.0,1.0,Critical
CUST003816,305,5,529.62,3.0,0.0,1.0,Critical
CUST009859,350,1,70.49,4.0,0.0,1.0,Critical
CUST000270,263,3,253.17,4.0,0.0,1.0,Critical
CUST003370,200,6,536.02,3.0,0.0,1.0,Critical
CUST004341,229,5,404.02,4.0,0.0,1.0,Critical
CUST007123,259,5,507.26,3.25,0.0,1.0,Critical
CUST005011,264,2,216.62,4.0,0.0,1.0,Critical
CUST000167,309,7,705.24,3.6666666666666665,0.0,1.0,Critical
CUST004644,257,4,464.97,3.75,0.0,1.0,Critical
CUST004221,334,4,359.68,4.75,0.0,1.0,Critical
CUST001771,432,5,582.78,3.3333333333333335,0.0,1.0,Critical
CUST002008,253,3,292.85,3.5,0.0,1.0,Critical
CUST002110,362,3,282.46,3.0,33.33,1.0,Critical
CUST006326,321,4,383.8,4.666666666666667,0.0,1.0,Critical
CUST004438,188,6,656.28,3.75,0.0,1.0,Critical
CUST002191,427,3,321.59000000000003,4.0,0.0,1.0,Critical
CUST005397,264,5,553.13,2.0,0.0,1.0,Critical
CUST000638,311,6,608.54,3.0,0.0,1.0,Critical
CUST001798,296,6,616.21,4.0,0.0,1.0,Critical
CUST000431,274,2,188.13,2.0,0.0,1.0,Critical
CUST006785,343,5,505.12,4.0,0.0,1.0,Critical
CUST005401,253,6,586.55,3.0,0.0,1.0,Critical
CUST005429,191,7,709.65,3.75,0.0,1.0,Critical
CUST001777,356,3,221.12,5.0,0.0,1.0,Critical
CUST003029,275,3,223.55,4.0,0.0,1.0,Critical
CUST004530,371,7,596.74,3.8,0.0,1.0,Critical
CUST007734,295,4,404.52,3.0,0.0,1.0,Critical
CUST005767,347,5,528.3,4.0,0.0,1.0,Critical
CUST008780,183,5,426.66,3.0,0.0,1.0,Critical
CUST001407,226,2,160.65,4.0,0.0,1.0,Critical
CUST000668,186,2,199.89,4.0,0.0,1.0,Critical
CUST001080,253,6,570.85,4.166666666666667,0.0,1.0,Critical
CUST007394,520,1,99.89,3.0,0.0,1.0,Critical
CUST001614,240,11,1193.09,4.142857142857143,0.0,1.0,Critical
CUST003327,188,6,594.26,0.0,0.0,1.0,Critical
CUST000244,227,5,548.45,3.0,0.0,1.0,Critical
CUST001974,287,3,266.67,2.0,0.0,1.0,Critical
CUST000562,448,5,481.45,4.5,0.0,1.0,Critical
CUST004297,239,3,224.94,0.0,0.0,1.0,Critical
CUST005042,252,6,540.6800000000001,3.75,0.0,1.0,Critical
CUST001360,479,2,226.35999999999999,4.0,0.0,1.0,Critical
CUST001529,516,4,456.46,3.6666666666666665,0.0,1.0,Critical
CUST003756,244,4,371.49,3.5,0.0,1.0,Critical
CUST006903,379,2,187.19,5.0,0.0,1.0,Critical
CUST008449,258,1,134.11,0.0,0.0,1.0,Critical
CUST006203,558,2,121.01,0.0,0.0,1.0,Critical
CUST005706,304,6,421.32,3.0,0.0,1.0,Critical
CUST009099,220,4,354.4,5.0,0.0,1.0,Critical
CUST006474,310,4,350.28000000000003,3.0,0.0,1.0,Critical
CUST000836,464,3,367.36,4.0,0.0,1.0,Critical
CUST001952,188,3,324.68,3.6666666666666665,0.0,1.0,Critical
CUST000908,387,5,606.17,3.75,0.0,1.0,Critical
CUST004007,376,3,379.07000000000005,3.5,0.0,1.0,Critical
CUST008604,283,3,228.94,3.0,0.0,1.0,Critical
CUST001734,189,6,555.37,4.333333333333333,0.0,1.0,Critical
CUST002421,243,4,614.5500000000001,4.0,0.0,1.0,Critical
CUST007814,427,3,294.69,3.3333333333333335,0.0,1.0,Critical
CUST004003,221,6,488.08000000000004,4.0,0.0,1.0,Critical
CUST009277,202,3,326.73,4.0,0.0,1.0,Critical
CUST009334,225,5,606.89,2.5,20.0,1.0,Critical
CUST001576,214,4,317.4,3.5,0.0,1.0,Critical
CUST009103,420,3,259.90999999999997,4.333333333333333,0.0,1.0,Critical
CUST006600,338,5,414.95,4.0,0.0,1.0,Critical
CUST000424,296,2,224.7,3.0,0.0,1.0,Critical
CUST001620,271,5,528.04,4.0,0.0,1.0,Critical
CUST007611,362,4,457.7,3.0,0.0,1.0,Critical
CUST005994,222,4,352.99,3.5,0.0,1.0,Critical
CUST002718,237,4,426.33,2.3333333333333335,25.0,1.0,Critical
CUST009707,270,7,717.42,3.5,0.0,1.0,Critical
CUST001658,418,4,307.21000000000004,5.0,0.0,1.0,Critical
CUST003870,200,2,190.14,5.0,0.0,1.0,Critical
CUST000451,198,4,428.75,4.0,0.0,1.0,Critical
CUST006319,456,3,416.47,3.0,0.0,1.0,Critical
CUST000610,209,5,420.36,2.6666666666666665,0.0,1.0,Critical
CUST002332,288,4,427.65000000000003,4.0,0.0,1.0,Critical
CUST006241,289,5,649.41,3.5,0.0,1.0,Critical
CUST002571,561,2,143.28,4.0,0.0,1.0,Critical
CUST008277,278,3,280.55,4.0,0.0,1.0,Critical
CUST009788,536,4,482.57,4.0,0.0,1.0,Critical
CUST006062,281,6,607.28,4.0,16.67,1.0,Critical
CUST005497,231,5,464.19,4.666666666666667,0.0,1.0,Critical
CUST001679,189,10,1060.6100000000001,4.0,0.0,1.0,Critical
CUST006284,208,8,701.13,4.166666666666667,0.0,1.0,Critical
CUST003262,212,3,192.56,4.0,0.0,1.0,Critical
CUST008945,452,7,757.26,4.6,0.0,1.0,Critical
CUST005431,255,2,203.65,5.0,0.0,1.0,Critical
CUST004382,227,3,229.3,4.5,0.0,1.0,Critical
CUST002544,294,5,463.35,4.0,20.0,1.0,Critical
CUST002860,268,4,433.05,4.5,0.0,1.0,Critical
CUST004477,401,4,420.03,3.5,0.0,1.0,Critical
CUST002614,378,2,156.0,4.5,0.0,1.0,Critical
CUST003604,601,2,327.53999999999996,3.5,0.0,1.0,Critical
CUST003848,256,5,451.69,3.0,0.0,1.0,Critical
CUST008270,247,5,448.38,4.0,0.0,1.0,Critical
CUST007912,267,3,284.23,2.0,0.0,1.0,Critical
CUST004835,281,4,334.93,3.6666666666666665,0.0,1.0,Critical
CUST009222,291,5,699.47,4.25,0.0,1.0,Critical
CUST001077,307,5,430.59,4.2,0.0,1.0,Critical
CUST002964,207,2,363.07,4.0,0.0,1.0,Critical
CUST009629,638,2,268.77,4.0,0.0,1.0,Critical
CUST006982,345,5,491.52,2.6666666666666665,0.0,1.0,Critical
CUST004430,235,2,322.57,5.0,0.0,1.0,Critical
CUST005454,249,6,577.02,4.0,0.0,1.0,Critical
CUST004216,200,6,595.8299999999999,3.3333333333333335,16.67,1.0,Critical
CUST002722,216,6,442.69,3.75,0.0,1.0,Critical
CUST003834,216,5,383.96,3.0,20.0,1.0,Critical
CUST007174,315,7,683.66,3.25,0.0,1.0,Critical
CUST000022,209,2,254.69,5.0,0.0,1.0,Critical
CUST003003,740,1,167.46,0.0,0.0,1.0,Critical
CUST007830,210,5,511.07,3.5,0.0,1.0,Critical
CUST005572,268,3,280.77,4.0,0.0,1.0,Critical
CUST007141,223,2,241.01,4.0,0.0,1.0,Critical
CUST000844,453,2,159.98,2.0,0.0,1.0,Critical
CUST001565,362,5,493.29999999999995,4.2,0.0,1.0,Critical
CUST006632,519,5,522.81,4.0,0.0,1.0,Critical
CUST006896,413,4,363.97,4.0,0.0,1.0,Critical
CUST005267,329,5,559.71,4.75,0.0,1.0,Critical
CUST003724,724,2,174.46,4.5,0.0,1.0,Critical
CUST000466,216,4,384.35,4.0,0.0,1.0,Critical
CUST009911,438,3,375.96,5.0,0.0,1.0,Critical
CUST008047,186,3,263.0,3.0,0.0,1.0,Critical
CUST008922,404,2,185.84,4.0,0.0,1.0,Critical
CUST001428,216,4,337.95000000000005,4.25,0.0,1.0,Critical
CUST004023,183,4,365.04,3.0,0.0,1.0,Critical
CUST007107,249,5,475.1,4.0,0.0,1.0,Critical
CUST003159,216,3,376.77,3.6666666666666665,0.0,1.0,Critical
CUST007957,269,2,172.53,2.0,0.0,1.0,Critical
CUST009503,298,6,596.79,3.5,0.0,1.0,Critical
CUST005540,578,2,237.25,2.0,0.0,1.0,Critical
CUST007873,333,8,669.1800000000001,4.0,0.0,1.0,Critical
CUST007548,469,4,328.55,3.3333333333333335,0.0,1.0,Critical
CUST004582,250,3,238.74,4.0,0.0,1.0,Critical
CUST005517,420,7,776.1999999999999,3.0,0.0,1.0,Critical
CUST006972,315,3,230.5,5.0,0.0,1.0,Critical
CUST003904,458,2,202.5,3.5,0.0,1.0,Critical
CUST005794,190,3,276.28000000000003,2.0,0.0,1.0,Critical
CUST000264,239,7,664.47,4.333333333333333,0.0,1.0,Critical
CUST006346,306,1,61.01,5.0,0.0,1.0,Critical
CUST005085,523,2,279.57,5.0,0.0,1.0,Critical
CUST009627,232,3,252.74,3.3333333333333335,0.0,1.0,Critical
CUST002275,211,6,554.68,4.0,0.0,1.0,Critical
CUST001568,238,4,408.65,4.0,0.0,1.0,Critical
CUST006299,444,2,276.26,3.5,0.0,1.0,Critical
CUST003680,231,4,227.53,3.6666666666666665,0.0,1.0,Critical
CUST004197,227,5,530.99,3.6666666666666665,0.0,1.0,Critical
CUST005035,225,5,442.49,3.75,0.0,1.0,Critical
CUST004075,465,4,351.58,3.6666666666666665,0.0,1.0,Critical
CUST001162,395,2,186.7,2.5,0.0,1.0,Critical
CUST001690,228,5,493.66,3.6666666666666665,0.0,1.0,Critical
CUST007544,301,9,967.48,3.6666666666666665,0.0,1.0,Critical
CUST000877,261,4,402.48,3.6666666666666665,0.0,1.0,Critical
CUST008120,350,6,553.49,4.0,0.0,1.0,Critical
CUST009979,289,4,508.63,4.0,0.0,1.0,Critical
CUST005547,305,3,307.34000000000003,3.0,0.0,1.0,Critical
CUST000120,278,4,389.48,4.333333333333333,0.0,1.0,Critical
CUST009749,234,6,528.71,4.25,0.0,1.0,Critical
CUST002632,210,5,572.3,3.25,0.0,1.0,Critical
CUST003761,334,2,176.32,3.5,0.0,1.0,Critical
CUST009608,257,5,477.86,4.4,0.0,1.0,Critical
CUST004374,186,8,844.1700000000001,4.333333333333333,0.0,1.0,Critical
CUST005033,346,4,451.57,4.5,0.0,1.0,Critical
CUST000694,254,2,199.66000000000003,0.0,0.0,1.0,Critical
CUST009575,427,3,235.62,2.5,0.0,1.0,Critical
CUST009185,408,2,134.64,4.0,0.0,1.0,Critical
CUST001824,245,9,949.29,4.4,0.0,1.0,Critical
CUST006120,281,5,712.87,3.6666666666666665,0.0,1.0,Critical
CUST009086,735,1,88.57,2.0,0.0,1.0,Critical
CUST007805,296,3,267.46999999999997,3.0,0.0,1.0,Critical
CUST002106,189,3,292.77,4.333333333333333,0.0,1.0,Critical
CUST004496,189,3,255.81,3.6666666666666665,0.0,1.0,Critical
CUST002516,393,3,228.07999999999998,2.5,0.0,1.0,Critical
CUST009962,260,3,283.42,2.6666666666666665,33.33,1.0,Critical
CUST002454,224,5,473.16,3.5,0.0,1.0,Critical
CUST004268,191,2,262.01,3.0,0.0,1.0,Critical
CUST007889,204,4,359.39,3.5,0.0,1.0,Critical
CUST001281,241,4,511.32000000000005,3.3333333333333335,0.0,1.0,Critical
CUST001998,209,6,603.82,4.333333333333333,0.0,1.0,Critical
CUST007415,331,2,185.79,3.5,50.0,1.0,Critical
CUST003175,337,4,517.1,3.6666666666666665,0.0,1.0,Critical
CUST005446,386,2,132.07,2.0,0.0,1.0,Critical
CUST002449,344,4,279.93,4.5,0.0,1.0,Critical
CUST001652,260,7,749.11,4.0,0.0,1.0,Critical
CUST009456,275,4,353.31,3.5,0.0,1.0,Critical
CUST003041,306,3,319.2,4.5,0.0,1.0,Critical
CUST001557,203,4,425.46000000000004,4.333333333333333,0.0,1.0,Critical
CUST004827,354,6,691.3299999999999,3.8,0.0,1.0,Critical
CUST008684,268,5,523.0,4.2,0.0,1.0,Critical
CUST004062,222,6,607.29,4.0,16.67,1.0,Critical
CUST005302,334,6,514.04,4.5,0.0,1.0,Critical
CUST000254,376,6,421.62,3.2,0.0,1.0,Critical
CUST009781,198,6,644.65,3.6666666666666665,0.0,1.0,Critical
CUST001418,206,3,295.77,3.3333333333333335,0.0,1.0,Critical
CUST009947,195,6,662.48,3.2,16.67,1.0,Critical
CUST003293,256,3,265.65999999999997,4.333333333333333,0.0,1.0,Critical
CUST006218,201,6,584.44,3.0,0.0,1.0,Critical
CUST007072,392,6,604.06,3.4,0.0,1.0,Critical
CUST004548,190,5,447.87,4.0,0.0,1.0,Critical
CUST004901,210,6,535.33,4.0,0.0,1.0,Critical
CUST000949,195,6,757.11,4.0,16.67,1.0,Critical
CUST004566,384,4,282.9,5.0,0.0,1.0,Critical
CUST009074,200,3,285.71000000000004,3.0,33.33,1.0,Critical
CUST003436,257,3,338.31,2.0,33.33,1.0,Critical
CUST002383,256,6,531.73,3.5,0.0,1.0,Critical
CUST006209,412,2,159.23,4.0,0.0,1.0,Critical
CUST005075,288,4,431.53,2.0,0.0,1.0,Critical
CUST000842,192,5,417.81,4.25,0.0,1.0,Critical
CUST008934,247,4,324.04999999999995,4.25,0.0,1.0,Critical
CUST003252,233,2,146.73000000000002,4.5,0.0,1.0,Critical
CUST004255,324,5,498.88,3.2,0.0,1.0,Critical
CUST003584,289,6,630.82,3.5,0.0,1.0,Critical
CUST000608,217,4,409.98,4.0,0.0,1.0,Critical
CUST003862,218,6,753.86,4.6,0.0,1.0,Critical
CUST003644,652,3,194.36,4.5,0.0,1.0,Critical
CUST000993,596,4,464.1,3.5,0.0,1.0,Critical
CUST000009,324,4,517.96,4.0,0.0,1.0,Critical
CUST000193,275,4,454.87,4.0,0.0,1.0,Critical
CUST006353,434,3,323.39,3.6666666666666665,0.0,1.0,Critical
CUST003391,426,4,379.92,0.0,0.0,1.0,Critical
CUST004664,537,3,286.42,4.333333333333333,0.0,1.0,Critical
CUST002684,259,6,602.63,4.6,0.0,1.0,Critical
CUST000325,193,7,857.51,4.0,0.0,1.0,Critical
CUST007057,254,4,288.62,4.0,0.0,1.0,Critical
CUST001705,341,6,553.6,3.6,0.0,1.0,Critical
CUST000302,265,4,390.64,4.0,0.0,1.0,Critical
CUST001540,400,4,398.53999999999996,3.0,0.0,1.0,Critical
CUST002992,259,8,760.02,3.25,0.0,1.0,Critical
CUST005716,407,4,496.20000000000005,3.75,0.0,1.0,Critical
CUST004370,215,7,700.3299999999999,4.0,0.0,1.0,Critical
CUST002774,256,3,295.40999999999997,4.5,0.0,1.0,Critical
CUST006344,297,4,318.32,4.5,0.0,1.0,Critical
CUST009054,288,5,570.95,4.0,0.0,1.0,Critical
CUST000159,265,6,599.4,3.0,0.0,1.0,Critical
CUST000237,274,6,588.15,3.75,0.0,1.0,Critical
CUST006883,340,2,279.34000000000003,2.0,0.0,1.0,Critical
CUST009137,242,5,447.53999999999996,4.5,0.0,1.0,Critical
CUST001134,317,8,760.8100000000001,3.2857142857142856,12.5,1.0,Critical
CUST003315,770,1,84.23,4.0,0.0,1.0,Critical
CUST003405,282,3,304.95000000000005,4.0,0.0,1.0,Critical
CUST009921,258,3,285.15,5.0,0.0,1.0,Critical
CUST003352,581,2,268.04,2.0,0.0,1.0,Critical
CUST003602,181,7,731.01,3.5,0.0,1.0,Critical
CUST004294,462,2,225.24,3.0,0.0,1.0,Critical
CUST000365,317,2,194.44,3.0,0.0,1.0,Critical
CUST003082,210,4,338.75,3.6666666666666665,0.0,1.0,Critical
CUST000587,406,6,662.29,3.75,0.0,1.0,Critical
CUST002311,307,2,145.29000000000002,3.5,0.0,1.0,Critical
CUST004328,265,4,375.27,4.666666666666667,0.0,1.0,Critical
CUST009075,269,4,288.44,4.5,0.0,1.0,Critical
CUST009737,267,4,439.3,3.0,0.0,1.0,Critical
CUST008732,239,4,671.28,4.0,0.0,1.0,Critical
CUST005292,205,4,398.7,2.6666666666666665,0.0,1.0,Critical
CUST009123,270,3,252.25,4.5,0.0,1.0,Critical
CUST009193,353,2,272.52,3.0,0.0,1.0,Critical
CUST002155,363,4,509.27,2.5,0.0,1.0,Critical
CUST008663,528,2,200.82,4.0,0.0,1.0,Critical
CUST008143,359,6,757.1999999999999,2.6666666666666665,0.0,1.0,Critical
CUST002672,383,1,87.58,5.0,0.0,1.0,Critical
CUST001345,216,5,633.5,4.666666666666667,0.0,1.0,Critical
CUST007378,314,5,553.05,3.0,0.0,1.0,Critical
CUST001164,195,4,383.28999999999996,2.75,0.0,1.0,Critical
CUST004624,274,5,511.72,3.6,0.0,1.0,Critical
CUST007459,292,6,649.94,4.0,0.0,1.0,Critical
CUST005116,206,3,222.34,3.5,0.0,1.0,Critical
CUST007210,432,3,332.54,3.5,33.33,1.0,Critical
CUST000870,308,4,451.07,3.3333333333333335,0.0,1.0,Critical
CUST004712,332,3,231.56,3.3333333333333335,0.0,1.0,Critical
CUST001547,333,5,434.99,4.666666666666667,0.0,1.0,Critical
CUST005180,231,4,399.1,3.3333333333333335,25.0,1.0,Critical
CUST003001,276,8,734.24,3.875,0.0,1.0,Critical
CUST007774,262,6,613.43,3.25,0.0,1.0,Critical
CUST006149,490,2,205.25,5.0,0.0,1.0,Critical
CUST004166,192,4,286.49,3.5,0.0,1.0,Critical
CUST006596,265,4,496.09999999999997,3.6666666666666665,0.0,1.0,Critical
CUST003637,267,5,632.21,3.5,20.0,1.0,Critical
CUST002279,575,5,495.9,4.0,0.0,1.0,Critical
CUST004647,438,4,452.51,3.3333333333333335,0.0,1.0,Critical
CUST004086,499,3,313.83,3.6666666666666665,0.0,1.0,Critical
CUST009871,332,7,706.1600000000001,3.6666666666666665,0.0,1.0,Critical
CUST004503,250,2,203.22,0.0,0.0,1.0,Critical
CUST008629,401,2,260.15000000000003,3.5,0.0,1.0,Critical
CUST007456,298,5,517.48,4.333333333333333,0.0,1.0,Critical
CUST002669,364,6,585.58,4.25,16.67,1.0,Critical
CUST006335,278,4,544.47,2.6666666666666665,0.0,1.0,Critical
CUST009320,201,5,427.18,4.25,0.0,1.0,Critical
CUST004950,345,2,155.4,0.0,0.0,1.0,Critical
CUST009877,250,5,571.31,4.0,0.0,1.0,Critical
CUST003057,294,6,625.9,4.0,0.0,1.0,Critical
CUST002023,247,10,1040.39,3.5,0.0,1.0,Critical
CUST006135,352,2,255.3,3.0,0.0,1.0,Critical
CUST003028,237,3,326.88,4.0,0.0,1.0,Critical
CUST000665,365,4,560.13,3.6666666666666665,0.0,1.0,Critical
CUST006230,238,4,377.23,4.0,0.0,1.0,Critical
CUST008691,571,4,402.42999999999995,4.0,0.0,1.0,Critical
CUST007171,379,2,162.93,3.0,0.0,1.0,Critical
CUST003917,301,2,208.14,4.0,0.0,1.0,Critical
CUST004143,401,2,157.20999999999998,3.0,0.0,1.0,Critical
CUST004202,298,3,261.08,4.0,0.0,1.0,Critical
CUST006175,659,4,331.8,3.3333333333333335,0.0,1.0,Critical
CUST000972,194,3,240.17,4.0,0.0,1.0,Critical
CUST002514,397,4,370.11,4.0,0.0,1.0,Critical
CUST004078,220,4,331.17,4.0,0.0,1.0,Critical
CUST009343,538,2,150.28,3.0,0.0,1.0,Critical
CUST007021,564,3,252.49,4.5,0.0,1.0,Critical
CUST007772,233,6,661.5699999999999,4.333333333333333,0.0,1.0,Critical
CUST006565,232,5,497.77,4.25,0.0,1.0,Critical
CUST004597,240,2,264.65999999999997,4.0,0.0,1.0,Critical
CUST007350,220,5,697.95,3.25,20.0,1.0,Critical
CUST006022,394,2,148.26,4.5,0.0,1.0,Critical
CUST006821,477,3,433.15999999999997,5.0,33.33,1.0,Critical
CUST004349,218,6,685.88,3.75,0.0,1.0,Critical
CUST007307,203,5,606.69,3.25,0.0,1.0,Critical
CUST006239,283,7,695.54,3.0,0.0,1.0,Critical
CUST003060,268,3,236.38,3.6666666666666665,0.0,1.0,Critical
CUST006277,567,1,61.4,2.0,0.0,1.0,Critical
CUST005005,370,2,252.49,2.0,0.0,1.0,Critical
CUST008824,336,2,176.76,4.0,0.0,1.0,Critical
CUST006989,191,5,419.93,4.666666666666667,0.0,1.0,Critical
CUST002528,273,5,470.57,4.0,0.0,1.0,Critical
CUST008503,285,5,488.63,3.0,0.0,1.0,Critical
CUST007051,340,8,866.11,3.75,0.0,1.0,Critical
CUST008607,420,4,336.39,5.0,0.0,1.0,Critical
CUST003414,234,4,319.77,3.6666666666666665,0.0,1.0,Critical
CUST001830,260,3,224.5,5.0,0.0,1.0,Critical
CUST006236,276,4,346.3,3.0,0.0,1.0,Critical
CUST004513,203,10,999.05,3.4285714285714284,0.0,1.0,Critical
CUST005835,557,4,433.28999999999996,4.666666666666667,0.0,1.0,Critical
CUST007738,365,4,540.23,3.5,0.0,1.0,Critical
CUST001089,299,6,601.64,4.0,0.0,1.0,Critical
CUST009694,207,3,239.9,4.0,0.0,1.0,Critical
CUST004783,644,2,154.93,3.5,0.0,1.0,Critical
CUST002755,431,5,355.05,3.8,0.0,1.0,Critical
CUST003091,566,5,492.57000000000005,3.3333333333333335,0.0,1.0,Critical
CUST006944,274,5,446.98,2.5,0.0,1.0,Critical
CUST005534,757,2,253.32,5.0,0.0,1.0,Critical
CUST006763,186,4,504.57,3.6666666666666665,25.0,1.0,Critical
CUST005704,258,6,561.79,4.0,0.0,1.0,Critical
CUST007116,266,4,288.8,3.0,0.0,1.0,Critical
CUST000049,316,7,662.59,2.5,0.0,1.0,Critical
CUST007925,263,7,625.52,3.5,0.0,1.0,Critical
CUST004800,225,2,139.1,3.0,0.0,1.0,Critical
CUST008537,471,2,186.39,3.0,0.0,1.0,Critical
CUST008781,354,6,575.47,3.6,0.0,1.0,Critical
CUST004404,263,9,1176.5,3.0,0.0,1.0,Critical
CUST009744,356,3,295.31,3.5,0.0,1.0,Critical
CUST007196,437,4,344.88,3.0,0.0,1.0,Critical
CUST003785,202,5,585.0600000000001,2.5,0.0,1.0,Critical
CUST006932,210,4,327.95,3.6666666666666665,25.0,1.0,Critical
CUST000292,195,4,295.66,3.6666666666666665,0.0,1.0,Critical
CUST002467,434,4,418.92,4.333333333333333,0.0,1.0,Critical
CUST008382,231,2,142.31,4.0,0.0,1.0,Critical
CUST008701,194,6,712.79,4.0,16.67,1.0,Critical
CUST005771,382,2,163.53,4.5,0.0,1.0,Critical
CUST007588,250,3,249.82,3.6666666666666665,0.0,1.0,Critical
CUST000144,278,3,343.90999999999997,4.0,0.0,1.0,Critical
CUST005395,192,5,371.84,3.4,0.0,1.0,Critical
CUST004399,486,2,304.73,4.0,50.0,1.0,Critical
CUST000314,264,4,408.86,3.6666666666666665,0.0,1.0,Critical
CUST003943,230,6,597.7099999999999,4.333333333333333,0.0,1.0,Critical
CUST009133,234,5,633.34,4.0,20.0,1.0,Critical
CUST000012,252,3,357.32,3.0,0.0,1.0,Critical
CUST001712,223,7,823.77,4.5,0.0,1.0,Critical
CUST005031,272,8,844.37,3.75,0.0,1.0,Critical
CUST001236,193,8,860.74,3.7142857142857144,0.0,1.0,Critical
CUST005889,336,3,209.82,2.3333333333333335,0.0,1.0,Critical
CUST001560,378,3,340.84,4.666666666666667,0.0,1.0,Critical
CUST008904,284,3,332.3,4.0,0.0,1.0,Critical
CUST003912,398,5,511.8,3.6666666666666665,0.0,1.0,Critical
CUST007733,409,5,571.55,4.0,0.0,1.0,Critical
CUST006872,211,9,760.27,4.0,11.11,1.0,Critical
CUST001008,357,4,407.98,3.0,0.0,1.0,Critical
CUST003309,265,4,355.53,4.0,0.0,1.0,Critical
CUST007907,290,8,826.59,2.3333333333333335,25.0,1.0,Critical
CUST001973,351,4,410.62,3.3333333333333335,0.0,1.0,Critical
CUST004326,192,3,326.18,2.0,0.0,1.0,Critical
CUST002654,318,3,338.87,3.5,0.0,1.0,Critical
CUST009856,221,5,379.26,3.8,0.0,1.0,Critical
CUST002416,445,9,1084.1399999999999,3.7142857142857144,0.0,1.0,Critical
CUST009392,255,7,745.65,4.5,0.0,1.0,Critical
CUST008209,228,5,461.03,4.0,0.0,1.0,Critical
CUST001356,243,4,463.23,4.5,0.0,1.0,Critical
CUST005271,232,4,330.95,4.333333333333333,0.0,1.0,Critical
CUST009761,464,7,691.31,4.0,0.0,1.0,Critical
CUST002673,369,4,417.9,2.5,0.0,1.0,Critical
CUST002417,297,4,374.32,3.0,25.0,1.0,Critical
CUST003854,265,6,556.15,3.6,0.0,1.0,Critical
CUST009093,342,5,537.6600000000001,3.5,0.0,1.0,Critical
CUST006815,311,3,392.12,2.0,0.0,1.0,Critical
CUST005723,198,5,503.17,4.0,0.0,1.0,Critical
CUST003300,321,6,602.45,4.0,0.0,1.0,Critical
CUST008667,207,4,408.21,3.3333333333333335,0.0,1.0,Critical
CUST008328,206,4,387.18,3.3333333333333335,0.0,1.0,Critical
CUST003780,222,11,1354.34,3.2857142857142856,9.09,1.0,Critical
CUST003769,459,3,353.87,4.0,0.0,1.0,Critical
CUST009124,295,4,468.43,3.25,0.0,1.0,Critical
CUST001208,304,5,388.33,3.3333333333333335,0.0,1.0,Critical
CUST000418,254,4,355.76,3.0,0.0,1.0,Critical
CUST004553,270,4,360.51,3.5,0.0,1.0,Critical
CUST006189,522,6,500.27,4.0,0.0,1.0,Critical
CUST004792,363,4,260.90999999999997,4.25,0.0,1.0,Critical
CUST000441,307,4,464.22,3.6666666666666665,0.0,1.0,Critical
CUST002570,424,3,395.93,3.5,0.0,1.0,Critical
CUST002756,520,3,257.15999999999997,4.5,0.0,1.0,Critical
CUST006877,549,4,311.23,3.5,0.0,1.0,Critical
CUST004627,346,5,338.56,3.75,0.0,1.0,Critical
CUST008547,207,2,372.69,3.5,0.0,1.0,Critical
CUST000016,262,2,155.81,0.0,0.0,1.0,Critical
CUST004699,230,4,420.49,4.333333333333333,0.0,1.0,Critical
CUST009058,185,3,378.01,5.0,0.0,1.0,Critical
CUST000387,211,4,482.0,4.0,0.0,1.0,Critical
CUST003077,241,5,560.38,3.25,0.0,1.0,Critical
CUST001895,225,2,164.39,5.0,0.0,1.0,Critical
CUST007477,539,3,231.26,3.0,0.0,1.0,Critical
CUST006079,282,5,442.25,4.0,0.0,1.0,Critical
CUST005883,628,2,165.57999999999998,4.0,0.0,1.0,Critical
CUST007067,457,2,158.26,4.0,0.0,1.0,Critical
CUST009983,500,1,96.23,2.0,0.0,1.0,Critical
CUST007807,241,4,385.34,3.0,0.0,1.0,Critical
CUST009416,340,3,389.24,5.0,0.0,1.0,Critical
CUST001317,269,6,604.02,4.5,0.0,1.0,Critical
CUST009844,413,2,183.01,4.0,0.0,1.0,Critical
CUST007321,369,3,272.8,4.0,0.0,1.0,Critical
CUST000969,190,3,243.05999999999997,4.5,0.0,1.0,Critical
CUST002148,403,4,359.57,3.75,0.0,1.0,Critical
CUST004037,312,2,326.64,4.0,0.0,1.0,Critical
CUST007511,317,6,668.74,4.333333333333333,0.0,1.0,Critical
CUST000750,401,1,99.61,5.0,0.0,1.0,Critical
CUST007886,472,2,144.88,5.0,0.0,1.0,Critical
CUST006271,246,5,560.28,4.2,0.0,1.0,Critical
CUST008839,270,3,273.36,4.5,0.0,1.0,Critical
CUST006800,199,4,424.8,4.0,0.0,1.0,Critical
CUST003950,333,4,291.86,3.3333333333333335,0.0,1.0,Critical
CUST006076,292,3,198.94,4.0,0.0,1.0,Critical
CUST004327,329,4,400.28999999999996,4.0,0.0,1.0,Critical
CUST004360,330,4,378.44,4.0,0.0,1.0,Critical
CUST009073,251,6,567.83,4.333333333333333,16.67,1.0,Critical
CUST007226,196,7,722.97,4.0,0.0,1.0,Critical
CUST008075,302,4,376.58,4.0,0.0,1.0,Critical
CUST008104,690,1,116.5,4.0,0.0,1.0,Critical
CUST001348,200,7,637.41,3.3333333333333335,0.0,1.0,Critical
CUST000890,212,3,212.81,4.0,0.0,1.0,Critical
CUST004242,318,2,184.71,5.0,0.0,1.0,Critical
CUST001535,282,5,396.98,4.0,0.0,1.0,Critical
CUST005577,266,4,328.17,4.0,0.0,1.0,Critical
CUST002250,352,4,368.55,4.333333333333333,0.0,1.0,Critical
CUST001523,203,5,494.53999999999996,4.25,0.0,1.0,Critical
CUST001570,188,10,1116.42,3.8,0.0,1.0,Critical
CUST003715,316,1,77.42,4.0,0.0,1.0,Critical
CUST004435,658,2,207.92,3.5,0.0,1.0,Critical
CUST005465,250,4,399.71000000000004,4.5,0.0,1.0,Critical
CUST004184,234,9,800.8,3.5,0.0,1.0,Critical
CUST000735,410,7,788.15,2.5,14.29,1.0,Critical
CUST009625,301,6,583.61,4.2,0.0,1.0,Critical
CUST000867,444,4,471.35,3.5,25.0,1.0,Critical
CUST003942,544,4,445.32000000000005,4.0,0.0,1.0,Critical
CUST002487,453,3,286.37,4.5,0.0,1.0,Critical
CUST005775,269,6,548.7099999999999,3.75,0.0,1.0,Critical
CUST005400,237,3,291.84,4.333333333333333,0.0,1.0,Critical
CUST003229,368,4,386.07,4.666666666666667,0.0,1.0,Critical
CUST004099,764,1,64.47,2.0,100.0,1.0,Critical
CUST006117,367,5,504.36,3.75,0.0,1.0,Critical
CUST005795,211,3,332.76,4.0,0.0,1.0,Critical
CUST005880,271,4,474.54,4.0,0.0,1.0,Critical
CUST007522,414,5,662.3399999999999,4.0,0.0,1.0,Critical
CUST005891,204,4,384.28,2.0,25.0,1.0,Critical
CUST000491,309,5,495.79,3.6666666666666665,0.0,1.0,Critical
CUST004080,204,5,688.9,2.3333333333333335,0.0,1.0,Critical
CUST008745,229,1,114.21,4.0,0.0,1.0,Critical
CUST000595,495,2,246.41,2.0,0.0,1.0,Critical
CUST007168,213,4,407.75,4.333333333333333,0.0,1.0,Critical
CUST006382,272,5,347.31,4.25,0.0,1.0,Critical
CUST007554,213,3,350.97,3.0,0.0,1.0,Critical
CUST002708,662,2,161.31,4.0,0.0,1.0,Critical
CUST004073,189,4,407.82,2.6666666666666665,25.0,1.0,Critical
CUST001686,305,3,346.38,4.666666666666667,0.0,1.0,Critical
CUST006826,224,2,188.62,4.0,0.0,1.0,Critical
CUST003281,241,8,827.36,4.0,0.0,1.0,Critical
CUST000269,253,4,562.95,3.5,0.0,1.0,Critical
CUST000569,370,4,396.68,3.0,25.0,1.0,Critical
CUST007426,498,1,90.86,3.0,0.0,1.0,Critical
CUST001802,337,3,380.23,4.0,0.0,1.0,Critical
CUST002297,604,2,208.3,3.5,0.0,1.0,Critical
CUST008119,324,6,658.53,4.0,0.0,1.0,Critical
CUST007915,230,6,561.51,3.0,0.0,1.0,Critical
CUST009563,757,1,141.24,0.0,0.0,1.0,Critical
CUST008683,217,9,1340.83,3.25,11.11,1.0,Critical
CUST008348,342,4,495.03999999999996,4.0,0.0,1.0,Critical
CUST008042,233,3,313.08000000000004,3.6666666666666665,0.0,1.0,Critical
CUST002477,268,2,268.02,3.0,50.0,1.0,Critical
CUST004847,397,6,518.61,4.2,0.0,1.0,Critical
CUST001473,228,2,358.44,1.0,50.0,1.0,Critical
CUST003353,254,4,513.28,3.6666666666666665,0.0,1.0,Critical
CUST001804,293,4,420.86,4.0,0.0,1.0,Critical
CUST004706,186,4,355.67,3.5,0.0,1.0,Critical
CUST007207,380,3,384.23,3.5,0.0,1.0,Critical
CUST009148,216,6,526.3199999999999,3.8,0.0,1.0,Critical
CUST000487,272,3,363.12,3.0,0.0,1.0,Critical
CUST009623,234,6,557.74,3.4,0.0,1.0,Critical
CUST006838,440,1,155.79,5.0,0.0,1.0,Critical
CUST006328,234,4,442.03999999999996,4.333333333333333,0.0,1.0,Critical
CUST005718,527,2,169.65,5.0,0.0,1.0,Critical
CUST007667,258,5,394.92,3.3333333333333335,0.0,1.0,Critical
CUST002902,459,3,308.05,3.5,0.0,1.0,Critical
CUST004874,405,4,343.68,4.0,0.0,1.0,Critical
CUST002950,212,7,732.2,3.5,0.0,1.0,Critical
CUST000148,274,6,613.12,4.333333333333333,0.0,1.0,Critical
CUST009084,233,5,553.68,4.0,0.0,1.0,Critical
CUST003649,312,6,632.64,4.0,0.0,1.0,Critical
CUST002741,694,1,76.64,0.0,0.0,1.0,Critical
CUST008084,432,6,495.79999999999995,3.5,0.0,1.0,Critical
CUST007613,208,10,1081.2,3.0,10.0,1.0,Critical
CUST008164,330,2,144.66,3.5,0.0,1.0,Critical
CUST002130,268,5,608.24,3.5,0.0,1.0,Critical
CUST002337,206,6,472.98,3.0,0.0,1.0,Critical
CUST007468,256,4,372.13,2.3333333333333335,0.0,1.0,Critical
CUST008169,317,3,320.25,3.3333333333333335,0.0,1.0,Critical
CUST005675,316,4,377.4,3.5,0.0,1.0,Critical
CUST005330,237,5,460.17,4.5,0.0,1.0,Critical
CUST003152,224,6,532.8,4.5,0.0,1.0,Critical
CUST009569,221,2,147.87,4.5,0.0,1.0,Critical
CUST004212,328,4,446.72,4.5,0.0,1.0,Critical
CUST004093,221,5,477.7,3.6666666666666665,0.0,1.0,Critical
CUST004689,293,3,298.53,4.333333333333333,0.0,1.0,Critical
CUST002283,504,4,418.68,4.0,0.0,1.0,Critical
CUST006998,589,3,300.46,4.0,0.0,1.0,Critical
CUST000410,262,6,637.85,3.25,0.0,1.0,Critical
CUST003759,225,5,476.52,4.0,0.0,1.0,Critical
CUST000693,332,4,463.06,4.0,0.0,1.0,Critical
CUST002230,498,4,389.49,3.5,25.0,1.0,Critical
CUST007742,206,4,358.08000000000004,4.0,0.0,1.0,Critical
CUST003368,190,5,484.30999999999995,3.5,20.0,1.0,Critical
CUST000398,297,2,233.74,3.5,0.0,1.0,Critical
CUST002998,395,5,608.41,3.0,0.0,1.0,Critical
CUST003878,648,2,225.21,0.0,0.0,1.0,Critical
CUST002986,329,5,465.74,4.0,20.0,1.0,Critical
CUST007855,221,6,666.92,4.0,0.0,1.0,Critical
CUST000239,715,3,247.55,4.0,0.0,1.0,Critical
CUST002096,328,4,325.54,3.0,0.0,1.0,Critical
CUST001776,252,4,412.12,3.3333333333333335,0.0,1.0,Critical
CUST002519,437,3,306.49,2.5,0.0,1.0,Critical
CUST006671,192,5,701.96,3.25,20.0,1.0,Critical
CUST004558,352,6,753.81,4.666666666666667,0.0,1.0,Critical
CUST008522,496,5,572.51,4.0,0.0,1.0,Critical
CUST008681,544,1,92.54,0.0,0.0,1.0,Critical
CUST002090,272,6,562.88,4.0,0.0,1.0,Critical
CUST007934,364,2,235.99,4.0,0.0,1.0,Critical
CUST005781,511,1,104.69,0.0,0.0,1.0,Critical
CUST009322,200,6,516.11,2.8,0.0,1.0,Critical
CUST006730,285,2,212.05,4.0,0.0,1.0,Critical
CUST006934,322,6,537.92,3.0,16.67,1.0,Critical
CUST002458,255,6,683.05,4.333333333333333,0.0,1.0,Critical
CUST006956,247,5,370.98,3.25,0.0,1.0,Critical
CUST005909,247,7,721.99,4.2,0.0,1.0,Critical
CUST001179,219,11,1012.31,3.8333333333333335,0.0,1.0,Critical
CUST007888,423,4,342.93,0.0,0.0,1.0,Critical
CUST009013,328,3,333.5,3.0,0.0,1.0,Critical
CUST005650,207,2,380.78,3.0,0.0,1.0,Critical
CUST004940,498,2,185.20999999999998,5.0,0.0,1.0,Critical
CUST002823,424,4,372.90999999999997,3.0,25.0,1.0,Critical
CUST001740,292,3,360.08000000000004,4.5,0.0,1.0,Critical
CUST006984,356,4,350.31,4.0,0.0,1.0,Critical
CUST003256,237,5,524.72,4.0,0.0,1.0,Critical
CUST006169,348,4,343.62,3.0,25.0,1.0,Critical
CUST001910,312,4,344.56,4.5,0.0,1.0,Critical
CUST004371,215,7,753.91,4.333333333333333,0.0,1.0,Critical
CUST004943,200,2,169.2,4.0,0.0,1.0,Critical
CUST001114,216,8,862.97,4.0,0.0,1.0,Critical
CUST003563,291,6,818.19,4.0,0.0,1.0,Critical
CUST004388,304,6,614.08,3.3333333333333335,0.0,1.0,Critical
CUST003196,218,5,350.03,3.0,0.0,1.0,Critical
CUST006438,430,6,603.54,3.0,0.0,1.0,Critical
CUST000548,304,2,221.42,0.0,0.0,1.0,Critical
CUST008322,257,2,221.47000000000003,0.0,0.0,1.0,Critical
CUST007361,402,1,79.87,0.0,0.0,1.0,Critical
CUST002321,402,3,250.14999999999998,4.0,0.0,1.0,Critical
CUST004989,443,3,242.99,3.3333333333333335,0.0,1.0,Critical
CUST003741,313,2,201.84,4.5,0.0,1.0,Critical
CUST009641,182,6,500.12,2.0,0.0,1.0,Critical
CUST004345,256,5,437.43,3.6666666666666665,20.0,1.0,Critical
CUST008024,471,2,215.77999999999997,0.0,0.0,1.0,Critical
CUST009090,274,3,230.46,5.0,0.0,1.0,Critical
CUST009489,310,2,242.12,0.0,0.0,1.0,Critical
CUST005531,473,4,351.83000000000004,3.0,0.0,1.0,Critical
CUST007043,274,4,358.6,3.75,0.0,1.0,Critical
CUST006975,237,4,442.02,4.333333333333333,0.0,1.0,Critical
CUST007352,329,5,586.68,3.75,0.0,1.0,Critical
CUST006750,249,3,219.92,4.5,0.0,1.0,Critical
CUST004976,239,5,493.92,4.333333333333333,0.0,1.0,Critical
CUST008021,228,3,259.7,3.5,0.0,1.0,Critical
CUST003012,225,6,698.01,4.333333333333333,0.0,1.0,Critical
CUST008202,204,4,373.36,3.75,0.0,1.0,Critical
CUST001980,238,4,311.6,4.0,0.0,1.0,Critical
CUST001985,351,5,486.24,3.75,0.0,1.0,Critical
CUST006484,456,3,220.32,4.333333333333333,0.0,1.0,Critical
CUST003337,286,3,401.96000000000004,3.5,33.33,1.0,Critical
CUST001629,228,4,511.48,3.75,0.0,1.0,Critical
CUST008695,376,6,776.86,3.6,0.0,1.0,Critical
CUST005445,420,4,378.44,2.6666666666666665,0.0,1.0,Critical
CUST003401,206,4,357.65,5.0,0.0,1.0,Critical
CUST005343,345,1,146.71,3.0,0.0,1.0,Critical
CUST009023,405,3,326.82,5.0,0.0,1.0,Critical
CUST004427,291,2,204.69,4.0,0.0,1.0,Critical
CUST008014,475,3,216.96999999999997,2.3333333333333335,0.0,1.0,Critical
CUST001349,220,6,603.21,3.6,0.0,1.0,Critical
CUST008473,400,5,534.75,3.0,0.0,1.0,Critical
CUST008543,206,5,645.05,3.0,0.0,1.0,Critical
CUST008474,382,4,593.02,3.6666666666666665,0.0,1.0,Critical
CUST003469,234,5,459.31,4.25,0.0,1.0,Critical
CUST006806,185,7,751.47,3.75,0.0,1.0,Critical
CUST000537,251,6,618.04,4.5,0.0,1.0,Critical
CUST006309,420,2,226.26,3.0,50.0,1.0,Critical
CUST007848,285,3,402.23,4.0,0.0,1.0,Critical
CUST006552,292,4,488.68000000000006,5.0,0.0,1.0,Critical
CUST002049,215,3,190.65,2.0,0.0,1.0,Critical
CUST000099,267,6,601.39,4.0,0.0,1.0,Critical
CUST001957,337,4,335.14,4.333333333333333,0.0,1.0,Critical
CUST007160,188,3,156.47,4.0,0.0,1.0,Critical
CUST001451,411,3,261.64,3.0,0.0,1.0,Critical
CUST000563,181,8,740.49,4.142857142857143,0.0,1.0,Critical
CUST008560,606,3,307.45,3.0,0.0,1.0,Critical
CUST005879,285,4,410.34,3.3333333333333335,0.0,1.0,Critical
CUST000802,509,2,181.59,4.5,0.0,1.0,Critical
CUST001132,367,5,420.19,3.25,0.0,1.0,Critical
CUST008420,279,6,631.62,4.0,0.0,1.0,Critical
CUST007834,288,2,154.77,4.0,0.0,1.0,Critical
CUST003953,283,4,351.2,2.3333333333333335,50.0,1.0,Critical
CUST009160,396,4,574.61,5.0,0.0,1.0,Critical
CUST004098,274,2,200.89999999999998,3.5,0.0,1.0,Critical
CUST000810,287,4,706.56,4.666666666666667,0.0,1.0,Critical
CUST004246,437,1,148.68,3.0,0.0,1.0,Critical
CUST006951,225,4,272.7,3.6666666666666665,0.0,1.0,Critical
CUST008037,323,4,327.86,3.5,0.0,1.0,Critical
CUST007161,285,4,261.29999999999995,3.25,0.0,1.0,Critical
CUST006905,283,7,817.8399999999999,3.6,0.0,1.0,Critical
CUST007496,309,5,422.71000000000004,4.0,0.0,1.0,Critical
CUST008128,472,4,438.61,4.0,0.0,1.0,Critical
CUST005172,460,5,523.08,3.75,0.0,1.0,Critical
CUST009853,242,6,661.6600000000001,4.0,0.0,1.0,Critical
CUST006930,268,8,691.3,3.3333333333333335,0.0,1.0,Critical
CUST008391,284,2,127.39,0.0,0.0,1.0,Critical
CUST004321,442,3,365.59000000000003,3.0,0.0,1.0,Critical
CUST007476,470,5,535.15,3.5,0.0,1.0,Critical
CUST002003,660,1,121.45,0.0,0.0,1.0,Critical
CUST007028,341,2,334.58,4.0,0.0,1.0,Critical
CUST005672,231,5,602.0799999999999,4.25,0.0,1.0,Critical
CUST009522,582,4,310.39,4.666666666666667,0.0,1.0,Critical
CUST009686,259,5,572.39,3.2,0.0,1.0,Critical
CUST009460,439,3,334.99,4.0,0.0,1.0,Critical
CUST008563,281,5,444.09999999999997,2.5,0.0,1.0,Critical
CUST001147,524,3,356.79,2.5,0.0,1.0,Critical
CUST002677,366,3,354.55,4.0,0.0,1.0,Critical
CUST003922,655,3,285.22,3.0,0.0,1.0,Critical
CUST000271,223,11,1402.62,3.6666666666666665,0.0,1.0,Critical
CUST001984,581,2,200.48000000000002,3.0,0.0,1.0,Critical
CUST008497,506,4,482.4,4.333333333333333,0.0,1.0,Critical
CUST003366,293,2,261.09000000000003,0.0,0.0,1.0,Critical
CUST006945,456,1,115.9,4.0,0.0,1.0,Critical
CUST004523,302,4,368.43,4.5,0.0,1.0,Critical
CUST006108,337,8,674.81,3.75,0.0,1.0,Critical
CUST000063,292,4,268.75,3.5,0.0,1.0,Critical
CUST003997,243,5,411.18,4.333333333333333,0.0,1.0,Critical
CUST003974,210,5,426.54999999999995,4.5,0.0,1.0,Critical
CUST003961,217,6,652.14,3.6666666666666665,0.0,1.0,Critical
CUST005662,428,4,346.37,4.75,0.0,1.0,Critical
CUST003539,534,1,107.17,3.0,0.0,1.0,Critical
CUST008932,259,3,266.87,2.5,0.0,1.0,Critical
CUST003512,192,4,385.29999999999995,4.333333333333333,0.0,1.0,Critical
CUST000541,414,4,336.65,4.0,0.0,1.0,Critical
CUST003339,275,4,352.22,4.5,0.0,1.0,Critical
CUST006839,208,2,355.52,4.0,0.0,1.0,Critical
CUST001885,353,2,154.21,4.5,0.0,1.0,Critical
CUST005981,256,2,231.79000000000002,0.0,0.0,1.0,Critical
CUST006669,202,9,1118.56,3.1666666666666665,0.0,1.0,Critical
CUST004572,300,3,359.75,3.0,0.0,1.0,Critical
CUST007849,206,6,625.79,4.0,0.0,1.0,Critical
CUST005941,200,8,787.79,3.142857142857143,0.0,1.0,Critical
CUST005571,201,5,429.99,3.6,0.0,1.0,Critical
CUST009310,260,2,162.7,5.0,0.0,1.0,Critical
CUST005241,419,3,359.71000000000004,4.0,0.0,1.0,Critical
CUST002359,204,6,638.49,3.2,0.0,1.0,Critical
CUST007049,209,2,172.22,5.0,0.0,1.0,Critical
CUST001617,343,4,388.97,3.25,0.0,1.0,Critical
CUST001043,381,3,307.15,3.3333333333333335,0.0,1.0,Critical
CUST009043,312,3,357.55,4.0,0.0,1.0,Critical
CUST009867,209,4,327.95,4.25,0.0,1.0,Critical
CUST003789,636,2,317.89,3.0,0.0,1.0,Critical
CUST007901,225,5,416.5,4.0,0.0,1.0,Critical
CUST004012,253,6,659.3399999999999,3.6666666666666665,0.0,1.0,Critical
CUST009493,206,6,673.42,3.0,0.0,1.0,Critical
CUST008759,502,4,397.62,3.6666666666666665,0.0,1.0,Critical
CUST007617,232,3,252.79,5.0,0.0,1.0,Critical
CUST007682,357,5,635.49,3.25,0.0,1.0,Critical
CUST009077,362,4,255.60999999999999,4.666666666666667,0.0,1.0,Critical
CUST008989,237,4,339.32,3.3333333333333335,0.0,1.0,Critical
CUST002589,407,5,543.89,2.0,0.0,1.0,Critical
CUST001754,464,2,154.17000000000002,5.0,0.0,1.0,Critical
CUST002644,335,7,714.04,3.1666666666666665,0.0,1.0,Critical
CUST006435,286,7,605.74,4.0,0.0,1.0,Critical
CUST008271,213,6,719.14,4.6,0.0,1.0,Critical
CUST005801,221,2,159.94,3.0,0.0,1.0,Critical
CUST004226,521,3,398.26,5.0,0.0,1.0,Critical
CUST004945,277,3,444.42,4.0,0.0,1.0,Critical
CUST006167,205,3,289.08,4.333333333333333,0.0,1.0,Critical
CUST005352,182,6,755.69,4.0,0.0,1.0,Critical
CUST005521,390,5,590.35,4.0,0.0,1.0,Critical
CUST002443,257,3,340.65,4.0,0.0,1.0,Critical
CUST007986,307,6,558.98,3.6,16.67,1.0,Critical
CUST003185,347,5,540.44,3.2,0.0,1.0,Critical
CUST004968,198,5,563.34,3.6,0.0,1.0,Critical
CUST008774,253,6,614.91,4.5,0.0,1.0,Critical
CUST007723,210,7,743.48,3.5,0.0,1.0,Critical
CUST006139,309,6,737.2,4.4,0.0,1.0,Critical
CUST008377,406,3,242.91000000000003,2.0,0.0,1.0,Critical
CUST003464,306,2,233.31,3.0,0.0,1.0,Critical
CUST005364,265,3,321.54,4.0,0.0,1.0,Critical
CUST009866,503,2,193.18,2.5,50.0,1.0,Critical
CUST009189,408,3,306.01,3.0,0.0,1.0,Critical
CUST006748,383,5,411.12,4.0,0.0,1.0,Critical
CUST005131,394,2,175.45999999999998,4.0,0.0,1.0,Critical
CUST002768,304,5,471.27,3.0,0.0,1.0,Critical
CUST006780,304,4,631.85,4.333333333333333,0.0,1.0,Critical
CUST004761,510,3,275.64,4.5,0.0,1.0,Critical
CUST005207,332,4,312.46,3.3333333333333335,0.0,1.0,Critical
CUST007279,713,2,190.22000000000003,4.0,0.0,1.0,Critical
CUST000238,409,2,156.56,4.0,0.0,1.0,Critical
CUST002805,491,2,222.28,4.0,0.0,1.0,Critical
CUST002832,197,5,461.84,3.25,0.0,1.0,Critical
CUST007480,233,5,448.87,4.0,0.0,1.0,Critical
CUST009087,364,4,457.86,3.6666666666666665,0.0,1.0,Critical
CUST006054,431,5,740.13,4.5,0.0,1.0,Critical
CUST003024,223,6,539.45,4.25,0.0,1.0,Critical
CUST002240,715,1,120.96,0.0,0.0,1.0,Critical
CUST006423,446,4,438.34,5.0,0.0,1.0,Critical
CUST007788,184,7,639.39,4.25,0.0,1.0,Critical
CUST007700,265,7,829.75,4.0,0.0,1.0,Critical
CUST002228,520,1,148.14,5.0,0.0,1.0,Critical
CUST007267,339,4,477.84000000000003,3.0,0.0,1.0,Critical
CUST008863,234,2,181.57,3.5,0.0,1.0,Critical
CUST007649,308,4,459.4,3.25,0.0,1.0,Critical
CUST005703,232,3,373.85,3.6666666666666665,0.0,1.0,Critical
CUST000995,282,7,718.8000000000001,3.8,0.0,1.0,Critical
CUST009218,239,4,416.7,4.333333333333333,0.0,1.0,Critical
CUST002800,402,4,404.84,3.3333333333333335,0.0,1.0,Critical
CUST008800,226,5,425.76,3.75,0.0,1.0,Critical
CUST005462,210,5,488.72,4.25,0.0,1.0,Critical
CUST006497,292,3,306.63,4.0,0.0,1.0,Critical
CUST006898,333,2,328.68,5.0,0.0,1.0,Critical
CUST003967,356,4,315.3,4.0,0.0,1.0,Critical
CUST004056,237,5,470.54,4.0,20.0,1.0,Critical
CUST002235,336,4,338.39,3.0,0.0,1.0,Critical
CUST004298,336,3,382.09,2.0,33.33,1.0,Critical
CUST007567,599,1,140.56,2.0,0.0,1.0,Critical
CUST006351,203,5,397.47,3.3333333333333335,0.0,1.0,Critical
CUST000823,528,5,559.54,3.0,0.0,1.0,Critical
CUST002520,253,4,406.15000000000003,3.5,0.0,1.0,Critical
CUST007469,262,7,763.8,4.166666666666667,0.0,1.0,Critical
CUST000984,693,2,194.72,5.0,0.0,1.0,Critical
CUST002615,289,5,629.8,4.0,0.0,1.0,Critical
CUST008180,201,3,304.90999999999997,3.3333333333333335,0.0,1.0,Critical
CUST004878,215,5,402.04,3.0,0.0,1.0,Critical
CUST001216,222,4,377.42,4.0,0.0,1.0,Critical
CUST005872,350,2,167.45,3.0,0.0,1.0,Critical
CUST005468,431,4,487.76,3.6666666666666665,0.0,1.0,Critical
CUST005077,288,3,316.19,5.0,0.0,1.0,Critical
CUST004050,319,4,491.11,3.6666666666666665,0.0,1.0,Critical
CUST006339,215,5,493.37,4.0,0.0,1.0,Critical
CUST001140,281,3,302.70000000000005,3.6666666666666665,0.0,1.0,Critical
CUST003971,303,9,1157.82,3.6666666666666665,11.11,1.0,Critical
CUST001531,229,6,493.11,3.5,0.0,1.0,Critical
CUST001182,256,3,290.37,3.3333333333333335,0.0,1.0,Critical
CUST006496,233,5,421.37,4.0,0.0,1.0,Critical
CUST005054,334,10,890.52,4.0,0.0,1.0,Critical
CUST007355,231,8,743.8100000000001,3.0,0.0,1.0,Critical
CUST007665,220,5,423.97,2.6666666666666665,0.0,1.0,Critical
CUST006272,277,7,847.56,3.3333333333333335,0.0,1.0,Critical
CUST001171,184,7,746.4300000000001,4.5,0.0,1.0,Critical
CUST000450,397,4,289.77,4.0,0.0,1.0,Critical
CUST008572,354,3,348.65999999999997,4.5,0.0,1.0,Critical
CUST009583,211,2,221.34,3.0,0.0,1.0,Critical
CUST007948,208,4,426.64,4.0,0.0,1.0,Critical
CUST005283,213,8,768.83,3.8,0.0,1.0,Critical
CUST002701,191,3,238.60000000000002,3.5,0.0,1.0,Critical
CUST002392,301,3,223.09,5.0,0.0,1.0,Critical
CUST003520,236,6,744.3100000000001,4.333333333333333,0.0,1.0,Critical
CUST002901,382,4,451.62,4.0,0.0,1.0,Critical
CUST004697,285,3,234.48000000000002,4.0,0.0,1.0,Critical
CUST008498,535,2,227.81,3.0,0.0,1.0,Critical
CUST004702,485,4,381.63,4.0,0.0,1.0,Critical
CUST000372,192,3,316.38,4.0,0.0,1.0,Critical
CUST004815,298,4,433.15,4.0,0.0,1.0,Critical
CUST003410,222,4,558.52,4.0,0.0,1.0,Critical
CUST006704,252,5,440.52,3.5,0.0,1.0,Critical
CUST005220,257,2,174.57999999999998,2.0,0.0,1.0,Critical
CUST008844,215,4,367.16,5.0,0.0,1.0,Critical
CUST008549,295,2,166.08999999999997,4.5,0.0,1.0,Critical
CUST001603,197,7,764.71,4.0,0.0,1.0,Critical
CUST003645,307,6,513.38,3.6666666666666665,0.0,1.0,Critical
CUST007473,449,3,253.32,4.0,0.0,1.0,Critical
CUST009122,249,3,219.73000000000002,0.0,0.0,1.0,Critical
CUST006615,315,2,215.44,4.0,0.0,1.0,Critical
CUST008960,246,4,519.38,3.0,0.0,1.0,Critical
CUST008096,238,4,347.55,5.0,0.0,1.0,Critical
CUST009719,245,4,407.93,3.0,0.0,1.0,Critical
CUST002460,383,3,402.49,3.6666666666666665,0.0,1.0,Critical
CUST005242,333,3,310.36,4.0,0.0,1.0,Critical
CUST001412,243,4,399.71000000000004,3.5,0.0,1.0,Critical
CUST004333,577,3,314.96,3.5,0.0,1.0,Critical
CUST000469,247,3,297.0,3.0,0.0,1.0,Critical
CUST007414,307,5,476.0,4.0,0.0,1.0,Critical
CUST008080,199,6,685.03,3.5,0.0,1.0,Critical
CUST003838,196,3,341.83000000000004,3.5,0.0,1.0,Critical
CUST000798,291,4,348.73,3.5,0.0,1.0,Critical
CUST008596,283,3,269.09000000000003,4.0,0.0,1.0,Critical
CUST006549,228,3,193.15,4.0,0.0,1.0,Critical
CUST000208,317,3,291.7,0.0,0.0,1.0,Critical
CUST009529,344,3,297.03000000000003,5.0,0.0,1.0,Critical
CUST003693,229,2,237.59,0.0,0.0,1.0,Critical
CUST006197,288,4,552.02,4.25,0.0,1.0,Critical
CUST001303,227,1,75.84,5.0,0.0,1.0,Critical
CUST001729,363,8,837.84,3.857142857142857,0.0,1.0,Critical
CUST008354,220,7,732.96,4.0,0.0,1.0,Critical
CUST004996,203,6,562.82,4.0,0.0,1.0,Critical
CUST002931,188,7,722.23,3.75,0.0,1.0,Critical
CUST003504,181,7,682.81,2.6,0.0,1.0,Critical
CUST005640,257,5,567.41,3.5,0.0,1.0,Critical
CUST008575,201,3,358.2,3.6666666666666665,0.0,1.0,Critical
CUST005935,267,8,728.34,3.75,0.0,1.0,Critical
CUST006003,326,5,398.24,4.2,0.0,1.0,Critical
CUST009591,270,6,623.8,3.8,0.0,1.0,Critical
CUST004304,198,6,593.57,4.75,0.0,1.0,Critical
CUST001986,321,3,298.91999999999996,2.5,33.33,1.0,Critical
CUST004512,264,6,509.01,4.5,0.0,1.0,Critical
CUST005236,332,5,497.46999999999997,3.25,0.0,1.0,Critical
CUST006809,264,3,222.34,3.0,0.0,1.0,Critical
CUST006879,203,9,1007.6,3.2857142857142856,0.0,1.0,Critical
CUST001215,497,4,364.44,0.0,0.0,1.0,Critical
CUST004694,362,3,351.93,4.0,0.0,1.0,Critical
CUST004797,232,5,515.22,3.6,0.0,1.0,Critical
CUST006663,338,4,474.03000000000003,3.0,25.0,1.0,Critical
CUST006860,481,3,328.4,3.3333333333333335,0.0,1.0,Critical
CUST005566,248,4,419.13,4.25,0.0,1.0,Critical
CUST006282,396,3,290.03999999999996,5.0,0.0,1.0,Critical
CUST008088,310,3,306.47,5.0,0.0,1.0,Critical
CUST009348,288,6,601.02,3.5,0.0,1.0,Critical
CUST001908,233,5,464.24,2.5,0.0,1.0,Critical
CUST002377,211,4,508.7,4.0,0.0,1.0,Critical
CUST006439,223,6,860.5999999999999,4.0,0.0,1.0,Critical
CUST005766,369,5,619.2,3.2,0.0,1.0,Critical
CUST009316,262,7,652.29,3.8,0.0,1.0,Critical
CUST005421,207,5,633.86,3.75,0.0,1.0,Critical
CUST009588,352,3,339.72,4.5,0.0,1.0,Critical
CUST009283,494,3,318.09,2.5,0.0,1.0,Critical
CUST004646,302,7,706.06,2.75,0.0,1.0,Critical
CUST004733,201,5,506.9,4.0,0.0,1.0,Critical
CUST009958,322,3,222.71,3.6666666666666665,0.0,1.0,Critical
CUST009678,291,6,492.47,3.3333333333333335,0.0,1.0,Critical
CUST003487,301,5,543.6800000000001,2.5,20.0,1.0,Critical
CUST008207,611,4,399.21,5.0,0.0,1.0,Critical
CUST004914,263,8,760.46,4.0,0.0,1.0,Critical
CUST008825,204,3,313.53,2.5,0.0,1.0,Critical
CUST004117,198,5,461.62,3.0,0.0,1.0,Critical
CUST004601,311,3,356.36,0.0,0.0,1.0,Critical
CUST007090,221,6,622.29,3.2,0.0,1.0,Critical
CUST003596,198,6,823.76,3.25,0.0,1.0,Critical
CUST006616,425,3,240.88,4.0,0.0,1.0,Critical
CUST006551,287,4,324.56,4.333333333333333,0.0,1.0,Critical
CUST005553,336,4,382.90000000000003,4.333333333333333,0.0,1.0,Critical
CUST003793,598,1,150.3,3.0,0.0,1.0,Critical
CUST004632,254,2,146.97,5.0,0.0,1.0,Critical
CUST000997,197,4,436.03,3.5,25.0,1.0,Critical
CUST006758,421,3,361.31,4.666666666666667,0.0,1.0,Critical
CUST000828,208,7,754.97,4.0,0.0,1.0,Critical
CUST009247,251,5,473.05,4.0,0.0,1.0,Critical
CUST002895,247,3,320.40999999999997,4.0,0.0,1.0,Critical
CUST000643,276,4,518.21,4.0,0.0,1.0,Critical
CUST004243,369,4,373.28000000000003,4.25,0.0,1.0,Critical
CUST009718,205,6,717.96,4.25,0.0,1.0,Critical
CUST003809,200,5,384.41,3.6,0.0,1.0,Critical
CUST008664,290,8,732.43,3.75,0.0,1.0,Critical
CUST001493,316,6,691.12,3.75,0.0,1.0,Critical
CUST001606,342,5,448.39,3.6666666666666665,0.0,1.0,Critical
CUST009780,381,3,267.03,4.333333333333333,0.0,1.0,Critical
CUST001681,340,2,260.75,2.0,0.0,1.0,Critical
CUST008275,397,3,352.83,3.6666666666666665,0.0,1.0,Critical
CUST004928,357,3,292.8,3.5,0.0,1.0,Critical
CUST000863,347,4,445.87,3.0,25.0,1.0,Critical
CUST001007,471,1,116.23,5.0,0.0,1.0,Critical
CUST007715,198,5,480.97,3.3333333333333335,0.0,1.0,Critical
CUST000542,249,5,464.33000000000004,3.6666666666666665,0.0,1.0,Critical
CUST005755,406,3,356.36,3.0,33.33,1.0,Critical
CUST002913,224,5,472.71,3.6666666666666665,0.0,1.0,Critical
CUST005449,562,4,412.28,3.6666666666666665,0.0,1.0,Critical
CUST002778,210,4,573.73,2.0,0.0,1.0,Critical
CUST006559,273,5,349.71,2.75,0.0,1.0,Critical
CUST004683,342,5,764.56,3.0,0.0,1.0,Critical
CUST003587,199,4,253.67000000000002,3.6666666666666665,0.0,1.0,Critical
CUST005594,376,4,488.5,3.75,0.0,1.0,Critical
CUST003683,302,4,410.55,4.5,0.0,1.0,Critical
CUST004873,231,6,717.75,2.3333333333333335,0.0,1.0,Critical
CUST004368,274,5,449.65000000000003,3.25,0.0,1.0,Critical
CUST004434,197,6,460.4,4.0,16.67,1.0,Critical
CUST002844,289,5,636.99,3.75,0.0,1.0,Critical
CUST002725,212,6,742.42,3.6,0.0,1.0,Critical
CUST000435,325,4,430.42,2.6666666666666665,0.0,1.0,Critical
CUST009096,569,2,178.64,3.0,0.0,1.0,Critical
CUST002733,573,2,177.68,3.5,0.0,1.0,Critical
CUST007292,183,6,693.0799999999999,4.333333333333333,0.0,1.0,Critical
CUST007080,217,6,716.13,3.25,0.0,1.0,Critical
CUST008916,225,3,274.13,4.5,0.0,1.0,Critical
CUST007994,303,4,399.6,2.5,0.0,1.0,Critical
CUST003855,231,5,433.94,3.5,0.0,1.0,Critical
CUST000382,268,6,544.64,3.75,0.0,1.0,Critical
CUST001096,426,4,323.5,2.0,0.0,1.0,Critical
CUST003505,287,6,577.41,3.4,0.0,1.0,Critical
CUST009397,363,6,563.04,3.6666666666666665,0.0,1.0,Critical
CUST003035,261,9,933.97,3.5,11.11,1.0,Critical
CUST003481,273,5,540.08,3.6666666666666665,0.0,1.0,Critical
CUST005320,191,4,418.39,3.3333333333333335,25.0,1.0,Critical
CUST000407,358,3,310.72,3.5,0.0,1.0,Critical
CUST000233,520,2,195.51,4.5,0.0,1.0,Critical
CUST005369,243,7,604.93,3.7142857142857144,0.0,1.0,Critical
CUST009965,643,1,66.85,0.0,0.0,1.0,Critical
CUST002404,451,4,332.93,3.5,0.0,1.0,Critical
CUST002798,225,8,654.4,3.8333333333333335,0.0,1.0,Critical
CUST002676,720,1,61.12,5.0,0.0,1.0,Critical
CUST007495,343,2,172.60000000000002,5.0,0.0,1.0,Critical
CUST001001,477,1,111.05,3.0,0.0,1.0,Critical
CUST006121,282,1,107.19,0.0,0.0,1.0,Critical
CUST001701,439,1,94.62,0.0,0.0,1.0,Critical
CUST001067,441,1,129.62,0.0,0.0,1.0,Critical
CUST000556,393,1,94.49,2.0,0.0,1.0,Critical
CUST000024,508,7,731.49,3.25,0.0,1.0,Critical
CUST001448,410,6,516.97,2.6666666666666665,0.0,1.0,Critical
CUST009738,246,5,578.19,4.0,0.0,1.0,Critical
CUST001931,193,6,552.85,3.8,0.0,1.0,Critical
CUST004105,635,2,173.22,3.0,0.0,1.0,Critical
CUST000921,726,1,119.08,5.0,0.0,1.0,Critical
CUST007759,347,1,87.46,4.0,0.0,1.0,Critical
CUST003330,499,1,75.58999999999999,5.0,0.0,1.0,Critical
CUST001112,256,3,316.02,4.5,0.0,1.0,Critical
CUST005349,542,2,268.53,1.0,50.0,1.0,Critical
CUST002115,221,5,563.9,3.25,0.0,1.0,Critical
CUST005156,203,9,1002.81,3.8333333333333335,0.0,1.0,Critical
CUST003833,196,6,468.64,3.8,0.0,1.0,Critical
CUST007205,442,1,61.83,4.0,0.0,1.0,Critical
CUST008697,628,1,69.7,0.0,0.0,1.0,Critical
CUST005833,734,1,124.63,3.0,0.0,1.0,Critical
CUST009346,344,1,80.85,4.0,0.0,1.0,Critical
CUST008606,185,5,535.44,3.6666666666666665,0.0,0.9996287212824112,Critical
CUST006571,186,5,562.46,3.0,0.0,0.9996287212824112,Critical
CUST003063,201,5,456.43,4.0,0.0,0.9996287212824112,Critical
CUST001070,193,5,429.65,3.4,0.0,0.9996287212824112,Critical
CUST001475,191,5,534.76,4.5,0.0,0.9996287212824112,Critical
CUST001674,187,5,567.26,4.0,0.0,0.9996287212824112,Critical
CUST006047,228,4,396.56,4.5,0.0,0.9995110133872975,Critical
CUST006564,234,3,371.13,4.5,0.0,0.9995110133872975,Critical
CUST000830,236,3,334.97,4.666666666666667,0.0,0.9995110133872975,Critical
CUST009723,223,3,297.25,4.5,0.0,0.9995110133872975,Critical
CUST009031,237,4,429.06999999999994,5.0,0.0,0.9995110133872975,Critical
CUST004282,201,3,317.24,4.5,0.0,0.9995110133872975,Critical
CUST000580,236,3,354.71,4.5,0.0,0.9995110133872975,Critical
CUST005925,240,3,315.4,4.5,0.0,0.9995110133872975,Critical
CUST003900,210,3,360.53999999999996,4.5,0.0,0.9995110133872975,Critical
CUST003073,210,4,416.6,4.5,0.0,0.9995110133872975,Critical
CUST000675,239,3,409.65,4.5,0.0,0.9995110133872975,Critical
CUST009382,220,3,300.09000000000003,5.0,0.0,0.9995110133872975,Critical
CUST003752,236,3,359.23,4.666666666666667,0.0,0.9995110133872975,Critical
CUST003348,198,8,1019.98,3.5,0.0,0.9994188990762045,Critical
CUST008214,377,8,1011.9100000000001,3.0,0.0,0.9994188990762045,Critical
CUST000310,202,8,969.3499999999999,4.25,0.0,0.9994188990762045,Critical
CUST004685,239,8,917.04,3.1666666666666665,0.0,0.9994188990762045,Critical
CUST003030,284,8,1039.98,4.2,0.0,0.9994188990762045,Critical
CUST003730,270,8,890.94,3.5,0.0,0.9994188990762045,Critical
CUST004821,239,8,872.39,3.7142857142857144,0.0,0.9994188990762045,Critical
CUST002408,225,8,878.29,3.6666666666666665,12.5,0.9994188990762045,Critical
CUST002316,223,8,894.51,4.5,12.5,0.9994188990762045,Critical
CUST004254,302,8,932.14,4.285714285714286,12.5,0.9994188990762045,Critical
CUST005900,232,8,960.23,3.142857142857143,0.0,0.9994188990762045,Critical
CUST003737,376,8,946.12,4.0,0.0,0.9994188990762045,Critical
CUST005701,265,8,884.95,3.75,0.0,0.9994188990762045,Critical
CUST009826,212,8,867.29,4.166666666666667,0.0,0.9994188990762045,Critical
CUST008816,181,6,552.99,3.5,0.0,0.9992840251859028,Critical
CUST004754,193,6,562.85,3.6666666666666665,0.0,0.9992840251859028,Critical
CUST004034,199,3,263.15,3.5,0.0,0.9992840251859028,Critical
CUST001889,194,7,663.54,3.0,14.29,0.9992840251859028,Critical
CUST002329,185,6,528.06,4.0,0.0,0.9992840251859028,Critical
CUST000096,190,7,740.48,3.1666666666666665,0.0,0.9992840251859028,Critical
CUST004817,188,6,536.16,3.0,0.0,0.9992840251859028,Critical
CUST004336,187,7,742.95,3.5,0.0,0.9992840251859028,Critical
CUST005152,225,2,192.87,3.0,0.0,0.9992840251859028,Critical
CUST004916,229,2,237.53,5.0,0.0,0.9992840251859028,Critical
CUST002136,189,7,771.74,3.25,0.0,0.9992840251859028,Critical
CUST003032,210,3,256.36,5.0,0.0,0.9992840251859028,Critical
CUST002031,522,2,118.75999999999999,4.5,0.0,0.9991950598980498,Critical
CUST004723,260,2,96.94,4.5,0.0,0.9991950598980498,Critical
CUST006483,262,2,113.81,4.0,0.0,0.9991950598980498,Critical
CUST008709,355,2,121.67,3.5,50.0,0.9991950598980498,Critical
CUST006639,557,2,126.81,4.0,0.0,0.9991950598980498,Critical
CUST002355,257,2,106.47,5.0,0.0,0.9991950598980498,Critical
CUST001515,457,2,119.4,3.0,0.0,0.9991950598980498,Critical
CUST004511,414,2,123.85,3.5,0.0,0.9991950598980498,Critical
CUST001490,212,2,130.09,3.5,0.0,0.9991950598980498,Critical
CUST006156,247,2,129.31,3.5,0.0,0.9991950598980498,Critical
CUST004295,563,2,107.32,3.0,0.0,0.9991950598980498,Critical
CUST002172,414,2,123.73,2.5,0.0,0.9991950598980498,Critical
CUST007327,538,2,128.82,4.0,0.0,0.9991950598980498,Critical
CUST000207,409,2,127.85,4.0,0.0,0.9991950598980498,Critical
CUST005585,308,2,122.44999999999999,4.5,0.0,0.9991950598980498,Critical
CUST007390,341,2,125.09,2.5,50.0,0.9991950598980498,Critical
CUST004839,400,2,114.4,4.5,0.0,0.9991950598980498,Critical
CUST000976,344,2,129.55,5.0,0.0,0.9991950598980498,Critical
CUST007845,234,2,129.35999999999999,4.0,0.0,0.9991950598980498,Critical
CUST006779,294,2,113.29,4.0,0.0,0.9991950598980498,Critical
CUST006688,409,2,127.78,3.0,0.0,0.9991950598980498,Critical
CUST003585,381,2,104.6,3.0,0.0,0.9991950598980498,Critical
CUST001954,320,2,129.92000000000002,3.0,0.0,0.9991950598980498,Critical
CUST000858,334,2,123.41,3.5,0.0,0.9991950598980498,Critical
CUST008517,234,2,128.04,4.0,0.0,0.9991950598980498,Critical
CUST007296,205,3,255.43,3.3333333333333335,0.0,0.9991529594175543,Critical
CUST000960,209,2,233.97,4.5,0.0,0.9991529594175543,Critical
CUST008472,218,2,261.73,4.0,0.0,0.9991529594175543,Critical
CUST005736,199,1,97.69,4.0,0.0,0.9989631555060444,Critical
CUST006807,203,1,79.88,5.0,0.0,0.9989631555060444,Critical
CUST000848,204,1,110.43,5.0,0.0,0.9989631555060444,Critical
CUST009956,206,1,81.83,3.0,0.0,0.9989631555060444,Critical
CUST003993,207,1,121.8,4.0,0.0,0.9989631555060444,Critical
CUST001846,193,1,62.47,2.0,0.0,0.9989631555060444,Critical
CUST005789,195,1,132.19,4.0,0.0,0.9989631555060444,Critical
CUST004952,184,5,531.05,3.3333333333333335,20.0,0.998912746468314,Critical
CUST003130,202,2,195.37,5.0,0.0,0.998861071580722,Critical
CUST000069,213,2,170.64,5.0,0.0,0.998861071580722,Critical
CUST008735,193,4,447.78,5.0,0.0,0.998861071580722,Critical
CUST004482,199,3,361.12,5.0,0.0,0.998861071580722,Critical
CUST003498,219,4,442.46000000000004,4.5,0.0,0.998861071580722,Critical
CUST008724,187,3,252.42000000000002,5.0,0.0,0.998861071580722,Critical
CUST008928,202,3,245.41,4.5,0.0,0.998861071580722,Critical
CUST001849,188,4,430.16999999999996,4.5,0.0,0.998861071580722,Critical
CUST003540,189,4,440.16,4.75,0.0,0.998861071580722,Critical
CUST006181,197,3,341.24,5.0,0.0,0.998861071580722,Critical
CUST000230,616,1,141.06,5.0,0.0,0.9988323304602374,Critical
CUST000501,443,1,139.5,5.0,0.0,0.9988323304602374,Critical
CUST002352,243,1,137.73,4.0,0.0,0.9988323304602374,Critical
CUST007778,553,1,141.89,4.0,0.0,0.9988323304602374,Critical
CUST006026,626,1,140.42,5.0,0.0,0.9988323304602374,Critical
CUST009097,455,1,136.29,5.0,0.0,0.9988323304602374,Critical
CUST000627,673,1,138.2,3.0,100.0,0.9988323304602374,Critical
CUST003890,619,1,142.16,3.0,0.0,0.9988323304602374,Critical
CUST009808,323,1,136.63,4.0,0.0,0.9988323304602374,Critical
CUST002747,296,1,139.89,4.0,0.0,0.9988323304602374,Critical
CUST005812,189,8,944.18,3.2,0.0,0.9987029242621073,Critical
CUST002027,229,6,694.05,4.5,0.0,0.9986637243432946,Critical
CUST000106,193,6,672.35,2.6666666666666665,0.0,0.9986637243432946,Critical
CUST000385,195,3,342.19,3.5,0.0,0.9986637243432946,Critical
CUST007942,211,6,677.3499999999999,4.25,0.0,0.9986637243432946,Critical
CUST001932,212,7,711.11,4.0,0.0,0.9986637243432946,Critical
CUST007293,220,8,694.29,3.2857142857142856,0.0,0.9986637243432946,Critical
CUST009675,232,6,696.27,2.0,0.0,0.9986637243432946,Critical
CUST008755,198,3,338.44,3.0,0.0,0.9986637243432946,Critical
CUST000854,198,3,340.12,2.0,0.0,0.9986637243432946,Critical
CUST000617,199,3,270.36,4.666666666666667,0.0,0.9986637243432946,Critical
CUST004820,183,2,139.78,0.0,0.0,0.9986637243432946,Critical
CUST001399,208,3,294.47,3.6666666666666665,0.0,0.9986637243432946,Critical
CUST009975,208,6,675.05,3.0,16.67,0.9986637243432946,Critical
CUST008247,181,2,152.09,2.5,0.0,0.9986637243432946,Critical
CUST008222,196,3,336.58,3.5,0.0,0.9986637243432946,Critical
CUST003975,219,7,733.8399999999999,3.857142857142857,0.0,0.9986637243432946,Critical
CUST007434,195,3,226.01,3.5,0.0,0.9986637243432946,Critical
CUST005729,266,5,494.58,3.75,0.0,0.9985213878047345,Critical
CUST008898,233,5,501.54999999999995,3.4,0.0,0.9985213878047345,Critical
CUST001025,199,5,486.44,5.0,0.0,0.9985213878047345,Critical
CUST005160,193,5,488.58,3.75,0.0,0.9985213878047345,Critical
CUST009029,188,9,963.31,3.875,0.0,0.9984382088810168,Critical
CUST003543,208,8,643.23,4.0,12.5,0.9984382088810168,Critical
CUST001797,198,7,647.39,3.6666666666666665,0.0,0.9984382088810168,Critical
CUST000406,237,6,748.76,3.0,16.67,0.9984382088810168,Critical
CUST000513,188,11,1335.83,3.0,0.0,0.9984382088810168,Critical
CUST007779,212,2,216.75,4.0,0.0,0.9984382088810168,Critical
CUST008380,191,3,251.33,3.6666666666666665,0.0,0.9984382088810168,Critical
CUST009197,202,9,915.84,3.125,0.0,0.9984382088810168,Critical
CUST009245,181,3,335.31,2.5,0.0,0.9984382088810168,Critical
CUST004318,273,5,520.5799999999999,4.0,0.0,0.9983451137062077,Critical
CUST004775,735,1,59.67,0.0,0.0,0.9983451137062077,Critical
CUST003863,443,1,54.36,2.0,0.0,0.9983451137062077,Critical
CUST005355,335,1,56.02,2.0,0.0,0.9983451137062077,Critical
CUST009329,741,1,59.82,2.0,0.0,0.9983451137062077,Critical
CUST005191,285,4,520.24,3.3333333333333335,0.0,0.9983451137062077,Critical
CUST009651,270,4,520.51,5.0,0.0,0.9983451137062077,Critical
CUST003123,463,1,58.42,2.0,0.0,0.9983451137062077,Critical
CUST001721,550,4,520.97,4.0,0.0,0.9983451137062077,Critical
CUST005223,272,5,520.32,3.6,0.0,0.9983451137062077,Critical
CUST006520,564,1,56.22,2.0,0.0,0.9983451137062077,Critical
CUST000337,223,6,520.23,3.5,0.0,0.9983451137062077,Critical
CUST009071,222,6,520.55,4.0,0.0,0.9983451137062077,Critical
CUST000683,298,1,57.33,0.0,0.0,0.9983451137062077,Critical
CUST006303,513,1,58.51,0.0,0.0,0.9983451137062077,Critical
CUST007359,226,5,521.0,4.0,20.0,0.9983451137062077,Critical
CUST000900,190,5,409.05,3.4,0.0,0.9982942763570957,Critical
CUST002944,198,2,126.24,5.0,0.0,0.9981582154040942,Critical
CUST001264,200,2,126.65,4.0,0.0,0.9981582154040942,Critical
CUST007724,200,2,129.11,4.0,0.0,0.9981582154040942,Critical
CUST006109,192,2,268.72,5.0,0.0,0.9981450967666248,Critical
CUST002728,246,6,611.52,3.25,0.0,0.9981211214953271,Critical
CUST005357,301,3,398.32,4.666666666666667,0.0,0.9981211214953271,Critical
CUST008101,324,8,781.84,4.833333333333333,0.0,0.9981211214953271,Critical
CUST009138,183,4,425.02,4.666666666666667,0.0,0.9981211214953271,Critical
CUST005391,242,7,799.73,5.0,0.0,0.9981211214953271,Critical
CUST005157,317,3,363.6,5.0,0.0,0.9981211214953271,Critical
CUST008074,223,3,399.87,4.5,0.0,0.9981211214953271,Critical
CUST009842,191,8,857.0,4.428571428571429,0.0,0.9981211214953271,Critical
CUST008621,246,4,403.90999999999997,4.5,0.0,0.9981211214953271,Critical
CUST002674,279,6,637.3199999999999,3.6666666666666665,0.0,0.9981211214953271,Critical
CUST007083,296,7,774.59,5.0,0.0,0.9981211214953271,Critical
CUST004930,192,3,456.06,2.5,0.0,0.9981211214953271,Critical
CUST006188,342,6,615.65,4.0,0.0,0.9981211214953271,Critical
CUST006960,191,6,625.86,3.8,0.0,0.9981211214953271,Critical
CUST000055,341,4,421.59000000000003,5.0,0.0,0.9981211214953271,Critical
CUST001807,279,3,381.6,5.0,0.0,0.9981211214953271,Critical
CUST005388,198,4,539.27,4.5,0.0,0.9981211214953271,Critical
CUST008813,238,6,615.3100000000001,4.0,0.0,0.9981211214953271,Critical
CUST007947,201,4,589.23,0.0,0.0,0.9981211214953271,Critical
CUST008438,188,6,651.01,3.5,0.0,0.9981211214953271,Critical
CUST009811,208,7,523.89,3.75,0.0,0.9979088393767293,Critical
CUST003398,192,7,587.3199999999999,4.5,0.0,0.9979088393767293,Critical
CUST003320,285,7,554.03,3.8,0.0,0.9979088393767293,Critical
CUST001951,259,7,544.36,4.166666666666667,0.0,0.9979088393767293,Critical
CUST005913,210,7,578.85,3.8,0.0,0.9979088393767293,Critical
CUST009267,241,6,887.79,3.6,0.0,0.9978270017870525,Critical
CUST005598,485,4,488.42999999999995,4.0,0.0,0.9978270017870525,Critical
CUST007138,204,4,445.07000000000005,4.0,0.0,0.9978270017870525,Critical
CUST007929,279,4,471.36,5.0,0.0,0.9978270017870525,Critical
CUST004108,192,7,1013.82,4.0,0.0,0.9978270017870525,Critical
CUST007302,403,4,478.69,3.3333333333333335,0.0,0.9978270017870525,Critical
CUST007799,280,4,466.94,4.333333333333333,0.0,0.9978270017870525,Critical
CUST000011,290,4,489.94,3.6666666666666665,0.0,0.9978270017870525,Critical
CUST007276,351,4,434.33000000000004,2.6666666666666665,25.0,0.9978270017870525,Critical
CUST000564,422,7,1235.8,3.5714285714285716,0.0,0.9978270017870525,Critical
CUST000085,308,4,446.34000000000003,3.6666666666666665,0.0,0.9978270017870525,Critical
CUST004219,228,4,461.72,3.3333333333333335,0.0,0.9978270017870525,Critical
CUST007676,236,6,883.88,4.0,0.0,0.9978270017870525,Critical
CUST001455,203,4,458.95,4.333333333333333,0.0,0.9978270017870525,Critical
CUST003665,197,9,1078.8700000000001,3.5555555555555554,0.0,0.9977222340669195,Critical
CUST000191,190,10,1310.26,3.2857142857142856,10.0,0.9977222340669195,Critical
CUST001355,232,4,389.01,4.0,0.0,0.9976424785402693,Critical
CUST008786,249,4,294.69,4.333333333333333,0.0,0.9976424785402693,Critical
CUST000817,263,5,517.03,4.4,0.0,0.9976424785402693,Critical
CUST007825,226,5,420.65999999999997,4.75,0.0,0.9976424785402693,Critical
CUST003882,211,2,130.19,4.0,0.0,0.9976332687790666,Critical
CUST005724,392,1,57.03,4.0,0.0,0.9974237091207327,Critical
CUST004292,200,6,623.9499999999999,4.2,0.0,0.9974237091207327,Critical
CUST007382,744,1,57.11,4.0,0.0,0.9974237091207327,Critical
CUST008747,183,7,853.05,4.75,0.0,0.9974237091207327,Critical
CUST009880,185,6,641.39,4.4,0.0,0.9974237091207327,Critical
CUST003586,314,1,57.04,4.0,0.0,0.9974237091207327,Critical
CUST009899,498,1,56.62,5.0,0.0,0.9974237091207327,Critical
CUST000894,190,6,525.34,4.4,0.0,0.9974237091207327,Critical
CUST008529,192,8,659.39,3.2,0.0,0.997298357835891,Critical
CUST001054,221,7,628.38,3.0,0.0,0.997298357835891,Critical
CUST009365,330,7,599.59,3.25,0.0,0.997298357835891,Critical
CUST003633,202,7,620.01,3.0,14.29,0.997298357835891,Critical
CUST007823,292,7,654.87,2.75,0.0,0.997298357835891,Critical
CUST003400,431,3,485.53,4.0,0.0,0.9972171158999801,Critical
CUST004536,236,3,473.79999999999995,3.0,0.0,0.9972171158999801,Critical
CUST009480,250,3,466.05,3.6666666666666665,0.0,0.9972171158999801,Critical
CUST009275,399,3,476.92999999999995,2.0,0.0,0.9972171158999801,Critical
CUST004103,195,3,465.9,2.6666666666666665,33.33,0.9972171158999801,Critical
CUST001035,241,3,568.2,4.0,0.0,0.9972171158999801,Critical
CUST009540,361,3,478.25,3.5,0.0,0.9972171158999801,Critical
CUST007752,191,5,597.86,3.3333333333333335,0.0,0.9972070228254095,Critical
CUST001768,183,5,583.01,4.0,0.0,0.9970524304031438,Critical
CUST001999,207,7,746.1800000000001,3.4285714285714284,0.0,0.9968764177620335,Critical
CUST003702,188,7,771.55,3.0,0.0,0.9968764177620335,Critical
CUST006560,330,7,532.35,3.4,0.0,0.9968366062437058,Critical
CUST002597,277,3,461.57,3.0,0.0,0.9968366062437058,Critical
CUST009666,217,7,676.0699999999999,3.5,14.29,0.9968366062437058,Critical
CUST009002,193,3,309.33,4.0,0.0,0.9968366062437058,Critical
CUST003885,258,5,484.9,4.0,0.0,0.9968366062437058,Critical
CUST007277,197,7,597.19,3.75,14.29,0.9968366062437058,Critical
CUST002197,310,3,464.22,4.5,0.0,0.9968366062437058,Critical
CUST001310,195,3,473.73,3.0,0.0,0.9968366062437058,Critical
CUST003025,305,3,463.39,3.0,0.0,0.9968366062437058,Critical
CUST008013,433,2,440.54999999999995,1.0,50.0,0.9968366062437058,Critical
CUST000664,257,2,300.45,3.0,0.0,0.9968366062437058,Critical
CUST008482,226,3,320.85,4.0,0.0,0.9968366062437058,Critical
CUST006757,240,5,524.25,2.6666666666666665,0.0,0.9968366062437058,Critical
CUST009923,275,5,488.01,4.0,0.0,0.9968366062437058,Critical
CUST001564,318,7,678.21,3.8,14.29,0.9968366062437058,Critical
CUST007091,206,7,531.22,3.5,0.0,0.9968366062437058,Critical
CUST005772,187,3,232.92000000000002,4.0,0.0,0.9965410092737566,Critical
CUST008956,196,3,243.04000000000002,2.5,0.0,0.9965410092737566,Critical
CUST003545,186,6,460.27,4.0,0.0,0.9965410092737566,Critical
CUST009114,184,6,479.35,2.8,0.0,0.9965410092737566,Critical
CUST009285,192,1,115.05,4.0,0.0,0.9963868646267771,Critical
CUST004898,191,1,86.95,4.0,0.0,0.9963868646267771,Critical
CUST000794,191,1,129.24,4.0,0.0,0.9963868646267771,Critical
CUST004115,243,9,810.23,3.5,0.0,0.9963355595088804,Critical
CUST001559,283,7,847.53,3.25,14.29,0.9963355595088804,Critical
CUST003110,210,7,885.44,4.2,0.0,0.9963355595088804,Critical
CUST004919,209,7,889.63,3.2,0.0,0.9963355595088804,Critical
CUST006389,271,7,915.84,3.8,0.0,0.9963355595088804,Critical
CUST006589,278,7,720.13,3.1666666666666665,14.29,0.9963355595088804,Critical
CUST000380,209,7,931.34,3.8,0.0,0.9963355595088804,Critical
CUST003305,188,9,846.96,3.4,0.0,0.9963355595088804,Critical
CUST000866,282,7,892.91,3.4,0.0,0.9963355595088804,Critical
CUST008340,300,5,560.81,3.75,0.0,0.9961844752324919,Critical
CUST009163,237,5,560.21,4.666666666666667,0.0,0.9961844752324919,Critical
CUST008394,183,5,552.2,4.0,0.0,0.9961844752324919,Critical
CUST007610,181,4,414.6,4.0,0.0,0.996068698878112,Critical
CUST001641,181,7,610.73,3.3333333333333335,0.0,0.996068698878112,Critical
CUST005848,182,5,416.76,3.5,0.0,0.996068698878112,Critical
CUST005158,209,5,573.04,4.666666666666667,0.0,0.9959029400576056,Critical
CUST007958,182,6,680.52,3.75,0.0,0.9959029400576056,Critical
CUST000947,182,6,618.28,3.8,0.0,0.9959029400576056,Critical
CUST006585,193,5,586.44,4.0,0.0,0.9959029400576056,Critical
CUST000199,182,6,692.3,3.8,0.0,0.9959029400576056,Critical
CUST000117,194,6,561.88,3.6666666666666665,0.0,0.9959029400576056,Critical
CUST004678,184,2,175.35000000000002,2.0,0.0,0.9956939686913109,Critical
CUST003061,200,8,887.23,5.0,0.0,0.9956611420668586,Critical
CUST002969,211,5,609.48,4.0,0.0,0.995645921408275,Critical
CUST002394,227,6,661.01,4.4,0.0,0.995645921408275,Critical
CUST005875,224,6,729.14,4.666666666666667,0.0,0.995645921408275,Critical
CUST009184,190,6,623.1,4.4,0.0,0.995645921408275,Critical
CUST008203,208,5,613.05,3.5,0.0,0.995645921408275,Critical
CUST007030,182,5,602.94,3.8,0.0,0.9955316613400167,Critical
CUST004896,201,5,469.87,3.3333333333333335,0.0,0.9955256263512655,Critical
CUST005173,199,5,471.11,4.0,0.0,0.9955256263512655,Critical
CUST007046,198,2,297.7,4.0,0.0,0.9952748151247226,Critical
CUST005120,218,2,292.21,4.0,0.0,0.9952748151247226,Critical
CUST002666,187,2,147.06,5.0,0.0,0.9952047336170512,Critical
CUST004072,685,1,55.44,5.0,0.0,0.9951936501864779,Critical
CUST009833,239,5,764.5,4.333333333333333,0.0,0.9951936501864779,Critical
CUST006350,187,5,474.58000000000004,3.0,0.0,0.9951543476336766,Critical
CUST009101,192,5,555.58,4.4,0.0,0.995045546813214,Critical
CUST004710,182,2,186.28,4.5,0.0,0.994929770458834,Critical
CUST008331,195,5,585.39,4.6,0.0,0.9947640116383276,Critical
CUST005876,188,4,369.45,2.3333333333333335,0.0,0.9946365304989969,Critical
CUST002326,185,3,329.0,4.0,0.0,0.9946365304989969,Critical
CUST005990,191,5,482.2,3.75,0.0,0.9946365304989969,Critical
CUST004595,191,6,550.76,3.0,0.0,0.9946365304989969,Critical
CUST006802,186,6,738.96,4.25,0.0,0.9946365304989969,Critical
CUST007502,183,5,513.02,3.75,0.0,0.9946365304989969,Critical
CUST002606,187,4,440.99,3.3333333333333335,0.0,0.9946365304989969,Critical
CUST006478,192,4,404.85,3.0,25.0,0.9946365304989969,Critical
CUST000516,191,4,282.4,3.5,0.0,0.9946365304989969,Critical
CUST003247,190,6,725.85,3.8,0.0,0.9946365304989969,Critical
CUST005707,186,7,675.1800000000001,3.6666666666666665,0.0,0.9946365304989969,Critical
CUST000868,185,10,1012.31,3.5,0.0,0.9946365304989969,Critical
CUST006380,188,4,593.65,3.0,0.0,0.9946365304989969,Critical
CUST003098,190,4,619.83,2.0,0.0,0.9946365304989969,Critical
CUST002505,188,7,561.38,4.833333333333333,0.0,0.9944681697530732,Critical
CUST004666,190,8,642.49,3.75,0.0,0.9943525209959893,Critical
CUST008335,190,9,982.81,4.142857142857143,0.0,0.9943411489386222,Critical
CUST002213,190,10,1220.03,3.8333333333333335,0.0,0.9943411489386222,Critical
CUST000080,184,9,1032.15,3.75,11.11,0.9943411489386222,Critical
CUST002963,188,3,231.81,4.0,0.0,0.9942603153644387,Critical
CUST000231,182,2,141.36,3.0,0.0,0.9942603153644387,Critical
CUST005740,187,2,173.87,3.5,0.0,0.9942603153644387,Critical
CUST006978,198,7,590.0699999999999,3.0,0.0,0.9941349640795971,Critical
CUST007047,255,7,584.48,3.1666666666666665,0.0,0.9941349640795971,Critical
CUST002029,278,7,581.73,3.0,0.0,0.9941349640795971,Critical
CUST003105,295,7,580.01,3.25,14.29,0.9941349640795971,Critical
CUST001770,340,3,495.69000000000005,3.5,0.0,0.9940537221436861,Critical
CUST006095,313,3,501.70000000000005,4.0,0.0,0.9940537221436861,Critical
CUST006220,265,3,488.90999999999997,4.0,0.0,0.9940537221436861,Critical
CUST009823,219,3,468.72,5.0,0.0,0.9940537221436861,Critical
CUST001373,320,3,466.9,3.6666666666666665,0.0,0.9940537221436861,Critical
CUST005809,242,3,467.24,0.0,0.0,0.9940537221436861,Critical
CUST002204,291,3,478.52,4.0,0.0,0.9940537221436861,Critical
CUST002801,188,5,567.17,3.5,0.0,0.9940436290691155,Critical
CUST007122,200,7,601.79,3.0,0.0,0.9938393671096475,Critical
CUST005229,327,4,472.34,5.0,0.0,0.993817523635469,Critical
CUST009422,195,3,304.74,3.0,0.0,0.993817523635469,Critical
CUST005083,263,4,549.83,4.666666666666667,0.0,0.993817523635469,Critical
CUST000155,210,3,386.3,3.0,33.33,0.993817523635469,Critical
CUST001912,288,3,461.38,5.0,0.0,0.993817523635469,Critical
CUST007015,200,3,325.33,4.0,0.0,0.993817523635469,Critical
CUST004720,323,3,437.87,5.0,0.0,0.993817523635469,Critical
CUST009021,193,2,237.99,4.0,0.0,0.9937894899165512,Critical
CUST002582,188,6,633.36,3.3333333333333335,0.0,0.993636546181892,Critical
CUST002128,275,7,658.49,3.0,14.29,0.9936339173447715,Critical
CUST001963,291,9,852.29,4.0,0.0,0.9935077181424787,Critical
CUST007273,263,1,60.56,4.0,0.0,0.9935077181424787,Critical
CUST006797,195,6,751.44,4.0,0.0,0.9933266491783382,Critical
CUST006556,376,1,51.64,0.0,0.0,0.9932444168342383,Critical
CUST007906,601,1,38.79,3.0,0.0,0.9932444168342383,Critical
CUST002097,337,1,52.28,0.0,0.0,0.9932444168342383,Critical
CUST009838,715,1,45.91,3.0,0.0,0.9932444168342383,Critical
CUST008332,452,1,38.14,0.0,0.0,0.9932444168342383,Critical
CUST002181,597,1,34.34,3.0,0.0,0.9932444168342383,Critical
CUST006682,182,2,107.8,2.0,0.0,0.9932234708704831,Critical
CUST003135,303,7,702.63,4.0,14.29,0.9930178928650811,Critical
CUST001818,235,7,845.26,3.5,14.29,0.9930178928650811,Critical
CUST004538,190,5,505.7,4.4,0.0,0.9929553704607494,Critical
CUST004912,191,3,277.23,4.5,0.0,0.9927816272656217,Critical
CUST008301,191,4,436.04,4.0,0.0,0.992757651994324,Critical
CUST007471,196,4,488.34000000000003,4.333333333333333,0.0,0.992757651994324,Critical
CUST009924,255,6,609.61,3.75,0.0,0.9926481057096885,Critical
CUST002013,442,6,622.73,3.5,0.0,0.9926481057096885,Critical
CUST008750,206,5,349.31,3.6666666666666665,0.0,0.9926481057096885,Critical
CUST006428,183,3,242.39999999999998,4.5,0.0,0.9926481057096885,Critical
CUST001294,182,4,349.96000000000004,3.75,25.0,0.9926481057096885,Critical
CUST003087,181,5,635.35,3.25,0.0,0.9926481057096885,Critical
CUST005028,181,5,500.1600000000001,4.0,0.0,0.9926481057096885,Critical
CUST001987,182,6,495.74,3.4,0.0,0.9926481057096885,Critical
CUST005200,192,4,344.78,3.6666666666666665,0.0,0.9926481057096885,Critical
CUST000130,191,5,421.97,3.25,0.0,0.9926467973530849,Critical
CUST008644,184,5,425.23,3.5,0.0,0.9926467973530849,Critical
CUST004550,379,5,530.53,4.0,0.0,0.9923590478672574,Critical
CUST008235,398,5,545.38,4.0,0.0,0.9923590478672574,Critical
CUST002577,195,9,826.34,4.142857142857143,0.0,0.9923590478672574,Critical
CUST000320,214,5,542.47,4.0,0.0,0.9923590478672574,Critical
CUST009342,194,5,559.43,4.5,0.0,0.9923590478672574,Critical
CUST002889,193,7,734.79,3.5,14.29,0.9923019180509839,Critical
CUST004999,184,7,589.63,4.2,0.0,0.9922613603727186,Critical
CUST000717,182,3,401.78999999999996,3.3333333333333335,33.33,0.9921268846681026,Critical
CUST009705,188,3,329.37,4.5,0.0,0.9919386451307962,Critical
CUST001340,184,5,516.74,3.0,0.0,0.991936323445522,Critical
CUST009363,205,5,497.29,5.0,0.0,0.9917771015346356,Critical
CUST006251,188,4,365.97,3.0,0.0,0.991532410708966,Critical
CUST001113,187,3,344.25,3.5,0.0,0.9915068501257883,Critical
CUST009253,237,7,754.1,4.25,14.29,0.9914561017460979,Critical
CUST003776,187,7,670.3100000000001,3.6,0.0,0.9914561017460979,Critical
CUST000444,193,6,709.91,4.333333333333333,0.0,0.99129184281655,Critical
CUST007331,201,5,602.82,4.0,20.0,0.99129184281655,Critical
CUST002200,183,3,225.79999999999998,2.6666666666666665,0.0,0.9911775397727535,Critical
CUST006716,183,3,206.22,3.3333333333333335,0.0,0.9911775397727535,Critical
CUST007683,181,3,305.12,0.0,0.0,0.9910239616793265,Critical
CUST004993,197,3,316.24,1.0,33.33,0.9910239616793265,Critical
CUST007485,284,7,1000.22,3.5,14.29,0.9908448946521337,Critical
CUST006950,184,5,577.4200000000001,4.0,0.0,0.9902824519072719,Critical
CUST003178,578,1,52.51,5.0,0.0,0.9900929533145084,Critical
CUST000655,416,1,33.55,4.0,0.0,0.9900929533145084,Critical
CUST002541,673,1,49.9,5.0,0.0,0.9900929533145084,Critical
CUST007487,434,1,45.3,4.0,0.0,0.9900929533145084,Critical
CUST005685,615,1,50.95,4.0,0.0,0.9900929533145084,Critical
CUST003054,183,4,436.29,4.25,0.0,0.99,Critical
CUST000614,192,3,254.31,5.0,0.0,0.99,Critical
CUST008483,188,5,477.03999999999996,3.6,0.0,0.99,Critical
CUST000815,219,1,119.48,0.0,0.0,0.99,Critical
CUST003396,183,6,743.3299999999999,4.0,0.0,0.99,Critical
CUST005785,216,4,415.20000000000005,4.0,25.0,0.99,Critical
CUST007705,214,3,279.65999999999997,5.0,0.0,0.99,Critical
CUST002946,210,2,332.59,4.0,0.0,0.99,Critical
CUST004957,219,1,93.31,0.0,0.0,0.99,Critical
CUST004456,182,6,663.97,3.4,0.0,0.99,Critical
CUST003850,188,4,505.96,3.6666666666666665,0.0,0.99,Critical
CUST005004,196,5,412.35,4.5,0.0,0.99,Critical
CUST005746,257,2,305.45,0.0,0.0,0.99,Critical
CUST001423,183,3,253.95999999999998,4.333333333333333,0.0,0.99,Critical
CUST003768,197,6,592.1,3.0,0.0,0.99,Critical
CUST002485,185,3,269.86,3.0,0.0,0.99,Critical
CUST006943,181,5,518.73,3.6666666666666665,0.0,0.9898301806854748,Critical
CUST009321,181,6,553.31,3.6,0.0,0.9898301806854748,Critical
CUST006507,181,7,771.5899999999999,4.333333333333333,0.0,0.9898301806854748,Critical
CUST009656,194,8,783.26,3.3333333333333335,0.0,0.9895245234717219,Critical
CUST005338,184,6,600.5,4.0,0.0,0.9892840251859027,Critical
CUST005377,210,5,536.24,4.333333333333333,0.0,0.9891956541109633,Critical
CUST008327,189,3,270.31,4.5,0.0,0.9891529594175543,Critical
CUST001970,202,5,493.09,5.0,0.0,0.9888610715807221,Critical
CUST000813,192,11,1064.29,4.0,0.0,0.9886936699346116,Critical
CUST007306,187,6,922.97,2.0,0.0,0.9886665733818054,Critical
CUST001018,185,3,350.02,4.0,0.0,0.9886637243432946,Critical
CUST006399,222,6,667.69,3.75,0.0,0.9882940271179634,Critical
CUST005936,183,8,928.22,4.25,0.0,0.988121121495327,Critical
CUST001484,188,7,896.2,3.8333333333333335,0.0,0.9874321497529638,Critical
CUST006402,199,4,345.9,3.3333333333333335,0.0,0.9872846362086852,Critical
CUST001504,191,2,202.44,2.0,50.0,0.9868366062437058,Critical
CUST007052,193,2,291.89,2.5,50.0,0.9868366062437058,Critical
CUST000000,187,2,209.77,4.5,0.0,0.9868366062437058,Critical
CUST004745,190,7,865.8000000000001,3.0,0.0,0.9867077343066355,Critical
CUST009893,185,7,768.53,3.4,0.0,0.9865388401614767,Critical
CUST003286,186,2,232.0,3.5,0.0,0.9863153142976688,Critical
CUST007660,186,4,394.01,4.25,0.0,0.9857072060362846,Critical
CUST003659,191,1,56.02,4.0,0.0,0.9850882329557339,Critical
CUST006935,397,5,539.24,4.5,0.0,0.9846979593074611,Critical
CUST006485,185,3,401.96000000000004,4.5,33.33,0.9846365304989969,Critical
CUST002512,183,7,651.03,3.0,14.29,0.9842989845415689,Critical
CUST005700,182,2,303.53999999999996,3.0,0.0,0.9842603153644387,Critical
CUST008025,254,5,512.96,4.666666666666667,0.0,0.9841160129748393,Critical
CUST000412,184,3,292.90999999999997,3.5,0.0,0.9836243643432954,Critical
CUST003182,184,3,306.69,3.6666666666666665,0.0,0.9835523439856879,Critical
CUST001651,218,1,52.08,0.0,0.0,0.9832444168342382,Critical
CUST006053,206,5,559.46,4.333333333333333,20.0,0.9823590478672574,Critical
CUST002537,184,2,224.71,3.5,0.0,0.9820972690062955,Critical
CUST005286,190,5,485.3,4.0,0.0,0.981936323445522,Critical
CUST006694,186,4,503.26,4.0,0.0,0.980969195045883,Critical
CUST003354,196,2,188.86,3.0,0.0,0.98,Critical
CUST003802,182,2,179.29,2.0,0.0,0.9796131837585789,Critical
CUST003578,185,5,483.63,4.0,0.0,0.9781784586931016,Critical
CUST002491,182,7,840.19,3.5,0.0,0.9773021281136504,Critical
CUST005838,187,6,541.01,4.2,0.0,0.9770726477788412,Critical
CUST000278,185,2,241.79000000000002,0.0,0.0,0.9769353488399831,Critical
CUST008601,187,6,765.05,4.2,0.0,0.9750720691793956,Critical
CUST004140,181,3,310.26,3.0,0.0,0.9721268846681026,Critical
CUST008738,183,5,578.5899999999999,3.5,0.0,0.9685449923747231,Critical
CUST000696,185,5,382.83000000000004,4.666666666666667,0.0,0.9667658633282243,Critical
CUST002551,187,5,438.31999999999994,4.75,0.0,0.9618134828521628,Critical
CUST002604,183,4,387.39,3.6666666666666665,0.0,0.9616371572046748,Critical
CUST003709,188,9,1195.21,4.666666666666667,0.0,0.9605859390106586,Critical
CUST007709,183,9,955.61,3.4,11.11,0.9596375745648119,Critical
CUST009825,181,3,422.28999999999996,2.5,0.0,0.9578270017870526,Critical
CUST001511,182,3,337.46,3.6666666666666665,0.0,0.95,Critical
CUST006907,182,7,775.61,3.4285714285714284,0.0,0.9388978880287341,Critical
CUST000625,184,7,637.92,4.0,0.0,0.9378815532473029,Critical
CUST007719,182,5,609.77,4.0,0.0,0.937431117046653,Critical
CUST006090,182,2,163.81,4.0,0.0,0.9367634151670995,Critical
CUST006816,182,7,686.03,4.4,0.0,0.9288978880287341,Critical
CUST009232,181,6,739.38,3.6,0.0,0.9172994493138,Critical
CUST009564,181,5,467.16999999999996,3.0,0.0,0.877406245262778,Critical
CUST002429,179,5,470.13,3.3333333333333335,0.0,0.05293333594416655,Low
CUST008461,180,9,806.4300000000001,3.0,0.0,0.04972995259796113,Low
CUST005573,180,5,515.75,3.8,0.0,0.04553166134001673,Low
CUST000296,178,5,527.5699999999999,4.0,0.0,0.043752251636320495,Low
CUST000611,180,8,747.45,4.0,0.0,0.041199365683795175,Low
CUST002222,180,9,868.95,3.375,0.0,0.04108631459070518,Low
CUST000522,180,6,643.25,3.75,0.0,0.03590294005760557,Low
CUST007002,173,8,914.49,3.5,12.5,0.03461254926268242,Low
CUST006650,180,7,724.31,3.5,0.0,0.034054754913760164,Low
CUST001717,174,4,487.21999999999997,3.75,0.0,0.03331477168180506,Low
CUST008929,177,9,1064.05,3.2,0.0,0.031086314590705176,Low
CUST001213,176,9,1042.25,3.6,0.0,0.03037033977660791,Low
CUST003385,176,7,884.1700000000001,4.0,0.0,0.03035962106181307,Low
CUST004834,165,9,1211.72,3.875,0.0,0.029534799125100267,Low
CUST009682,177,6,485.98,5.0,0.0,0.02829402711796343,Low
CUST008729,135,2,126.59,4.0,0.0,0.028158215404094245,Low
CUST000825,118,2,123.69,4.0,0.0,0.028158215404094245,Low
CUST005432,177,4,455.03,5.0,0.0,0.0281211214953271,Low
CUST007927,179,9,901.0799999999999,3.25,11.11,0.028037529523236758,Low
CUST001543,172,7,543.97,4.8,0.0,0.027908839376729288,Low
CUST002750,168,7,915.0,3.8333333333333335,0.0,0.02743214975296392,Low
CUST008319,174,7,609.63,4.833333333333333,0.0,0.027405146681229838,Low
CUST008324,172,7,869.4100000000001,4.333333333333333,0.0,0.025619584694783128,Low
CUST006430,172,4,489.32,5.0,0.0,0.025544830616059767,Low
CUST003094,162,9,1001.1500000000001,3.142857142857143,0.0,0.02527481512472269,Low
CUST004373,160,9,1041.65,3.6,0.0,0.02527481512472269,Low
CUST005199,177,10,1056.03,4.111111111111111,0.0,0.02511037614363785,Low
CUST000371,166,7,1001.8,4.0,0.0,0.023729941844658084,Low
CUST009454,145,7,558.88,3.1666666666666665,0.0,0.02367321248741188,Low
CUST003103,180,2,261.34,3.5,0.0,0.023300254842291576,Low
CUST002695,179,3,334.83,4.5,0.0,0.022811268229589215,Low
CUST000411,157,5,467.75,2.0,0.0,0.02259283239758891,Low
CUST003076,176,7,746.34,3.5,0.0,0.02193213089559116,Low
CUST007574,177,7,744.06,3.6666666666666665,14.29,0.021568938632375124,Low
CUST004994,170,2,296.85,3.5,0.0,0.02109692160814455,Low
CUST004356,172,9,928.61,4.571428571428571,0.0,0.021086314590705174,Low
CUST008785,171,6,510.93,4.4,0.0,0.020441601985813795,Low
CUST007164,167,7,616.95,2.8333333333333335,14.29,0.020174926618527964,Low
CUST008542,179,3,347.68,3.6666666666666665,0.0,0.02,Low
CUST002364,178,4,396.78,4.5,0.0,0.02,Low
CUST008828,155,6,558.6899999999999,4.25,0.0,0.01985449910878707,Low
CUST003822,154,4,460.1,4.0,0.0,0.01985449910878707,Low
CUST004605,177,5,477.36,3.5,0.0,0.01983018068547484,Low
CUST001555,176,8,769.17,4.2,0.0,0.019524523471721927,Low
CUST009305,169,8,908.5899999999999,4.166666666666667,12.5,0.019418899076204463,Low
CUST003506,178,9,825.9100000000001,3.5714285714285716,0.0,0.01928402518590273,Low
CUST009147,174,5,827.05,4.0,20.0,0.01922958923594379,Low
CUST009870,177,5,506.43,3.0,0.0,0.018912746468313903,Low
CUST009401,180,4,308.84000000000003,5.0,0.0,0.01886107158072206,Low
CUST006619,131,5,490.05,3.5,0.0,0.01852138780473454,Low
CUST005519,148,5,477.71999999999997,2.75,0.0,0.01852138780473454,Low
CUST007595,177,7,601.94,4.4,14.29,0.018345783534116433,Low
CUST006058,178,6,747.67,3.5,0.0,0.01826860377286631,Low
CUST007337,177,5,677.25,3.3333333333333335,0.0,0.018129530860818963,Low
CUST003641,56,3,336.29,5.0,33.33,0.018121121495327103,Low
CUST006019,168,4,468.62,3.3333333333333335,0.0,0.018121121495327103,Low
CUST004350,178,4,428.81,5.0,0.0,0.018121121495327103,Low
CUST002749,172,4,346.99,4.5,0.0,0.017642478540269246,Low
CUST001977,153,3,322.82,3.0,0.0,0.017423709120732666,Low
CUST009349,178,7,612.8299999999999,2.8,0.0,0.017298357835891096,Low
CUST008906,161,7,914.34,3.0,0.0,0.01717513110363336,Low
CUST002668,155,5,406.54999999999995,4.5,0.0,0.01706720604632349,Low
CUST009485,157,5,529.91,4.0,0.0,0.01706720604632349,Low
CUST009762,149,5,523.1,4.0,0.0,0.01683660624370594,Low
CUST007863,152,6,553.1899999999999,3.8,0.0,0.01683660624370594,Low
CUST002466,147,7,714.24,4.25,0.0,0.01683660624370594,Low
CUST000175,154,6,676.64,3.4,16.67,0.01683660624370594,Low
CUST007396,173,1,41.49,3.0,0.0,0.01675213497671708,Low
CUST008189,171,5,580.3199999999999,4.4,0.0,0.016700335083849587,Low
CUST002428,169,3,218.76999999999998,3.3333333333333335,0.0,0.01654100927375647,Low
CUST005595,173,4,330.31,3.6666666666666665,25.0,0.01654100927375647,Low
CUST000037,176,5,544.29,4.5,0.0,0.016176571502726424,Low
CUST000311,158,6,772.28,4.666666666666667,16.67,0.016087523394088796,Low
CUST005091,175,8,961.65,4.25,0.0,0.01606869887811201,Low
CUST004136,180,5,631.36,4.0,0.0,0.015902940057605567,Low
CUST006691,177,5,718.9,3.6,0.0,0.015645921408275,Low
CUST007675,180,6,657.8399999999999,3.8,0.0,0.015645921408275,Low
CUST000041,171,5,610.74,3.0,0.0,0.015645921408275,Low
CUST006456,144,5,734.94,3.0,20.0,0.015645921408275,Low
CUST009335,157,3,305.51,3.5,0.0,0.015274815124722691,Low
CUST002002,172,6,732.41,4.5,0.0,0.014764011638327626,Low
CUST000793,149,9,957.8199999999999,4.166666666666667,0.0,0.014636530498996882,Low
CUST002972,179,4,565.35,4.5,0.0,0.014636530498996882,Low
CUST004799,145,3,249.86,3.5,0.0,0.014260315364438609,Low
CUST008413,179,2,218.44,3.5,0.0,0.014260315364438609,Low
CUST002878,150,7,573.93,3.0,0.0,0.014134964079597037,Low
CUST003941,159,6,808.59,2.6666666666666665,0.0,0.01408413028929175,Low
CUST004358,179,4,360.03999999999996,2.0,0.0,0.01401649595668255,Low
CUST006548,79,2,107.83,4.0,0.0,0.014003524069930303,Low
CUST009915,174,7,589.85,4.0,0.0,0.013977538254841293,Low
CUST008273,177,6,718.47,2.75,0.0,0.013857374529772653,Low
CUST007843,153,4,434.64,4.5,0.0,0.013817523635469018,Low
CUST004924,171,3,280.93,4.0,0.0,0.013789489916551151,Low
CUST009167,178,2,200.46,2.0,0.0,0.013789489916551151,Low
CUST007885,161,2,237.81,4.0,0.0,0.013789489916551151,Low
CUST001519,171,10,824.16,4.0,0.0,0.013631859067494707,Low
CUST005382,36,1,41.47,4.0,0.0,0.013600671456987295,Low
CUST009619,79,1,53.33,4.0,0.0,0.013600671456987295,Low
CUST006045,170,1,51.91,5.0,0.0,0.013600671456987295,Low
CUST009110,168,1,41.43,4.0,0.0,0.013600671456987295,Low
CUST003924,164,5,638.15,4.0,0.0,0.013487926543573545,Low
CUST003739,155,7,737.51,3.75,0.0,0.01331477168180506,Low
CUST007202,159,7,679.89,3.1666666666666665,0.0,0.013300254842291576,Low
CUST009740,143,5,629.27,3.5,0.0,0.013288399948544244,Low
CUST009628,131,1,42.72,2.0,0.0,0.013244416834238236,Low
CUST005896,137,8,995.06,4.6,0.0,0.013069630529007665,Low
CUST000770,172,6,507.29,4.0,0.0,0.013017892865081128,Low
CUST000584,161,2,351.62,3.5,0.0,0.01271730354860982,Low
CUST008372,123,9,828.24,3.0,22.22,0.012671119017760796,Low
CUST009156,177,5,443.43,3.6666666666666665,0.0,0.01264810570968843,Low
CUST007274,175,6,643.02,2.75,16.67,0.01264810570968843,Low
CUST004618,109,6,711.85,4.4,0.0,0.012482527651980943,Low
CUST000151,180,4,521.89,3.5,0.0,0.012463532286049399,Low
CUST007097,133,5,497.21000000000004,4.5,0.0,0.012338911440203557,Low
CUST002936,95,7,487.33,4.75,14.29,0.012030256430183899,Low
CUST006238,151,2,262.36,4.0,0.0,0.011957065353577444,Low
CUST008034,179,5,477.93,3.0,0.0,0.011760323854502965,Low
CUST002775,166,6,699.31,3.25,16.67,0.011311830052983123,Low
CUST001935,177,5,629.95,4.25,0.0,0.011291842816550005,Low
CUST001597,174,5,609.44,4.0,0.0,0.011291842816550005,Low
CUST009589,160,5,609.73,4.0,0.0,0.011291842816550005,Low
CUST000221,146,3,316.32,0.0,0.0,0.011023961679326604,Low
CUST009858,174,3,374.55,5.0,0.0,0.010987956248824666,Low
CUST005231,174,1,58.92,4.0,0.0,0.010931427263211512,Low
CUST007516,42,1,59.18,4.0,0.0,0.010931427263211512,Low
CUST004519,166,1,58.76,5.0,0.0,0.010931427263211512,Low
CUST006664,153,6,904.88,4.2,0.0,0.010844894652133645,Low
CUST005615,163,5,353.01,4.666666666666667,20.0,0.01083957159475296,Low
CUST006364,138,6,751.72,3.0,0.0,0.01083957159475296,Low
CUST002687,167,10,1173.7,4.25,0.0,0.010441601985813795,Low
CUST002815,163,5,633.23,3.75,0.0,0.010441601985813795,Low
CUST007795,180,4,462.55,4.5,0.0,0.010282451907271888,Low
CUST009857,174,7,717.5699999999999,4.333333333333333,0.0,0.01,Low
CUST000341,176,4,617.07,3.5,0.0,0.01,Low
CUST002785,180,5,449.22,3.25,0.0,0.01,Low
CUST006854,114,2,277.01,5.0,0.0,0.01,Low
CUST002619,152,5,578.71,4.0,0.0,0.01,Low
CUST005940,165,4,471.17,4.0,0.0,0.01,Low
CUST000250,126,1,143.67,4.0,0.0,0.01,Low
CUST002862,173,4,536.26,3.3333333333333335,0.0,0.01,Low
CUST007579,177,7,781.07,2.8,0.0,0.01,Low
CUST005260,171,3,213.95999999999998,3.0,0.0,0.01,Low
CUST005125,180,5,449.83,3.5,0.0,0.01,Low
CUST006059,96,4,340.15999999999997,3.0,0.0,0.01,Low
CUST001741,150,4,457.51,4.5,0.0,0.01,Low
CUST008610,179,4,363.17,3.6666666666666665,0.0,0.01,Low
CUST003255,165,4,343.81,3.75,0.0,0.01,Low
CUST000300,178,2,314.2,3.0,0.0,0.01,Low
CUST004453,1,2,284.02,5.0,0.0,0.01,Low
CUST004653,172,4,337.66999999999996,3.0,0.0,0.01,Low
CUST008980,137,4,342.77,4.333333333333333,0.0,0.01,Low
CUST005182,179,5,543.87,3.3333333333333335,0.0,0.01,Low
CUST007985,127,1,214.14,4.0,0.0,0.01,Low
CUST008519,132,2,274.03,4.0,0.0,0.01,Low
CUST001125,177,4,372.97,4.25,0.0,0.01,Low
CUST002322,180,4,304.22,4.25,0.0,0.01,Low
CUST009897,38,2,283.88,3.5,0.0,0.01,Low
CUST005026,179,10,1049.35,3.5714285714285716,0.0,0.009969107797612708,Low
CUST002547,140,6,719.6899999999999,3.2,0.0,0.009782756987990072,Low
CUST003849,177,7,828.5799999999999,4.0,0.0,0.009782756987990072,Low
CUST005649,167,9,1211.02,3.4285714285714284,11.11,0.009781308032180617,Low
CUST001708,104,5,469.61,0.0,20.0,0.009712981786886081,Low
CUST005664,168,5,451.55,3.6666666666666665,0.0,0.00962872128241117,Low
CUST009010,29,6,886.27,3.3333333333333335,0.0,0.009604103321688163,Low
CUST007195,174,3,298.75,5.0,0.0,0.009511013387297634,Low
CUST007133,137,6,599.98,4.0,0.0,0.009484711953394372,Low
CUST001941,175,4,348.8,3.0,0.0,0.009379965457685664,Low
CUST006889,174,4,365.29,2.5,25.0,0.009379965457685664,Low
CUST003121,172,3,280.33000000000004,3.5,0.0,0.009379965457685664,Low
CUST005836,168,3,252.12,4.0,0.0,0.009284025185902734,Low
CUST005763,172,6,737.0,3.4,0.0,0.009284025185902734,Low
CUST002845,171,7,697.6,3.5,0.0,0.009284025185902732,Low
CUST006170,180,8,726.03,3.7142857142857144,0.0,0.009284025185902732,Low
CUST007977,121,2,118.55000000000001,4.5,0.0,0.009195059898049768,Low
CUST007460,42,2,112.32,4.5,0.0,0.009195059898049768,Low
CUST005867,95,2,124.67,5.0,0.0,0.009195059898049768,Low
CUST002777,103,2,114.62,4.0,0.0,0.009195059898049768,Low
CUST003250,93,2,119.03,4.0,0.0,0.009195059898049768,Low
CUST002714,41,2,130.14,3.5,0.0,0.009195059898049768,Low
CUST005365,51,2,116.42,3.5,0.0,0.009195059898049768,Low
CUST009420,99,2,124.33000000000001,4.0,0.0,0.009195059898049768,Low
CUST000082,160,2,218.1,4.0,0.0,0.009152959417554268,Low
CUST007484,148,5,700.18,4.666666666666667,0.0,0.00906173774332096,Low
CUST008744,159,7,758.0899999999999,4.0,14.29,0.009053678595243387,Low
CUST002812,176,2,296.0,3.5,0.0,0.008963490911808546,Low
CUST006161,170,5,427.51,5.0,0.0,0.008861071580722062,Low
CUST008206,170,2,234.09,4.5,0.0,0.008861071580722062,Low
CUST003383,34,1,137.34,5.0,0.0,0.008832330460237438,Low
CUST001285,167,1,142.4,4.0,0.0,0.008832330460237438,Low
CUST004054,173,4,339.52,3.3333333333333335,0.0,0.00871680458780044,Low
CUST005825,38,1,55.29,5.0,0.0,0.008701368328956804,Low
CUST005257,141,5,446.39,3.0,0.0,0.008694607376137803,Low
CUST009207,131,5,503.67999999999995,2.3333333333333335,20.0,0.008694607376137803,Low
CUST003616,162,6,652.03,4.4,0.0,0.00866381427335613,Low
CUST005080,154,5,596.23,2.2,20.0,0.00866381427335613,Low
CUST005627,178,2,133.38,4.0,0.0,0.008663724343294696,Low
CUST002628,179,2,243.0,3.5,0.0,0.008663724343294696,Low
CUST001234,173,5,516.83,3.5,0.0,0.00852138780473454,Low
CUST000705,174,2,136.85,4.0,0.0,0.00843820888101675,Low
CUST008892,168,7,616.76,4.0,0.0,0.00843820888101675,Low
CUST003298,155,12,1237.26,3.3333333333333335,0.0,0.008438208881016748,Low
CUST006681,103,1,57.79,0.0,0.0,0.008345113706207745,Low
CUST001643,40,1,56.9,0.0,0.0,0.008345113706207745,Low
CUST004049,163,5,520.09,3.5,0.0,0.008345113706207745,Low
CUST001556,7,1,59.74,0.0,0.0,0.008345113706207745,Low
CUST002104,172,5,520.5,3.6,0.0,0.008345113706207745,Low
CUST004213,81,1,60.03,0.0,0.0,0.008345113706207745,Low
CUST009186,152,5,325.78,3.25,20.0,0.008294276357095587,Low
CUST009344,172,7,754.9200000000001,3.857142857142857,0.0,0.008211543051559085,Low
CUST002947,35,8,899.46,5.0,0.0,0.008121121495327104,Low
CUST008419,44,7,788.15,5.0,0.0,0.008121121495327104,Low
CUST008052,50,7,635.95,5.0,0.0,0.008121121495327104,Low
CUST006024,143,3,314.36,4.5,0.0,0.008121121495327104,Low
CUST008280,28,8,620.53,4.833333333333333,0.0,0.008121121495327104,Low
CUST005671,43,9,928.15,5.0,0.0,0.008121121495327104,Low
CUST009199,67,9,960.17,4.833333333333333,0.0,0.008121121495327104,Low
CUST007829,84,3,318.24,5.0,0.0,0.008121121495327104,Low
CUST007432,173,4,394.21000000000004,4.666666666666667,0.0,0.008121121495327104,Low
CUST002502,79,7,573.3,5.0,0.0,0.008121121495327104,Low
CUST001442,143,5,585.37,2.6666666666666665,0.0,0.008121121495327102,Low
CUST001075,172,6,668.61,3.5,0.0,0.008121121495327102,Low
CUST001816,80,3,279.21000000000004,4.5,0.0,0.007908839376729284,Low
CUST001943,137,3,293.59999999999997,2.0,0.0,0.007908839376729284,Low
CUST005414,156,8,589.75,4.8,0.0,0.007908839376729284,Low
CUST004490,169,3,318.42,4.0,0.0,0.007908839376729284,Low
CUST000519,90,4,338.38,3.3333333333333335,0.0,0.007908839376729284,Low
CUST005072,168,3,303.76,4.0,0.0,0.007908839376729284,Low
CUST008734,122,3,315.7,3.5,0.0,0.007908839376729284,Low
CUST009242,140,3,287.97,4.5,0.0,0.007908839376729284,Low
CUST002982,152,7,490.11,4.6,0.0,0.007841755896166386,Low
CUST004998,71,7,512.23,4.333333333333333,0.0,0.007841755896166386,Low
CUST006379,56,5,941.5899999999999,5.0,0.0,0.007827001787052517,Low
CUST004974,84,6,909.09,3.2,0.0,0.007827001787052517,Low
CUST007013,38,6,914.11,3.25,0.0,0.007827001787052517,Low
CUST006810,180,4,447.87,4.0,0.0,0.007827001787052517,Low
CUST003180,1,7,1159.65,3.75,0.0,0.007827001787052517,Low
CUST005860,175,4,468.81,3.3333333333333335,0.0,0.007827001787052517,Low
CUST008268,3,8,1190.32,3.857142857142857,0.0,0.007827001787052517,Low
CUST007498,12,6,885.37,3.8,0.0,0.007827001787052517,Low
CUST004451,64,6,899.55,3.6666666666666665,0.0,0.007827001787052517,Low
CUST005135,62,6,904.05,3.5,0.0,0.007827001787052517,Low
CUST006912,35,6,874.68,3.0,0.0,0.007827001787052517,Low
CUST000633,92,6,911.74,3.75,0.0,0.007827001787052517,Low
CUST009943,110,3,327.75,5.0,33.33,0.007772806076377605,Low
CUST001561,165,3,333.09,4.666666666666667,0.0,0.007772806076377605,Low
CUST005293,142,5,579.53,2.3333333333333335,0.0,0.007654423364078012,Low
CUST001068,139,5,482.72999999999996,3.6666666666666665,0.0,0.007654423364078012,Low
CUST006073,166,6,613.97,3.4,0.0,0.007654423364078012,Low
CUST008666,172,6,565.97,4.5,0.0,0.007654423364078012,Low
CUST007463,132,4,459.97,3.75,25.0,0.007642478540269244,Low
CUST009019,173,6,698.51,3.0,0.0,0.007423709120732666,Low
CUST007836,158,8,836.89,3.5,0.0,0.007423709120732666,Low
CUST000950,161,6,711.74,3.5,0.0,0.007423709120732666,Low
CUST005226,166,7,808.9200000000001,3.4,0.0,0.007423709120732666,Low
CUST006329,161,5,614.12,3.5,0.0,0.007423709120732666,Low
CUST006948,142,3,366.67,4.0,0.0,0.007320534854580562,Low
CUST000241,131,3,375.76,4.0,0.0,0.007320534854580562,Low
CUST000396,173,7,654.49,2.5,0.0,0.007298357835891095,Low
CUST009795,162,7,661.02,3.0,0.0,0.007298357835891095,Low
CUST004801,158,3,489.28000000000003,2.6666666666666665,0.0,0.0072171158999800675,Low
CUST006030,155,3,501.73,4.0,0.0,0.0072171158999800675,Low
CUST004635,98,3,476.66,4.0,0.0,0.0072171158999800675,Low
CUST007536,107,3,538.0,2.5,0.0,0.0072171158999800675,Low
CUST004265,164,5,557.26,4.666666666666667,0.0,0.00699557836625429,Low
CUST006601,162,5,551.06,4.333333333333333,0.0,0.00699557836625429,Low
CUST000965,179,7,667.65,3.5,0.0,0.0069512149325315796,Low
CUST008475,163,7,558.2,4.0,14.29,0.006836606243705943,Low
CUST008954,177,7,624.27,3.4,14.29,0.006836606243705943,Low
CUST005056,93,7,594.61,4.333333333333333,14.29,0.006836606243705943,Low
CUST004357,112,7,626.46,3.6,14.29,0.006836606243705943,Low
CUST009810,69,7,545.71,4.0,14.29,0.006836606243705943,Low
CUST005418,155,7,634.8,4.0,14.29,0.006836606243705943,Low
CUST000514,72,7,670.48,3.8,14.29,0.006836606243705943,Low
CUST007397,121,5,417.28000000000003,3.0,0.0,0.006836606243705942,Low
CUST007541,105,6,494.04,4.0,0.0,0.006836606243705942,Low
CUST002538,136,2,285.7,4.0,0.0,0.006836606243705942,Low
CUST003074,160,2,291.44,3.5,0.0,0.006836606243705942,Low
CUST006700,154,3,319.43,3.0,33.33,0.006836606243705942,Low
CUST000819,72,2,295.19,4.0,0.0,0.006836606243705942,Low
CUST000081,117,8,920.65,4.5,0.0,0.006836606243705942,Low
CUST003264,115,2,285.41999999999996,3.0,0.0,0.006836606243705942,Low
CUST001405,127,5,478.3,4.75,0.0,0.00683660624370594,Low
CUST008131,136,5,512.22,3.75,0.0,0.00683660624370594,Low
CUST007019,148,3,466.88,4.666666666666667,0.0,0.00683660624370594,Low
CUST006667,143,7,546.72,3.4,0.0,0.00683660624370594,Low
CUST005676,163,3,292.52,3.0,0.0,0.006763415167099488,Low
CUST004449,65,2,163.04000000000002,3.0,0.0,0.006763415167099488,Low
CUST003894,169,3,285.83,4.0,0.0,0.006763415167099488,Low
CUST009664,158,3,364.5,4.0,0.0,0.006763415167099488,Low
CUST002219,171,3,360.29,4.0,0.0,0.006763415167099488,Low
CUST004954,156,5,404.45,4.666666666666667,0.0,0.006541009273756473,Low
CUST003669,165,4,312.62,3.0,0.0,0.006541009273756473,Low
CUST007289,166,5,317.63,4.0,0.0,0.006541009273756473,Low
CUST009089,156,5,419.89,3.3333333333333335,0.0,0.006541009273756473,Low
CUST006895,168,6,409.08,4.0,0.0,0.006541009273756473,Low
CUST006060,122,7,918.71,4.142857142857143,0.0,0.006413632033632531,Low
CUST003813,159,4,512.8199999999999,3.0,0.0,0.006413632033632531,Low
CUST009624,146,7,669.3000000000001,3.0,14.29,0.006335559508880398,Low
CUST004285,97,9,809.4,3.4285714285714284,0.0,0.006335559508880398,Low
CUST007820,109,7,658.78,3.25,14.29,0.006335559508880398,Low
CUST004669,177,4,403.7,4.0,0.0,0.006335559508880398,Low
CUST000795,131,9,864.61,3.5,0.0,0.006335559508880398,Low
CUST004531,172,7,720.3,3.8,0.0,0.006335559508880398,Low
CUST004201,38,9,850.3,3.5,0.0,0.006335559508880398,Low
CUST003065,163,3,245.97,4.0,0.0,0.006335559508880398,Low
CUST001467,99,7,810.53,3.0,14.29,0.006335559508880398,Low
CUST001619,61,9,856.23,3.3333333333333335,11.11,0.006335559508880398,Low
CUST000077,173,3,286.18,3.6666666666666665,0.0,0.006335559508880398,Low
CUST000726,176,7,769.9300000000001,3.0,14.29,0.006335559508880398,Low
CUST000092,17,9,863.5699999999999,3.142857142857143,11.11,0.006335559508880398,Low
CUST009479,163,3,202.32999999999998,3.0,0.0,0.006335559508880398,Low
CUST004038,172,4,394.34,4.0,0.0,0.006335559508880398,Low
CUST002531,161,4,323.25,4.0,0.0,0.006335559508880398,Low
CUST009374,22,5,553.19,4.0,0.0,0.006184475232491935,Low
CUST003642,69,5,565.64,4.5,0.0,0.006184475232491935,Low
CUST000122,54,5,551.1,4.333333333333333,0.0,0.006184475232491935,Low
CUST002553,111,5,552.12,4.5,20.0,0.006184475232491935,Low
CUST004487,174,5,567.1,4.0,0.0,0.006184475232491935,Low
CUST001462,18,5,554.93,4.333333333333333,0.0,0.006184475232491935,Low
CUST009598,160,5,553.64,4.5,0.0,0.006176571502726424,Low
CUST002150,177,9,744.1500000000001,3.5714285714285716,0.0,0.00606869887811201,Low
CUST003507,177,6,536.1700000000001,3.6,16.67,0.00606869887811201,Low
CUST001947,179,4,418.54999999999995,4.0,0.0,0.00606869887811201,Low
CUST002863,173,6,761.75,3.75,0.0,0.006035785730162257,Low
CUST005347,177,5,667.35,4.5,0.0,0.005902940057605565,Low
CUST000019,136,5,610.93,3.4,0.0,0.005645921408275002,Low
CUST009178,137,5,683.23,3.4,0.0,0.005645921408275002,Low
CUST002629,113,5,680.5,4.8,0.0,0.005645921408275002,Low
CUST005458,124,6,821.3299999999999,4.0,0.0,0.005645921408275002,Low
CUST005473,130,5,607.7,3.75,0.0,0.005645921408275002,Low
CUST000397,152,5,594.71,3.6666666666666665,0.0,0.005645921408275002,Low
CUST000017,151,6,756.88,3.4,0.0,0.005645921408275002,Low
CUST009257,144,4,400.06,5.0,0.0,0.0056459214082750005,Low
CUST004305,149,3,309.41,5.0,0.0,0.0056459214082750005,Low
CUST009537,103,3,216.29999999999998,4.666666666666667,0.0,0.0056459214082750005,Low
CUST006796,93,3,304.89,5.0,0.0,0.0056459214082750005,Low
CUST006372,151,7,771.08,4.666666666666667,0.0,0.0056459214082750005,Low
CUST000760,153,5,470.84000000000003,4.25,0.0,0.005525626351265419,Low
CUST004544,146,5,475.84000000000003,3.5,0.0,0.005525626351265419,Low
CUST004263,123,5,475.26,3.0,0.0,0.005525626351265419,Low
CUST001929,180,5,460.31,4.2,0.0,0.005193650186477958,Low
CUST004444,177,5,657.1,3.6,0.0,0.005193650186477958,Low
CUST006367,175,5,388.3,5.0,0.0,0.005193650186477958,Low
CUST008281,134,8,770.5,3.5714285714285716,0.0,0.005193650186477957,Low
CUST000888,10,5,367.45,5.0,0.0,0.005193650186477957,Low
CUST008360,90,5,372.8,4.6,0.0,0.005193650186477957,Low
CUST000140,6,7,527.87,4.5,0.0,0.005193650186477957,Low
CUST007007,125,5,326.6,4.666666666666667,0.0,0.005193650186477957,Low
CUST006223,2,6,442.44,4.333333333333333,0.0,0.005193650186477957,Low
CUST008686,139,8,840.85,2.857142857142857,0.0,0.005193650186477957,Low
CUST002605,130,6,593.83,2.5,0.0,0.005193650186477957,Low
CUST005071,72,7,526.45,4.4,0.0,0.005193650186477957,Low
CUST000280,24,5,353.52,4.5,0.0,0.005193650186477957,Low
CUST008139,124,10,957.62,3.5555555555555554,0.0,0.005193650186477957,Low
CUST004642,138,6,584.88,3.75,0.0,0.005193650186477957,Low
CUST004467,115,9,992.03,3.5,0.0,0.005193650186477957,Low
CUST008261,28,6,444.23,4.333333333333333,0.0,0.005193650186477957,Low
CUST008153,85,5,332.78,4.333333333333333,0.0,0.005193650186477957,Low
CUST004574,121,7,755.23,3.5,0.0,0.005193650186477957,Low
CUST007955,155,7,685.42,4.0,0.0,0.005193650186477957,Low
CUST000216,73,5,371.78000000000003,4.666666666666667,0.0,0.005193650186477957,Low
CUST001516,178,5,535.32,4.0,0.0,0.005007153576945835,Low
CUST009830,109,2,229.3,3.5,0.0,0.004808464171880535,Low
CUST001589,111,2,240.82999999999998,4.0,0.0,0.004808464171880535,Low
CUST003888,158,2,132.38,2.0,0.0,0.004808464171880535,Low
CUST005030,133,2,123.39000000000001,0.0,0.0,0.004808464171880535,Low
CUST006717,54,2,152.37,2.0,0.0,0.004808464171880535,Low
CUST003901,163,2,137.69,3.0,0.0,0.004808464171880535,Low
CUST006064,148,2,208.1,3.5,0.0,0.004808464171880535,Low
CUST006004,43,2,153.9,4.0,0.0,0.0046365304989968836,Low
CUST009545,155,5,480.45,3.75,0.0,0.0046365304989968836,Low
CUST008117,153,2,133.29,4.0,50.0,0.0046365304989968836,Low
CUST005312,12,2,141.25,4.5,0.0,0.0046365304989968836,Low
CUST001964,143,7,893.7,4.0,0.0,0.0046365304989968836,Low
CUST003490,125,2,134.22,2.0,0.0,0.0046365304989968836,Low
CUST004639,126,7,874.88,4.4,0.0,0.0046365304989968836,Low
CUST009377,179,4,405.83000000000004,4.5,0.0,0.0046365304989968836,Low
CUST006473,59,2,141.46,2.0,0.0,0.0046365304989968836,Low
CUST007672,155,5,571.98,4.25,0.0,0.0046365304989968836,Low
CUST009683,140,5,520.31,2.6666666666666665,0.0,0.0046365304989968836,Low
CUST000635,129,6,766.9399999999999,3.6666666666666665,0.0,0.0046365304989968836,Low
CUST000651,135,5,660.77,4.5,0.0,0.0046365304989968836,Low
CUST004220,75,2,155.76999999999998,5.0,0.0,0.0046365304989968836,Low
CUST008312,171,6,602.6899999999999,3.6666666666666665,0.0,0.0046365304989968836,Low
CUST006125,176,3,285.28,3.5,0.0,0.0046365304989968836,Low
CUST003218,136,5,579.52,3.5,0.0,0.0046365304989968836,Low
CUST002843,174,4,327.8,3.0,0.0,0.0045844291552103915,Low
CUST003521,27,5,623.63,4.0,0.0,0.004425207244324076,Low
CUST003594,119,3,339.36,0.0,0.0,0.004187355435620663,Low
CUST009048,118,2,225.57,0.0,0.0,0.004187355435620663,Low
CUST008455,103,2,142.81,1.0,50.0,0.004187355435620663,Low
CUST004502,152,2,195.1,0.0,0.0,0.004187355435620663,Low
CUST004509,171,3,209.72,0.0,0.0,0.004187355435620663,Low
CUST000095,154,3,297.55,0.0,0.0,0.004187355435620663,Low
CUST007622,78,2,141.15,0.0,0.0,0.004187355435620663,Low
CUST002262,113,2,192.92,0.0,0.0,0.004187355435620663,Low
CUST001098,102,10,1257.99,3.5,0.0,0.003903986202738251,Low
CUST006034,65,12,1621.8,3.8,0.0,0.003903986202738251,Low
CUST006051,176,3,368.6,2.5,0.0,0.0038175236354690196,Low
CUST005139,170,2,221.54000000000002,4.0,0.0,0.0038175236354690196,Low
CUST006770,142,3,253.27,4.5,0.0,0.0038175236354690196,Low
CUST004648,171,2,244.26,3.0,0.0,0.0038175236354690196,Low
CUST005230,167,2,134.89000000000001,2.5,0.0,0.0038175236354690196,Low
CUST001512,175,2,202.79000000000002,5.0,0.0,0.0038175236354690196,Low
CUST009546,174,2,190.79,4.0,0.0,0.0038175236354690196,Low
CUST007497,155,2,185.72,4.0,0.0,0.0038175236354690196,Low
CUST004369,170,3,289.23,3.5,0.0,0.0038175236354690196,Low
CUST001156,150,4,442.43,4.666666666666667,0.0,0.0038175236354690183,Low
CUST008589,107,4,503.34000000000003,5.0,0.0,0.0038175236354690183,Low
CUST002117,127,4,471.76,5.0,0.0,0.0038175236354690183,Low
CUST008477,168,4,524.36,4.666666666666667,0.0,0.0038175236354690183,Low
CUST002808,98,4,500.11,4.666666666666667,0.0,0.0038175236354690183,Low
CUST000391,5,9,853.78,4.2,0.0,0.0035077181424788472,Low
CUST005419,34,9,854.49,4.0,0.0,0.0035077181424788472,Low
CUST002468,52,9,850.51,3.6666666666666665,0.0,0.0035077181424788472,Low
CUST006070,18,1,60.85,4.0,0.0,0.0035077181424788472,Low
CUST001289,170,1,63.72,4.0,0.0,0.0035077181424788472,Low
CUST003115,99,9,851.1999999999999,3.857142857142857,11.11,0.0035077181424788472,Low
CUST003044,8,9,864.4,3.857142857142857,0.0,0.0035077181424788472,Low
CUST007503,9,9,855.69,4.125,11.11,0.0035077181424788472,Low
CUST000989,75,9,864.91,3.6,0.0,0.0035077181424788472,Low
CUST002360,149,1,64.85000000000001,4.0,0.0,0.0035077181424788472,Low
CUST005250,122,7,806.75,4.0,14.29,0.00301789286508113,Low
CUST007504,144,7,731.74,3.6666666666666665,14.29,0.00301789286508113,Low
CUST002396,130,7,742.35,3.6666666666666665,28.57,0.00301789286508113,Low
CUST008450,128,8,836.63,3.5,25.0,0.00301789286508113,Low
CUST006768,164,7,725.96,3.3333333333333335,14.29,0.00301789286508113,Low
CUST000190,136,7,692.56,3.6,28.57,0.00301789286508113,Low
CUST004534,165,10,1415.03,3.5714285714285716,0.0,0.0030178928650811294,Low
CUST009033,156,5,619.86,4.333333333333333,20.0,0.0030178928650811294,Low
CUST007270,155,5,780.0,4.0,0.0,0.0030178928650811294,Low
CUST000574,169,5,643.96,3.5,0.0,0.0030178928650811294,Low
CUST002659,160,5,626.0699999999999,1.0,20.0,0.0030178928650811294,Low
CUST005988,156,5,623.6,3.3333333333333335,0.0,0.0030178928650811294,Low
CUST009840,163,5,671.64,4.0,0.0,0.0030178928650811294,Low
CUST009622,174,7,754.05,3.0,0.0,0.0030178928650811286,Low
CUST001233,87,5,539.41,3.8,0.0,0.0030178928650811286,Low
CUST007644,152,6,802.77,3.1666666666666665,0.0,0.0030178928650811286,Low
CUST005969,174,7,771.52,4.25,0.0,0.0030178928650811286,Low
CUST009736,120,4,414.46,4.0,0.0,0.0030178928650811286,Low
CUST009777,154,7,785.99,4.25,0.0,0.0030178928650811286,Low
CUST005551,146,7,786.5799999999999,4.0,0.0,0.0030178928650811286,Low
CUST003598,148,4,374.8,4.666666666666667,0.0,0.0030178928650811286,Low
CUST007388,172,8,686.63,4.166666666666667,0.0,0.0030178928650811286,Low
CUST001186,144,5,538.61,4.75,0.0,0.0030178928650811286,Low
CUST006765,158,7,807.4,3.3333333333333335,0.0,0.0030178928650811286,Low
CUST009026,172,7,738.35,3.2,0.0,0.0030178928650811286,Low
CUST002278,132,4,512.49,3.0,0.0,0.0030178928650811286,Low
CUST008396,138,4,555.21,4.5,0.0,0.0030178928650811286,Low
CUST009751,138,3,393.78,3.0,0.0,0.0030178928650811286,Low
CUST003476,178,8,806.01,4.5,0.0,0.0030178928650811286,Low
CUST002465,156,7,749.52,4.5,0.0,0.0030178928650811286,Low
CUST004182,108,4,385.27,4.666666666666667,0.0,0.0030178928650811286,Low
CUST000843,174,2,404.32000000000005,3.0,0.0,0.0030178928650811286,Low
CUST000330,174,4,396.09000000000003,4.0,0.0,0.0030178928650811286,Low
CUST007968,172,7,857.22,4.2,0.0,0.0030178928650811286,Low
CUST008423,145,6,484.07,3.2,16.67,0.0030178928650811286,Low
CUST004507,7,5,663.4200000000001,3.3333333333333335,0.0,0.0026481057096884295,Low
CUST009151,36,5,677.77,3.4,0.0,0.0026481057096884295,Low
CUST005656,93,6,540.11,3.0,0.0,0.002648105709688429,Low
CUST005288,119,4,332.35,4.333333333333333,0.0,0.002648105709688429,Low
CUST001713,105,5,444.87,3.6666666666666665,0.0,0.002648105709688429,Low
CUST007699,178,5,380.12,3.8,0.0,0.002648105709688429,Low
CUST005153,115,4,346.89,3.0,0.0,0.002648105709688429,Low
CUST000792,16,9,785.74,4.0,0.0,0.002648105709688429,Low
CUST005831,149,7,466.74,4.25,0.0,0.002648105709688429,Low
CUST000056,1,6,532.46,3.8,0.0,0.002648105709688429,Low
CUST002224,5,8,717.52,3.857142857142857,0.0,0.002648105709688429,Low
CUST003007,130,10,904.75,4.0,0.0,0.002648105709688429,Low
CUST001196,137,5,516.75,3.6666666666666665,0.0,0.002648105709688429,Low
CUST003794,69,5,438.03,4.333333333333333,0.0,0.002648105709688429,Low
CUST006980,151,6,651.49,3.75,0.0,0.002648105709688429,Low
CUST006005,28,6,490.05,4.0,0.0,0.002648105709688429,Low
CUST009533,112,4,347.22,2.5,0.0,0.002648105709688429,Low
CUST000327,8,10,835.3199999999999,3.7142857142857144,0.0,0.002648105709688429,Low
CUST003325,176,4,347.18,4.0,0.0,0.002648105709688429,Low
CUST006105,57,5,452.76,3.75,0.0,0.002648105709688429,Low
CUST007993,1,7,630.26,4.333333333333333,0.0,0.002648105709688429,Low
CUST002192,167,4,330.45,3.3333333333333335,0.0,0.002648105709688429,Low
CUST000240,123,4,338.45,3.5,0.0,0.002648105709688429,Low
CUST001789,164,6,471.64,3.5,0.0,0.002648105709688429,Low
CUST006964,76,8,612.58,3.6666666666666665,0.0,0.002648105709688429,Low
CUST008847,170,8,705.9599999999999,3.8,0.0,0.002648105709688429,Low
CUST006134,69,6,507.38,2.6666666666666665,0.0,0.002648105709688429,Low
CUST002497,160,7,605.13,3.1666666666666665,0.0,0.002648105709688429,Low
CUST006263,179,5,533.4,4.25,0.0,0.002359047867257406,Low
CUST007684,171,5,554.21,4.0,0.0,0.002359047867257406,Low
CUST006332,161,5,539.6899999999999,4.0,0.0,0.002359047867257406,Low
CUST007852,165,5,549.89,4.333333333333333,0.0,0.002359047867257406,Low
CUST001773,145,5,556.15,4.333333333333333,0.0,0.002359047867257406,Low
CUST005154,51,9,842.23,4.0,0.0,0.0023590478672574056,Low
CUST007662,107,10,848.39,4.142857142857143,0.0,0.0023590478672574056,Low
CUST008753,20,10,828.21,4.5,0.0,0.0023590478672574056,Low
CUST002724,12,10,853.16,3.6666666666666665,0.0,0.0023590478672574056,Low
CUST005997,30,9,829.81,4.333333333333333,0.0,0.0023590478672574056,Low
CUST004719,32,9,841.92,3.8,0.0,0.0023590478672574056,Low
CUST003902,46,9,838.01,4.125,0.0,0.0023590478672574056,Low
CUST007786,129,2,163.4,2.0,0.0,0.0021268846681026044,Low
CUST008387,7,14,1409.42,3.9166666666666665,7.14,0.0021268846681026044,Low
CUST002406,177,3,335.25,3.6666666666666665,0.0,0.0021268846681026044,Low
CUST007384,38,11,1279.15,3.7777777777777777,0.0,0.0021268846681026044,Low
CUST000692,30,14,1420.2,2.6666666666666665,7.14,0.0021268846681026044,Low
CUST007322,163,3,315.38,4.0,0.0,0.0021268846681026044,Low
CUST002938,19,2,160.63,4.0,0.0,0.0021268846681026044,Low
CUST001414,72,2,161.97,4.0,0.0,0.0021268846681026044,Low
CUST001958,67,11,1256.04,3.7777777777777777,0.0,0.0021268846681026044,Low
CUST005689,96,2,159.78,3.5,0.0,0.0021268846681026044,Low
CUST002387,8,2,160.44,4.0,0.0,0.0021268846681026044,Low
CUST005709,11,2,159.37,4.0,0.0,0.0021268846681026044,Low
CUST003962,80,11,1277.06,2.888888888888889,0.0,0.0021268846681026044,Low
CUST003439,9,14,1364.79,3.9,0.0,0.0021268846681026044,Low
CUST006890,178,3,348.28999999999996,3.3333333333333335,0.0,0.0021268846681026044,Low
CUST005859,32,2,160.26999999999998,4.5,0.0,0.0021268846681026044,Low
CUST006659,130,3,372.03999999999996,0.0,0.0,0.002126884668102604,Low
CUST005097,163,3,347.68,4.0,0.0,0.002126884668102604,Low
CUST004020,160,5,450.46,3.25,0.0,0.0019363234455219624,Low
CUST005358,165,4,378.49,4.0,0.0,0.0019363234455219624,Low
CUST000573,158,4,350.11,3.0,0.0,0.0019363234455219624,Low
CUST004132,160,5,418.67,3.6666666666666665,0.0,0.0019363234455219624,Low
CUST009366,175,4,397.35,3.5,0.0,0.0019363234455219624,Low
CUST000104,170,5,510.13,2.5,0.0,0.0019363234455219624,Low
CUST006129,163,5,511.74,3.6666666666666665,0.0,0.0019363234455219624,Low
CUST009442,33,6,738.19,3.0,0.0,0.0017771015346356466,Low
CUST003844,32,6,762.23,3.0,0.0,0.0017771015346356466,Low
CUST006006,16,9,1176.0,3.75,11.11,0.0017771015346356466,Low
CUST004663,33,6,740.72,4.0,0.0,0.0017771015346356466,Low
CUST000123,110,4,695.93,3.6666666666666665,0.0,0.0017771015346356466,Low
CUST007996,24,5,509.77,4.666666666666667,0.0,0.0017771015346356464,Low
CUST009098,10,5,516.0799999999999,5.0,0.0,0.0017771015346356464,Low
CUST002744,75,5,514.0,5.0,0.0,0.0017771015346356464,Low
CUST004313,13,5,527.3199999999999,5.0,0.0,0.0017771015346356464,Low
CUST005254,122,5,505.65999999999997,5.0,0.0,0.0017771015346356464,Low
CUST005197,20,5,515.4100000000001,5.0,0.0,0.0017771015346356464,Low
CUST008181,10,3,360.65,3.6666666666666665,0.0,0.0014254593175853016,Low
CUST008655,108,3,383.19,4.333333333333333,0.0,0.0014254593175853016,Low
CUST009526,9,3,349.15999999999997,2.3333333333333335,0.0,0.0014254593175853016,Low
CUST001421,132,3,344.05,4.0,0.0,0.0014254593175853016,Low
CUST000832,142,3,363.12,3.0,0.0,0.0014254593175853016,Low
CUST006991,107,3,321.61,4.0,0.0,0.0014254593175853016,Low
CUST004320,6,3,381.61,2.5,0.0,0.0014254593175853016,Low
CUST000258,10,3,416.32,4.5,0.0,0.0014254593175853016,Low
CUST006962,121,3,326.38,3.6666666666666665,0.0,0.0014254593175853016,Low
CUST003786,25,3,416.19,2.3333333333333335,33.33,0.0014254593175853016,Low
CUST008112,57,3,356.89,3.5,33.33,0.0014254593175853016,Low
CUST003579,162,3,316.68,5.0,0.0,0.0014254593175853016,Low
CUST001299,80,3,324.7,3.3333333333333335,0.0,0.0014254593175853016,Low
CUST007110,83,3,307.01,3.0,0.0,0.0014254593175853016,Low
CUST007238,136,2,347.46,0.0,0.0,0.0014254593175853016,Low
CUST004446,43,3,379.34,2.0,0.0,0.0014254593175853016,Low
CUST005537,19,3,421.95000000000005,3.0,33.33,0.0014254593175853016,Low
CUST002203,36,3,376.44,4.0,0.0,0.0014254593175853016,Low
CUST004937,139,3,325.41999999999996,4.0,0.0,0.0014254593175853016,Low
CUST009722,8,2,325.66,4.5,0.0,0.0014254593175853016,Low
CUST004926,155,3,308.98,3.5,33.33,0.0014254593175853016,Low
CUST002437,159,3,351.77,4.0,0.0,0.0014254593175853016,Low
CUST004248,105,3,396.87,4.5,0.0,0.0014254593175853016,Low
CUST007295,55,7,582.75,3.1666666666666665,0.0,0.0,
CUST007932,50,7,627.21,3.8333333333333335,0.0,0.0,
CUST007218,93,8,754.35,3.4,0.0,0.0,
CUST006749,18,7,711.16,3.142857142857143,0.0,0.0,
CUST009434,43,6,715.03,2.6666666666666665,0.0,0.0,
CUST009153,25,6,642.49,4.0,0.0,0.0,
CUST009729,53,7,864.97,4.0,0.0,0.0,
CUST004907,58,7,621.03,4.0,0.0,0.0,
CUST008634,164,4,397.98,4.333333333333333,0.0,0.0,
CUST006771,79,4,374.81,4.0,0.0,0.0,
CUST006195,32,7,703.2,3.4285714285714284,14.29,0.0,
CUST007655,31,7,765.9,4.2,14.29,0.0,
CUST006151,51,5,469.87,4.0,0.0,0.0,
CUST003291,129,4,364.29,4.0,0.0,0.0,
CUST009922,166,6,596.29,4.0,0.0,0.0,
CUST005620,4,4,405.1,3.75,0.0,0.0,
CUST006018,86,8,754.13,4.2,0.0,0.0,
CUST005296,139,3,229.90000000000003,5.0,33.33,0.0,
CUST002830,40,3,359.97,4.333333333333333,0.0,0.0,
CUST005084,86,4,381.94,4.5,0.0,0.0,
CUST009461,155,6,589.04,4.0,0.0,0.0,
CUST006885,92,4,318.46999999999997,3.0,25.0,0.0,
CUST005389,60,11,914.87,3.111111111111111,0.0,0.0,
CUST001841,167,6,666.76,4.0,0.0,0.0,
CUST000318,146,4,326.05,3.0,0.0,0.0,
CUST000061,113,5,686.71,3.5,0.0,0.0,
CUST001903,52,4,536.3,2.5,0.0,0.0,
CUST001586,70,10,937.77,3.5714285714285716,0.0,0.0,
CUST001381,161,10,1139.32,4.375,0.0,0.0,
CUST003565,22,9,900.6700000000001,3.8,0.0,0.0,
CUST000745,29,4,385.93,3.6666666666666665,25.0,0.0,
CUST008940,46,3,298.67,4.5,0.0,0.0,
CUST002566,29,5,452.97,4.333333333333333,0.0,0.0,
CUST001358,172,4,316.24,4.0,0.0,0.0,
CUST009268,160,9,1023.35,3.2,0.0,0.0,
CUST007374,125,6,709.51,4.0,0.0,0.0,
CUST003273,15,7,719.16,3.6666666666666665,0.0,0.0,
CUST006625,92,2,252.9,4.0,0.0,0.0,
CUST002914,81,7,784.47,3.2,0.0,0.0,
CUST001928,79,7,724.46,3.4,14.29,0.0,
CUST008355,23,5,561.86,3.3333333333333335,0.0,0.0,
CUST002994,52,8,988.2,4.2,0.0,0.0,
CUST007972,40,8,770.19,3.142857142857143,0.0,0.0,
CUST000157,96,9,961.44,4.0,0.0,0.0,
CUST002600,67,5,605.14,4.333333333333333,0.0,0.0,
CUST003468,45,8,794.8199999999999,3.4285714285714284,0.0,0.0,
CUST001417,73,4,392.76,0.0,0.0,0.0,
CUST005144,109,6,572.89,4.333333333333333,0.0,0.0,
CUST001961,32,8,613.84,4.0,0.0,0.0,
CUST003444,89,9,747.03,3.0,0.0,0.0,
CUST008429,61,8,880.8000000000001,3.6,0.0,0.0,
CUST001397,11,3,272.56,4.0,0.0,0.0,
CUST007880,135,6,552.6,4.25,0.0,0.0,
CUST003518,77,7,542.91,4.2,0.0,0.0,
CUST008988,28,9,978.6099999999999,4.125,0.0,0.0,
CUST004614,94,4,401.17,3.6666666666666665,0.0,0.0,
CUST002498,104,11,994.97,4.0,0.0,0.0,
CUST001036,133,3,341.21,3.3333333333333335,0.0,0.0,
CUST004030,54,6,484.78999999999996,4.333333333333333,0.0,0.0,
CUST005610,143,6,460.36,4.5,0.0,0.0,
CUST008183,139,6,676.52,3.3333333333333335,0.0,0.0,
CUST007308,22,9,937.39,3.2857142857142856,11.11,0.0,
CUST000624,100,5,635.75,3.75,0.0,0.0,
CUST001313,9,3,327.27,4.5,0.0,0.0,
CUST009473,30,5,574.55,4.0,0.0,0.0,
CUST001997,42,6,527.54,3.4,0.0,0.0,
CUST007970,105,7,760.51,4.2,0.0,0.0,
CUST008369,71,6,559.21,4.0,0.0,0.0,
CUST007303,112,3,278.28,3.6666666666666665,0.0,0.0,
CUST002767,133,6,687.16,3.5,0.0,0.0,
CUST001377,109,10,966.88,3.2857142857142856,0.0,0.0,
CUST006977,45,9,970.0500000000001,4.166666666666667,0.0,0.0,
CUST006847,56,6,508.33,4.0,0.0,0.0,
CUST008064,165,3,316.36,3.0,0.0,0.0,
CUST006312,53,6,593.6,4.0,16.67,0.0,
CUST005817,9,4,377.87,3.0,0.0,0.0,
CUST008338,119,5,387.4,4.333333333333333,0.0,0.0,
CUST008447,101,4,424.47,3.75,0.0,0.0,
CUST000282,12,6,626.98,3.5,0.0,0.0,
CUST001930,14,6,522.55,4.0,0.0,0.0,
CUST007154,145,3,321.8,4.0,0.0,0.0,
CUST000551,12,6,568.51,3.25,0.0,0.0,
CUST006668,30,5,543.76,1.0,20.0,0.0,
CUST005237,58,3,300.22,4.0,0.0,0.0,
CUST005103,18,5,519.8,3.3333333333333335,0.0,0.0,
CUST006949,1,7,830.49,4.2,0.0,0.0,
CUST000188,23,4,340.96999999999997,3.6666666666666665,0.0,0.0,
CUST005079,9,10,1018.01,3.625,0.0,0.0,
CUST006421,96,6,544.66,4.0,0.0,0.0,
CUST004426,84,8,946.13,4.0,0.0,0.0,
CUST001371,4,3,218.29000000000002,4.0,0.0,0.0,
CUST002073,152,5,591.35,3.75,0.0,0.0,
CUST002064,36,9,895.08,4.166666666666667,0.0,0.0,
CUST004055,35,6,606.85,3.3333333333333335,0.0,0.0,
CUST001419,88,6,587.98,4.0,0.0,0.0,
CUST006291,164,10,1140.47,3.1666666666666665,0.0,0.0,
CUST001514,93,4,324.43,3.6666666666666665,25.0,0.0,
CUST002990,22,2,189.54,2.0,0.0,0.0,
CUST007600,67,6,686.05,3.8,0.0,0.0,
CUST000025,82,5,408.86,3.3333333333333335,0.0,0.0,
CUST008471,4,8,894.61,3.7142857142857144,0.0,0.0,
CUST003572,99,7,744.14,4.0,0.0,0.0,
CUST008748,42,5,424.78,4.0,0.0,0.0,
CUST008407,80,4,336.92,3.75,0.0,0.0,
CUST004405,97,6,672.64,3.5,0.0,0.0,
CUST007442,45,12,1344.24,4.111111111111111,0.0,0.0,
CUST007841,6,5,591.9300000000001,3.8,0.0,0.0,
CUST000147,169,7,497.93,3.75,0.0,0.0,
CUST008191,57,7,996.5699999999999,3.4,0.0,0.0,
CUST005255,39,7,559.25,3.6,0.0,0.0,
CUST003523,38,4,449.81,3.25,0.0,0.0,
CUST009128,42,5,463.53,4.5,0.0,0.0,
CUST001175,59,9,814.02,3.6666666666666665,0.0,0.0,
CUST000903,58,4,353.97,2.6666666666666665,0.0,0.0,
CUST003384,78,8,702.64,3.75,0.0,0.0,
CUST001676,1,7,760.75,3.5714285714285716,14.29,0.0,
CUST004096,84,7,727.04,3.6666666666666665,0.0,0.0,
CUST003766,37,6,592.34,3.8333333333333335,0.0,0.0,
CUST001944,65,4,463.49,5.0,0.0,0.0,
CUST005830,40,4,444.27,4.0,0.0,0.0,
CUST002291,34,10,893.3,3.5,0.0,0.0,
CUST002503,15,4,328.15999999999997,4.0,0.0,0.0,
CUST006503,178,5,456.20000000000005,3.3333333333333335,0.0,0.0,
CUST009440,36,7,624.75,3.2,14.29,0.0,
CUST008879,155,5,521.0600000000001,4.0,20.0,0.0,
CUST004372,101,7,620.36,3.0,0.0,0.0,
CUST007488,53,5,453.44,4.5,0.0,0.0,
CUST009568,108,6,655.71,3.2,0.0,0.0,
CUST009208,59,12,1307.28,3.75,0.0,0.0,
CUST004442,57,8,706.33,3.75,0.0,0.0,
CUST007941,126,8,748.05,4.0,0.0,0.0,
CUST008843,9,10,951.3199999999999,3.5714285714285716,0.0,0.0,
CUST009660,90,7,847.15,3.857142857142857,0.0,0.0,
CUST008239,37,6,557.37,2.2,16.67,0.0,
CUST008790,81,5,623.26,2.6,0.0,0.0,
CUST004918,145,5,438.23,4.0,0.0,0.0,
CUST001755,68,8,805.75,3.4285714285714284,0.0,0.0,
CUST009499,76,3,373.87,3.5,0.0,0.0,
CUST003434,19,7,696.91,4.4,0.0,0.0,
CUST008931,41,7,802.23,4.333333333333333,0.0,0.0,
CUST000217,14,6,552.99,4.2,0.0,0.0,
CUST009069,20,2,153.3,2.0,0.0,0.0,
CUST008134,76,4,439.29,4.333333333333333,0.0,0.0,
CUST003631,10,11,922.6899999999999,4.125,0.0,0.0,
CUST005513,84,4,529.46,4.5,0.0,0.0,
CUST009183,11,6,512.0799999999999,4.0,0.0,0.0,
CUST003193,75,4,345.11,4.0,0.0,0.0,
CUST008872,24,9,826.7,4.0,0.0,0.0,
CUST005505,92,4,466.02,2.5,0.0,0.0,
CUST000149,156,7,619.74,3.4,0.0,0.0,
CUST006557,8,7,742.53,3.4285714285714284,0.0,0.0,
CUST003527,146,6,514.27,3.8,0.0,0.0,
CUST006039,8,8,640.57,3.5714285714285716,0.0,0.0,
CUST009550,107,5,634.5,3.0,0.0,0.0,
CUST009633,94,3,406.9,3.6666666666666665,0.0,0.0,
CUST004260,160,4,270.08,4.5,0.0,0.0,
CUST005126,51,8,895.17,4.0,0.0,0.0,
CUST006790,60,5,541.91,4.2,0.0,0.0,
CUST002149,66,3,198.48000000000002,3.6666666666666665,0.0,0.0,
CUST003615,51,4,494.56,3.25,0.0,0.0,
CUST007217,11,8,720.58,3.4285714285714284,0.0,0.0,
CUST003313,149,6,576.8199999999999,3.2,0.0,0.0,
CUST006462,72,4,508.62,3.5,0.0,0.0,
CUST005501,30,10,959.52,3.875,0.0,0.0,
CUST005850,76,7,797.53,3.0,14.29,0.0,
CUST009223,45,6,524.83,3.5,0.0,0.0,
CUST009260,19,4,359.5,3.3333333333333335,0.0,0.0,
CUST000220,55,7,614.3100000000001,3.8,0.0,0.0,
CUST006394,66,1,65.24,4.0,0.0,0.0,
CUST001525,16,5,462.22,4.0,0.0,0.0,
CUST005492,95,3,397.88,4.666666666666667,0.0,0.0,
CUST003722,9,3,327.31,4.5,0.0,0.0,
CUST009704,87,5,442.86,3.3333333333333335,0.0,0.0,
CUST001492,64,5,399.47,3.25,0.0,0.0,
CUST002723,134,4,339.02,3.6666666666666665,0.0,0.0,
CUST006000,62,3,323.09999999999997,4.0,0.0,0.0,
CUST000663,56,5,583.96,3.25,0.0,0.0,
CUST007172,6,7,612.78,3.8,0.0,0.0,
CUST002500,127,6,645.22,2.8,16.67,0.0,
CUST000979,79,7,699.64,3.5,0.0,0.0,
CUST000876,157,5,544.02,4.2,0.0,0.0,
CUST004609,110,6,623.62,3.0,0.0,0.0,
CUST002956,8,6,545.15,3.6666666666666665,0.0,0.0,
CUST008068,134,5,536.0,4.2,0.0,0.0,
CUST006643,35,5,424.16999999999996,4.333333333333333,0.0,0.0,
CUST008132,33,7,833.37,4.166666666666667,0.0,0.0,
CUST003318,127,4,459.45,3.3333333333333335,0.0,0.0,
CUST008908,20,7,775.39,3.6666666666666665,0.0,0.0,
CUST000676,49,7,615.3,3.5,0.0,0.0,
CUST002164,147,4,560.01,3.5,0.0,0.0,
CUST001677,43,5,658.8599999999999,4.0,0.0,0.0,
CUST001758,31,10,1020.16,4.0,0.0,0.0,
CUST009219,132,9,900.97,3.4285714285714284,0.0,0.0,
CUST006381,19,7,717.52,3.857142857142857,0.0,0.0,
CUST009642,3,10,909.0699999999999,3.625,0.0,0.0,
CUST008055,111,4,571.57,3.0,50.0,0.0,
CUST008862,18,4,416.0,4.5,0.0,0.0,
CUST000577,8,7,689.6,3.857142857142857,0.0,0.0,
CUST008767,14,7,832.85,3.3333333333333335,0.0,0.0,
CUST005956,41,6,475.08,2.75,0.0,0.0,
CUST000008,54,5,536.84,4.0,0.0,0.0,
CUST000953,77,8,988.97,3.5,0.0,0.0,
CUST001346,11,8,814.52,4.0,0.0,0.0,
CUST004831,11,6,620.21,3.1666666666666665,0.0,0.0,
CUST005447,34,3,254.22,4.666666666666667,0.0,0.0,
CUST001517,79,8,813.94,3.6666666666666665,12.5,0.0,
CUST009509,149,3,323.71,4.0,0.0,0.0,
CUST007747,41,5,669.75,3.25,0.0,0.0,
CUST003991,113,6,600.2,3.25,16.67,0.0,
CUST005804,52,6,522.46,4.5,0.0,0.0,
CUST007201,81,6,425.23,3.3333333333333335,0.0,0.0,
CUST000583,115,6,547.74,3.6666666666666665,0.0,0.0,
CUST007506,42,7,736.23,3.75,0.0,0.0,
CUST001732,94,4,434.53000000000003,2.5,25.0,0.0,
CUST005111,18,5,404.26,4.0,0.0,0.0,
CUST005041,51,7,729.6,4.333333333333333,0.0,0.0,
CUST000970,7,3,339.43,3.5,0.0,0.0,
CUST002414,97,7,761.21,3.2,0.0,0.0,
CUST005314,40,5,505.78,2.3333333333333335,0.0,0.0,
CUST006855,94,5,547.9000000000001,3.5,0.0,0.0,
CUST009544,6,9,799.99,3.625,0.0,0.0,
CUST005287,58,3,278.53,3.5,0.0,0.0,
CUST001573,82,4,453.12,3.3333333333333335,0.0,0.0,
CUST004043,17,7,711.63,3.5,0.0,0.0,
CUST004276,139,3,308.26,4.5,0.0,0.0,
CUST004665,54,4,395.04,3.6666666666666665,0.0,0.0,
CUST007632,25,4,462.87,4.666666666666667,0.0,0.0,
CUST000234,117,6,725.21,4.0,0.0,0.0,
CUST004134,24,6,753.24,3.1666666666666665,0.0,0.0,
CUST009904,102,5,518.04,4.5,0.0,0.0,
CUST001521,37,6,691.08,4.5,0.0,0.0,
CUST002507,33,10,1220.59,4.0,0.0,0.0,
CUST007132,9,11,1126.95,3.0,0.0,0.0,
CUST006555,78,5,447.0,3.5,0.0,0.0,
CUST001058,108,4,413.75,4.333333333333333,0.0,0.0,
CUST005688,82,4,365.41999999999996,4.0,0.0,0.0,
CUST007339,37,6,614.9,4.0,0.0,0.0,
CUST000401,40,5,582.75,4.666666666666667,0.0,0.0,
CUST009765,68,4,490.69,4.5,0.0,0.0,
CUST001375,52,6,737.96,3.6,0.0,0.0,
CUST005606,114,5,593.6800000000001,4.0,0.0,0.0,
CUST009254,15,5,406.01,4.25,0.0,0.0,
CUST005944,126,9,820.0500000000001,3.2857142857142856,0.0,0.0,
CUST002100,76,8,963.87,4.2,0.0,0.0,
CUST004772,160,2,212.33,3.0,0.0,0.0,
CUST001052,1,5,523.79,4.0,0.0,0.0,
CUST009061,114,4,372.5,3.0,0.0,0.0,
CUST006676,163,3,264.83,5.0,0.0,0.0,
CUST009102,33,3,303.02,5.0,0.0,0.0,
CUST009945,36,6,556.49,3.0,0.0,0.0,
CUST007142,74,4,526.04,4.5,0.0,0.0,
CUST005558,94,6,567.4300000000001,3.75,0.0,0.0,
CUST006082,1,6,718.29,3.2,0.0,0.0,
CUST005325,83,7,790.84,3.0,0.0,0.0,
CUST007420,58,6,644.63,3.75,0.0,0.0,
CUST002572,77,8,792.15,3.8,0.0,0.0,
CUST002011,91,5,418.56,4.0,0.0,0.0,
CUST003517,52,6,664.18,4.0,0.0,0.0,
CUST005638,95,4,460.72999999999996,3.6666666666666665,0.0,0.0,
CUST003500,56,6,709.44,3.3333333333333335,0.0,0.0,
CUST003573,57,3,286.66,3.6666666666666665,0.0,0.0,
CUST005351,7,6,727.0799999999999,4.333333333333333,0.0,0.0,
CUST008427,112,3,524.98,3.3333333333333335,0.0,0.0,
CUST005006,109,2,324.27,4.0,0.0,0.0,
CUST006440,68,4,458.5,4.0,0.0,0.0,
CUST002645,29,3,272.4,3.5,0.0,0.0,
CUST000075,109,4,232.46,4.333333333333333,0.0,0.0,
CUST008178,45,8,605.7,4.666666666666667,0.0,0.0,
CUST001960,107,3,312.85999999999996,4.0,0.0,0.0,
CUST000404,12,3,244.98,4.333333333333333,0.0,0.0,
CUST000345,9,9,858.8,4.4,0.0,0.0,
CUST003617,95,3,291.2,3.6666666666666665,0.0,0.0,
CUST004443,63,6,659.97,4.0,0.0,0.0,
CUST004206,49,11,1084.55,3.7777777777777777,0.0,0.0,
CUST001902,33,7,510.66,3.0,0.0,0.0,
CUST009929,51,6,854.33,3.0,0.0,0.0,
CUST007362,73,5,446.24,4.0,0.0,0.0,
CUST002912,9,7,784.37,4.25,0.0,0.0,
CUST003311,74,4,437.7,4.333333333333333,0.0,0.0,
CUST005543,13,4,335.71,4.25,0.0,0.0,
CUST002849,56,9,964.31,3.625,0.0,0.0,
CUST006773,155,3,266.96000000000004,2.5,33.33,0.0,
CUST007324,41,7,706.48,4.0,0.0,0.0,
CUST008381,25,6,468.16,4.0,0.0,0.0,
CUST009406,94,6,603.24,3.6666666666666665,0.0,0.0,
CUST004312,178,4,404.1,2.75,0.0,0.0,
CUST006705,103,7,594.39,3.6,0.0,0.0,
CUST003995,62,8,912.16,3.0,12.5,0.0,
CUST002833,143,6,671.45,3.75,0.0,0.0,
CUST008089,21,4,383.24,3.6666666666666665,0.0,0.0,
CUST008115,93,5,508.66999999999996,2.8,0.0,0.0,
CUST003062,90,6,579.3,3.8333333333333335,0.0,0.0,
CUST004981,95,5,466.19,3.75,0.0,0.0,
CUST003227,111,2,141.37,2.5,0.0,0.0,
CUST001341,75,5,608.9499999999999,3.5,0.0,0.0,
CUST000166,6,6,584.63,3.5,0.0,0.0,
CUST001248,43,3,359.89,5.0,0.0,0.0,
CUST004398,95,5,473.18,4.5,0.0,0.0,
CUST004741,38,7,837.9200000000001,3.6666666666666665,0.0,0.0,
CUST008173,31,6,846.23,3.3333333333333335,16.67,0.0,
CUST008925,53,3,372.99,4.0,0.0,0.0,
CUST005018,119,5,550.51,4.5,0.0,0.0,
CUST009082,169,3,347.15,4.5,0.0,0.0,
CUST006384,2,6,579.15,4.6,0.0,0.0,
CUST004281,19,8,919.63,4.0,0.0,0.0,
CUST000719,22,7,697.5,3.6666666666666665,0.0,0.0,
CUST000849,8,6,476.40999999999997,4.25,0.0,0.0,
CUST007265,81,7,729.52,4.0,0.0,0.0,
CUST005240,95,7,700.47,4.333333333333333,0.0,0.0,
CUST001495,13,12,1366.29,3.5454545454545454,0.0,0.0,
CUST006148,15,10,868.8199999999999,3.7142857142857144,0.0,0.0,
CUST007811,95,5,529.8,4.0,0.0,0.0,
CUST009041,91,6,642.52,4.5,16.67,0.0,
CUST002162,148,5,394.47,3.6,0.0,0.0,
CUST004129,23,4,514.45,5.0,0.0,0.0,
CUST008810,19,6,561.3,3.5,0.0,0.0,
CUST004640,8,5,575.35,4.0,0.0,0.0,
CUST005810,19,9,995.4000000000001,3.4,0.0,0.0,
CUST009140,143,5,492.89,3.0,0.0,0.0,
CUST005244,17,7,572.5799999999999,3.857142857142857,0.0,0.0,
CUST007967,10,9,1029.9,3.4285714285714284,0.0,0.0,
CUST003283,125,10,1021.22,4.222222222222222,0.0,0.0,
CUST008881,106,5,587.14,3.0,0.0,0.0,
CUST008651,107,5,529.26,4.0,0.0,0.0,
CUST007892,128,3,226.42,4.0,0.0,0.0,
CUST008990,153,4,482.62,3.25,0.0,0.0,
CUST003745,9,3,198.14999999999998,3.3333333333333335,0.0,0.0,
CUST003365,13,9,932.48,3.7142857142857144,0.0,0.0,
CUST008393,69,7,794.12,3.3333333333333335,0.0,0.0,
CUST000323,64,7,784.98,4.333333333333333,0.0,0.0,
CUST003530,68,6,562.55,3.6666666666666665,0.0,0.0,
CUST001882,68,4,367.43,3.6666666666666665,0.0,0.0,
CUST002660,48,9,857.62,3.1666666666666665,0.0,0.0,
CUST008065,20,6,767.21,3.5,0.0,0.0,
CUST000532,48,3,255.25,4.5,0.0,0.0,
CUST009324,44,5,662.75,3.2,0.0,0.0,
CUST003544,62,8,795.19,3.8,0.0,0.0,
CUST009177,81,8,808.49,4.142857142857143,0.0,0.0,
CUST000170,92,6,537.12,4.0,0.0,0.0,
CUST005256,126,4,438.55,4.666666666666667,0.0,0.0,
CUST001627,76,15,1538.26,3.4166666666666665,0.0,0.0,
CUST001202,22,6,605.39,3.75,0.0,0.0,
CUST006825,109,4,402.53000000000003,3.3333333333333335,0.0,0.0,
CUST008784,138,5,561.1,2.3333333333333335,0.0,0.0,
CUST008442,50,7,720.99,3.8333333333333335,0.0,0.0,
CUST008858,13,7,885.6899999999999,3.3333333333333335,0.0,0.0,
CUST002504,141,4,385.64,3.6666666666666665,0.0,0.0,
CUST009376,12,10,874.9200000000001,4.142857142857143,0.0,0.0,
CUST003066,51,7,698.65,3.4285714285714284,0.0,0.0,
CUST008346,62,10,983.73,2.875,0.0,0.0,
CUST006415,22,7,657.14,3.0,0.0,0.0,
CUST001178,57,6,678.77,3.8,16.67,0.0,
CUST006408,16,3,239.68,0.0,0.0,0.0,
CUST001699,1,7,691.8,3.8,0.0,0.0,
CUST005874,155,8,768.86,3.625,0.0,0.0,
CUST003610,127,3,321.64,3.5,0.0,0.0,
CUST002796,77,4,418.77,3.0,0.0,0.0,
CUST004147,17,8,852.77,3.1666666666666665,12.5,0.0,
CUST000777,67,4,343.41,4.25,0.0,0.0,
CUST008233,98,7,826.88,3.3333333333333335,0.0,0.0,
CUST002174,26,5,545.18,3.6666666666666665,0.0,0.0,
CUST006793,42,6,645.41,4.0,0.0,0.0,
CUST004830,24,9,835.39,3.3333333333333335,0.0,0.0,
CUST004203,20,7,650.7,4.333333333333333,0.0,0.0,
CUST003000,44,7,640.87,3.6,0.0,0.0,
CUST004422,17,4,301.31,4.5,0.0,0.0,
CUST006760,16,6,712.66,4.333333333333333,0.0,0.0,
CUST003939,96,5,525.99,3.6,0.0,0.0,
CUST001391,82,7,912.08,3.3333333333333335,0.0,0.0,
CUST003532,142,6,482.89,4.0,0.0,0.0,
CUST002318,132,7,715.53,3.8,0.0,0.0,
CUST006870,40,4,408.33,4.5,0.0,0.0,
CUST000334,131,3,228.51,2.0,0.0,0.0,
CUST002711,24,4,412.97,4.0,0.0,0.0,
CUST006722,3,4,363.15,2.0,0.0,0.0,
CUST005959,108,9,991.53,3.0,0.0,0.0,
CUST003699,74,10,851.61,4.0,0.0,0.0,
CUST007623,49,2,219.69,0.0,0.0,0.0,
CUST000971,46,6,849.25,4.0,0.0,0.0,
CUST008518,22,8,843.0799999999999,4.2,0.0,0.0,
CUST002298,5,3,216.71,3.0,0.0,0.0,
CUST002125,96,8,723.89,4.142857142857143,0.0,0.0,
CUST007741,105,5,379.6,3.8,0.0,0.0,
CUST008687,30,4,416.98,4.0,0.0,0.0,
CUST008886,121,2,136.20999999999998,3.0,0.0,0.0,
CUST009631,13,10,1029.47,3.5714285714285716,0.0,0.0,
CUST006831,87,4,377.64000000000004,3.6666666666666665,0.0,0.0,
CUST005980,109,4,441.74,3.25,0.0,0.0,
CUST007982,70,6,533.74,3.6666666666666665,0.0,0.0,
CUST003351,48,2,315.65,4.5,0.0,0.0,
CUST006495,110,2,209.69,3.0,0.0,0.0,
CUST000756,39,10,834.25,3.7142857142857144,0.0,0.0,
CUST008059,115,3,301.22,4.0,0.0,0.0,
CUST004584,100,8,802.66,3.4,0.0,0.0,
CUST003421,135,5,541.15,5.0,0.0,0.0,
CUST002044,51,4,367.5,3.0,0.0,0.0,
CUST008731,53,4,319.47,3.6666666666666665,0.0,0.0,
CUST003083,25,5,430.52,4.0,0.0,0.0,
CUST002887,110,4,317.71000000000004,4.0,0.0,0.0,
CUST004870,24,4,472.55,3.3333333333333335,0.0,0.0,
CUST008721,175,2,173.14,4.5,0.0,0.0,
CUST007640,109,5,436.53,3.6666666666666665,0.0,0.0,
CUST000378,147,6,538.83,2.6666666666666665,0.0,0.0,
CUST003104,8,5,519.21,2.75,0.0,0.0,
CUST009933,4,8,769.52,4.0,0.0,0.0,
CUST004677,28,5,470.82,3.25,0.0,0.0,
CUST005138,59,5,589.52,4.0,0.0,0.0,
CUST001501,37,5,403.27,4.5,0.0,0.0,
CUST009663,121,7,675.27,3.2,0.0,0.0,
CUST009803,127,6,648.3199999999999,3.6,0.0,0.0,
CUST007573,30,5,613.88,3.4,0.0,0.0,
CUST007606,64,8,674.47,3.5,12.5,0.0,
CUST003743,16,2,176.18,4.0,0.0,0.0,
CUST001131,79,7,734.1700000000001,3.0,14.29,0.0,
CUST002072,99,7,753.57,3.0,0.0,0.0,
CUST002384,101,6,662.53,3.0,16.67,0.0,
CUST001864,16,6,470.5,3.0,0.0,0.0,
CUST000349,54,8,755.24,3.4,0.0,0.0,
CUST009450,84,7,712.0699999999999,4.6,0.0,0.0,
CUST003754,46,6,667.29,4.4,0.0,0.0,
CUST004145,89,10,965.62,3.5,0.0,0.0,
CUST008315,110,5,615.0699999999999,3.0,0.0,0.0,
CUST009345,94,8,759.89,3.7142857142857144,0.0,0.0,
CUST001537,6,4,479.21999999999997,4.0,0.0,0.0,
CUST004953,104,9,989.49,3.5,0.0,0.0,
CUST004798,21,4,342.5,3.6666666666666665,0.0,0.0,
CUST009716,13,4,343.23,5.0,0.0,0.0,
CUST003599,61,10,1109.25,4.142857142857143,0.0,0.0,
CUST007369,92,4,408.95,3.75,0.0,0.0,
CUST006979,82,10,1083.98,3.625,0.0,0.0,
CUST009538,37,4,356.95,3.3333333333333335,0.0,0.0,
CUST003172,89,8,763.0699999999999,2.75,0.0,0.0,
CUST007314,133,5,552.6,3.6666666666666665,0.0,0.0,
CUST006973,82,7,862.98,3.6,0.0,0.0,
CUST005943,30,6,638.86,4.0,0.0,0.0,
CUST002784,118,4,288.23,3.0,0.0,0.0,
CUST002927,51,5,549.14,4.0,0.0,0.0,
CUST002447,14,8,735.6,3.5714285714285716,0.0,0.0,
CUST002205,113,4,382.03000000000003,4.333333333333333,0.0,0.0,
CUST001020,146,6,778.71,3.0,0.0,0.0,
CUST002267,68,7,508.8,3.75,0.0,0.0,
CUST002455,127,6,667.81,4.0,0.0,0.0,
CUST007819,150,9,971.8000000000001,3.0,11.11,0.0,
CUST001538,32,10,1151.35,3.5714285714285716,0.0,0.0,
CUST003191,92,6,659.98,3.8,0.0,0.0,
CUST001095,5,6,605.16,3.0,0.0,0.0,
CUST005717,65,6,718.94,4.0,0.0,0.0,
CUST001320,44,4,438.90999999999997,3.75,0.0,0.0,
CUST006699,13,5,515.63,3.6666666666666665,20.0,0.0,
CUST001474,108,8,748.49,3.6666666666666665,0.0,0.0,
CUST000360,118,8,921.26,4.0,12.5,0.0,
CUST006417,17,5,499.82,4.0,0.0,0.0,
CUST007851,93,5,486.1,3.6,20.0,0.0,
CUST001471,124,5,592.6,4.333333333333333,0.0,0.0,
CUST003864,12,4,406.71000000000004,3.0,0.0,0.0,
CUST004471,42,6,532.25,5.0,0.0,0.0,
CUST008588,92,3,291.57,3.0,0.0,0.0,
CUST002088,10,7,964.26,3.6,0.0,0.0,
CUST009914,7,7,932.7900000000001,3.75,0.0,0.0,
CUST004046,129,4,413.24,4.0,0.0,0.0,
CUST007286,58,4,311.17,3.0,25.0,0.0,
CUST008058,93,6,608.0,4.0,0.0,0.0,
CUST000427,33,7,779.53,3.75,0.0,0.0,
CUST006464,161,9,843.5699999999999,3.4285714285714284,0.0,0.0,
CUST002492,9,10,1067.13,3.2857142857142856,0.0,0.0,
CUST008418,21,5,467.14,4.6,0.0,0.0,
CUST007904,10,7,743.0600000000001,3.3333333333333335,0.0,0.0,
CUST009720,176,7,698.49,4.0,0.0,0.0,
CUST003137,96,4,391.38,4.0,0.0,0.0,
CUST007366,1,5,471.15,3.3333333333333335,0.0,0.0,
CUST003071,17,4,356.90999999999997,4.0,0.0,0.0,
CUST004612,3,7,723.39,4.0,0.0,0.0,
CUST009814,74,2,256.58,5.0,0.0,0.0,
CUST009386,82,4,341.72,4.0,0.0,0.0,
CUST006920,106,7,591.67,3.6666666666666665,0.0,0.0,
CUST004776,31,7,794.74,3.5,0.0,0.0,
CUST001682,9,6,509.18,4.0,0.0,0.0,
CUST002567,49,6,795.85,3.6666666666666665,0.0,0.0,
CUST005009,105,7,595.8,4.2,0.0,0.0,
CUST002506,19,7,550.01,3.2,14.29,0.0,
CUST004006,1,3,299.28999999999996,5.0,0.0,0.0,
CUST003837,76,6,554.16,4.0,0.0,0.0,
CUST009519,24,4,425.75,3.3333333333333335,0.0,0.0,
CUST003092,145,4,528.04,2.6666666666666665,0.0,0.0,
CUST004637,115,4,337.66999999999996,3.25,0.0,0.0,
CUST007868,144,5,608.79,4.2,0.0,0.0,
CUST004770,78,8,983.88,4.0,0.0,0.0,
CUST006383,25,6,772.65,3.0,0.0,0.0,
CUST004339,73,3,409.59000000000003,4.0,0.0,0.0,
CUST003819,96,7,786.59,4.2,0.0,0.0,
CUST004415,84,5,676.99,4.0,0.0,0.0,
CUST003898,92,8,834.31,4.2,0.0,0.0,
CUST002819,85,3,296.9,2.5,0.0,0.0,
CUST004773,87,4,476.04,4.0,0.0,0.0,
CUST008768,108,3,239.91,4.666666666666667,0.0,0.0,
CUST004156,38,9,941.78,4.4,0.0,0.0,
CUST004031,86,7,674.14,4.0,0.0,0.0,
CUST004590,139,4,371.15,4.666666666666667,0.0,0.0,
CUST003101,11,8,682.1800000000001,3.8,0.0,0.0,
CUST001638,35,4,322.77,4.5,0.0,0.0,
CUST002689,121,3,339.3,3.0,0.0,0.0,
CUST004837,165,9,1076.45,4.0,0.0,0.0,
CUST007900,114,3,229.7,2.5,0.0,0.0,
CUST001745,150,4,362.69,3.0,0.0,0.0,
CUST000338,58,8,827.1,3.857142857142857,0.0,0.0,
CUST004036,103,4,540.72,4.0,0.0,0.0,
CUST008617,20,6,632.56,3.6,16.67,0.0,
CUST000661,25,6,715.5,3.3333333333333335,0.0,0.0,
CUST002373,14,8,627.21,3.2,0.0,0.0,
CUST009681,51,4,457.63,4.0,0.0,0.0,
CUST004763,146,8,769.83,3.3333333333333335,0.0,0.0,
CUST001066,58,7,577.6800000000001,3.2,0.0,0.0,
CUST004809,102,7,617.95,4.25,0.0,0.0,
CUST000812,157,8,877.0,4.166666666666667,0.0,0.0,
CUST001456,95,4,506.09000000000003,3.6666666666666665,0.0,0.0,
CUST000113,64,7,627.53,4.25,0.0,0.0,
CUST006876,23,5,497.23,3.75,0.0,0.0,
CUST001829,100,4,412.72,2.5,0.0,0.0,
CUST006759,63,7,600.58,4.166666666666667,0.0,0.0,
CUST006302,134,4,346.22,5.0,0.0,0.0,
CUST005055,21,3,360.97,4.333333333333333,0.0,0.0,
CUST003522,45,5,657.31,3.0,0.0,0.0,
CUST007508,18,9,899.37,3.6,0.0,0.0,
CUST008875,111,7,649.3199999999999,3.6,0.0,0.0,
CUST002870,26,9,919.95,3.7142857142857144,0.0,0.0,
CUST005410,67,4,471.65,3.75,0.0,0.0,
CUST000932,48,8,780.55,4.0,0.0,0.0,
CUST004575,62,7,753.42,3.6,0.0,0.0,
CUST008591,67,8,674.6,4.333333333333333,0.0,0.0,
CUST000209,63,4,619.11,4.25,0.0,0.0,
CUST009488,24,6,696.63,4.25,0.0,0.0,
CUST009754,72,4,305.54,4.25,0.0,0.0,
CUST002829,55,6,569.72,4.166666666666667,0.0,0.0,
CUST009710,32,4,374.36,4.5,0.0,0.0,
CUST006448,40,5,383.01,4.0,0.0,0.0,
CUST000811,165,6,692.88,4.25,0.0,0.0,
CUST001091,111,9,911.28,4.0,0.0,0.0,
CUST002557,21,7,797.1800000000001,3.2,14.29,0.0,
CUST005582,118,7,514.01,4.0,0.0,0.0,
CUST006362,66,1,113.74,4.0,0.0,0.0,
CUST006242,38,4,464.64,3.25,25.0,0.0,
CUST008086,59,7,746.94,3.6666666666666665,14.29,0.0,
CUST009465,104,8,864.2,3.7142857142857144,0.0,0.0,
CUST001393,38,6,532.38,4.4,0.0,0.0,
CUST006527,136,8,823.85,4.25,0.0,0.0,
CUST003666,44,5,600.66,3.5,0.0,0.0,
CUST009942,22,6,629.16,3.8,0.0,0.0,
CUST005630,3,8,820.1600000000001,3.75,0.0,0.0,
CUST008067,34,5,397.98,3.3333333333333335,0.0,0.0,
CUST006845,7,11,1002.84,3.4,0.0,0.0,
CUST005628,24,8,961.3299999999999,3.857142857142857,0.0,0.0,
CUST009190,50,8,864.52,4.25,0.0,0.0,
CUST008029,9,10,1003.44,3.3333333333333335,0.0,0.0,
CUST008408,148,4,474.28,4.0,25.0,0.0,
CUST006729,94,6,536.84,4.0,0.0,0.0,
CUST006580,26,3,485.95,4.0,0.0,0.0,
CUST007086,63,3,235.67000000000002,3.3333333333333335,0.0,0.0,
CUST004541,20,6,640.0999999999999,3.2,16.67,0.0,
CUST000351,73,4,359.14,4.0,0.0,0.0,
CUST003820,5,5,468.59,4.0,0.0,0.0,
CUST009677,119,4,431.56,3.3333333333333335,0.0,0.0,
CUST004556,33,8,862.87,4.0,0.0,0.0,
CUST006827,16,7,758.96,4.25,0.0,0.0,
CUST008736,84,8,719.09,4.0,0.0,0.0,
CUST006817,70,6,501.96999999999997,3.8333333333333335,0.0,0.0,
CUST008965,60,3,277.88,4.0,0.0,0.0,
CUST008070,20,7,795.4,4.2,0.0,0.0,
CUST008903,56,7,676.4499999999999,3.4,0.0,0.0,
CUST001757,102,4,445.0,4.333333333333333,0.0,0.0,
CUST007949,26,4,404.12,4.0,25.0,0.0,
CUST009594,83,4,282.69,4.0,0.0,0.0,
CUST004729,33,9,817.3,3.8333333333333335,0.0,0.0,
CUST004505,30,3,329.68,3.0,0.0,0.0,
CUST003480,144,8,916.12,3.3333333333333335,0.0,0.0,
CUST001831,21,6,651.44,3.0,0.0,0.0,
CUST003458,119,3,287.78,2.3333333333333335,0.0,0.0,
CUST000642,13,8,920.6,4.166666666666667,0.0,0.0,
CUST002085,108,7,856.33,3.0,0.0,0.0,
CUST000882,29,8,867.04,3.8333333333333335,0.0,0.0,
CUST008643,4,4,416.92,3.0,0.0,0.0,
CUST009194,9,9,942.53,3.2,0.0,0.0,
CUST000616,56,3,266.15,4.333333333333333,0.0,0.0,
CUST006433,94,8,778.3,3.857142857142857,0.0,0.0,
CUST009721,104,6,550.15,3.1666666666666665,0.0,0.0,
CUST000286,70,4,422.6,3.6666666666666665,0.0,0.0,
CUST002307,7,5,431.0,4.0,0.0,0.0,
CUST006605,120,3,212.25,5.0,0.0,0.0,
CUST008123,3,3,361.64000000000004,4.0,0.0,0.0,
CUST004119,123,7,592.14,2.8333333333333335,0.0,0.0,
CUST009393,10,8,769.29,3.875,0.0,0.0,
CUST007578,34,5,416.78,3.3333333333333335,0.0,0.0,
CUST004561,85,5,622.63,4.666666666666667,0.0,0.0,
CUST002802,42,3,457.25,4.0,0.0,0.0,
CUST004795,126,6,543.06,3.0,0.0,0.0,
CUST007380,81,5,581.1800000000001,3.75,0.0,0.0,
CUST000007,28,4,360.82,4.0,0.0,0.0,
CUST003111,22,7,709.33,3.6,0.0,0.0,
CUST006226,164,5,479.56,3.75,0.0,0.0,
CUST005265,64,8,667.0,3.75,0.0,0.0,
CUST001553,78,4,418.93,3.5,0.0,0.0,
CUST005127,69,5,400.88,4.5,20.0,0.0,
CUST008814,86,2,182.46,4.0,0.0,0.0,
CUST001187,73,8,748.55,4.666666666666667,0.0,0.0,
CUST009139,67,6,405.9,4.0,0.0,0.0,
CUST001838,40,5,462.4,3.0,0.0,0.0,
CUST009864,12,4,522.03,4.0,0.0,0.0,
CUST009971,42,5,521.9399999999999,4.0,0.0,0.0,
CUST005221,61,11,1048.77,3.25,0.0,0.0,
CUST005528,3,6,522.12,3.6,0.0,0.0,
CUST003865,110,4,490.35999999999996,4.5,0.0,0.0,
CUST003783,31,7,690.41,3.8333333333333335,0.0,0.0,
CUST007211,14,5,586.56,3.6666666666666665,0.0,0.0,
CUST006538,16,6,564.49,4.2,0.0,0.0,
CUST006963,126,8,820.34,3.7142857142857144,0.0,0.0,
CUST006919,127,7,709.14,3.0,0.0,0.0,
CUST004823,147,8,672.63,3.2,0.0,0.0,
CUST002790,44,6,591.62,4.0,0.0,0.0,
CUST008680,49,4,335.22,4.0,0.0,0.0,
CUST008295,116,4,442.22,3.5,0.0,0.0,
CUST002159,21,3,294.35,5.0,0.0,0.0,
CUST004165,67,4,461.06,3.3333333333333335,0.0,0.0,
CUST008766,111,4,287.28,3.3333333333333335,0.0,0.0,
CUST007737,46,4,512.11,3.6666666666666665,0.0,0.0,
CUST005387,1,7,817.27,3.8,0.0,0.0,
CUST003667,103,7,734.97,3.0,14.29,0.0,
CUST007797,135,6,616.67,4.25,0.0,0.0,
CUST008631,44,4,471.5,4.0,0.0,0.0,
CUST007344,157,6,628.01,3.0,0.0,0.0,
CUST007266,21,6,748.51,3.8,0.0,0.0,
CUST003141,125,6,672.3399999999999,4.333333333333333,0.0,0.0,
CUST007439,42,6,552.39,4.0,0.0,0.0,
CUST006621,4,6,597.24,3.5,0.0,0.0,
CUST009649,23,6,676.98,4.333333333333333,0.0,0.0,
CUST005824,47,7,854.78,4.2,0.0,0.0,
CUST006152,56,4,417.4,2.3333333333333335,0.0,0.0,
CUST008938,46,12,1132.65,3.7142857142857144,8.33,0.0,
CUST004986,45,5,499.38,3.3333333333333335,0.0,0.0,
CUST006675,128,4,318.78,4.0,0.0,0.0,
CUST002446,163,4,387.25,4.25,0.0,0.0,
CUST000298,77,8,807.8,4.0,0.0,0.0,
CUST002211,92,8,815.94,4.6,0.0,0.0,
CUST003580,59,5,564.06,4.0,0.0,0.0,
CUST009064,78,6,593.85,4.0,0.0,0.0,
CUST002952,16,5,507.56,2.5,0.0,0.0,
CUST005499,102,7,623.81,3.6,0.0,0.0,
CUST002624,34,5,697.72,4.25,0.0,0.0,
CUST006406,6,6,556.34,3.2,0.0,0.0,
CUST000586,49,8,728.78,4.5,0.0,0.0,
CUST003356,37,4,417.2,4.5,0.0,0.0,
CUST005177,69,9,867.16,3.2,0.0,0.0,
CUST009786,116,7,508.79,3.75,0.0,0.0,
CUST005695,79,8,837.1,3.5,0.0,0.0,
CUST004230,52,7,683.0,3.8,0.0,0.0,
CUST001218,97,6,616.99,3.3333333333333335,16.67,0.0,
CUST001522,125,7,598.34,4.5,0.0,0.0,
CUST007278,140,5,420.88,3.8,0.0,0.0,
CUST004122,49,5,524.1800000000001,3.5,0.0,0.0,
CUST000076,42,4,336.89,3.0,0.0,0.0,
CUST007040,59,9,836.64,3.142857142857143,22.22,0.0,
CUST002957,25,9,910.48,3.6,0.0,0.0,
CUST008953,45,3,220.88,4.0,0.0,0.0,
CUST004580,88,9,804.6800000000001,4.0,0.0,0.0,
CUST000227,14,10,924.24,3.1666666666666665,0.0,0.0,
CUST000924,23,4,307.65,0.0,0.0,0.0,
CUST008440,35,6,546.3,4.2,0.0,0.0,
CUST006243,27,5,520.72,4.0,0.0,0.0,
CUST006281,66,5,586.24,4.333333333333333,0.0,0.0,
CUST006820,82,3,216.93,3.0,0.0,0.0,
CUST007568,89,4,357.95,3.0,0.0,0.0,
CUST007946,152,3,333.33,4.0,0.0,0.0,
CUST003493,41,7,754.25,4.4,0.0,0.0,
CUST000733,81,7,759.41,4.0,0.0,0.0,
CUST003042,153,6,499.93,4.2,0.0,0.0,
CUST003324,80,5,520.98,2.75,0.0,0.0,
CUST006777,63,7,614.6,3.0,28.57,0.0,
CUST005094,11,3,306.38,3.5,0.0,0.0,
CUST001664,3,3,299.49,4.0,0.0,0.0,
CUST003140,3,7,728.97,4.4,0.0,0.0,
CUST004686,83,4,346.73,4.0,0.0,0.0,
CUST007924,66,7,813.0899999999999,3.6,0.0,0.0,
CUST008283,79,7,793.89,3.3333333333333335,0.0,0.0,
CUST008264,24,7,678.04,3.0,0.0,0.0,
CUST003197,84,7,665.61,2.8,0.0,0.0,
CUST003829,39,3,378.81,4.0,0.0,0.0,
CUST004726,56,6,736.25,4.333333333333333,0.0,0.0,
CUST004414,79,3,320.15999999999997,2.0,33.33,0.0,
CUST009008,9,10,950.97,4.166666666666667,0.0,0.0,
CUST006334,159,2,135.18,3.0,0.0,0.0,
CUST007637,64,4,385.17,4.333333333333333,0.0,0.0,
CUST008930,113,9,812.7,3.75,0.0,0.0,
CUST001440,71,5,495.06,4.0,0.0,0.0,
CUST008590,104,10,873.59,3.875,0.0,0.0,
CUST008502,103,5,530.44,4.0,0.0,0.0,
CUST009804,79,5,549.04,3.5,0.0,0.0,
CUST003317,83,4,376.81,5.0,0.0,0.0,
CUST001786,128,5,392.43,4.333333333333333,0.0,0.0,
CUST005313,119,6,560.31,4.5,0.0,0.0,
CUST009333,22,5,386.79,3.25,0.0,0.0,
CUST008714,98,5,642.73,4.0,0.0,0.0,
CUST009614,18,9,919.17,3.6666666666666665,0.0,0.0,
CUST000660,36,10,1085.47,4.111111111111111,0.0,0.0,
CUST008334,107,3,269.26,4.0,0.0,0.0,
CUST006072,101,12,1382.02,2.6,8.33,0.0,
CUST006569,75,2,134.39999999999998,4.0,0.0,0.0,
CUST008653,56,4,354.1,4.666666666666667,0.0,0.0,
CUST006248,78,6,659.9100000000001,3.8,0.0,0.0,
CUST007989,15,4,340.0,4.0,0.0,0.0,
CUST006999,33,9,1049.94,4.333333333333333,0.0,0.0,
CUST001074,113,5,502.81,3.8,0.0,0.0,
CUST006938,8,6,571.37,2.6666666666666665,0.0,0.0,
CUST002348,79,3,395.83000000000004,4.333333333333333,0.0,0.0,
CUST008723,111,7,791.29,4.0,0.0,0.0,
CUST002941,156,5,405.05,3.5,0.0,0.0,
CUST005107,113,6,621.52,3.8333333333333335,16.67,0.0,
CUST005457,68,7,858.71,4.0,14.29,0.0,
CUST003322,51,10,1092.02,3.8,0.0,0.0,
CUST005852,2,12,1407.57,3.9,0.0,0.0,
CUST000508,13,6,608.22,3.5,16.67,0.0,
CUST002333,18,4,353.64,4.0,0.0,0.0,
CUST008670,54,6,596.92,3.8333333333333335,0.0,0.0,
CUST001868,77,5,558.9,4.0,0.0,0.0,
CUST003687,118,5,569.4200000000001,4.333333333333333,0.0,0.0,
CUST009827,16,5,501.58,3.2,0.0,0.0,
CUST007282,62,7,692.25,4.166666666666667,0.0,0.0,
CUST003378,27,7,813.5,3.0,0.0,0.0,
CUST005316,29,5,511.67,3.3333333333333335,40.0,0.0,
CUST001056,33,8,803.04,3.857142857142857,0.0,0.0,
CUST005093,38,7,692.31,3.5,14.29,0.0,
CUST005299,32,3,254.09,3.5,0.0,0.0,
CUST001624,43,5,526.14,3.6666666666666665,0.0,0.0,
CUST001668,83,10,993.49,4.125,0.0,0.0,
CUST005750,131,4,527.68,3.0,0.0,0.0,
CUST008743,124,5,458.82,3.0,20.0,0.0,
CUST002310,83,9,941.4,3.2857142857142856,0.0,0.0,
CUST005484,43,7,732.72,4.6,0.0,0.0,
CUST001605,135,9,1008.63,4.0,0.0,0.0,
CUST007268,154,5,611.3,2.6666666666666665,0.0,0.0,
CUST001545,30,5,500.14,4.0,0.0,0.0,
CUST005622,2,10,996.34,3.6666666666666665,0.0,0.0,
CUST006506,42,6,787.54,3.4,0.0,0.0,
CUST008948,64,3,231.66,4.666666666666667,0.0,0.0,
CUST002510,97,4,305.47,3.5,0.0,0.0,
CUST001787,70,6,573.14,3.0,0.0,0.0,
CUST009626,123,3,264.37,4.0,0.0,0.0,
CUST009834,119,5,532.54,3.5,0.0,0.0,
CUST008557,131,6,534.78,3.0,0.0,0.0,
CUST004586,159,5,469.28,4.333333333333333,0.0,0.0,
CUST006866,81,6,489.74,3.2,0.0,0.0,
CUST007427,65,9,843.86,3.1666666666666665,0.0,0.0,
CUST003643,20,8,832.61,3.8333333333333335,0.0,0.0,
CUST009941,45,4,431.15999999999997,2.0,0.0,0.0,
CUST002495,129,6,554.6800000000001,3.3333333333333335,0.0,0.0,
CUST003338,126,2,168.49,3.5,0.0,0.0,
CUST003906,34,7,563.57,4.0,0.0,0.0,
CUST007216,21,5,593.31,4.0,0.0,0.0,
CUST009839,109,5,539.65,2.6666666666666665,0.0,0.0,
CUST009264,36,9,774.5799999999999,4.2,0.0,0.0,
CUST002109,5,5,401.73,5.0,0.0,0.0,
CUST004504,20,3,192.51999999999998,4.0,0.0,0.0,
CUST008211,159,7,698.24,4.0,0.0,0.0,
CUST000505,89,7,710.79,3.3333333333333335,14.29,0.0,
CUST000990,84,4,427.46000000000004,5.0,0.0,0.0,
CUST002369,37,6,678.13,3.75,16.67,0.0,
CUST009331,32,12,1200.39,3.2857142857142856,8.33,0.0,
CUST002331,178,4,313.06,4.333333333333333,0.0,0.0,
CUST002199,34,5,407.66999999999996,3.6666666666666665,0.0,0.0,
CUST006662,4,4,398.22,3.5,0.0,0.0,
CUST002943,2,3,247.26999999999998,3.0,0.0,0.0,
CUST004378,8,4,468.18,3.5,0.0,0.0,
CUST008776,155,5,525.54,2.5,20.0,0.0,
CUST000981,15,8,1019.45,4.2,0.0,0.0,
CUST001005,125,5,456.46,4.333333333333333,0.0,0.0,
CUST009669,40,7,667.29,3.8333333333333335,0.0,0.0,
CUST003936,170,3,434.65,4.0,0.0,0.0,
CUST006465,111,4,425.77,4.0,0.0,0.0,
CUST000194,16,5,517.79,3.25,0.0,0.0,
CUST004570,16,8,768.26,3.8,0.0,0.0,
CUST005088,40,9,685.53,3.8,0.0,0.0,
CUST004365,8,5,583.64,4.0,0.0,0.0,
CUST009381,123,6,497.18,4.0,0.0,0.0,
CUST008118,60,5,544.7,3.0,0.0,0.0,
CUST005749,67,5,519.5,3.75,0.0,0.0,
CUST003234,18,7,913.72,3.6,0.0,0.0,
CUST003873,105,5,441.71,2.75,0.0,0.0,
CUST000366,127,10,1015.39,4.142857142857143,0.0,0.0,
CUST000520,16,4,355.98,4.0,0.0,0.0,
CUST004722,59,5,387.26,3.6666666666666665,20.0,0.0,
CUST001661,23,7,586.9399999999999,3.75,0.0,0.0,
CUST004713,37,6,738.77,3.2,0.0,0.0,
CUST005198,82,2,237.23000000000002,3.0,0.0,0.0,
CUST009919,123,5,472.40000000000003,4.25,0.0,0.0,
CUST003537,165,7,613.45,3.6666666666666665,0.0,0.0,
CUST002292,53,8,722.0,3.0,0.0,0.0,
CUST003515,3,4,368.86,3.0,0.0,0.0,
CUST006952,98,3,411.31,4.0,0.0,0.0,
CUST002499,101,10,1118.34,3.4285714285714284,0.0,0.0,
CUST002712,27,2,253.26999999999998,3.0,0.0,0.0,
CUST000489,16,5,439.57,3.8,0.0,0.0,
CUST000303,96,2,178.72,0.0,0.0,0.0,
CUST008146,49,6,618.49,4.2,16.67,0.0,
CUST009317,22,10,1246.88,4.285714285714286,0.0,0.0,
CUST005141,150,4,355.71,0.0,0.0,0.0,
CUST008864,3,6,526.13,4.0,0.0,0.0,
CUST001092,57,7,703.01,4.166666666666667,0.0,0.0,
CUST004545,101,3,345.45,3.6666666666666665,0.0,0.0,
CUST005915,131,5,493.74,3.0,20.0,0.0,
CUST004620,136,6,808.44,4.0,0.0,0.0,
CUST004397,71,8,863.47,3.8,0.0,0.0,
CUST002471,20,7,610.4,3.5,0.0,0.0,
CUST008972,61,6,622.12,3.5,0.0,0.0,
CUST003736,3,7,803.77,3.6666666666666665,0.0,0.0,
CUST005737,117,2,275.89,2.0,0.0,0.0,
CUST006611,24,5,524.8100000000001,3.0,0.0,0.0,
CUST007883,74,7,772.9,3.4,0.0,0.0,
CUST003593,6,5,532.14,3.8,0.0,0.0,
CUST007402,151,5,457.76000000000005,3.0,20.0,0.0,
CUST004955,142,6,618.25,4.0,0.0,0.0,
CUST002431,147,4,456.29,3.6666666666666665,0.0,0.0,
CUST000553,14,3,296.37,3.5,0.0,0.0,
CUST001886,70,5,460.28999999999996,2.6,0.0,0.0,
CUST009201,108,7,815.12,4.666666666666667,0.0,0.0,
CUST006613,15,7,761.62,4.333333333333333,0.0,0.0,
CUST003369,20,6,690.85,4.0,0.0,0.0,
CUST005017,145,6,515.21,3.4,0.0,0.0,
CUST006198,104,7,674.76,4.25,0.0,0.0,
CUST001904,56,5,586.8199999999999,3.2,0.0,0.0,
CUST008184,54,5,460.84000000000003,3.6666666666666665,0.0,0.0,
CUST000628,23,5,455.46999999999997,2.75,0.0,0.0,
CUST001469,15,4,412.09000000000003,3.0,0.0,0.0,
CUST001392,82,7,601.96,3.8,0.0,0.0,
CUST002578,88,9,896.45,3.6666666666666665,0.0,0.0,
CUST008897,117,4,293.34,4.0,0.0,0.0,
CUST005007,87,7,480.39,3.142857142857143,14.29,0.0,
CUST001290,29,4,348.90999999999997,4.0,0.0,0.0,
CUST006532,2,6,573.96,2.6666666666666665,0.0,0.0,
CUST008650,92,4,380.72,3.5,0.0,0.0,
CUST005964,75,5,462.88,4.0,0.0,0.0,
CUST004323,53,8,712.4,4.0,0.0,0.0,
CUST000224,89,5,551.62,4.5,20.0,0.0,
CUST001151,49,6,640.52,3.8,0.0,0.0,
CUST004583,21,8,799.92,3.25,25.0,0.0,
CUST007248,4,6,542.77,3.75,0.0,0.0,
CUST009785,4,7,790.46,4.166666666666667,0.0,0.0,
CUST003914,160,6,716.77,4.0,0.0,0.0,
CUST006373,31,4,476.89,4.5,0.0,0.0,
CUST004316,3,4,454.01,3.6666666666666665,0.0,0.0,
CUST000805,123,6,582.08,4.0,0.0,0.0,
CUST009552,67,4,440.47,3.25,0.0,0.0,
CUST008409,106,8,837.22,4.0,0.0,0.0,
CUST000763,12,6,606.66,3.3333333333333335,0.0,0.0,
CUST006137,7,6,514.9,4.0,0.0,0.0,
CUST009670,24,9,916.99,4.166666666666667,0.0,0.0,
CUST008649,80,5,622.64,4.25,0.0,0.0,
CUST002046,63,3,356.76,5.0,0.0,0.0,
CUST007144,71,6,527.81,3.75,0.0,0.0,
CUST005754,30,11,1100.35,3.125,0.0,0.0,
CUST006262,28,8,1000.32,3.8,0.0,0.0,
CUST007130,99,4,254.13,3.5,0.0,0.0,
CUST002017,80,9,1059.65,3.6666666666666665,0.0,0.0,
CUST002813,67,10,931.49,3.142857142857143,0.0,0.0,
CUST002260,149,6,720.21,3.0,16.67,0.0,
CUST001263,13,6,530.6899999999999,4.666666666666667,0.0,0.0,
CUST007964,40,6,644.66,2.4,0.0,0.0,
CUST000964,54,5,408.89,2.6666666666666665,0.0,0.0,
CUST006597,13,11,1180.08,3.8333333333333335,0.0,0.0,
CUST008693,60,10,1048.77,3.5714285714285716,0.0,0.0,
CUST004232,129,6,641.14,3.8,0.0,0.0,
CUST003750,51,11,1104.36,3.5,0.0,0.0,
CUST007393,79,7,802.85,3.8,0.0,0.0,
CUST005930,14,3,269.18,3.5,0.0,0.0,
CUST005882,20,6,549.95,3.4,0.0,0.0,
CUST001994,26,8,893.71,3.2857142857142856,0.0,0.0,
CUST006201,171,7,635.97,3.6666666666666665,0.0,0.0,
CUST000521,74,5,528.98,4.0,0.0,0.0,
CUST002574,7,5,425.28999999999996,4.0,0.0,0.0,
CUST005977,2,5,432.72,2.75,0.0,0.0,
CUST007491,117,6,520.26,4.833333333333333,0.0,0.0,
CUST005636,108,5,688.31,3.5,0.0,0.0,
CUST002527,67,2,193.18,5.0,0.0,0.0,
CUST006997,45,3,263.88,2.0,33.33,0.0,
CUST006202,30,5,505.94,4.5,0.0,0.0,
CUST008426,23,10,1089.69,3.4444444444444446,0.0,0.0,
CUST001955,58,4,576.2,3.0,0.0,0.0,
CUST000474,88,10,1027.59,3.1666666666666665,0.0,0.0,
CUST003078,85,9,1097.45,3.142857142857143,0.0,0.0,
CUST000192,26,8,780.38,3.75,0.0,0.0,
CUST000910,39,5,428.83000000000004,3.0,0.0,0.0,
CUST000222,12,5,588.63,2.5,0.0,0.0,
CUST007707,39,7,768.62,2.8333333333333335,0.0,0.0,
CUST006536,32,4,356.37,4.0,0.0,0.0,
CUST007500,51,8,685.59,3.5,0.0,0.0,
CUST001978,103,7,723.58,4.0,0.0,0.0,
CUST002287,78,2,132.76,3.0,0.0,0.0,
CUST009567,18,4,381.42,3.5,0.0,0.0,
CUST001298,50,6,609.65,4.0,0.0,0.0,
CUST003804,126,5,638.52,2.6666666666666665,0.0,0.0,
CUST007910,67,8,820.86,3.4285714285714284,0.0,0.0,
CUST002440,51,6,572.59,3.0,0.0,0.0,
CUST006330,167,8,879.01,4.333333333333333,0.0,0.0,
CUST000305,50,8,749.98,4.0,0.0,0.0,
CUST002257,68,4,426.8,3.5,0.0,0.0,
CUST009477,145,2,135.69,4.5,0.0,0.0,
CUST004740,40,10,955.54,3.75,0.0,0.0,
CUST007645,82,5,414.53,4.8,0.0,0.0,
CUST000862,147,6,527.6700000000001,4.0,0.0,0.0,
CUST005590,35,4,363.49,3.6666666666666665,0.0,0.0,
CUST002961,4,5,532.18,3.8,0.0,0.0,
CUST006146,97,7,786.39,4.0,0.0,0.0,
CUST002233,64,4,391.26,3.0,25.0,0.0,
CUST008978,35,4,381.17,4.25,0.0,0.0,
CUST004985,52,4,512.21,4.666666666666667,0.0,0.0,
CUST000463,156,4,422.97,2.0,0.0,0.0,
CUST002646,34,9,898.5,3.2,0.0,0.0,
CUST009889,123,4,537.62,4.666666666666667,0.0,0.0,
CUST002847,121,5,624.1999999999999,4.5,0.0,0.0,
CUST005105,30,5,607.8199999999999,4.0,0.0,0.0,
CUST004537,43,9,983.52,4.0,0.0,0.0,
CUST006449,160,3,289.94,4.5,0.0,0.0,
CUST001936,72,4,421.34000000000003,4.0,0.0,0.0,
CUST004492,118,3,351.40999999999997,0.0,0.0,0.0,
CUST002277,71,5,416.48,4.333333333333333,0.0,0.0,
CUST004259,129,8,832.9200000000001,3.6666666666666665,0.0,0.0,
CUST004153,122,5,555.95,3.75,0.0,0.0,
CUST004149,5,6,608.81,3.5,0.0,0.0,
CUST004934,61,2,139.26,3.0,0.0,0.0,
CUST009802,69,5,594.44,2.3333333333333335,0.0,0.0,
CUST002735,4,6,444.45,4.0,16.67,0.0,
CUST009173,32,4,464.72,4.25,0.0,0.0,
CUST009912,23,5,374.43,3.5,0.0,0.0,
CUST006287,53,6,602.96,4.0,0.0,0.0,
CUST009957,86,8,852.77,3.3333333333333335,12.5,0.0,
CUST009878,17,11,1289.81,3.25,0.0,0.0,
CUST001881,69,9,954.4200000000001,4.125,0.0,0.0,
CUST009141,15,4,743.27,4.333333333333333,0.0,0.0,
CUST004310,4,7,622.66,2.6666666666666665,0.0,0.0,
CUST001351,37,5,472.56,3.0,0.0,0.0,
CUST001485,23,4,322.13,2.5,0.0,0.0,
CUST008114,62,7,551.03,4.0,0.0,0.0,
CUST008871,49,5,553.72,4.0,0.0,0.0,
CUST004445,102,7,704.31,4.142857142857143,0.0,0.0,
CUST005862,89,6,585.9,3.5,0.0,0.0,
CUST003892,24,7,621.98,3.8,0.0,0.0,
CUST009155,32,6,480.90999999999997,3.8,0.0,0.0,
CUST007194,21,5,540.14,3.75,0.0,0.0,
CUST000906,96,4,373.09000000000003,3.6666666666666665,0.0,0.0,
CUST001425,63,8,688.88,3.5714285714285716,0.0,0.0,
CUST005106,106,7,970.85,4.0,14.29,0.0,
CUST001860,21,5,620.51,3.2,0.0,0.0,
CUST001189,90,9,981.55,3.0,0.0,0.0,
CUST004338,14,5,516.6,4.2,0.0,0.0,
CUST003553,6,6,527.75,4.0,0.0,0.0,
CUST007652,29,5,688.85,4.25,0.0,0.0,
CUST002441,29,9,845.77,3.7142857142857144,0.0,0.0,
CUST006436,64,7,727.9,3.75,0.0,0.0,
CUST006630,103,7,709.99,3.8333333333333335,0.0,0.0,
CUST009483,127,13,1259.95,3.857142857142857,0.0,0.0,
CUST005060,52,9,962.35,3.8333333333333335,0.0,0.0,
CUST000998,25,4,434.33,4.0,0.0,0.0,
CUST004806,30,3,240.19,2.5,0.0,0.0,
CUST001051,3,7,590.64,3.8333333333333335,0.0,0.0,
CUST005379,27,9,897.09,4.0,0.0,0.0,
CUST008635,129,8,682.72,4.0,0.0,0.0,
CUST005600,27,8,790.29,4.25,0.0,0.0,
CUST006123,58,7,627.1,4.0,0.0,0.0,
CUST003027,169,9,673.71,4.0,0.0,0.0,
CUST004622,123,2,231.56,4.5,0.0,0.0,
CUST007757,100,11,1110.77,4.0,0.0,0.0,
CUST007227,102,2,151.11,5.0,0.0,0.0,
CUST001476,29,9,751.13,4.0,0.0,0.0,
CUST002556,101,4,323.53,4.333333333333333,0.0,0.0,
CUST000403,27,8,957.66,3.25,12.5,0.0,
CUST002890,16,4,466.62,3.3333333333333335,0.0,0.0,
CUST007185,102,5,635.54,3.0,0.0,0.0,
CUST002960,21,3,316.27,4.5,0.0,0.0,
CUST008085,99,4,408.3,3.5,0.0,0.0,
CUST008834,11,5,625.65,3.5,0.0,0.0,
CUST006371,80,3,310.05,5.0,0.0,0.0,
CUST003418,150,6,576.5699999999999,3.1666666666666665,0.0,0.0,
CUST003905,23,6,744.07,3.2,0.0,0.0,
CUST003763,99,7,632.68,3.6666666666666665,0.0,0.0,
CUST000892,10,4,348.17,5.0,0.0,0.0,
CUST002363,15,6,582.62,4.75,0.0,0.0,
CUST007965,129,6,562.12,3.8,0.0,0.0,
CUST001197,149,8,910.36,3.7142857142857144,0.0,0.0,
CUST007938,80,8,853.75,3.2,0.0,0.0,
CUST001753,128,4,315.53,3.0,0.0,0.0,
CUST009843,28,5,501.08,4.2,0.0,0.0,
CUST005843,46,7,632.24,3.6666666666666665,0.0,0.0,
CUST003033,23,6,531.22,4.2,0.0,0.0,
CUST008373,6,6,612.0699999999999,3.4,0.0,0.0,
CUST000100,49,6,472.8,3.8,0.0,0.0,
CUST001909,57,8,664.33,4.0,0.0,0.0,
CUST002511,126,6,665.25,4.0,0.0,0.0,
CUST002886,106,3,255.21,4.333333333333333,0.0,0.0,
CUST007681,99,6,624.8000000000001,3.8,0.0,0.0,
CUST000377,114,6,598.3199999999999,4.2,0.0,0.0,
CUST007225,94,4,258.82,4.0,0.0,0.0,
CUST007651,40,8,860.94,3.5714285714285716,0.0,0.0,
CUST004042,63,6,712.29,3.0,0.0,0.0,
CUST005068,1,6,514.51,3.6,0.0,0.0,
CUST006721,83,3,312.46999999999997,3.5,0.0,0.0,
CUST006250,28,5,455.93,4.5,0.0,0.0,
CUST002246,48,5,554.22,3.5,0.0,0.0,
CUST004589,82,3,225.01,4.0,0.0,0.0,
CUST009421,4,6,587.62,4.0,0.0,0.0,
CUST004551,74,7,806.48,4.2,0.0,0.0,
CUST002647,131,6,510.61,4.0,0.0,0.0,
CUST001532,116,5,513.4,4.25,0.0,0.0,
CUST008830,119,6,584.91,4.25,0.0,0.0,
CUST003989,146,4,467.91,3.6666666666666665,0.0,0.0,
CUST000945,147,2,165.37,4.5,0.0,0.0,
CUST000421,92,7,759.6,3.5,0.0,0.0,
CUST004497,70,8,861.12,3.75,0.0,0.0,
CUST001693,108,7,971.1,3.6666666666666665,0.0,0.0,
CUST005013,170,4,424.9,4.0,0.0,0.0,
CUST000725,18,10,1100.0700000000002,3.7777777777777777,0.0,0.0,
CUST001268,11,5,456.53,3.4,0.0,0.0,
CUST002771,73,3,228.42,2.0,0.0,0.0,
CUST009025,47,5,437.18,3.6666666666666665,0.0,0.0,
CUST002161,158,4,366.84,3.5,25.0,0.0,
CUST004273,48,9,889.33,3.4,0.0,0.0,
CUST005546,62,7,736.21,3.5,0.0,0.0,
CUST005137,14,3,243.56,4.0,0.0,0.0,
CUST007223,145,9,865.22,3.625,0.0,0.0,
CUST004432,79,7,567.97,2.6666666666666665,14.29,0.0,
CUST008756,50,7,922.27,3.8,0.0,0.0,
CUST000803,167,6,521.44,3.25,16.67,0.0,
CUST004329,72,8,598.58,3.5714285714285716,0.0,0.0,
CUST007556,20,7,652.35,3.3333333333333335,14.29,0.0,
CUST004159,86,6,632.72,4.0,0.0,0.0,
CUST002908,9,6,707.39,4.0,0.0,0.0,
CUST001432,129,9,881.1800000000001,3.8333333333333335,0.0,0.0,
CUST005661,11,2,173.51999999999998,4.0,0.0,0.0,
CUST006660,90,4,451.53000000000003,3.5,0.0,0.0,
CUST009658,63,7,542.85,3.857142857142857,0.0,0.0,
CUST004173,10,8,866.8199999999999,3.5,0.0,0.0,
CUST007079,9,6,455.95,3.5,0.0,0.0,
CUST001972,153,3,253.0,4.0,0.0,0.0,
CUST000604,26,5,574.78,4.0,0.0,0.0,
CUST008802,61,7,856.1800000000001,3.8,14.29,0.0,
CUST008392,99,6,647.12,3.0,0.0,0.0,
CUST004966,169,4,309.3,4.0,0.0,0.0,
CUST001834,35,6,606.16,3.75,0.0,0.0,
CUST000554,137,10,877.31,4.714285714285714,0.0,0.0,
CUST008491,90,10,1093.21,4.0,0.0,0.0,
CUST004913,153,9,855.87,3.8333333333333335,0.0,0.0,
CUST008919,68,10,953.67,3.857142857142857,0.0,0.0,
CUST005266,18,3,166.43,4.0,0.0,0.0,
CUST000928,62,5,424.71,3.3333333333333335,0.0,0.0,
CUST003612,78,5,492.38,4.333333333333333,20.0,0.0,
CUST009076,5,5,578.71,3.6666666666666665,0.0,0.0,
CUST000430,120,6,593.6,4.2,0.0,0.0,
CUST001822,25,7,749.98,3.0,0.0,0.0,
CUST009926,4,4,384.76,4.0,0.0,0.0,
CUST006204,66,6,782.08,3.4,0.0,0.0,
CUST007191,73,5,525.16,3.6666666666666665,0.0,0.0,
CUST007200,88,3,263.87,2.6666666666666665,0.0,0.0,
CUST006522,9,8,819.6,4.0,0.0,0.0,
CUST006657,99,7,780.22,4.333333333333333,0.0,0.0,
CUST009016,55,4,352.03999999999996,3.3333333333333335,0.0,0.0,
CUST002251,92,4,452.75,4.0,0.0,0.0,
CUST001048,102,4,380.1,3.0,0.0,0.0,
CUST008545,31,6,675.13,4.4,0.0,0.0,
CUST005770,74,9,808.1999999999999,4.5,0.0,0.0,
CUST006666,48,7,928.94,2.25,0.0,0.0,
CUST000219,122,6,744.19,4.0,0.0,0.0,
CUST006633,10,5,480.61,3.75,20.0,0.0,
CUST001279,5,6,489.71000000000004,3.2,0.0,0.0,
CUST000478,10,5,540.3,3.6,0.0,0.0,
CUST009180,82,6,485.09000000000003,3.0,0.0,0.0,
CUST000721,10,7,710.54,2.6,0.0,0.0,
CUST007656,32,4,465.68,3.0,0.0,0.0,
CUST008432,57,9,936.9200000000001,3.75,0.0,0.0,
CUST008869,146,6,842.04,3.0,16.67,0.0,
CUST007749,4,6,469.54,4.0,0.0,0.0,
CUST006229,6,8,914.05,4.571428571428571,0.0,0.0,
CUST000557,88,4,344.9,4.333333333333333,0.0,0.0,
CUST007919,4,4,403.23,3.75,0.0,0.0,
CUST005851,112,9,924.95,3.4,0.0,0.0,
CUST004931,111,4,333.2,4.0,0.0,0.0,
CUST002276,6,4,370.3,4.0,0.0,0.0,
CUST009875,47,3,286.67,4.0,0.0,0.0,
CUST000273,17,8,775.5,3.8,0.0,0.0,
CUST004596,140,4,310.40999999999997,3.0,0.0,0.0,
CUST008479,118,5,531.4300000000001,4.333333333333333,0.0,0.0,
CUST003650,73,5,436.32,3.5,0.0,0.0,
CUST009452,22,3,215.29000000000002,3.5,0.0,0.0,
CUST008682,69,4,380.13,2.5,0.0,0.0,
CUST006145,16,5,474.43,4.0,0.0,0.0,
CUST009732,10,7,595.16,4.25,0.0,0.0,
CUST008515,79,6,618.9200000000001,3.6666666666666665,0.0,0.0,
CUST007127,89,8,1109.1,3.5,0.0,0.0,
CUST003701,28,5,655.5,3.6666666666666665,0.0,0.0,
CUST000263,138,4,457.38000000000005,4.0,0.0,0.0,
CUST009963,2,3,278.12,4.0,0.0,0.0,
CUST003331,1,7,580.95,2.6666666666666665,0.0,0.0,
CUST004409,35,7,752.39,4.166666666666667,0.0,0.0,
CUST000662,107,8,709.9300000000001,3.25,0.0,0.0,
CUST001168,45,2,185.09,3.0,0.0,0.0,
CUST009203,124,6,627.15,4.0,0.0,0.0,
CUST004008,146,4,374.63,4.0,0.0,0.0,
CUST005048,7,6,603.9,3.6666666666666665,0.0,0.0,
CUST007813,50,4,456.83,4.0,0.0,0.0,
CUST004698,5,4,443.98,4.5,0.0,0.0,
CUST004048,81,5,561.0500000000001,4.333333333333333,0.0,0.0,
CUST001594,46,7,883.6700000000001,4.2,0.0,0.0,
CUST002163,81,11,1251.82,3.6666666666666665,9.09,0.0,
CUST002518,30,10,1008.51,4.166666666666667,0.0,0.0,
CUST009256,86,4,560.03,4.0,0.0,0.0,
CUST004211,156,6,702.99,4.0,0.0,0.0,
CUST001874,30,6,747.0,3.6666666666666665,0.0,0.0,
CUST006007,11,8,806.41,4.0,0.0,0.0,
CUST003920,75,9,951.49,4.142857142857143,0.0,0.0,
CUST003938,70,5,605.15,4.0,0.0,0.0,
CUST006510,41,8,775.07,4.0,0.0,0.0,
CUST001744,150,1,118.72,5.0,0.0,0.0,
CUST001865,122,4,482.23,3.75,0.0,0.0,
CUST002095,14,8,771.28,4.428571428571429,0.0,0.0,
CUST008595,172,4,319.09,5.0,0.0,0.0,
CUST002918,134,2,199.41,3.0,50.0,0.0,
CUST006324,98,6,591.2,3.8,0.0,0.0,
CUST001518,114,6,576.78,3.3333333333333335,0.0,0.0,
CUST009938,9,2,181.93,5.0,0.0,0.0,
CUST000641,56,9,744.73,3.857142857142857,0.0,0.0,
CUST009399,16,7,733.52,4.333333333333333,0.0,0.0,
CUST008197,21,8,972.4300000000001,3.0,12.5,0.0,
CUST008010,51,5,486.6,4.6,0.0,0.0,
CUST007063,18,10,879.81,4.0,0.0,0.0,
CUST007607,76,8,1071.84,3.3333333333333335,0.0,0.0,
CUST007162,44,9,894.12,3.5,0.0,0.0,
CUST003727,111,3,323.71,4.5,0.0,0.0,
CUST001765,60,3,343.83,4.333333333333333,0.0,0.0,
CUST006370,139,4,310.84000000000003,3.5,0.0,0.0,
CUST007787,121,4,439.08,5.0,0.0,0.0,
CUST006981,44,7,861.6600000000001,3.0,14.29,0.0,
CUST004654,4,5,485.94,4.0,0.0,0.0,
CUST003333,57,5,659.24,3.6666666666666665,0.0,0.0,
CUST009952,11,12,1261.01,3.875,0.0,0.0,
CUST005285,5,8,1061.83,4.0,12.5,0.0,
CUST004457,11,6,645.64,4.25,0.0,0.0,
CUST001225,35,7,795.74,3.75,0.0,0.0,
CUST001009,30,6,581.26,4.2,0.0,0.0,
CUST001144,75,7,767.4,3.6,0.0,0.0,
CUST006489,43,5,504.59000000000003,3.6666666666666665,0.0,0.0,
CUST003415,64,7,724.37,3.4,0.0,0.0,
CUST002999,162,6,649.9,4.333333333333333,0.0,0.0,
CUST001002,104,6,656.2,4.0,0.0,0.0,
CUST003994,139,4,396.53,3.75,0.0,0.0,
CUST001135,37,8,664.7900000000001,4.0,0.0,0.0,
CUST009079,24,4,345.14,4.25,0.0,0.0,
CUST007095,86,5,513.71,3.75,0.0,0.0,
CUST004810,174,5,389.95000000000005,3.75,0.0,0.0,
CUST007913,24,8,844.1,4.2,0.0,0.0,
CUST008256,87,8,788.8199999999999,4.166666666666667,12.5,0.0,
CUST001780,34,9,925.74,3.375,0.0,0.0,
CUST001226,145,5,578.83,2.3333333333333335,60.0,0.0,
CUST002559,19,5,506.7,4.666666666666667,0.0,0.0,
CUST002937,12,8,1102.8899999999999,4.0,0.0,0.0,
CUST000504,118,5,532.66,4.25,0.0,0.0,
CUST000184,133,5,519.64,3.6666666666666665,0.0,0.0,
CUST007312,55,8,618.05,3.7142857142857144,0.0,0.0,
CUST001330,1,3,318.28000000000003,4.5,0.0,0.0,
CUST009192,102,6,622.56,4.0,0.0,0.0,
CUST009244,76,8,730.8,4.0,0.0,0.0,
CUST005643,93,7,644.12,3.75,0.0,0.0,
CUST008740,109,8,725.3,4.333333333333333,0.0,0.0,
CUST003877,54,6,653.41,4.0,0.0,0.0,
CUST009713,14,4,432.58,4.666666666666667,0.0,0.0,
CUST002955,20,7,668.45,4.0,14.29,0.0,
CUST008260,23,3,382.19000000000005,3.3333333333333335,0.0,0.0,
CUST006052,58,9,790.32,4.0,0.0,0.0,
CUST004828,29,7,660.38,3.7142857142857144,0.0,0.0,
CUST000590,81,6,672.47,4.5,0.0,0.0,
CUST002587,7,8,877.5699999999999,4.142857142857143,0.0,0.0,
CUST008234,47,8,792.3,4.666666666666667,0.0,0.0,
CUST007896,11,5,363.01,2.5,0.0,0.0,
CUST000098,131,5,556.65,4.25,0.0,0.0,
CUST009318,148,3,290.71000000000004,4.5,0.0,0.0,
CUST001415,7,5,405.34,3.0,20.0,0.0,
CUST007598,74,7,573.84,3.6,0.0,0.0,
CUST006174,173,2,139.51,4.5,0.0,0.0,
CUST003811,122,5,387.25,4.0,0.0,0.0,
CUST001203,102,6,499.64,4.333333333333333,0.0,0.0,
CUST008612,20,5,739.94,4.0,0.0,0.0,
CUST008465,69,8,781.88,3.857142857142857,0.0,0.0,
CUST006620,7,10,955.51,3.142857142857143,0.0,0.0,
CUST009556,120,7,707.79,3.6666666666666665,0.0,0.0,
CUST009494,6,7,798.44,3.6666666666666665,0.0,0.0,
CUST007639,60,7,797.1999999999999,3.6,0.0,0.0,
CUST004091,20,7,684.72,3.8333333333333335,14.29,0.0,
CUST002252,102,2,168.7,4.5,0.0,0.0,
CUST008000,52,5,410.29,2.3333333333333335,0.0,0.0,
CUST000707,146,3,157.26999999999998,4.5,0.0,0.0,
CUST009944,89,7,815.3199999999999,3.3333333333333335,0.0,0.0,
CUST004636,31,5,386.63,3.8,0.0,0.0,
CUST009428,37,5,442.42999999999995,4.333333333333333,0.0,0.0,
CUST002354,65,9,850.17,3.857142857142857,0.0,0.0,
CUST006795,42,6,470.69,4.0,0.0,0.0,
CUST005433,9,4,372.75,3.3333333333333335,0.0,0.0,
CUST008926,99,6,531.99,4.333333333333333,0.0,0.0,
CUST009112,35,4,442.41999999999996,3.0,0.0,0.0,
CUST006931,97,5,435.9,3.0,0.0,0.0,
CUST007564,64,6,686.3,3.25,0.0,0.0,
CUST002005,53,8,790.02,3.6666666666666665,0.0,0.0,
CUST000493,19,6,821.61,2.6666666666666665,0.0,0.0,
CUST005161,89,4,497.19,5.0,25.0,0.0,
CUST006412,128,4,488.71000000000004,3.0,0.0,0.0,
CUST009974,144,5,327.94,3.3333333333333335,0.0,0.0,
CUST003433,146,7,644.88,3.0,0.0,0.0,
CUST009294,40,7,807.0600000000001,3.0,14.29,0.0,
CUST007416,21,8,780.4399999999999,3.75,0.0,0.0,
CUST007601,115,8,765.57,4.428571428571429,0.0,0.0,
CUST008253,27,5,461.32,4.0,0.0,0.0,
CUST007865,111,5,492.25,2.5,0.0,0.0,
CUST009369,70,8,773.87,4.142857142857143,0.0,0.0,
CUST002797,48,3,318.76,3.6666666666666665,0.0,0.0,
CUST003241,91,8,807.63,4.375,0.0,0.0,
CUST005047,9,5,473.90999999999997,3.0,20.0,0.0,
CUST003847,49,2,206.48000000000002,3.0,0.0,0.0,
CUST002202,111,5,595.74,3.75,0.0,0.0,
CUST008859,30,5,468.75,3.3333333333333335,0.0,0.0,
CUST001449,124,10,1000.0,4.111111111111111,0.0,0.0,
CUST005776,50,7,894.96,4.0,0.0,0.0,
CUST009967,29,4,576.0,4.0,0.0,0.0,
CUST005262,41,7,744.22,4.0,0.0,0.0,
CUST005641,119,4,644.67,3.0,0.0,0.0,
CUST007704,51,5,510.52,4.5,0.0,0.0,
CUST001459,26,4,388.1,4.0,0.0,0.0,
CUST007389,154,5,444.09999999999997,3.5,0.0,0.0,
CUST003567,44,6,657.5,3.5,16.67,0.0,
CUST005438,6,6,549.21,3.3333333333333335,0.0,0.0,
CUST002803,2,3,328.23,5.0,0.0,0.0,
CUST000816,9,5,477.53000000000003,4.666666666666667,0.0,0.0,
CUST000232,171,5,454.94,4.0,0.0,0.0,
CUST000026,92,8,945.12,3.8,0.0,0.0,
CUST009784,43,5,537.0,4.0,0.0,0.0,
CUST002548,47,5,675.0699999999999,4.0,20.0,0.0,
CUST001878,124,6,563.35,3.75,16.67,0.0,
CUST007330,70,6,521.5899999999999,3.75,0.0,0.0,
CUST003781,94,6,564.13,3.2,0.0,0.0,
CUST001411,60,6,549.71,3.0,0.0,0.0,
CUST008555,44,6,588.97,4.75,0.0,0.0,
CUST002879,142,3,303.2,3.5,0.0,0.0,
CUST002651,26,5,593.82,3.6666666666666665,0.0,0.0,
CUST001993,69,2,386.32,3.5,0.0,0.0,
CUST004793,5,7,691.49,4.0,0.0,0.0,
CUST000864,62,10,1001.59,4.142857142857143,0.0,0.0,
CUST000088,3,5,412.07,4.666666666666667,0.0,0.0,
CUST005516,5,9,776.4,2.75,0.0,0.0,
CUST007641,76,10,932.34,3.142857142857143,0.0,0.0,
CUST002675,33,6,737.4,3.5,0.0,0.0,
CUST002268,127,8,720.69,4.0,0.0,0.0,
CUST009797,41,7,796.91,4.0,0.0,0.0,
CUST009847,28,8,786.9200000000001,3.5714285714285716,0.0,0.0,
CUST002970,15,6,467.16,3.6666666666666665,0.0,0.0,
CUST007329,87,4,488.61,4.5,0.0,0.0,
CUST005605,17,6,580.68,4.0,0.0,0.0,
CUST005954,17,4,409.34,3.3333333333333335,0.0,0.0,
CUST005434,11,6,659.03,3.8,0.0,0.0,
CUST009539,70,5,484.68,5.0,0.0,0.0,
CUST005117,71,7,520.16,3.6,0.0,0.0,
CUST004980,23,3,251.51,3.3333333333333335,0.0,0.0,
CUST003525,45,5,509.66999999999996,3.2,0.0,0.0,
CUST004832,156,9,799.31,4.142857142857143,0.0,0.0,
CUST007887,66,6,584.31,4.666666666666667,0.0,0.0,
CUST004652,34,6,550.65,4.0,0.0,0.0,
CUST006714,53,3,257.11,3.0,0.0,0.0,
CUST005183,134,6,742.19,3.0,0.0,0.0,
CUST004238,13,7,471.98,3.75,0.0,0.0,
CUST001918,5,5,439.55,3.4,20.0,0.0,
CUST002120,90,5,696.83,3.0,0.0,0.0,
CUST000618,120,6,563.22,4.166666666666667,0.0,0.0,
CUST007528,76,4,437.98,3.6666666666666665,25.0,0.0,
CUST001085,33,3,285.7,2.6666666666666665,0.0,0.0,
CUST009750,53,4,441.71000000000004,4.5,0.0,0.0,
CUST003171,26,8,724.37,2.5,0.0,0.0,
CUST003377,44,6,547.45,3.4,0.0,0.0,
CUST003601,32,6,762.6500000000001,3.5,0.0,0.0,
CUST004791,27,10,1006.3299999999999,3.5714285714285716,0.0,0.0,
CUST003925,125,6,729.06,4.0,0.0,0.0,
CUST008939,67,6,540.84,4.75,0.0,0.0,
CUST009790,155,5,425.78,4.6,0.0,0.0,
CUST003879,28,5,443.33,4.333333333333333,0.0,0.0,
CUST005868,56,4,370.57,4.25,0.0,0.0,
CUST007391,90,5,478.99,4.0,0.0,0.0,
CUST001992,120,7,628.49,4.0,0.0,0.0,
CUST005319,94,6,695.91,3.8,0.0,0.0,
CUST008390,60,5,647.47,2.6666666666666665,0.0,0.0,
CUST004555,10,9,709.45,3.5714285714285716,0.0,0.0,
CUST003851,8,6,472.33000000000004,2.75,0.0,0.0,
CUST004690,64,3,378.39000000000004,4.5,0.0,0.0,
CUST005147,60,5,577.46,4.75,0.0,0.0,
CUST004391,27,4,354.4,4.25,0.0,0.0,
CUST009146,66,4,407.22,4.0,0.0,0.0,
CUST009070,46,5,621.86,2.75,20.0,0.0,
CUST005993,42,9,967.23,3.3333333333333335,11.11,0.0,
CUST008943,62,8,702.46,3.25,0.0,0.0,
CUST004351,8,7,790.89,4.5,14.29,0.0,
CUST003239,66,9,888.79,3.8333333333333335,11.11,0.0,
CUST009000,105,6,629.9300000000001,3.4,33.33,0.0,
CUST005058,10,9,898.77,3.0,0.0,0.0,
CUST000299,66,4,375.55,3.75,0.0,0.0,
CUST001426,51,7,827.23,4.0,0.0,0.0,
CUST005426,2,1,124.04,0.0,0.0,0.0,
CUST001975,53,7,730.9300000000001,3.1666666666666665,0.0,0.0,
CUST009429,12,4,568.21,3.25,0.0,0.0,
CUST000442,4,11,1179.49,3.888888888888889,0.0,0.0,
CUST007833,113,5,419.55,3.25,0.0,0.0,
CUST007328,15,6,634.22,3.6,0.0,0.0,
CUST009505,113,7,580.56,3.2,0.0,0.0,
CUST003272,32,7,717.43,4.142857142857143,0.0,0.0,
CUST000711,50,8,812.48,3.5,0.0,0.0,
CUST009818,1,9,884.3,4.0,0.0,0.0,
CUST002861,50,7,801.3199999999999,4.4,0.0,0.0,
CUST000833,63,5,600.22,3.6666666666666665,0.0,0.0,
CUST009946,135,6,435.94,3.0,0.0,0.0,
CUST004515,108,3,254.35000000000002,4.666666666666667,0.0,0.0,
CUST004762,57,6,615.29,3.6666666666666665,0.0,0.0,
CUST002663,6,6,584.27,3.3333333333333335,0.0,0.0,
CUST000759,38,4,317.15,4.666666666666667,0.0,0.0,
CUST004027,41,6,544.77,3.4,0.0,0.0,
CUST000261,46,4,474.99,3.75,0.0,0.0,
CUST001764,33,5,395.79999999999995,3.75,0.0,0.0,
CUST003435,42,4,413.92,3.0,0.0,0.0,
CUST000154,6,8,736.5,4.0,12.5,0.0,
CUST002210,146,6,586.69,4.166666666666667,0.0,0.0,
CUST009312,127,7,743.18,3.75,0.0,0.0,
CUST003456,72,7,733.4399999999999,3.0,0.0,0.0,
CUST004947,4,8,788.3199999999999,3.0,25.0,0.0,
CUST003808,122,4,306.83,4.0,0.0,0.0,
CUST009708,67,4,384.76,3.75,0.0,0.0,
CUST001526,87,4,528.92,2.6666666666666665,25.0,0.0,
CUST001042,83,5,581.24,4.666666666666667,0.0,0.0,
CUST000138,30,7,676.4499999999999,3.6666666666666665,0.0,0.0,
CUST007486,8,5,490.01,3.6666666666666665,0.0,0.0,
CUST007438,127,6,559.86,3.8,0.0,0.0,
CUST003116,120,4,543.75,2.6666666666666665,0.0,0.0,
CUST002882,20,7,759.15,3.2,0.0,0.0,
CUST006840,65,9,936.5500000000001,4.0,0.0,0.0,
CUST001062,51,5,484.38,3.6666666666666665,0.0,0.0,
CUST003495,160,3,383.17,4.0,0.0,0.0,
CUST004920,77,5,382.81,3.5,0.0,0.0,
CUST003084,120,4,373.98,3.0,0.0,0.0,
CUST007247,90,3,254.73,3.5,0.0,0.0,
CUST007004,17,2,139.0,4.0,0.0,0.0,
CUST008144,84,9,975.14,2.6666666666666665,11.11,0.0,
CUST004461,95,8,859.8299999999999,3.375,0.0,0.0,
CUST006836,88,3,309.68,4.0,0.0,0.0,
CUST004004,43,3,255.57,3.5,0.0,0.0,
CUST001933,67,10,965.88,4.0,0.0,0.0,
CUST004377,5,8,983.1,4.571428571428571,0.0,0.0,
CUST008015,68,6,620.8,4.0,0.0,0.0,
CUST002707,39,7,667.56,4.0,0.0,0.0,
CUST000585,84,12,1104.63,3.5,0.0,0.0,
CUST009586,113,7,900.64,3.5,0.0,0.0,
CUST005629,16,7,792.77,3.1666666666666665,0.0,0.0,
CUST003150,144,7,792.09,4.333333333333333,0.0,0.0,
CUST005503,119,6,628.6700000000001,3.8,0.0,0.0,
CUST007689,78,6,633.03,3.25,0.0,0.0,
CUST004251,88,9,821.17,4.2,0.0,0.0,
CUST006265,42,7,584.19,3.8333333333333335,0.0,0.0,
CUST008567,12,9,953.97,3.5714285714285716,0.0,0.0,
CUST002350,44,6,621.9599999999999,4.75,0.0,0.0,
CUST000613,8,6,392.36,3.25,0.0,0.0,
CUST004180,135,6,706.69,3.8,0.0,0.0,
CUST003685,26,6,626.84,3.4,16.67,0.0,
CUST001420,62,3,217.75,3.0,33.33,0.0,
CUST008359,34,11,1206.95,3.75,0.0,0.0,
CUST009281,21,2,190.71,4.0,0.0,0.0,
CUST004725,28,8,763.15,3.0,12.5,0.0,
CUST005920,1,6,517.89,3.6666666666666665,0.0,0.0,
CUST001983,151,8,767.32,3.75,0.0,0.0,
CUST009280,91,6,454.05,3.6666666666666665,16.67,0.0,
CUST006140,11,3,262.87,4.5,0.0,0.0,
CUST007347,27,10,1017.38,3.6,0.0,0.0,
CUST001924,97,4,282.46000000000004,4.0,0.0,0.0,
CUST000105,26,10,1202.24,3.625,0.0,0.0,
CUST002522,82,4,542.8299999999999,2.3333333333333335,0.0,0.0,
CUST001059,145,4,313.3,4.25,0.0,0.0,
CUST003296,100,5,574.95,4.0,0.0,0.0,
CUST002098,39,4,360.89,4.5,0.0,0.0,
CUST008033,41,2,132.44,4.5,0.0,0.0,
CUST004673,146,4,374.29,3.0,0.0,0.0,
CUST002877,12,8,832.04,4.6,0.0,0.0,
CUST005673,53,10,1065.51,4.6,0.0,0.0,
CUST008896,117,4,557.64,2.25,25.0,0.0,
CUST008564,24,7,775.59,3.8333333333333335,0.0,0.0,
CUST006093,24,11,1181.41,3.7142857142857144,0.0,0.0,
CUST006848,32,5,460.34000000000003,3.6666666666666665,0.0,0.0,
CUST009466,140,4,423.8,4.0,0.0,0.0,
CUST006446,142,4,429.23,2.0,0.0,0.0,
CUST008347,62,3,239.22,4.0,0.0,0.0,
CUST006658,82,7,881.84,3.142857142857143,0.0,0.0,
CUST007257,161,4,371.46000000000004,3.0,0.0,0.0,
CUST003125,52,6,618.25,4.0,0.0,0.0,
CUST004748,73,3,315.59000000000003,0.0,0.0,0.0,
CUST001155,42,4,360.01,4.0,0.0,0.0,
CUST007016,137,4,379.3,4.5,0.0,0.0,
CUST001394,99,6,608.13,3.0,0.0,0.0,
CUST008880,135,10,851.2,2.6666666666666665,10.0,0.0,
CUST009881,3,7,953.39,3.6666666666666665,0.0,0.0,
CUST003652,38,5,544.99,4.5,0.0,0.0,
CUST009290,110,9,975.9499999999999,4.0,0.0,0.0,
CUST005644,36,7,680.7,4.2,0.0,0.0,
CUST009860,67,9,811.5799999999999,4.333333333333333,0.0,0.0,
CUST006603,2,4,434.01,4.0,25.0,0.0,
CUST007044,134,5,442.39,3.6666666666666665,0.0,0.0,
CUST007791,20,3,325.88,4.0,0.0,0.0,
CUST006788,60,5,419.37,4.25,0.0,0.0,
CUST000713,127,2,186.18,4.5,0.0,0.0,
CUST001792,42,4,293.99,4.0,0.0,0.0,
CUST004973,78,3,424.5,5.0,0.0,0.0,
CUST007087,18,5,507.71000000000004,3.0,0.0,0.0,
CUST000702,3,4,482.36,4.0,0.0,0.0,
CUST007818,14,5,524.15,3.3333333333333335,0.0,0.0,
CUST001748,54,7,709.31,4.166666666666667,0.0,0.0,
CUST002667,174,6,557.89,2.6666666666666665,0.0,0.0,
CUST008176,163,5,429.4,3.5,0.0,0.0,
CUST008628,161,6,475.41999999999996,3.0,0.0,0.0,
CUST009970,86,9,879.31,3.4,0.0,0.0,
CUST009955,44,7,698.2,3.2,14.29,0.0,
CUST007305,58,6,614.96,3.75,16.67,0.0,
CUST009517,155,7,695.46,4.5,0.0,0.0,
CUST003660,30,7,578.48,3.8333333333333335,0.0,0.0,
CUST002900,5,6,541.22,3.6666666666666665,0.0,0.0,
CUST006622,44,5,433.84000000000003,3.5,0.0,0.0,
CUST000880,5,4,595.81,4.25,0.0,0.0,
CUST000755,138,3,283.21000000000004,4.666666666666667,0.0,0.0,
CUST008571,5,8,730.54,3.5714285714285716,0.0,0.0,
CUST009330,23,3,290.83,5.0,0.0,0.0,
CUST007411,42,6,604.0699999999999,3.6666666666666665,0.0,0.0,
CUST008976,13,4,369.08,4.0,0.0,0.0,
CUST000393,75,2,254.51999999999998,4.0,0.0,0.0,
CUST006289,11,8,826.71,3.7142857142857144,0.0,0.0,
CUST003758,52,6,579.54,4.0,0.0,0.0,
CUST003628,64,6,823.25,3.5,0.0,0.0,
CUST003657,6,8,759.2,3.6666666666666665,0.0,0.0,
CUST002740,39,7,708.95,4.4,0.0,0.0,
CUST004337,43,10,1202.69,3.125,10.0,0.0,
CUST009106,105,6,502.5,4.0,0.0,0.0,
CUST002483,121,6,682.58,3.4,0.0,0.0,
CUST004450,18,6,797.22,3.6666666666666665,0.0,0.0,
CUST007826,10,4,349.47,3.6666666666666665,0.0,0.0,
CUST004613,27,5,545.6800000000001,4.25,0.0,0.0,
CUST005128,31,6,538.37,4.333333333333333,0.0,0.0,
CUST000741,83,7,732.71,3.1666666666666665,0.0,0.0,
CUST009036,15,7,673.1,3.0,0.0,0.0,
CUST003624,3,6,565.62,4.0,0.0,0.0,
CUST005342,68,6,569.63,3.5,0.0,0.0,
CUST000467,95,7,677.66,4.2,0.0,0.0,
CUST006455,10,10,830.62,3.5714285714285716,10.0,0.0,
CUST007280,43,8,852.04,3.3333333333333335,0.0,0.0,
CUST007445,147,6,630.67,3.0,0.0,0.0,
CUST006085,158,6,579.29,3.0,0.0,0.0,
CUST008361,105,7,776.02,3.0,0.0,0.0,
CUST007916,54,7,504.31,3.25,0.0,0.0,
CUST008536,135,5,489.01,5.0,0.0,0.0,
CUST005901,160,3,252.26,4.0,0.0,0.0,
CUST005757,88,5,408.19,3.3333333333333335,0.0,0.0,
CUST007085,89,6,655.05,4.0,16.67,0.0,
CUST000093,23,6,737.32,4.0,0.0,0.0,
CUST008509,164,2,194.6,2.0,0.0,0.0,
CUST002710,35,5,525.23,4.0,0.0,0.0,
CUST008874,26,3,281.88,3.0,0.0,0.0,
CUST000992,39,10,1105.6399999999999,4.142857142857143,0.0,0.0,
CUST000509,46,7,711.3,3.25,0.0,0.0,
CUST006088,36,5,558.51,4.0,0.0,0.0,
CUST009359,130,4,449.43,4.666666666666667,0.0,0.0,
CUST002156,164,4,415.11,3.0,0.0,0.0,
CUST004085,31,5,511.19,3.5,0.0,0.0,
CUST000402,83,5,477.72,3.3333333333333335,0.0,0.0,
CUST007465,46,6,613.28,3.5,0.0,0.0,
CUST003328,84,5,460.54,4.0,20.0,0.0,
CUST001782,67,6,572.2,3.0,0.0,0.0,
CUST005637,106,13,1440.66,3.3333333333333335,0.0,0.0,
CUST004087,55,6,623.03,4.333333333333333,0.0,0.0,
CUST004915,28,6,633.65,3.25,0.0,0.0,
CUST006475,122,7,618.01,4.0,0.0,0.0,
CUST005258,16,5,527.65,2.5,20.0,0.0,
CUST004171,19,7,553.58,3.75,0.0,0.0,
CUST007773,17,7,861.37,3.5,0.0,0.0,
CUST008798,43,9,963.2,2.8,0.0,0.0,
CUST008795,121,2,201.23000000000002,4.0,0.0,0.0,
CUST000684,19,6,493.25,4.4,0.0,0.0,
CUST002375,15,6,672.21,3.3333333333333335,0.0,0.0,
CUST003807,149,2,250.57999999999998,4.0,0.0,0.0,
CUST009357,75,2,140.88,3.0,0.0,0.0,
CUST007482,105,5,520.26,4.0,0.0,0.0,
CUST003827,15,6,519.74,3.6666666666666665,0.0,0.0,
CUST009639,179,4,380.81,4.5,0.0,0.0,
CUST001435,32,7,615.57,3.0,0.0,0.0,
CUST002993,57,7,710.3,3.5,0.0,0.0,
CUST000511,15,6,606.4200000000001,3.25,0.0,0.0,
CUST001370,113,6,495.53000000000003,3.75,0.0,0.0,
CUST006092,52,5,515.37,2.6666666666666665,0.0,0.0,
CUST005651,102,7,556.85,3.8333333333333335,0.0,0.0,
CUST003903,2,6,672.71,3.75,0.0,0.0,
CUST005733,89,6,498.53,4.4,0.0,0.0,
CUST002339,34,5,365.88,3.3333333333333335,0.0,0.0,
CUST000272,3,7,580.8,3.0,0.0,0.0,
CUST007961,61,7,602.31,4.666666666666667,0.0,0.0,
CUST001239,94,7,685.37,4.25,0.0,0.0,
CUST002395,40,7,794.4300000000001,4.4,0.0,0.0,
CUST000962,58,8,778.76,3.8333333333333335,0.0,0.0,
CUST002817,20,6,588.78,4.0,0.0,0.0,
CUST007768,6,7,648.71,4.0,0.0,0.0,
CUST009229,105,7,708.38,3.0,14.29,0.0,
CUST005580,83,3,324.43,5.0,0.0,0.0,
CUST000742,129,5,474.9,4.5,0.0,0.0,
CUST003386,124,6,721.52,4.25,0.0,0.0,
CUST000336,86,6,622.53,4.0,0.0,0.0,
CUST009699,86,4,403.74,3.6666666666666665,0.0,0.0,
CUST002056,42,6,716.29,3.25,16.67,0.0,
CUST007092,106,5,540.9,3.8,0.0,0.0,
CUST003821,131,3,245.2,4.0,0.0,0.0,
CUST007186,100,8,938.9200000000001,3.4,0.0,0.0,
CUST006808,90,2,200.64,3.0,0.0,0.0,
CUST007744,22,6,654.52,4.6,0.0,0.0,
CUST003176,2,8,953.01,3.5,0.0,0.0,
CUST002617,106,5,406.3,2.0,0.0,0.0,
CUST005232,37,5,604.8199999999999,4.0,0.0,0.0,
CUST000362,48,6,670.69,2.8,0.0,0.0,
CUST002379,25,5,542.14,4.0,20.0,0.0,
CUST001347,51,4,409.46,4.0,0.0,0.0,
CUST009338,151,6,612.2,4.25,0.0,0.0,
CUST006097,5,7,707.75,2.75,0.0,0.0,
CUST008520,67,5,447.41999999999996,4.4,0.0,0.0,
CUST008837,119,7,626.29,4.0,0.0,0.0,
CUST000003,97,5,560.46,4.4,0.0,0.0,
CUST002858,106,5,461.69,3.6666666666666665,0.0,0.0,
CUST007507,45,7,903.97,3.8,0.0,0.0,
CUST004621,127,3,413.87,4.0,0.0,0.0,
CUST009012,5,6,501.74,3.0,0.0,0.0,
CUST003491,24,9,1000.97,4.25,0.0,0.0,
CUST000761,66,3,267.39,2.0,0.0,0.0,
CUST006345,138,4,411.24,4.666666666666667,0.0,0.0,
CUST009916,26,6,686.3,2.6666666666666665,0.0,0.0,
CUST001917,151,3,311.74,4.333333333333333,0.0,0.0,
CUST005523,9,4,462.37,3.3333333333333335,0.0,0.0,
CUST008061,3,5,406.11,2.0,0.0,0.0,
CUST001911,42,10,993.9799999999999,3.8,0.0,0.0,
CUST002344,42,7,609.09,3.8,0.0,0.0,
CUST001513,31,7,767.87,3.6666666666666665,0.0,0.0,
CUST007114,120,3,348.02,4.0,0.0,0.0,
CUST008314,57,6,514.15,4.25,0.0,0.0,
CUST007125,8,10,1033.1100000000001,4.0,0.0,0.0,
CUST007003,152,6,579.42,3.4,0.0,0.0,
CUST003470,107,7,804.38,3.6666666666666665,0.0,0.0,
CUST005061,12,7,611.78,4.333333333333333,0.0,0.0,
CUST007945,113,5,537.72,4.333333333333333,20.0,0.0,
CUST001447,110,9,876.39,3.857142857142857,0.0,0.0,
CUST006617,58,7,642.04,3.3333333333333335,0.0,0.0,
CUST000952,89,5,422.05,3.6,0.0,0.0,
CUST000718,2,6,706.59,3.75,0.0,0.0,
CUST009341,111,10,999.8399999999999,3.857142857142857,0.0,0.0,
CUST009935,18,7,937.49,3.75,0.0,0.0,
CUST001081,19,8,663.97,3.0,0.0,0.0,
CUST003166,59,7,772.02,3.8333333333333335,0.0,0.0,
CUST005976,77,8,843.74,3.4,0.0,0.0,
CUST007098,91,3,401.44,0.0,0.0,0.0,
CUST005792,125,9,1042.71,3.3333333333333335,0.0,0.0,
CUST000058,10,8,745.51,4.285714285714286,12.5,0.0,
CUST004679,48,6,526.14,3.6666666666666665,0.0,0.0,
CUST002083,32,7,835.6600000000001,2.6,0.0,0.0,
CUST005059,79,5,509.98,3.6666666666666665,0.0,0.0,
CUST002840,25,6,513.69,2.75,0.0,0.0,
CUST002610,84,5,388.65,3.75,0.0,0.0,
CUST000904,36,4,461.83,4.0,0.0,0.0,
CUST003492,39,5,528.55,3.75,0.0,0.0,
CUST009062,30,7,650.92,3.8333333333333335,0.0,0.0,
CUST004033,21,5,592.31,2.5,0.0,0.0,
CUST000907,43,7,507.13,3.4285714285714284,0.0,0.0,
CUST003134,7,5,561.31,4.666666666666667,20.0,0.0,
CUST005596,36,8,681.8199999999999,4.0,0.0,0.0,
CUST007029,75,7,795.37,4.0,0.0,0.0,
CUST008949,9,3,351.24,4.0,0.0,0.0,
CUST002973,48,9,1049.79,3.5714285714285716,0.0,0.0,
CUST002653,18,9,908.98,3.142857142857143,0.0,0.0,
CUST000783,162,3,271.68,3.5,0.0,0.0,
CUST004962,60,10,981.02,4.4,0.0,0.0,
CUST003189,80,6,650.58,3.0,0.0,0.0,
CUST001126,45,6,668.88,3.6666666666666665,16.67,0.0,
CUST004971,53,5,518.58,3.3333333333333335,0.0,0.0,
CUST004967,38,8,746.7,3.3333333333333335,0.0,0.0,
CUST009358,2,5,467.91999999999996,4.0,0.0,0.0,
CUST002022,86,6,853.14,4.0,0.0,0.0,
CUST003607,140,6,536.62,4.5,0.0,0.0,
CUST003266,47,6,533.29,2.5,0.0,0.0,
CUST009998,67,3,271.53,3.5,0.0,0.0,
CUST002241,112,4,373.96000000000004,4.0,0.0,0.0,
CUST002940,17,4,509.5,4.0,0.0,0.0,
CUST006563,141,10,1080.29,3.888888888888889,10.0,0.0,
CUST001465,36,7,698.87,3.5,0.0,0.0,
CUST006594,156,4,427.64,2.75,0.0,0.0,
CUST000289,70,4,457.4,4.0,0.0,0.0,
CUST001118,44,8,858.39,4.0,0.0,0.0,
CUST003509,44,8,626.28,3.4285714285714284,0.0,0.0,
CUST009145,153,2,239.76,3.0,0.0,0.0,
CUST009502,7,7,644.83,4.0,0.0,0.0,
CUST007001,50,6,500.38,4.0,0.0,0.0,
CUST009352,46,6,515.24,4.0,0.0,0.0,
CUST004218,11,6,549.85,3.6,16.67,0.0,
CUST006376,60,6,648.22,2.6,0.0,0.0,
CUST002301,93,6,738.02,4.2,0.0,0.0,
CUST001177,77,9,954.56,3.8333333333333335,11.11,0.0,
CUST000649,94,7,838.06,4.166666666666667,14.29,0.0,
CUST002776,59,7,801.99,3.5,0.0,0.0,
CUST004189,5,9,1026.17,3.6666666666666665,0.0,0.0,
CUST001334,69,10,939.73,4.2,0.0,0.0,
CUST004016,72,5,582.06,4.0,0.0,0.0,
CUST005562,16,4,391.94,4.5,0.0,0.0,
CUST007785,106,7,559.92,4.0,0.0,0.0,
CUST005978,133,3,320.94,3.3333333333333335,0.0,0.0,
CUST005284,1,5,436.19,4.333333333333333,0.0,0.0,
CUST003409,18,5,461.21999999999997,4.0,0.0,0.0,
CUST001809,56,5,520.99,3.0,0.0,0.0,
CUST005710,112,5,504.76,4.0,0.0,0.0,
CUST005494,49,6,506.72,4.5,0.0,0.0,
CUST003161,22,3,272.24,3.0,33.33,0.0,
CUST000103,36,8,1044.6100000000001,3.0,0.0,0.0,
CUST002716,157,6,613.29,3.8,0.0,0.0,
CUST001401,32,6,585.04,3.5,0.0,0.0,
CUST007490,39,8,726.38,2.625,12.5,0.0,
CUST002866,27,5,476.69,2.0,0.0,0.0,
CUST003362,21,8,733.77,4.0,0.0,0.0,
CUST002238,109,3,351.78,3.0,0.0,0.0,
CUST008955,18,5,648.9300000000001,2.0,0.0,0.0,
CUST004657,166,5,524.74,3.0,0.0,0.0,
CUST009497,93,7,781.2,2.8,0.0,0.0,
CUST007294,65,5,533.3100000000001,4.0,0.0,0.0,
CUST007075,129,10,875.65,4.166666666666667,0.0,0.0,
CUST005899,131,8,801.7,4.2,0.0,0.0,
CUST005842,64,7,718.46,4.0,0.0,0.0,
CUST000002,154,3,276.59,3.3333333333333335,0.0,0.0,
CUST002979,28,4,345.23,3.6666666666666665,0.0,0.0,
CUST006104,152,7,685.97,3.6,0.0,0.0,
CUST003406,24,6,551.71,3.75,0.0,0.0,
CUST004591,38,6,684.15,3.5,0.0,0.0,
CUST008329,40,7,624.26,4.0,0.0,0.0,
CUST005826,24,9,954.58,3.8333333333333335,0.0,0.0,
CUST003566,35,4,441.34999999999997,4.0,0.0,0.0,
CUST004909,50,6,547.5,3.3333333333333335,0.0,0.0,
CUST000917,91,3,340.99,3.5,0.0,0.0,
CUST006233,21,6,511.59000000000003,4.0,0.0,0.0,
CUST003937,131,10,1110.71,4.0,0.0,0.0,
CUST001010,112,5,481.56,3.75,0.0,0.0,
CUST001016,42,5,649.4200000000001,4.4,0.0,0.0,
CUST005217,124,6,570.29,4.2,0.0,0.0,
CUST006708,30,3,313.84000000000003,3.5,0.0,0.0,
CUST003482,12,7,622.65,4.0,0.0,0.0,
CUST000116,16,7,632.89,3.8333333333333335,0.0,0.0,
CUST005844,66,5,474.21,4.2,0.0,0.0,
CUST005227,63,6,524.7,3.5,0.0,0.0,
CUST000306,5,6,583.39,4.0,0.0,0.0,
CUST009954,110,5,663.85,4.0,0.0,0.0,
CUST007011,18,5,470.6,4.0,0.0,0.0,
CUST004015,127,4,323.07,5.0,0.0,0.0,
CUST000145,18,7,608.26,3.3333333333333335,0.0,0.0,
CUST008254,33,5,462.55,4.0,0.0,0.0,
CUST003940,136,4,397.91999999999996,4.5,0.0,0.0,
CUST001305,28,4,416.58000000000004,3.0,0.0,0.0,
CUST000700,101,5,376.35,4.0,0.0,0.0,
CUST009228,92,5,638.59,3.5,0.0,0.0,
CUST000994,37,8,832.7,4.25,12.5,0.0,
CUST009131,21,7,641.7,3.3333333333333335,0.0,0.0,
CUST003621,17,6,515.52,4.0,0.0,0.0,
CUST001124,66,7,772.38,3.4,0.0,0.0,
CUST006646,21,5,650.42,3.3333333333333335,0.0,0.0,
CUST006882,25,5,477.33,4.0,0.0,0.0,
CUST002613,79,5,527.77,2.75,0.0,0.0,
CUST007940,30,9,853.81,4.4,0.0,0.0,
CUST008121,137,9,1078.54,4.142857142857143,0.0,0.0,
CUST000309,155,4,386.45000000000005,4.333333333333333,0.0,0.0,
CUST000982,121,5,523.88,4.0,0.0,0.0,
CUST000712,28,8,834.52,3.5,0.0,0.0,
CUST009384,81,9,929.84,3.3333333333333335,0.0,0.0,
CUST006901,56,5,636.3,3.0,0.0,0.0,
CUST006947,158,8,798.9399999999999,3.75,0.0,0.0,
CUST008060,53,4,421.38,2.0,0.0,0.0,
CUST007023,145,6,582.42,3.25,0.0,0.0,
CUST006813,5,7,728.4599999999999,3.25,0.0,0.0,
CUST008600,66,8,826.11,3.3333333333333335,0.0,0.0,
CUST002066,120,5,406.15,3.6,0.0,0.0,
CUST007050,25,2,176.92000000000002,2.0,0.0,0.0,
CUST001116,39,6,530.38,3.6666666666666665,0.0,0.0,
CUST008788,56,8,783.07,4.0,0.0,0.0,
CUST006645,27,6,392.27,3.5,0.0,0.0,
CUST007745,66,2,178.28,3.0,0.0,0.0,
CUST008708,59,3,277.68,3.0,0.0,0.0,
CUST002410,19,5,643.0899999999999,3.3333333333333335,0.0,0.0,
CUST000368,42,5,627.79,3.25,0.0,0.0,
CUST001542,13,4,388.79999999999995,4.0,0.0,0.0,
CUST005611,77,4,372.82,3.0,0.0,0.0,
CUST007117,11,8,1057.19,3.5,0.0,0.0,
CUST005511,134,5,412.27,3.6,0.0,0.0,
CUST002563,94,3,309.39,3.0,0.0,0.0,
CUST002883,90,6,669.88,3.75,0.0,0.0,
CUST003983,57,9,1060.08,3.7142857142857144,0.0,0.0,
CUST008778,97,4,308.1,3.0,0.0,0.0,
CUST001836,102,4,353.29,5.0,0.0,0.0,
CUST005409,45,5,669.51,3.6,0.0,0.0,
CUST008971,7,7,657.87,4.0,0.0,0.0,
CUST001307,82,5,495.46,3.3333333333333335,20.0,0.0,
CUST000841,1,5,513.08,3.6,0.0,0.0,
CUST003297,45,4,325.52,4.0,0.0,0.0,
CUST009508,25,10,1097.63,3.8333333333333335,0.0,0.0,
CUST009650,19,6,574.58,3.75,0.0,0.0,
CUST007821,5,4,375.52,4.0,0.0,0.0,
CUST009438,124,3,277.27,5.0,0.0,0.0,
CUST003428,3,6,597.21,4.0,0.0,0.0,
CUST007648,16,8,693.36,4.2,12.5,0.0,
CUST005906,152,5,429.64,3.6666666666666665,0.0,0.0,
CUST006526,138,5,454.28000000000003,3.4,0.0,0.0,
CUST008722,43,4,309.38,4.0,0.0,0.0,
CUST006075,116,6,544.39,3.3333333333333335,0.0,0.0,
CUST006432,16,6,769.96,4.333333333333333,0.0,0.0,
CUST003133,20,12,1350.3899999999999,3.4285714285714284,0.0,0.0,
CUST006754,143,6,659.8299999999999,3.5,0.0,0.0,
CUST005247,97,4,345.83,5.0,0.0,0.0,
CUST000578,54,3,165.47,3.5,0.0,0.0,
CUST007580,147,4,429.26,4.333333333333333,0.0,0.0,
CUST008669,131,3,336.13,3.0,0.0,0.0,
CUST009011,31,8,1093.53,4.428571428571429,0.0,0.0,
CUST004470,133,5,544.38,3.6666666666666665,0.0,0.0,
CUST009684,2,13,1215.0,3.5,0.0,0.0,
CUST004288,38,6,403.85,3.5,0.0,0.0,
CUST005109,71,3,339.95,4.5,0.0,0.0,
CUST004025,16,3,391.72,2.5,0.0,0.0,
CUST008158,67,8,835.31,3.1666666666666665,0.0,0.0,
CUST001581,34,5,388.27,3.6666666666666665,0.0,0.0,
CUST006211,45,5,721.6800000000001,4.5,0.0,0.0,
CUST001655,116,5,534.8100000000001,4.5,0.0,0.0,
CUST006127,103,5,423.40999999999997,3.25,0.0,0.0,
CUST001240,128,4,490.56,1.5,25.0,0.0,
CUST007998,74,6,602.01,3.0,0.0,0.0,
CUST008525,63,10,1048.3899999999999,3.4285714285714284,0.0,0.0,
CUST003068,104,4,488.55,3.6666666666666665,0.0,0.0,
CUST009266,97,4,371.33,3.25,0.0,0.0,
CUST001488,98,8,763.3100000000001,3.8333333333333335,0.0,0.0,
CUST002047,8,4,380.19,5.0,0.0,0.0,
CUST004245,85,6,748.4,4.5,0.0,0.0,
CUST003841,29,7,757.26,4.0,0.0,0.0,
CUST005762,95,8,842.35,3.0,12.5,0.0,
CUST004811,176,7,608.66,3.5,0.0,0.0,
CUST001718,92,7,678.4,3.75,0.0,0.0,
CUST000918,63,7,756.25,4.0,14.29,0.0,
CUST003918,33,8,927.37,4.142857142857143,0.0,0.0,
CUST000414,49,7,748.16,3.3333333333333335,0.0,0.0,
CUST000040,124,7,633.78,4.666666666666667,0.0,0.0,
CUST004376,3,9,1020.8,3.8,0.0,0.0,
CUST000620,109,4,384.89,4.25,0.0,0.0,
CUST004784,3,14,1554.13,3.888888888888889,0.0,0.0,
CUST009764,172,5,467.43,4.6,0.0,0.0,
CUST006918,88,8,791.87,4.0,0.0,0.0,
CUST004786,40,7,853.87,3.0,14.29,0.0,
CUST003548,52,5,533.56,3.25,0.0,0.0,
CUST006832,101,4,363.71,4.333333333333333,0.0,0.0,
CUST008657,36,7,688.5699999999999,4.285714285714286,0.0,0.0,
CUST004223,75,4,418.61,4.0,0.0,0.0,
CUST006862,33,6,526.67,3.3333333333333335,0.0,0.0,
CUST007398,117,12,1192.63,3.5555555555555554,0.0,0.0,
CUST004887,65,8,761.46,4.285714285714286,12.5,0.0,
CUST004615,20,4,404.76,3.5,0.0,0.0,
CUST001743,45,3,313.85,4.0,0.0,0.0,
CUST009667,170,2,265.41999999999996,4.0,0.0,0.0,
CUST003005,120,4,474.35,2.0,0.0,0.0,
CUST006893,168,2,218.29,3.0,0.0,0.0,
CUST000164,9,8,769.17,4.25,0.0,0.0,
CUST008093,27,5,476.91,2.3333333333333335,0.0,0.0,
CUST002132,37,4,298.11,4.5,0.0,0.0,
CUST000374,104,7,770.3,4.4,0.0,0.0,
CUST001129,6,6,574.38,1.6666666666666667,16.67,0.0,
CUST003964,147,6,398.51,3.5,0.0,0.0,
CUST009028,82,4,498.63,4.0,0.0,0.0,
CUST002915,23,6,598.77,3.3333333333333335,0.0,0.0,
CUST002433,81,5,528.46,4.0,0.0,0.0,
CUST008054,79,4,444.78,3.6666666666666665,0.0,0.0,
CUST005243,143,5,445.18,5.0,0.0,0.0,
CUST006595,150,2,151.87,3.5,0.0,0.0,
CUST002954,114,6,581.54,3.6666666666666665,0.0,0.0,
CUST006427,71,2,211.86,3.5,0.0,0.0,
CUST005506,156,8,886.44,3.875,0.0,0.0,
CUST001634,105,4,334.92,5.0,0.0,0.0,
CUST003114,34,5,474.51,4.0,0.0,0.0,
CUST000065,115,4,363.68,3.0,0.0,0.0,
CUST008506,3,4,484.09,3.25,0.0,0.0,
CUST000840,21,3,308.38,3.3333333333333335,0.0,0.0,
CUST003026,154,2,249.03,4.0,0.0,0.0,
CUST002032,7,5,595.72,3.4,0.0,0.0,
CUST002142,83,6,573.0999999999999,4.333333333333333,0.0,0.0,
CUST008787,125,4,391.49,3.5,0.0,0.0,
CUST005532,151,4,529.46,3.6666666666666665,0.0,0.0,
CUST004724,127,4,339.66,3.5,0.0,0.0,
CUST008193,102,6,774.78,3.6666666666666665,0.0,0.0,
CUST008330,64,4,435.14,5.0,0.0,0.0,
CUST003426,167,7,648.03,3.7142857142857144,0.0,0.0,
CUST005857,3,9,898.48,3.7142857142857144,0.0,0.0,
CUST006508,151,3,281.46999999999997,3.0,0.0,0.0,
CUST000987,22,8,657.57,3.4285714285714284,0.0,0.0,
CUST001146,136,2,303.28999999999996,5.0,0.0,0.0,
CUST000333,121,4,579.42,4.0,0.0,0.0,
CUST007513,157,6,611.28,3.0,0.0,0.0,
CUST003689,43,8,942.5899999999999,3.5,0.0,0.0,
CUST007041,165,7,662.37,4.0,0.0,0.0,
CUST006404,80,2,183.77,3.5,0.0,0.0,
CUST008336,46,8,1044.02,3.8,0.0,0.0,
CUST003825,25,4,594.36,3.5,0.0,0.0,
CUST007857,121,4,662.8299999999999,4.333333333333333,0.0,0.0,
CUST001524,10,3,498.94000000000005,3.5,0.0,0.0,
CUST001133,159,8,744.92,3.6666666666666665,0.0,0.0,
CUST003265,46,5,516.8199999999999,3.5,20.0,0.0,
CUST009743,3,5,538.11,4.0,0.0,0.0,
CUST007831,21,6,640.0699999999999,3.6,0.0,0.0,
CUST000646,112,4,465.66999999999996,4.666666666666667,0.0,0.0,
CUST008993,107,5,524.24,4.333333333333333,0.0,0.0,
CUST000033,5,3,230.1,2.0,0.0,0.0,
CUST000174,150,4,305.53999999999996,4.0,0.0,0.0,
CUST008297,43,5,478.49,4.0,0.0,0.0,
CUST005998,108,8,817.73,3.8,0.0,0.0,
CUST001027,12,6,615.25,4.25,0.0,0.0,
CUST006336,152,10,1209.02,3.5714285714285716,0.0,0.0,
CUST004330,7,5,577.45,3.5,0.0,0.0,
CUST008742,119,7,590.6800000000001,2.6666666666666665,0.0,0.0,
CUST009157,155,5,595.22,4.0,0.0,0.0,
CUST001252,13,9,946.75,3.75,0.0,0.0,
CUST001136,26,3,314.87,3.6666666666666665,0.0,0.0,
CUST005739,77,9,1036.3,3.875,0.0,0.0,
CUST006292,104,4,427.46,4.25,0.0,0.0,
CUST003554,42,3,277.85,5.0,0.0,0.0,
CUST000967,3,3,259.28,3.5,0.0,0.0,
CUST005747,13,7,623.71,3.75,0.0,0.0,
CUST005073,103,10,1135.57,3.0,0.0,0.0,
CUST003442,82,9,1052.14,3.4285714285714284,0.0,0.0,
CUST005333,56,7,733.92,4.0,0.0,0.0,
CUST007824,14,6,621.03,3.8,0.0,0.0,
CUST004459,77,5,569.65,3.0,0.0,0.0,
CUST002928,128,5,503.56,4.0,20.0,0.0,
CUST007198,128,6,498.99,3.8,0.0,0.0,
CUST003342,55,5,585.65,3.6666666666666665,0.0,0.0,
CUST005360,19,7,852.79,4.4,0.0,0.0,
CUST009638,150,6,544.71,4.333333333333333,0.0,0.0,
CUST002905,34,4,321.59,3.5,0.0,0.0,
CUST006574,152,5,486.96,4.333333333333333,0.0,0.0,
CUST005378,8,4,302.32,0.0,0.0,0.0,
CUST006537,25,5,458.53,2.3333333333333335,40.0,0.0,
CUST009580,88,8,838.88,3.4285714285714284,0.0,0.0,
CUST006916,19,6,603.86,3.6,0.0,0.0,
CUST007259,13,5,477.95,3.75,0.0,0.0,
CUST006080,27,8,994.22,4.0,12.5,0.0,
CUST006936,36,5,532.54,3.5,0.0,0.0,
CUST002386,72,7,692.6700000000001,3.3333333333333335,0.0,0.0,
CUST006792,14,5,540.58,4.0,0.0,0.0,
CUST007140,105,6,572.41,3.3333333333333335,0.0,0.0,
CUST001969,120,9,978.1800000000001,3.2857142857142856,0.0,0.0,
CUST006009,20,3,244.04000000000002,5.0,0.0,0.0,
CUST007750,150,5,401.18,3.6666666666666665,0.0,0.0,
CUST003723,23,5,714.09,4.0,0.0,0.0,
CUST005713,110,3,292.32,3.0,0.0,0.0,
CUST004334,47,4,356.97,3.25,25.0,0.0,
CUST000043,67,4,320.71000000000004,3.3333333333333335,0.0,0.0,
CUST006294,18,8,715.7,4.166666666666667,0.0,0.0,
CUST003270,123,5,436.74,3.6666666666666665,0.0,0.0,
CUST008835,26,9,1032.2,4.0,0.0,0.0,
CUST002024,104,5,470.96,3.0,0.0,0.0,
CUST002746,72,6,597.21,3.25,0.0,0.0,
CUST004961,61,3,344.49,4.5,0.0,0.0,
CUST007685,71,6,599.92,3.6666666666666665,0.0,0.0,
CUST006553,98,5,511.69,3.0,20.0,0.0,
CUST006626,118,11,1170.16,3.375,9.09,0.0,
CUST007918,118,5,678.0,4.0,0.0,0.0,
CUST003397,9,5,388.54,4.5,0.0,0.0,
CUST003107,21,6,525.33,4.0,16.67,0.0,
CUST000991,25,5,462.33,3.6666666666666665,0.0,0.0,
CUST008326,134,7,687.76,3.1666666666666665,0.0,0.0,
CUST003358,45,5,573.23,4.0,0.0,0.0,
CUST009299,16,5,448.65,4.25,0.0,0.0,
CUST008889,84,7,664.73,4.2,0.0,0.0,
CUST000363,66,2,192.39,4.5,0.0,0.0,
CUST002103,116,5,403.51,3.6666666666666665,20.0,0.0,
CUST008659,30,2,192.76999999999998,4.0,0.0,0.0,
CUST007364,24,10,916.04,3.888888888888889,0.0,0.0,
CUST002077,74,10,1010.23,3.8333333333333335,0.0,0.0,
CUST009913,82,6,534.76,3.3333333333333335,0.0,0.0,
CUST000597,19,10,1076.37,3.7142857142857144,0.0,0.0,
CUST006587,52,5,461.95,4.0,0.0,0.0,
CUST009289,81,3,306.92,4.0,0.0,0.0,
CUST007562,1,5,547.26,3.25,0.0,0.0,
CUST005374,53,7,773.22,4.4,0.0,0.0,
CUST005024,52,7,691.36,3.7142857142857144,0.0,0.0,
CUST006434,83,5,596.96,3.5,0.0,0.0,
CUST002327,132,5,538.1700000000001,4.0,0.0,0.0,
CUST006187,81,4,382.16999999999996,4.5,0.0,0.0,
CUST000856,53,5,519.0,5.0,0.0,0.0,
CUST007512,20,4,289.21000000000004,3.5,0.0,0.0,
CUST002781,161,6,547.71,3.75,16.67,0.0,
CUST005348,1,6,671.1899999999999,4.5,0.0,0.0,
CUST009463,89,4,464.55,3.5,0.0,0.0,
CUST000483,51,6,502.74,3.5,0.0,0.0,
CUST004163,86,6,551.3,3.6,0.0,0.0,
CUST009161,49,4,412.38,5.0,0.0,0.0,
CUST005062,42,6,663.33,3.2,16.67,0.0,
CUST003122,131,3,461.45000000000005,4.0,0.0,0.0,
CUST008678,32,3,239.08999999999997,3.0,0.0,0.0,
CUST008313,10,6,569.22,2.6666666666666665,0.0,0.0,
CUST008092,26,2,231.06,5.0,0.0,0.0,
CUST006642,129,4,442.69,3.5,0.0,0.0,
CUST005911,106,2,207.24,3.5,0.0,0.0,
CUST003744,3,3,284.32,3.0,0.0,0.0,
CUST002470,39,4,470.42999999999995,3.75,0.0,0.0,
CUST003996,42,4,673.0699999999999,4.0,0.0,0.0,
CUST004868,165,3,292.95,3.0,33.33,0.0,
CUST009886,84,7,728.3499999999999,4.0,0.0,0.0,
CUST006487,131,3,421.55,3.5,0.0,0.0,
CUST004247,28,8,662.27,3.1666666666666665,0.0,0.0,
CUST003128,29,5,476.26,4.25,0.0,0.0,
CUST009692,12,8,880.87,3.7142857142857144,0.0,0.0,
CUST001369,73,5,402.8,3.0,0.0,0.0,
CUST002214,48,8,848.42,3.0,0.0,0.0,
CUST004403,55,4,556.66,3.6666666666666665,25.0,0.0,
CUST002051,55,8,854.9200000000001,4.0,0.0,0.0,
CUST009066,29,6,606.89,3.5,16.67,0.0,
CUST008733,4,4,504.8,2.0,0.0,0.0,
CUST009693,22,8,745.16,4.5,0.0,0.0,
CUST001680,20,3,241.12,4.5,0.0,0.0,
CUST003446,18,7,830.04,4.25,0.0,0.0,
CUST008213,20,5,394.94,3.5,0.0,0.0,
CUST009602,172,4,378.03999999999996,3.5,0.0,0.0,
CUST001222,26,6,657.9,4.333333333333333,0.0,0.0,
CUST005720,47,5,444.55,4.25,0.0,0.0,
CUST006751,71,6,578.19,2.5,0.0,0.0,
CUST009798,89,5,482.76,2.3333333333333335,20.0,0.0,
CUST003284,15,7,695.51,3.3333333333333335,14.29,0.0,
CUST008625,64,4,405.82,2.75,25.0,0.0,
CUST008570,25,8,782.0,3.3333333333333335,0.0,0.0,
CUST006132,164,8,779.23,3.3333333333333335,0.0,0.0,
CUST009286,101,6,542.35,3.8,0.0,0.0,
CUST000622,12,8,731.18,4.0,0.0,0.0,
CUST008282,44,4,317.67,4.0,0.0,0.0,
CUST003287,27,4,488.31,3.3333333333333335,0.0,0.0,
CUST000047,93,5,457.32,3.25,0.0,0.0,
CUST003686,162,7,709.9,3.8,0.0,0.0,
CUST006488,114,5,514.0799999999999,4.0,0.0,0.0,
CUST009930,48,4,385.02,3.0,0.0,0.0,
CUST008882,22,5,440.09000000000003,3.5,0.0,0.0,
CUST006041,44,7,628.1700000000001,3.0,0.0,0.0,
CUST009411,81,6,760.71,3.6666666666666665,0.0,0.0,
CUST004010,130,7,733.62,3.8,0.0,0.0,
CUST006801,10,5,619.77,3.5,0.0,0.0,
CUST000459,16,6,530.7,3.6,0.0,0.0,
CUST007222,20,6,669.69,3.5,0.0,0.0,
CUST002478,13,4,357.94,3.5,0.0,0.0,
CUST002965,27,5,418.56,4.0,0.0,0.0,
CUST005821,26,3,315.86,5.0,0.0,0.0,
CUST009869,94,3,220.96,3.0,0.0,0.0,
CUST006063,1,8,768.08,3.6666666666666665,0.0,0.0,
CUST002822,21,8,663.23,4.5,0.0,0.0,
CUST001249,126,8,724.3199999999999,3.6666666666666665,0.0,0.0,
CUST008901,67,5,489.79,3.5,20.0,0.0,
CUST000939,12,10,1150.97,3.2,20.0,0.0,
CUST009243,60,6,717.86,3.75,0.0,0.0,
CUST003963,72,7,683.89,3.8,0.0,0.0,
CUST001844,155,8,966.79,3.75,0.0,0.0,
CUST000734,166,6,547.53,3.5,0.0,0.0,
CUST002388,129,4,464.67999999999995,4.0,0.0,0.0,
CUST006089,46,9,915.11,4.0,0.0,0.0,
CUST006983,19,4,352.23,3.6666666666666665,0.0,0.0,
CUST005076,96,7,542.99,3.2,0.0,0.0,
CUST002006,55,3,351.7,4.5,0.0,0.0,
CUST003392,51,7,571.04,3.5,0.0,0.0,
CUST007748,40,8,694.4399999999999,3.6,0.0,0.0,
CUST007348,135,4,374.27000000000004,3.5,0.0,0.0,
CUST005478,37,5,432.94,3.6666666666666665,0.0,0.0,
CUST004231,11,7,772.3599999999999,4.0,0.0,0.0,
CUST006693,40,7,678.28,4.285714285714286,0.0,0.0,
CUST001173,8,2,167.37,3.5,0.0,0.0,
CUST007240,117,5,517.89,3.5,0.0,0.0,
CUST002186,20,6,637.0500000000001,4.0,0.0,0.0,
CUST008410,21,4,420.42,3.5,0.0,0.0,
CUST006939,10,6,534.32,3.0,0.0,0.0,
CUST000097,93,3,285.3,4.333333333333333,0.0,0.0,
CUST009175,126,5,524.45,4.25,20.0,0.0,
CUST003679,20,8,971.8299999999999,4.4,0.0,0.0,
CUST006718,106,3,218.15,3.5,0.0,0.0,
CUST006352,70,7,695.9200000000001,3.7142857142857144,0.0,0.0,
CUST008958,63,8,758.67,4.166666666666667,0.0,0.0,
CUST005495,34,9,1162.88,4.0,0.0,0.0,
CUST008370,16,7,901.23,4.0,0.0,0.0,
CUST004743,41,3,243.56,4.0,0.0,0.0,
CUST000895,18,7,705.36,3.5714285714285716,14.29,0.0,
CUST006171,34,6,701.77,4.6,0.0,0.0,
CUST000568,91,6,614.58,3.6666666666666665,0.0,0.0,
CUST001362,18,6,578.04,4.25,16.67,0.0,
CUST004988,71,8,833.65,4.25,0.0,0.0,
CUST008339,66,9,848.73,4.8,0.0,0.0,
CUST009481,66,6,525.17,4.0,0.0,0.0,
CUST006347,127,8,761.79,3.6666666666666665,0.0,0.0,
CUST007633,156,3,238.11,5.0,0.0,0.0,
CUST004491,13,3,323.55,5.0,0.0,0.0,
CUST002215,99,5,518.18,3.0,0.0,0.0,
CUST002419,77,4,464.43,2.6666666666666665,0.0,0.0,
CUST006136,12,4,416.28999999999996,4.0,0.0,0.0,
CUST005069,7,5,675.86,5.0,0.0,0.0,
CUST005046,35,7,812.74,3.6,14.29,0.0,
CUST001552,145,4,516.09,4.333333333333333,0.0,0.0,
CUST009809,36,2,190.88,3.0,0.0,0.0,
CUST006990,125,4,459.13,2.6666666666666665,0.0,0.0,
CUST001296,24,5,626.59,4.4,0.0,0.0,
CUST004908,51,9,1085.16,3.7142857142857144,0.0,0.0,
CUST007358,98,6,842.8299999999999,4.5,0.0,0.0,
CUST002508,21,5,431.65999999999997,2.5,0.0,0.0,
CUST008090,75,6,543.48,3.5,0.0,0.0,
CUST000847,91,7,770.43,3.5,0.0,0.0,
CUST002216,32,5,623.56,4.0,0.0,0.0,
CUST006789,4,9,887.2,3.3333333333333335,0.0,0.0,
CUST009476,80,7,751.99,4.0,0.0,0.0,
CUST003677,90,6,693.49,3.5,0.0,0.0,
CUST008533,40,9,891.9300000000001,3.8,0.0,0.0,
CUST006141,6,4,437.0,4.0,0.0,0.0,
CUST009647,89,6,515.74,4.4,0.0,0.0,
CUST000436,14,4,304.46,4.0,0.0,0.0,
CUST008689,157,9,804.7,4.25,0.0,0.0,
CUST003412,123,8,748.33,3.8333333333333335,0.0,0.0,
CUST002141,13,9,871.49,4.0,0.0,0.0,
CUST002068,89,7,546.86,3.6666666666666665,0.0,0.0,
CUST002681,12,8,847.46,3.2,0.0,0.0,
CUST002549,118,5,499.5,4.0,0.0,0.0,
CUST002285,25,9,784.7,4.625,0.0,0.0,
CUST000028,89,5,396.99,3.0,20.0,0.0,
CUST003550,95,6,638.3599999999999,4.0,0.0,0.0,
CUST003045,86,6,444.11,3.4,0.0,0.0,
CUST008240,81,4,590.88,4.0,0.0,0.0,
CUST008805,71,5,458.37,3.5,20.0,0.0,
CUST005110,38,4,412.62,3.0,0.0,0.0,
CUST008761,80,8,924.3,3.8,0.0,0.0,
CUST008416,130,4,473.99,2.0,0.0,0.0,
CUST007189,83,8,943.22,3.0,0.0,0.0,
CUST004253,46,5,499.39,3.3333333333333335,20.0,0.0,
CUST003199,15,8,809.15,3.75,12.5,0.0,
CUST008849,118,2,221.64000000000001,3.5,0.0,0.0,
CUST008333,97,4,562.74,4.333333333333333,0.0,0.0,
CUST006414,34,7,834.4,3.0,14.29,0.0,
CUST008356,84,3,316.18,2.5,0.0,0.0,
CUST000422,69,9,968.8399999999999,3.4285714285714284,11.11,0.0,
CUST008592,43,8,697.65,4.625,0.0,0.0,
CUST000681,44,8,1078.32,4.2,0.0,0.0,
CUST001711,56,12,1163.33,4.0,0.0,0.0,
CUST008357,122,4,421.03,3.75,0.0,0.0,
CUST007410,8,9,913.9,3.8,0.0,0.0,
CUST005170,72,7,576.73,3.5,0.0,0.0,
CUST002234,74,3,278.40999999999997,4.0,33.33,0.0,
CUST006443,12,3,437.44,2.6666666666666665,0.0,0.0,
CUST009040,57,4,473.74,3.5,0.0,0.0,
CUST001232,142,5,404.33,4.0,0.0,0.0,
CUST004790,73,8,846.88,4.571428571428571,0.0,0.0,
CUST003479,141,3,233.14,3.0,0.0,0.0,
CUST002069,32,5,514.23,4.0,0.0,0.0,
CUST001038,54,4,587.0600000000001,2.6666666666666665,0.0,0.0,
CUST002012,36,6,492.92,4.333333333333333,0.0,0.0,
CUST000139,79,5,458.19,3.25,0.0,0.0,
CUST001110,134,5,514.6600000000001,2.6666666666666665,20.0,0.0,
CUST006534,41,8,716.48,3.5,0.0,0.0,
CUST005619,48,4,472.28,4.333333333333333,0.0,0.0,
CUST007048,59,5,533.0600000000001,3.5,0.0,0.0,
CUST006046,75,5,680.75,4.333333333333333,0.0,0.0,
CUST009159,16,5,456.35,4.333333333333333,0.0,0.0,
CUST006774,133,4,297.61,3.6666666666666665,0.0,0.0,
CUST008853,96,3,262.52,4.666666666666667,0.0,0.0,
CUST000689,24,5,378.21000000000004,3.5,0.0,0.0,
CUST007230,45,6,584.55,3.5,0.0,0.0,
CUST003958,5,4,552.3199999999999,3.5,0.0,0.0,
CUST003549,108,6,578.33,3.25,0.0,0.0,
CUST007032,110,5,568.24,4.0,0.0,0.0,
CUST006887,11,7,658.78,3.6,0.0,0.0,
CUST009001,1,7,448.2,3.5714285714285716,0.0,0.0,
CUST003212,14,7,733.77,4.5,0.0,0.0,
CUST006283,72,6,648.15,3.3333333333333335,0.0,0.0,
CUST005693,44,4,468.93,4.333333333333333,0.0,0.0,
CUST008304,110,8,873.18,3.0,0.0,0.0,
CUST002922,99,8,628.81,3.5714285714285716,0.0,0.0,
CUST003332,17,3,295.95,3.6666666666666665,0.0,0.0,
CUST005015,84,3,234.47,4.333333333333333,0.0,0.0,
CUST002736,75,4,315.22,4.0,0.0,0.0,
CUST004506,169,4,321.63,4.0,0.0,0.0,
CUST001382,44,8,935.85,3.8333333333333335,0.0,0.0,
CUST002732,22,4,347.38,3.5,0.0,0.0,
CUST007643,90,6,569.21,2.6,16.67,0.0,
CUST008762,66,3,243.71999999999997,4.0,0.0,0.0,
CUST001244,21,4,438.75,4.0,0.0,0.0,
CUST006814,85,2,267.37,3.5,0.0,0.0,
CUST000874,48,5,494.25,3.75,0.0,0.0,
CUST003622,40,9,882.32,3.5714285714285716,0.0,0.0,
CUST001026,49,5,500.14,3.0,0.0,0.0,
CUST006413,22,8,672.4300000000001,4.0,0.0,0.0,
CUST004102,72,4,431.93,4.0,0.0,0.0,
CUST004661,3,7,706.01,3.8,14.29,0.0,
CUST009417,127,6,690.88,3.25,0.0,0.0,
CUST006348,39,6,584.42,4.0,0.0,0.0,
CUST002456,52,4,509.12,3.5,0.0,0.0,
CUST006155,56,3,314.81,4.0,0.0,0.0,
CUST008857,78,7,915.97,2.8,0.0,0.0,
CUST003658,117,6,555.19,4.666666666666667,0.0,0.0,
CUST005538,91,7,850.13,3.0,0.0,0.0,
CUST004367,74,7,894.91,3.8,0.0,0.0,
CUST004749,5,4,412.09000000000003,4.0,25.0,0.0,
CUST001837,35,11,1344.24,4.5,0.0,0.0,
CUST008754,121,4,438.53000000000003,3.3333333333333335,0.0,0.0,
CUST002147,112,3,251.48,3.0,0.0,0.0,
CUST009513,120,5,458.31,3.75,0.0,0.0,
CUST001948,51,7,703.97,4.4,0.0,0.0,
CUST009065,89,4,519.6700000000001,3.0,25.0,0.0,
CUST003462,6,4,393.39,3.6666666666666665,0.0,0.0,
CUST001444,41,6,795.74,3.25,0.0,0.0,
CUST007914,149,5,451.44,3.6666666666666665,0.0,0.0,
CUST007100,11,4,358.66999999999996,4.333333333333333,0.0,0.0,
CUST000472,150,8,804.19,4.2,0.0,0.0,
CUST007408,152,6,456.8,3.5,0.0,0.0,
CUST007055,35,9,1042.18,4.0,0.0,0.0,
CUST008730,63,9,845.28,4.375,0.0,0.0,
CUST004280,49,7,671.52,4.0,0.0,0.0,
CUST002762,47,8,939.29,3.625,0.0,0.0,
CUST004805,77,9,923.08,3.888888888888889,0.0,0.0,
CUST008656,84,7,742.66,4.0,0.0,0.0,
CUST002987,80,7,726.5,2.8,0.0,0.0,
CUST008023,25,11,1027.95,3.6666666666666665,0.0,0.0,
CUST007767,32,4,344.63,4.666666666666667,0.0,0.0,
CUST003856,124,7,663.02,4.25,0.0,0.0,
CUST007763,57,9,757.9000000000001,3.8,0.0,0.0,
CUST006066,1,8,735.95,3.4285714285714284,0.0,0.0,
CUST001660,133,5,450.69,3.5,0.0,0.0,
CUST006216,27,7,754.01,3.75,0.0,0.0,
CUST008481,39,7,705.63,3.3333333333333335,0.0,0.0,
CUST004390,76,6,445.99,4.166666666666667,0.0,0.0,
CUST003475,7,6,496.91999999999996,3.4,0.0,0.0,
CUST007515,28,4,508.33,3.6666666666666665,0.0,0.0,
CUST005272,79,6,794.49,3.75,16.67,0.0,
CUST008685,94,5,470.71,3.5,0.0,0.0,
CUST000855,162,9,757.12,3.25,0.0,0.0,
CUST000758,113,3,461.22,3.0,33.33,0.0,
CUST000484,71,5,612.9300000000001,3.75,0.0,0.0,
CUST003897,28,3,265.35,5.0,0.0,0.0,
CUST001445,19,5,427.92,3.6,0.0,0.0,
CUST004671,7,9,792.85,3.3333333333333335,0.0,0.0,
CUST009362,73,6,573.93,4.0,0.0,0.0,
CUST006521,24,6,496.27,3.6666666666666665,0.0,0.0,
CUST007137,168,4,360.90999999999997,2.6666666666666665,0.0,0.0,
CUST009478,132,8,727.8,4.166666666666667,0.0,0.0,
CUST002221,27,7,790.68,3.4285714285714284,14.29,0.0,
CUST006049,51,5,542.85,3.0,0.0,0.0,
CUST007409,123,3,334.5,4.0,0.0,0.0,
CUST004929,24,6,769.4300000000001,3.4,0.0,0.0,
CUST003215,92,7,662.25,3.6,0.0,0.0,
CUST003728,21,5,552.73,4.0,20.0,0.0,
CUST005669,41,7,686.14,3.4,0.0,0.0,
CUST006824,32,4,313.06,4.5,0.0,0.0,
CUST006614,42,5,499.5,4.0,0.0,0.0,
CUST009492,108,8,623.3100000000001,4.166666666666667,0.0,0.0,
CUST008439,132,4,334.69,3.6666666666666665,0.0,0.0,
CUST002704,114,5,551.63,3.6666666666666665,0.0,0.0,
CUST003519,19,6,544.76,4.0,0.0,0.0,
CUST004076,46,4,433.52,3.5,0.0,0.0,
CUST007775,31,6,580.53,4.0,0.0,0.0,
CUST000749,30,3,304.46000000000004,3.3333333333333335,0.0,0.0,
CUST004235,13,3,303.1,5.0,0.0,0.0,
CUST003992,44,8,889.49,3.0,0.0,0.0,
CUST005816,61,8,792.95,3.5,12.5,0.0,
CUST005025,137,6,587.5899999999999,4.25,0.0,0.0,
CUST007973,21,5,527.95,3.5,0.0,0.0,
CUST003919,23,5,469.51,4.333333333333333,0.0,0.0,
CUST005280,178,5,530.96,4.333333333333333,0.0,0.0,
CUST005655,139,6,584.5699999999999,4.0,0.0,0.0,
CUST001819,82,7,636.75,3.4,0.0,0.0,
CUST009774,12,5,527.2,3.4,0.0,0.0,
CUST001302,24,4,471.47,2.6666666666666665,25.0,0.0,
CUST004207,65,5,443.87,4.2,0.0,0.0,
CUST004084,1,5,641.4100000000001,4.0,0.0,0.0,
CUST007167,10,10,1115.3,3.7142857142857144,0.0,0.0,
CUST009770,80,5,507.37,3.3333333333333335,0.0,0.0,
CUST008707,52,6,710.75,4.25,0.0,0.0,
CUST009516,26,5,536.36,5.0,0.0,0.0,
CUST007534,139,3,323.38,4.333333333333333,0.0,0.0,
CUST009127,107,8,824.39,3.5,0.0,0.0,
CUST009535,136,8,796.59,3.0,12.5,0.0,
CUST008138,106,8,860.97,4.0,0.0,0.0,
CUST005559,23,2,172.89000000000001,3.5,0.0,0.0,
CUST002071,114,5,408.93,3.3333333333333335,0.0,0.0,
CUST009760,136,5,417.64,4.333333333333333,0.0,0.0,
CUST006301,165,4,420.48,3.0,0.0,0.0,
CUST002123,28,10,908.62,3.8333333333333335,0.0,0.0,
CUST006835,88,4,287.65,3.25,0.0,0.0,
CUST002896,36,5,492.29999999999995,3.75,0.0,0.0,
CUST009819,19,5,574.86,4.0,0.0,0.0,
CUST006575,88,3,319.74,3.6666666666666665,0.0,0.0,
CUST002603,55,2,205.44,3.5,0.0,0.0,
CUST006429,98,6,737.04,4.0,0.0,0.0,
CUST009876,177,6,667.8,2.6,0.0,0.0,
CUST007533,90,3,315.3,3.6666666666666665,0.0,0.0,
CUST006911,26,8,699.13,4.166666666666667,0.0,0.0,
CUST000110,70,4,332.40999999999997,4.0,0.0,0.0,
CUST002178,72,6,672.38,3.0,0.0,0.0,
CUST009573,150,5,382.21000000000004,4.0,0.0,0.0,
CUST000126,14,6,845.1,3.5,0.0,0.0,
CUST000722,34,6,504.95,4.0,0.0,0.0,
CUST003606,51,9,972.06,3.5,0.0,0.0,
CUST007448,21,3,203.33,4.666666666666667,0.0,0.0,
CUST002481,25,5,461.81,3.6666666666666665,0.0,0.0,
CUST003947,32,4,357.43,3.25,0.0,0.0,
CUST004603,35,7,670.33,3.3333333333333335,0.0,0.0,
CUST007376,42,6,671.27,4.0,0.0,0.0,
CUST006846,62,6,609.13,3.6,0.0,0.0,
CUST009469,122,7,606.38,3.8333333333333335,0.0,0.0,
CUST007403,30,8,720.46,4.0,0.0,0.0,
CUST005556,25,6,478.6,4.8,0.0,0.0,
CUST006784,117,5,543.11,3.0,0.0,0.0,
CUST009787,145,6,546.6,4.0,0.0,0.0,
CUST008573,10,8,779.5500000000001,3.25,0.0,0.0,
CUST005965,56,4,359.46000000000004,4.0,0.0,0.0,
CUST001649,11,5,439.73,3.6,0.0,0.0,
CUST004194,23,3,316.53,3.5,0.0,0.0,
CUST005919,164,5,446.69,4.333333333333333,0.0,0.0,
CUST005957,11,6,549.14,3.8,0.0,0.0,
CUST002496,106,5,595.42,3.5,0.0,0.0,
CUST004138,60,4,373.89,2.5,0.0,0.0,
CUST007770,106,6,552.01,3.6,0.0,0.0,
CUST000495,16,6,515.79,4.666666666666667,0.0,0.0,
CUST009004,126,3,399.23,4.0,0.0,0.0,
CUST008616,23,6,657.44,3.6666666666666665,16.67,0.0,
CUST008699,61,7,644.65,3.6,0.0,0.0,
CUST004041,51,5,449.87,4.5,0.0,0.0,
CUST008946,9,6,667.23,3.6666666666666665,0.0,0.0,
CUST006647,94,9,836.56,3.7142857142857144,0.0,0.0,
CUST004779,51,2,174.8,3.5,0.0,0.0,
CUST005778,31,5,435.96999999999997,4.333333333333333,0.0,0.0,
CUST004978,65,9,929.17,2.6666666666666665,0.0,0.0,
CUST007272,6,7,758.36,4.428571428571429,0.0,0.0,
CUST002424,9,3,300.69,4.333333333333333,0.0,0.0,
CUST007828,34,5,444.33,2.0,0.0,0.0,
CUST004186,75,7,629.29,3.0,0.0,0.0,
CUST000860,42,5,632.9,3.2,20.0,0.0,
CUST002821,133,5,426.98,4.0,0.0,0.0,
CUST008675,150,7,773.81,2.8,14.29,0.0,
CUST008487,20,3,392.77,4.666666666666667,0.0,0.0,
CUST006466,95,7,851.39,3.6,0.0,0.0,
CUST002053,103,2,195.55,2.0,50.0,0.0,
CUST002385,38,5,534.13,2.6666666666666665,0.0,0.0,
CUST005870,38,8,927.9300000000001,3.6,0.0,0.0,
CUST002757,71,4,386.0,3.0,0.0,0.0,
CUST005212,14,9,905.17,3.5714285714285716,0.0,0.0,
CUST006225,145,2,342.15999999999997,2.0,0.0,0.0,
CUST008673,8,6,749.75,3.4,0.0,0.0,
CUST009543,122,11,928.69,3.2,9.09,0.0,
CUST009396,53,5,440.51,3.6666666666666665,0.0,0.0,
CUST000433,46,7,804.43,3.4,0.0,0.0,
CUST009111,102,4,263.26,4.25,0.0,0.0,
CUST000226,4,7,754.8,3.6,0.0,0.0,
CUST001344,81,6,624.3499999999999,3.75,0.0,0.0,
CUST001093,27,10,1103.96,3.8,0.0,0.0,
CUST001793,6,7,651.49,3.6,0.0,0.0,
CUST005931,36,3,334.86,0.0,0.0,0.0,
CUST005169,58,5,523.88,3.75,0.0,0.0,
CUST007309,137,8,795.34,3.4285714285714284,0.0,0.0,
CUST005184,113,6,533.4499999999999,3.3333333333333335,0.0,0.0,
CUST003206,99,5,505.46,4.0,0.0,0.0,
CUST000044,73,5,556.11,4.333333333333333,0.0,0.0,
CUST000703,14,7,684.6,4.166666666666667,0.0,0.0,
CUST005921,24,10,930.3000000000001,4.0,10.0,0.0,
CUST007010,25,5,571.97,3.25,0.0,0.0,
CUST007856,4,3,513.1800000000001,4.0,0.0,0.0,
CUST008082,21,4,354.68,4.0,0.0,0.0,
CUST005665,88,3,291.33,4.666666666666667,0.0,0.0,
CUST003934,59,9,711.66,2.8,0.0,0.0,
CUST009270,47,7,627.09,3.5,0.0,0.0,
CUST009351,40,5,722.6600000000001,3.75,0.0,0.0,
CUST007447,40,6,729.98,4.2,0.0,0.0,
CUST004499,12,4,495.28999999999996,3.5,0.0,0.0,
CUST005932,132,6,484.85,3.6,0.0,0.0,
CUST005886,61,9,803.92,3.8333333333333335,0.0,0.0,
CUST003341,95,6,598.1,3.25,0.0,0.0,
CUST002052,28,8,630.15,4.0,0.0,0.0,
CUST002180,128,6,471.58,3.3333333333333335,16.67,0.0,
CUST003969,119,8,763.27,3.25,0.0,0.0,
CUST006360,88,7,721.4300000000001,3.5,0.0,0.0,
CUST004565,33,6,562.15,3.5,0.0,0.0,
CUST005415,30,5,491.94,4.2,0.0,0.0,
CUST009928,21,5,722.06,4.0,0.0,0.0,
CUST001684,83,4,295.09000000000003,3.5,0.0,0.0,
CUST001246,155,11,1162.78,3.625,0.0,0.0,
CUST007297,18,5,539.3299999999999,4.333333333333333,0.0,0.0,
CUST005318,47,6,749.74,2.3333333333333335,0.0,0.0,
CUST004363,23,6,661.19,4.2,0.0,0.0,
CUST002319,58,5,463.88,3.0,0.0,0.0,
CUST002565,37,5,431.68,4.5,0.0,0.0,
CUST004984,77,14,1255.03,4.153846153846154,0.0,0.0,
CUST000912,100,4,456.71000000000004,3.3333333333333335,0.0,0.0,
CUST005694,33,5,672.52,3.3333333333333335,0.0,0.0,
CUST008579,42,9,868.8199999999999,3.625,0.0,0.0,
CUST000101,17,8,879.56,4.2,0.0,0.0,
CUST008636,6,10,821.34,3.7142857142857144,10.0,0.0,
CUST003277,49,4,344.52,3.0,0.0,0.0,
CUST009404,120,5,465.69,2.75,20.0,0.0,
CUST004000,79,7,747.0699999999999,3.6,0.0,0.0,
CUST005670,73,7,756.6899999999999,4.4,0.0,0.0,
CUST004065,32,5,457.15,4.0,0.0,0.0,
CUST008893,113,5,483.23,4.4,0.0,0.0,
CUST003561,121,7,699.51,2.3333333333333335,14.29,0.0,
CUST003455,117,3,271.57,3.5,0.0,0.0,
CUST006769,125,6,651.5,3.2,0.0,0.0,
CUST008110,91,6,819.55,4.5,0.0,0.0,
CUST004658,73,5,548.76,4.2,0.0,0.0,
CUST001725,119,5,465.39,4.0,0.0,0.0,
CUST005569,31,4,470.69,3.0,0.0,0.0,
CUST008577,142,4,396.0,3.75,0.0,0.0,
CUST003955,72,5,514.29,3.6666666666666665,0.0,0.0,
CUST005402,4,6,543.88,3.6,0.0,0.0,
CUST004709,64,7,646.8499999999999,4.166666666666667,0.0,0.0,
CUST005512,113,8,754.71,4.0,0.0,0.0,
CUST006341,14,7,813.44,4.333333333333333,0.0,0.0,
CUST000070,18,5,509.37,4.25,0.0,0.0,
CUST000861,10,5,499.94,3.5,0.0,0.0,
CUST002837,4,7,735.78,3.75,0.0,0.0,
CUST007035,170,4,402.11,4.0,0.0,0.0,
CUST000198,74,4,506.45,4.25,0.0,0.0,
CUST003503,22,8,761.82,3.25,0.0,0.0,
CUST004355,124,4,386.32000000000005,3.0,25.0,0.0,
CUST006150,60,7,678.5,4.0,0.0,0.0,
CUST005504,78,5,430.07,3.5,0.0,0.0,
CUST004813,28,4,349.1,4.0,0.0,0.0,
CUST005443,117,6,579.33,4.0,0.0,0.0,
CUST004002,90,5,376.31,3.5,0.0,0.0,
CUST009792,60,4,317.5,4.5,0.0,0.0,
CUST007653,36,2,195.66000000000003,3.0,0.0,0.0,
CUST008511,54,6,533.84,3.8,0.0,0.0,
CUST004630,5,6,722.61,3.3333333333333335,0.0,0.0,
CUST009768,103,10,913.04,3.625,0.0,0.0,
CUST007717,133,4,449.14,3.3333333333333335,25.0,0.0,
CUST003646,10,4,368.87,3.5,0.0,0.0,
CUST007629,92,7,606.12,3.0,14.29,0.0,
CUST006550,66,8,856.88,4.166666666666667,0.0,0.0,
CUST003344,78,5,395.2,3.8,0.0,0.0,
CUST001976,15,12,1128.4,3.4444444444444446,0.0,0.0,
CUST004893,60,4,422.13,4.0,0.0,0.0,
CUST003267,150,6,568.82,3.6,0.0,0.0,
CUST009234,105,6,572.72,4.25,0.0,0.0,
CUST008907,170,4,525.19,3.5,0.0,0.0,
CUST004562,103,6,516.76,4.5,0.0,0.0,
CUST009554,35,7,739.38,4.75,0.0,0.0,
CUST007523,1,6,647.49,4.8,0.0,0.0,
CUST002043,39,4,429.63,3.3333333333333335,25.0,0.0,
CUST005892,82,3,435.57,4.0,0.0,0.0,
CUST004472,59,3,220.01999999999998,3.5,0.0,0.0,
CUST003198,8,3,336.24,2.0,0.0,0.0,
CUST000354,55,8,592.48,3.8333333333333335,0.0,0.0,
CUST008890,131,3,308.98,4.0,0.0,0.0,
CUST006212,112,4,447.94,3.0,0.0,0.0,
CUST003571,110,7,719.25,3.6666666666666665,0.0,0.0,
CUST003314,82,5,579.47,2.75,0.0,0.0,
CUST004807,63,5,667.94,4.5,0.0,0.0,
CUST003651,37,8,886.5600000000001,3.5714285714285716,0.0,0.0,
CUST002430,55,4,315.06,4.333333333333333,0.0,0.0,
CUST007298,20,5,378.92,0.0,20.0,0.0,
CUST002881,97,8,749.75,3.142857142857143,0.0,0.0,
CUST005482,32,5,543.03,3.75,0.0,0.0,
CUST001280,70,6,665.86,3.4,0.0,0.0,
CUST000236,144,5,448.57,4.5,0.0,0.0,
CUST001503,124,6,485.81,4.0,0.0,0.0,
CUST003437,39,3,248.06,0.0,0.0,0.0,
CUST008568,129,5,496.19,3.6,0.0,0.0,
CUST005999,22,4,324.12,4.0,0.0,0.0,
CUST009607,3,9,849.7,2.8,0.0,0.0,
CUST009445,29,5,410.28999999999996,4.666666666666667,0.0,0.0,
CUST001814,43,3,274.47,3.6666666666666665,0.0,0.0,
CUST005764,69,3,298.45,3.3333333333333335,33.33,0.0,
CUST008645,145,8,651.83,3.2,0.0,0.0,
CUST001106,139,6,618.6,3.3333333333333335,16.67,0.0,
CUST002766,7,3,287.5,3.5,0.0,0.0,
CUST000934,60,6,649.4300000000001,3.8,0.0,0.0,
CUST004569,20,3,313.7,3.3333333333333335,0.0,0.0,
CUST007722,5,7,966.53,3.8,0.0,0.0,
CUST003343,68,4,506.65999999999997,4.0,0.0,0.0,
CUST002641,60,9,804.06,3.6,0.0,0.0,
CUST008147,76,6,625.2,3.75,0.0,0.0,
CUST004769,48,5,515.23,4.6,0.0,0.0,
CUST009953,46,7,757.29,3.2,0.0,0.0,
CUST003555,1,12,1262.49,3.75,8.33,0.0,
CUST005623,47,6,588.89,3.5,16.67,0.0,
CUST004818,18,6,552.85,4.166666666666667,0.0,0.0,
CUST009390,149,5,585.55,3.3333333333333335,0.0,0.0,
CUST006674,17,6,621.33,3.5,0.0,0.0,
CUST001500,113,5,380.96000000000004,4.0,0.0,0.0,
CUST006686,20,5,507.1,3.3333333333333335,0.0,0.0,
CUST006071,142,7,936.92,3.6666666666666665,0.0,0.0,
CUST006416,23,7,688.22,4.285714285714286,0.0,0.0,
CUST007475,56,7,537.63,4.2,0.0,0.0,
CUST003767,80,7,692.86,4.5,0.0,0.0,
CUST001275,5,4,495.24,3.75,0.0,0.0,
CUST003014,88,6,597.11,4.4,0.0,0.0,
CUST001673,38,3,288.56,3.3333333333333335,0.0,0.0,
CUST004325,46,6,590.77,3.75,0.0,0.0,
CUST009986,11,8,708.76,3.8333333333333335,0.0,0.0,
CUST002831,94,5,540.36,3.75,0.0,0.0,
CUST004079,23,3,338.41,4.0,0.0,0.0,
CUST003394,89,4,375.15999999999997,4.75,0.0,0.0,
CUST000827,5,5,448.9,4.0,0.0,0.0,
CUST009973,12,6,556.51,4.0,0.0,0.0,
CUST008538,154,5,455.27,4.5,0.0,0.0,
CUST009378,81,1,133.24,4.0,0.0,0.0,
CUST009776,65,6,507.53999999999996,4.25,0.0,0.0,
CUST009531,76,5,613.6800000000001,3.75,0.0,0.0,
CUST008218,73,8,854.9300000000001,4.375,0.0,0.0,
CUST000142,6,8,911.36,3.857142857142857,12.5,0.0,
CUST000173,44,8,962.6800000000001,4.0,0.0,0.0,
CUST001163,148,5,497.01000000000005,3.6666666666666665,0.0,0.0,
CUST002225,44,4,437.15999999999997,4.0,0.0,0.0,
CUST007419,23,9,779.83,4.4,0.0,0.0,
CUST006401,92,8,744.58,3.8333333333333335,0.0,0.0,
CUST005142,78,6,622.23,4.6,0.0,0.0,
CUST002300,19,4,416.36,2.0,0.0,0.0,
CUST006929,106,5,438.01,2.0,0.0,0.0,
CUST001269,28,4,344.06,4.5,0.0,0.0,
CUST002934,93,7,798.86,3.0,14.29,0.0,
CUST006582,15,5,450.96,4.0,0.0,0.0,
CUST000448,156,5,484.84000000000003,4.4,0.0,0.0,
CUST001637,37,5,509.15999999999997,4.5,0.0,0.0,
CUST001130,51,10,1078.49,3.5,10.0,0.0,
CUST004963,7,8,675.91,4.0,0.0,0.0,
CUST006728,3,6,509.51,3.3333333333333335,16.67,0.0,
CUST000276,100,8,813.5699999999999,3.2,0.0,0.0,
CUST009188,73,4,320.1,3.0,0.0,0.0,
CUST009873,77,8,766.45,3.6666666666666665,0.0,0.0,
CUST005864,69,5,389.45,3.0,0.0,0.0,
CUST008994,47,5,668.04,4.0,0.0,0.0,
CUST009778,67,5,409.72,5.0,0.0,0.0,
CUST006504,1,3,283.57,3.3333333333333335,0.0,0.0,
CUST008249,51,6,753.65,2.75,16.67,0.0,
CUST000565,144,7,948.86,3.0,0.0,0.0,
CUST005514,59,6,725.7,3.8,0.0,0.0,
CUST004364,23,7,721.45,3.8333333333333335,0.0,0.0,
CUST008819,112,4,402.44,4.0,0.0,0.0,
CUST006955,178,6,679.78,4.0,0.0,0.0,
CUST003070,15,5,468.77,3.75,0.0,0.0,
CUST008648,90,7,620.34,4.166666666666667,0.0,0.0,
CUST000944,18,6,538.72,3.8333333333333335,0.0,0.0,
CUST000528,59,5,545.2099999999999,3.0,0.0,0.0,
CUST008210,136,1,96.15,4.0,0.0,0.0,
CUST008376,62,5,419.15,4.4,0.0,0.0,
CUST003457,33,6,604.22,3.8,0.0,0.0,
CUST008212,78,6,590.15,4.0,0.0,0.0,
CUST003664,39,4,425.78,3.6666666666666665,0.0,0.0,
CUST006393,130,7,774.6600000000001,4.0,0.0,0.0,
CUST009662,5,6,562.48,4.2,0.0,0.0,
CUST007960,43,5,564.02,4.0,0.0,0.0,
CUST005626,54,9,879.0,4.166666666666667,0.0,0.0,
CUST004088,15,4,409.75,3.0,25.0,0.0,
CUST003861,130,8,747.29,3.25,0.0,0.0,
CUST008098,26,7,418.59000000000003,4.0,0.0,0.0,
CUST003237,159,3,187.57999999999998,3.0,0.0,0.0,
CUST004576,3,3,270.39,4.5,0.0,0.0,
CUST008973,15,7,726.48,3.4,14.29,0.0,
CUST006450,16,5,450.31,3.75,0.0,0.0,
CUST007395,42,7,694.3499999999999,3.3333333333333335,0.0,0.0,
CUST004144,20,5,592.0899999999999,3.6,0.0,0.0,
CUST002891,50,9,715.39,3.4,11.11,0.0,
CUST004475,134,8,706.01,4.428571428571429,0.0,0.0,
CUST006914,10,7,836.6700000000001,4.714285714285714,0.0,0.0,
CUST002121,63,3,373.02,3.6666666666666665,0.0,0.0,
CUST007687,25,8,678.78,3.4,0.0,0.0,
CUST009982,160,5,404.35,3.3333333333333335,0.0,0.0,
CUST002389,122,5,546.1,3.0,0.0,0.0,
CUST006190,20,6,566.65,3.6666666666666665,0.0,0.0,
CUST006736,98,4,405.71,3.5,0.0,0.0,
CUST007118,150,7,579.86,4.0,0.0,0.0,
CUST008603,109,5,424.96999999999997,3.2,0.0,0.0,
CUST009367,161,5,416.78,3.0,0.0,0.0,
CUST005544,59,6,606.01,3.75,0.0,0.0,
CUST008113,66,5,489.49,4.0,0.0,0.0,
CUST005827,24,5,450.31000000000006,2.5,0.0,0.0,
CUST007581,90,10,1097.3899999999999,3.375,0.0,0.0,
CUST000881,109,7,758.14,4.0,14.29,0.0,
CUST004161,29,5,400.83000000000004,2.6666666666666665,0.0,0.0,
CUST004133,79,6,518.4300000000001,4.0,0.0,0.0,
CUST005692,122,10,1235.23,3.6666666666666665,0.0,0.0,
CUST003867,6,7,546.67,4.25,0.0,0.0,
CUST009822,63,6,806.75,4.0,0.0,0.0,
CUST003869,150,10,1025.09,3.857142857142857,0.0,0.0,
CUST009906,43,3,284.0,3.5,0.0,0.0,
CUST002769,74,3,304.64,5.0,0.0,0.0,
CUST001352,100,5,695.85,2.6666666666666665,20.0,0.0,
CUST000419,9,4,424.94,5.0,0.0,0.0,
CUST005871,111,7,694.04,4.25,0.0,0.0,
CUST008508,60,8,987.49,3.0,0.0,0.0,
CUST003846,14,6,562.51,3.4,0.0,0.0,
CUST009198,90,5,546.03,3.5,0.0,0.0,
CUST006461,76,4,488.17,4.666666666666667,0.0,0.0,
CUST009134,151,3,268.82,3.6666666666666665,0.0,0.0,
CUST004483,109,4,512.28,4.333333333333333,0.0,0.0,
CUST001592,57,6,481.54,2.6666666666666665,16.67,0.0,
CUST007712,26,8,741.44,3.2,0.0,0.0,
CUST004854,125,6,593.65,3.6666666666666665,0.0,0.0,
CUST005548,34,7,791.49,4.333333333333333,0.0,0.0,
CUST002405,140,8,791.69,4.0,0.0,0.0,
CUST003772,34,9,1129.71,3.111111111111111,11.11,0.0,
CUST002402,15,9,782.53,4.166666666666667,0.0,0.0,
CUST007783,64,6,548.57,3.6,0.0,0.0,
CUST008421,135,6,597.72,3.4,0.0,0.0,
CUST001562,158,3,209.94,3.6666666666666665,0.0,0.0,
CUST002592,143,4,300.02,3.3333333333333335,0.0,0.0,
CUST008513,11,6,525.95,3.0,0.0,0.0,
CUST002451,179,2,171.36,3.0,0.0,0.0,
CUST008129,45,7,839.81,2.8,28.57,0.0,
CUST008490,91,5,332.37,4.0,0.0,0.0,
CUST004473,21,2,183.8,2.0,0.0,0.0,
CUST008269,4,3,275.15,3.0,0.0,0.0,
CUST001387,17,6,691.27,3.0,16.67,0.0,
CUST001409,73,3,330.64,3.0,0.0,0.0,
CUST002381,6,5,366.1,3.6,0.0,0.0,
CUST003102,5,2,191.19,4.0,0.0,0.0,
CUST006285,20,6,570.8199999999999,3.6,0.0,0.0,
CUST001737,1,8,893.06,3.0,12.5,0.0,
CUST005450,131,7,622.61,3.142857142857143,14.29,0.0,
CUST002362,43,5,415.71000000000004,3.6666666666666665,0.0,0.0,
CUST009388,29,8,712.55,4.166666666666667,0.0,0.0,
CUST004167,48,4,374.78,4.0,0.0,0.0,
CUST002638,93,3,197.56,3.0,0.0,0.0,
CUST007351,64,11,1089.54,3.5,0.0,0.0,
CUST008624,40,8,693.14,4.0,0.0,0.0,
CUST005542,66,5,355.82,4.0,0.0,0.0,
CUST008639,86,7,742.11,3.8,0.0,0.0,
CUST009056,15,5,554.75,4.5,0.0,0.0,
CUST008530,33,2,264.72,3.0,50.0,0.0,
CUST008289,143,2,243.21,3.5,0.0,0.0,
CUST005407,16,7,860.43,3.0,0.0,0.0,
CUST009769,88,4,431.31,4.0,0.0,0.0,
CUST006143,42,4,428.71,4.666666666666667,0.0,0.0,
CUST001084,119,4,282.31,3.75,0.0,0.0,
CUST001862,76,9,868.53,3.8333333333333335,0.0,0.0,
CUST006542,22,8,611.18,4.0,12.5,0.0,
CUST008135,120,8,769.94,3.6666666666666665,0.0,0.0,
CUST000807,68,3,389.62,3.0,0.0,0.0,
CUST005991,124,7,845.52,3.6666666666666665,0.0,0.0,
CUST009908,110,7,761.57,3.75,0.0,0.0,
CUST009553,1,10,1269.8899999999999,3.6666666666666665,0.0,0.0,
CUST007412,77,4,371.65999999999997,3.25,0.0,0.0,
CUST002490,30,4,425.44,3.75,0.0,0.0,
CUST008446,34,7,680.34,4.285714285714286,0.0,0.0,
CUST004587,48,8,892.65,4.0,0.0,0.0,
CUST000477,21,8,1046.2,3.8333333333333335,0.0,0.0,
CUST009007,113,8,971.89,4.428571428571429,0.0,0.0,
CUST001458,47,7,694.7,3.0,14.29,0.0,
CUST001029,127,5,430.85,4.0,0.0,0.0,
CUST003360,61,7,748.47,3.3333333333333335,14.29,0.0,
CUST001159,151,5,660.86,4.0,0.0,0.0,
CUST007832,76,7,552.7,3.75,0.0,0.0,
CUST004852,44,6,631.24,3.3333333333333335,0.0,0.0,
CUST002926,21,4,390.82,3.3333333333333335,0.0,0.0,
CUST008602,16,4,336.57,3.3333333333333335,0.0,0.0,
CUST009632,151,8,739.61,3.7142857142857144,0.0,0.0,
CUST009405,63,9,849.22,4.0,0.0,0.0,
CUST002122,122,3,272.90999999999997,4.5,0.0,0.0,
CUST001287,63,5,397.09000000000003,4.333333333333333,0.0,0.0,
CUST009209,60,7,787.92,4.0,14.29,0.0,
CUST002693,57,6,597.2,4.166666666666667,0.0,0.0,
CUST008608,44,5,504.63,3.0,20.0,0.0,
CUST002245,79,4,387.35,3.5,0.0,0.0,
CUST000180,44,7,858.52,4.4,0.0,0.0,
CUST001383,116,3,536.5,5.0,0.0,0.0,
CUST008415,47,7,745.96,3.5,0.0,0.0,
CUST001870,128,9,802.5799999999999,4.25,0.0,0.0,
CUST000373,21,4,592.51,4.5,0.0,0.0,
CUST004625,34,8,878.51,3.8,0.0,0.0,
CUST007443,47,2,216.1,0.0,0.0,0.0,
CUST004969,96,5,573.29,4.0,0.0,0.0,
CUST006995,107,8,778.99,4.5,0.0,0.0,
CUST000006,56,7,637.45,3.6666666666666665,0.0,0.0,
CUST007529,45,8,694.12,3.875,0.0,0.0,
CUST008411,155,4,367.25,4.25,0.0,0.0,
CUST003684,36,4,526.31,4.0,0.0,0.0,
CUST003220,28,7,809.62,3.857142857142857,0.0,0.0,
CUST006631,166,4,326.72,4.333333333333333,0.0,0.0,
CUST002484,91,5,461.37,3.5,0.0,0.0,
CUST008671,8,2,245.81,5.0,0.0,0.0,
CUST001631,126,5,520.62,4.0,0.0,0.0,
CUST001206,70,5,674.38,3.4,0.0,0.0,
CUST001378,24,8,762.1,3.0,12.5,0.0,
CUST009402,45,4,394.15999999999997,3.3333333333333335,0.0,0.0,
CUST004480,104,3,276.90999999999997,3.5,0.0,0.0,
CUST006592,73,5,425.03000000000003,3.75,0.0,0.0,
CUST007024,20,4,410.91,5.0,0.0,0.0,
CUST006629,94,3,268.81,3.0,0.0,0.0,
CUST000150,143,2,210.95,4.0,0.0,0.0,
CUST006325,176,7,674.24,4.285714285714286,0.0,0.0,
CUST004633,129,7,616.45,4.0,0.0,0.0,
CUST008632,98,7,675.78,3.8,0.0,0.0,
CUST007673,31,8,786.9300000000001,3.6666666666666665,0.0,0.0,
CUST006606,122,7,698.5600000000001,4.166666666666667,0.0,0.0,
CUST009645,41,5,507.47,3.75,0.0,0.0,
CUST002170,90,6,509.02,3.5,0.0,0.0,
CUST007690,93,9,814.0,3.25,0.0,0.0,
CUST004331,74,6,525.7,3.8,16.67,0.0,
CUST007184,42,3,287.34000000000003,3.3333333333333335,0.0,0.0,
CUST007462,30,4,371.73,4.0,0.0,0.0,
CUST009436,11,3,276.62,5.0,0.0,0.0,
CUST001730,50,5,581.52,3.5,20.0,0.0,
CUST002308,42,5,405.94,4.0,0.0,0.0,
CUST002780,75,8,890.1800000000001,4.333333333333333,0.0,0.0,
CUST003569,74,9,938.0999999999999,3.125,0.0,0.0,
CUST003430,64,5,524.85,3.25,20.0,0.0,
CUST003731,71,5,560.6,4.0,0.0,0.0,
CUST002540,57,4,507.72,4.0,0.0,0.0,
CUST009742,103,6,591.75,4.0,0.0,0.0,
CUST004939,28,3,387.99,3.0,33.33,0.0,
CUST002971,169,4,382.7,5.0,0.0,0.0,
CUST009927,132,5,515.51,4.25,0.0,0.0,
CUST004170,76,5,442.0,4.5,0.0,0.0,
CUST003248,68,9,944.07,4.111111111111111,0.0,0.0,
CUST009259,23,4,538.96,4.333333333333333,0.0,0.0,
CUST003533,40,4,371.24,3.6666666666666665,0.0,0.0,
CUST004897,29,5,497.94,3.8,0.0,0.0,
CUST007903,69,6,471.09999999999997,3.25,0.0,0.0,
CUST001487,38,7,629.03,3.6666666666666665,0.0,0.0,
CUST006065,87,8,748.74,4.5,0.0,0.0,
CUST000307,30,6,541.25,3.0,0.0,0.0,
CUST002353,137,5,453.98,3.3333333333333335,0.0,0.0,
CUST004958,72,8,690.11,4.0,0.0,0.0,
CUST005370,65,7,790.48,2.8,0.0,0.0,
CUST005448,29,5,486.86,3.5,0.0,0.0,
CUST000350,22,12,1200.5,4.0,0.0,0.0,
CUST005604,24,11,970.21,4.444444444444445,0.0,0.0,
CUST000919,2,6,446.36,3.4,0.0,0.0,
CUST000118,106,8,694.1,3.5714285714285716,0.0,0.0,
CUST007068,152,3,321.58,2.0,0.0,0.0,
CUST003999,7,5,615.65,3.8,0.0,0.0,
CUST004890,38,7,653.16,4.0,0.0,0.0,
CUST003933,83,5,589.6800000000001,4.0,0.0,0.0,
CUST001875,24,7,711.0799999999999,3.0,0.0,0.0,
CUST006834,112,4,544.68,3.3333333333333335,0.0,0.0,
CUST008406,30,7,627.87,4.0,0.0,0.0,
CUST003771,152,8,915.71,3.8333333333333335,0.0,0.0,
CUST007319,88,7,713.49,3.4,0.0,0.0,
CUST005846,57,5,435.83,4.25,0.0,0.0,
CUST004447,47,8,782.5699999999999,4.0,0.0,0.0,
CUST000137,114,7,600.0799999999999,3.2,0.0,0.0,
CUST006163,5,4,326.47,2.3333333333333335,0.0,0.0,
CUST001774,27,7,653.2,3.4,0.0,0.0,
CUST006194,17,5,414.8,4.5,0.0,0.0,
CUST006222,57,7,989.18,4.0,0.0,0.0,
CUST004942,169,2,187.76,4.0,0.0,0.0,
CUST005051,105,4,377.11,4.0,0.0,0.0,
CUST009579,170,3,318.46,2.5,33.33,0.0,
CUST008365,48,5,459.03000000000003,4.0,0.0,0.0,
CUST007304,51,6,583.21,4.75,0.0,0.0,
CUST002880,69,5,353.37,3.4,0.0,0.0,
CUST001869,12,4,372.46000000000004,4.0,0.0,0.0,
CUST007936,158,4,373.48,3.6666666666666665,0.0,0.0,
CUST000059,84,5,429.88,4.0,0.0,0.0,
CUST001596,29,2,201.45,3.5,0.0,0.0,
CUST000136,21,5,638.95,4.5,0.0,0.0,
CUST009968,43,5,422.55,3.75,0.0,0.0,
CUST000688,2,6,695.8,4.0,0.0,0.0,
CUST005903,137,7,698.21,3.4,0.0,0.0,
CUST008343,57,5,658.3299999999999,3.2,0.0,0.0,
CUST005583,90,4,353.99,4.333333333333333,25.0,0.0,
CUST003895,71,5,536.8,3.75,0.0,0.0,
CUST002806,18,7,641.3399999999999,3.0,0.0,0.0,
CUST001443,19,4,359.8,3.5,0.0,0.0,
CUST008456,21,4,479.93,3.5,0.0,0.0,
CUST005334,135,6,650.71,3.8,0.0,0.0,
CUST006228,135,6,559.55,3.8333333333333335,0.0,0.0,
CUST000390,69,8,690.19,4.142857142857143,0.0,0.0,
CUST008161,79,5,487.26,3.5,0.0,0.0,
CUST009439,1,8,801.17,3.5714285714285716,0.0,0.0,
CUST008124,29,3,185.88,4.0,0.0,0.0,
CUST000582,65,7,739.42,4.0,0.0,0.0,
CUST005645,1,5,762.12,4.25,0.0,0.0,
CUST008812,92,7,707.4200000000001,3.4285714285714284,0.0,0.0,
CUST006176,8,8,847.61,3.5,0.0,0.0,
CUST005417,4,7,762.78,3.5,14.29,0.0,
CUST006608,69,5,497.86,3.4,0.0,0.0,
CUST009328,18,7,835.0899999999999,4.666666666666667,0.0,0.0,
CUST009426,6,4,450.40999999999997,2.6666666666666665,0.0,0.0,
CUST004717,3,6,572.54,5.0,0.0,0.0,
CUST004029,60,6,654.68,3.8333333333333335,0.0,0.0,
CUST006852,106,3,216.34,4.0,0.0,0.0,
CUST006232,22,4,375.48,4.5,25.0,0.0,
CUST009613,137,5,412.14,4.0,0.0,0.0,
CUST004860,82,3,260.62,3.0,0.0,0.0,
CUST000452,130,6,545.62,4.4,0.0,0.0,
CUST001274,124,3,293.33,4.0,0.0,0.0,
CUST007875,12,7,703.79,3.5,0.0,0.0,
CUST000531,17,8,753.0699999999999,4.2,0.0,0.0,
CUST003845,56,3,196.93,3.5,0.0,0.0,
CUST003494,23,7,668.16,3.6,0.0,0.0,
CUST006318,142,6,572.63,3.0,0.0,0.0,
CUST001230,103,7,770.69,3.75,0.0,0.0,
CUST001905,90,4,432.4,2.0,0.0,0.0,
CUST001071,56,3,306.33000000000004,4.5,0.0,0.0,
CUST009610,13,7,684.75,4.4,0.0,0.0,
CUST004425,92,5,530.2,3.0,0.0,0.0,
CUST000212,139,4,476.4,3.5,0.0,0.0,
CUST007677,134,8,911.9200000000001,3.5714285714285716,0.0,0.0,
CUST006323,147,5,530.14,4.25,0.0,0.0,
CUST001610,59,3,254.22,3.6666666666666665,33.33,0.0,
CUST007877,90,5,465.28,3.75,0.0,0.0,
CUST005711,76,7,864.39,3.4,0.0,0.0,
CUST002281,143,4,401.90999999999997,4.0,0.0,0.0,
CUST009205,10,6,596.14,3.4,0.0,0.0,
CUST008706,86,6,533.21,4.0,0.0,0.0,
CUST002427,110,5,605.49,4.25,0.0,0.0,
CUST001767,3,4,416.3,3.0,0.0,0.0,
CUST001195,5,9,958.15,4.166666666666667,0.0,0.0,
CUST004269,74,4,367.54,5.0,0.0,0.0,
CUST009221,66,8,870.49,4.75,0.0,0.0,
CUST004573,76,7,760.97,3.4,0.0,0.0,
CUST000328,134,7,770.58,3.4,0.0,0.0,
CUST004111,110,4,291.71999999999997,3.3333333333333335,0.0,0.0,
CUST005248,17,7,645.59,3.6666666666666665,0.0,0.0,
CUST005057,47,7,591.85,3.5714285714285716,0.0,0.0,
CUST000473,129,9,908.04,3.5,0.0,0.0,
CUST000701,62,4,405.45,3.3333333333333335,0.0,0.0,
CUST004535,53,6,603.08,3.6666666666666665,0.0,0.0,
CUST008672,98,7,801.88,3.6666666666666665,14.29,0.0,
CUST007467,21,6,652.12,3.75,0.0,0.0,
CUST003496,58,10,966.83,3.5,0.0,0.0,
CUST004862,11,6,826.34,4.0,0.0,0.0,
CUST007120,137,5,422.74,3.8,0.0,0.0,
CUST000682,140,3,292.19,4.333333333333333,0.0,0.0,
CUST002226,17,6,689.63,3.25,0.0,0.0,
CUST003022,146,12,973.14,4.2,0.0,0.0,
CUST008550,55,3,301.13,4.0,0.0,0.0,
CUST007626,9,5,530.37,4.333333333333333,0.0,0.0,
CUST001181,108,3,273.81,3.0,0.0,0.0,
CUST009072,126,4,393.4,3.5,0.0,0.0,
CUST007372,86,4,290.84000000000003,4.0,0.0,0.0,
CUST004581,95,9,964.9399999999999,4.125,0.0,0.0,
CUST009474,2,4,343.45,4.0,25.0,0.0,
CUST005918,48,8,801.56,4.2,0.0,0.0,
CUST004359,20,3,251.26999999999998,4.0,0.0,0.0,
CUST004057,51,6,496.78999999999996,3.3333333333333335,0.0,0.0,
CUST006014,10,8,539.62,4.0,0.0,0.0,
CUST007056,2,5,570.62,4.0,0.0,0.0,
CUST009282,67,7,640.58,3.75,0.0,0.0,
CUST002884,2,2,236.55,4.0,0.0,0.0,
CUST007976,154,8,808.4,3.6666666666666665,0.0,0.0,
CUST001477,119,3,231.43,3.0,0.0,0.0,
CUST003614,112,5,487.28000000000003,3.25,0.0,0.0,
CUST005967,34,6,597.59,2.0,0.0,0.0,
CUST007853,119,7,711.9,3.4,0.0,0.0,
CUST000629,149,7,576.23,3.857142857142857,0.0,0.0,
CUST007921,101,4,531.54,4.75,0.0,0.0,
CUST005029,90,6,525.86,3.25,0.0,0.0,
CUST005070,51,7,695.77,3.6666666666666665,0.0,0.0,
CUST000956,120,3,231.61,4.5,0.0,0.0,
CUST009154,27,6,549.94,3.5,16.67,0.0,
CUST007997,61,3,185.03,4.333333333333333,0.0,0.0,
CUST007931,66,3,460.23,3.5,33.33,0.0,
CUST007244,38,8,762.16,3.2857142857142856,0.0,0.0,
CUST008097,121,5,651.1,2.5,0.0,0.0,
CUST003170,73,5,455.51,4.0,0.0,0.0,
CUST009685,112,3,381.28999999999996,4.0,0.0,0.0,
CUST004557,84,4,533.5,4.5,0.0,0.0,
CUST001017,96,6,511.38,3.2,0.0,0.0,
CUST000727,10,6,606.54,3.6,0.0,0.0,
CUST006915,59,5,464.71999999999997,3.5,0.0,0.0,
CUST000050,108,2,227.95999999999998,3.0,0.0,0.0,
CUST003558,77,7,755.58,4.0,0.0,0.0,
CUST007008,36,3,391.99,3.0,33.33,0.0,
CUST007869,37,8,944.96,3.25,0.0,0.0,
CUST009115,109,7,848.03,3.1666666666666665,0.0,0.0,
CUST004841,123,6,684.19,3.2,0.0,0.0,
CUST007694,67,6,664.35,4.333333333333333,0.0,0.0,
CUST007033,33,5,483.49,3.75,0.0,0.0,
CUST009216,10,4,590.6600000000001,4.5,0.0,0.0,
CUST009600,104,3,334.33000000000004,2.0,0.0,0.0,
CUST009143,162,5,499.52,4.0,0.0,0.0,
CUST000612,105,7,561.12,3.3333333333333335,0.0,0.0,
CUST000999,8,5,619.92,3.2,0.0,0.0,
CUST002727,57,2,197.5,3.5,0.0,0.0,
CUST002062,51,3,351.38,5.0,0.0,0.0,
CUST001365,71,4,330.24,2.6666666666666665,0.0,0.0,
CUST008031,23,6,577.54,3.3333333333333335,0.0,0.0,
CUST001390,52,8,681.95,4.0,0.0,0.0,
CUST003588,91,5,492.15000000000003,3.6,0.0,0.0,
CUST005975,79,7,794.63,3.8,0.0,0.0,
CUST008145,114,6,586.11,4.0,0.0,0.0,
CUST001276,112,7,697.14,3.6666666666666665,0.0,0.0,
CUST001892,34,5,426.28000000000003,3.25,0.0,0.0,
CUST007899,123,6,685.24,4.0,0.0,0.0,
CUST008062,8,8,895.83,3.4,0.0,0.0,
CUST007593,167,3,286.6,4.0,0.0,0.0,
CUST005290,120,6,527.52,3.6,0.0,0.0,
CUST005341,105,4,530.76,3.6666666666666665,0.0,0.0,
CUST008791,102,6,563.13,3.0,0.0,0.0,
CUST005428,117,6,563.58,3.6666666666666665,0.0,0.0,
CUST004112,50,5,441.94,3.5,0.0,0.0,
CUST005491,113,7,827.32,3.3333333333333335,0.0,0.0,
CUST001653,34,6,703.18,4.25,0.0,0.0,
CUST009236,89,6,575.94,4.0,0.0,0.0,
CUST006857,30,6,777.37,4.2,0.0,0.0,
CUST006244,125,10,951.78,3.6,0.0,0.0,
CUST003629,73,5,593.97,3.6,0.0,0.0,
CUST001000,151,3,314.67,2.6666666666666665,33.33,0.0,
CUST006641,9,6,608.43,3.4,0.0,0.0,
CUST004289,88,3,391.47,2.5,0.0,0.0,
CUST000247,17,5,578.02,3.5,0.0,0.0,
CUST003872,49,10,935.1700000000001,3.8333333333333335,0.0,0.0,
CUST007698,14,6,579.8499999999999,3.6,0.0,0.0,
CUST002080,26,4,404.18,4.0,0.0,0.0,
CUST001534,137,4,382.28,3.5,0.0,0.0,
CUST000871,123,5,577.07,3.5,0.0,0.0,
CUST006196,55,6,603.6800000000001,3.75,0.0,0.0,
CUST005444,14,3,228.32999999999998,3.6666666666666665,0.0,0.0,
CUST006470,25,6,593.9,3.4,0.0,0.0,
CUST001210,95,6,536.13,3.75,0.0,0.0,
CUST008001,121,6,641.78,3.2,0.0,0.0,
CUST000179,115,6,713.61,3.0,0.0,0.0,
CUST001505,101,3,265.33,4.0,0.0,0.0,
CUST002393,25,8,776.26,3.1666666666666665,12.5,0.0,
CUST007368,125,6,572.92,4.0,0.0,0.0,
CUST003773,16,6,553.22,3.75,0.0,0.0,
CUST006355,25,7,572.98,4.0,0.0,0.0,
CUST002237,56,4,508.85,4.0,0.0,0.0,
CUST000609,73,5,567.31,4.6,0.0,0.0,
CUST003186,42,7,624.72,3.6,0.0,0.0,
CUST002627,3,5,497.53999999999996,4.0,0.0,0.0,
CUST005027,53,3,236.05,3.5,33.33,0.0,
CUST008913,29,4,467.18,4.333333333333333,0.0,0.0,
CUST005489,87,3,269.23,3.6666666666666665,0.0,0.0,
CUST000526,30,6,659.62,3.1666666666666665,0.0,0.0,
CUST004802,17,3,224.32,2.0,33.33,0.0,
CUST004742,134,9,795.47,4.0,0.0,0.0,
CUST006812,32,4,429.63,3.5,0.0,0.0,
CUST000728,54,4,335.59000000000003,4.333333333333333,0.0,0.0,
CUST007732,64,5,412.4,2.0,0.0,0.0,
CUST004600,11,6,626.5899999999999,3.5,0.0,0.0,
CUST008615,4,5,457.01,4.5,0.0,0.0,
CUST004013,5,3,392.92,4.0,0.0,0.0,
CUST009398,19,7,692.3,3.25,0.0,0.0,
CUST009745,94,5,595.43,3.25,0.0,0.0,
CUST009987,26,6,486.16,4.0,0.0,0.0,
CUST002076,46,6,506.77,3.4,0.0,0.0,
CUST009630,111,5,470.0,4.5,0.0,0.0,
CUST003346,129,7,844.27,3.8,0.0,0.0,
CUST008641,26,6,567.7,4.5,0.0,0.0,
CUST009459,48,8,788.89,3.4,0.0,0.0,
CUST000973,122,4,461.13,4.5,0.0,0.0,
CUST001342,79,5,489.16999999999996,2.6666666666666665,0.0,0.0,
CUST008856,123,6,621.0,3.6666666666666665,0.0,0.0,
CUST000591,67,7,713.56,4.5,0.0,0.0,
CUST003089,37,7,652.91,3.75,0.0,0.0,
CUST002917,106,4,369.01,3.6666666666666665,0.0,0.0,
CUST000090,27,5,478.61,3.6666666666666665,0.0,0.0,
CUST000172,6,1,109.53,2.0,0.0,0.0,
CUST007815,39,4,331.28999999999996,4.0,0.0,0.0,
CUST007454,27,4,382.04,3.3333333333333335,25.0,0.0,
CUST005806,101,5,511.76,4.4,0.0,0.0,
CUST005100,143,3,233.37,4.0,0.0,0.0,
CUST001762,5,6,614.12,3.25,0.0,0.0,
CUST001297,2,4,413.79,4.0,0.0,0.0,
CUST007038,4,6,653.74,4.0,0.0,0.0,
CUST005734,39,6,592.39,3.8333333333333335,16.67,0.0,
CUST006803,83,4,349.65,3.5,0.0,0.0,
CUST009100,68,5,619.52,4.0,0.0,0.0,
CUST008749,52,6,567.68,3.4,0.0,0.0,
CUST002075,87,3,225.07999999999998,3.0,33.33,0.0,
CUST009168,118,5,420.64,3.5,0.0,0.0,
CUST007437,7,6,639.38,3.2,0.0,0.0,
CUST001675,18,7,640.89,4.0,0.0,0.0,
CUST008638,68,9,1060.91,3.5555555555555554,0.0,0.0,
CUST009387,78,4,287.18,4.666666666666667,0.0,0.0,
CUST006830,2,5,418.2,4.5,0.0,0.0,
CUST006467,91,5,428.42,4.5,0.0,0.0,
CUST001350,97,4,372.35,4.0,0.0,0.0,
CUST001575,73,5,430.72,4.0,0.0,0.0,
CUST001359,108,6,620.77,3.5,0.0,0.0,
CUST009018,65,7,634.96,3.3333333333333335,0.0,0.0,
CUST008232,30,6,537.3299999999999,4.0,0.0,0.0,
CUST004039,41,3,317.45,4.333333333333333,0.0,0.0,
CUST004903,46,5,420.40999999999997,3.6,0.0,0.0,
CUST007059,23,7,983.2,3.1666666666666665,0.0,0.0,
CUST000729,145,6,617.69,3.2,0.0,0.0,
CUST007129,99,9,918.5,3.6666666666666665,0.0,0.0,
CUST008293,58,6,612.27,3.3333333333333335,0.0,0.0,
CUST003823,7,4,431.31,4.0,0.0,0.0,
CUST007565,114,6,656.75,3.2,0.0,0.0,
CUST007586,35,5,424.27,3.75,0.0,0.0,
CUST000714,30,9,961.09,3.4,11.11,0.0,
CUST001883,159,6,494.14,3.6666666666666665,0.0,0.0,
CUST004705,103,5,654.21,4.0,0.0,0.0,
CUST004814,20,5,508.0,4.333333333333333,0.0,0.0,
CUST005008,39,5,508.52,3.5,0.0,0.0,
CUST002683,31,4,517.06,3.75,0.0,0.0,
CUST007509,54,1,120.76,2.0,0.0,0.0,
CUST005552,43,6,592.38,4.6,0.0,0.0,
CUST007881,148,6,551.62,4.5,0.0,0.0,
CUST005064,22,4,381.9,2.6666666666666665,25.0,0.0,
CUST009874,134,6,567.9,4.0,0.0,0.0,
CUST007301,101,6,508.88,3.5,0.0,0.0,
CUST002932,118,7,567.66,3.6,0.0,0.0,
CUST001659,17,6,701.56,3.1666666666666665,0.0,0.0,
CUST004941,37,7,880.36,3.8,0.0,0.0,
CUST008252,68,8,871.96,4.0,0.0,0.0,
CUST000465,76,4,433.94,4.666666666666667,0.0,0.0,
CUST004293,75,5,431.98,3.75,0.0,0.0,
CUST007589,87,7,690.93,3.8,0.0,0.0,
CUST002079,115,4,431.25,3.0,0.0,0.0,
CUST002357,99,3,247.73,2.6666666666666665,0.0,0.0,
CUST005268,70,4,374.54999999999995,4.0,0.0,0.0,
CUST005565,20,6,663.1700000000001,3.5,0.0,0.0,
CUST006240,100,5,496.89,3.2,0.0,0.0,
CUST006874,21,7,959.58,4.2,0.0,0.0,
CUST001292,42,5,434.63,2.0,0.0,0.0,
CUST003056,9,9,1082.64,3.125,0.0,0.0,
CUST004208,135,2,205.32999999999998,2.0,0.0,0.0,
CUST008504,54,8,697.85,4.0,0.0,0.0,
CUST006020,102,4,518.75,4.0,0.0,0.0,
CUST000086,1,4,304.36,3.6666666666666665,0.0,0.0,
CUST006570,170,3,331.14,3.0,0.0,0.0,
CUST005263,90,6,528.27,3.3333333333333335,0.0,0.0,
CUST007803,138,5,600.75,3.4,0.0,0.0,
CUST007540,74,5,465.74,4.0,0.0,0.0,
CUST009067,18,8,824.97,3.7142857142857144,0.0,0.0,
CUST004982,66,7,733.78,4.333333333333333,0.0,0.0,
CUST002271,85,8,828.54,3.0,12.5,0.0,
CUST002028,112,4,442.34000000000003,3.3333333333333335,0.0,0.0,
CUST004682,11,12,1115.95,4.0,0.0,0.0,
CUST003712,90,6,621.53,4.25,0.0,0.0,
CUST004812,29,5,601.23,2.75,0.0,0.0,
CUST002977,50,4,345.2,3.75,0.0,0.0,
CUST002867,180,4,421.13,4.0,0.0,0.0,
CUST008618,104,6,530.89,3.75,0.0,0.0,
CUST002583,77,6,558.75,2.6666666666666665,0.0,0.0,
CUST002562,48,9,950.73,4.0,0.0,0.0,
CUST004906,151,6,609.11,4.0,0.0,0.0,
CUST006850,71,7,760.03,3.4,0.0,0.0,
CUST002720,61,7,800.96,3.6666666666666665,0.0,0.0,
CUST007183,51,9,1144.23,4.666666666666667,11.11,0.0,
CUST008772,9,7,543.47,3.2857142857142856,0.0,0.0,
CUST007254,45,8,633.1700000000001,4.0,0.0,0.0,
CUST008883,39,8,682.3199999999999,3.8,0.0,0.0,
CUST007017,98,10,1048.18,3.375,0.0,0.0,
CUST004739,112,3,268.63,4.0,0.0,0.0,
CUST002209,2,9,881.85,3.4285714285714284,11.11,0.0,
CUST004737,145,6,665.85,2.0,16.67,0.0,
CUST005259,50,6,635.37,3.4,0.0,0.0,
CUST007108,16,6,653.65,4.0,0.0,0.0,
CUST006514,67,10,1154.16,3.857142857142857,0.0,0.0,
CUST004508,57,3,313.63,5.0,0.0,0.0,
CUST008299,28,6,602.59,4.75,0.0,0.0,
CUST000094,26,3,236.81,0.0,0.0,0.0,
CUST007603,37,5,398.93,3.5,0.0,0.0,
CUST003299,75,3,239.70999999999998,4.5,0.0,0.0,
CUST003880,49,2,180.18,3.0,0.0,0.0,
CUST001946,130,6,547.77,3.75,0.0,0.0,
CUST004354,173,4,297.89,4.0,0.0,0.0,
CUST004757,16,6,626.4200000000001,4.4,0.0,0.0,
CUST007922,58,6,710.42,3.8,0.0,0.0,
CUST003613,131,5,414.46000000000004,4.333333333333333,0.0,0.0,
CUST007126,107,12,1055.6100000000001,3.7,8.33,0.0,
CUST000014,13,8,891.51,3.375,12.5,0.0,
CUST004465,169,4,432.06,4.0,0.0,0.0,
CUST005617,97,7,720.6,3.0,0.0,0.0,
CUST002530,69,8,952.28,3.0,0.0,0.0,
CUST005949,64,6,679.1899999999999,4.333333333333333,0.0,0.0,
CUST009313,5,9,966.65,3.3333333333333335,0.0,0.0,
CUST000079,5,5,491.90999999999997,2.0,20.0,0.0,
CUST002903,54,6,620.94,3.3333333333333335,0.0,0.0,
CUST001169,29,5,493.61,3.6,0.0,0.0,
CUST001137,42,5,577.06,3.3333333333333335,0.0,0.0,
CUST004744,1,9,852.81,3.4285714285714284,0.0,0.0,
CUST005278,171,2,243.59,4.0,0.0,0.0,
CUST001979,108,3,345.15000000000003,4.5,0.0,0.0,
CUST009414,72,8,716.78,3.6666666666666665,0.0,0.0,
CUST008395,60,3,353.53,3.0,0.0,0.0,
CUST005317,98,3,245.44,4.666666666666667,0.0,0.0,
CUST002425,29,5,352.72,3.0,0.0,0.0,
CUST007494,89,8,849.78,3.6,0.0,0.0,
CUST000389,100,4,395.62,3.5,0.0,0.0,
CUST001615,118,5,520.49,3.25,0.0,0.0,
CUST008582,108,3,322.47,2.5,0.0,0.0,
CUST004676,95,1,69.77,3.0,0.0,0.0,
CUST008793,18,6,556.8199999999999,4.0,0.0,0.0,
CUST004549,67,5,485.58,4.0,0.0,0.0,
CUST005082,32,4,411.5,2.6666666666666665,0.0,0.0,
CUST003200,50,6,488.16999999999996,3.3333333333333335,0.0,0.0,
CUST003836,93,5,446.3,3.75,0.0,0.0,
CUST002188,42,7,706.27,3.6666666666666665,0.0,0.0,
CUST004641,73,4,339.61,3.75,25.0,0.0,
CUST003023,13,11,1167.02,4.0,9.09,0.0,
CUST003188,89,4,356.74,3.0,0.0,0.0,
CUST001040,117,5,458.97,5.0,0.0,0.0,
CUST003177,96,7,749.87,3.5,0.0,0.0,
CUST000128,8,9,1228.66,3.75,11.11,0.0,
CUST003429,60,9,879.03,4.0,0.0,0.0,
CUST008445,5,8,930.01,3.8333333333333335,0.0,0.0,
CUST006509,71,5,549.35,4.0,0.0,0.0,
CUST005375,47,7,624.88,4.0,0.0,0.0,
CUST008460,111,7,778.33,4.0,0.0,0.0,
CUST004829,160,5,360.98,3.0,0.0,0.0,
CUST002336,93,9,893.87,3.5714285714285716,0.0,0.0,
CUST008454,59,4,416.28,4.0,0.0,0.0,
CUST009225,9,4,427.53999999999996,3.5,0.0,0.0,
CUST001446,39,5,500.77,4.5,0.0,0.0,
CUST009565,33,7,681.49,3.75,0.0,0.0,
CUST006761,31,8,701.0699999999999,3.8,0.0,0.0,
CUST000449,88,5,504.33000000000004,3.6666666666666665,0.0,0.0,
CUST001076,39,7,752.44,3.8,14.29,0.0,
CUST006925,34,5,541.9000000000001,4.25,0.0,0.0,
CUST003734,38,8,719.4499999999999,4.142857142857143,0.0,0.0,
CUST004362,128,3,235.13,3.3333333333333335,0.0,0.0,
CUST009395,109,7,735.05,3.1666666666666665,0.0,0.0,
CUST006451,152,4,476.03999999999996,4.5,0.0,0.0,
CUST002635,90,3,284.28999999999996,3.5,0.0,0.0,
CUST006843,51,6,651.34,4.0,16.67,0.0,
CUST009213,47,5,436.78,3.5,0.0,0.0,
CUST004128,102,5,485.1,4.333333333333333,0.0,0.0,
CUST003966,132,3,363.42999999999995,3.0,0.0,0.0,
CUST003336,37,5,506.91999999999996,3.75,0.0,0.0,
CUST002239,132,4,392.71000000000004,4.0,0.0,0.0,
CUST006153,4,8,932.69,3.857142857142857,0.0,0.0,
CUST000297,29,3,297.56,3.0,33.33,0.0,
CUST008008,13,12,1074.88,4.0,0.0,0.0,
CUST003085,79,6,822.7,4.0,0.0,0.0,
CUST002169,108,6,594.8,4.0,16.67,0.0,
CUST001623,9,10,1081.24,3.8,0.0,0.0,
CUST003814,57,4,523.91,3.6666666666666665,0.0,0.0,
CUST007451,66,8,876.37,4.5,0.0,0.0,
CUST004410,7,7,691.55,3.8333333333333335,14.29,0.0,
CUST006501,18,7,635.88,4.0,0.0,0.0,
CUST009394,62,8,669.79,3.6666666666666665,0.0,0.0,
CUST007146,124,4,401.88,3.6666666666666665,0.0,0.0,
CUST000158,16,5,439.95,4.25,0.0,0.0,
CUST004160,42,5,499.91999999999996,3.3333333333333335,0.0,0.0,
CUST002794,59,7,585.55,4.5,0.0,0.0,
CUST002183,7,5,576.79,3.6666666666666665,0.0,0.0,
CUST009836,16,9,729.87,3.8333333333333335,0.0,0.0,
CUST004053,60,10,1067.9,3.2857142857142856,20.0,0.0,
CUST002042,107,4,325.02,3.3333333333333335,0.0,0.0,
CUST007472,146,7,754.55,3.5714285714285716,0.0,0.0,
CUST003982,19,5,422.41999999999996,4.333333333333333,0.0,0.0,
CUST007902,45,6,461.46,4.5,0.0,0.0,
CUST000724,66,5,477.74,3.6,0.0,0.0,
CUST007609,17,9,1010.06,3.5714285714285716,0.0,0.0,
CUST001794,135,3,323.25,3.0,0.0,0.0,
CUST009441,46,5,520.72,4.333333333333333,0.0,0.0,
CUST007166,54,6,782.62,3.8,0.0,0.0,
CUST003595,5,5,474.54999999999995,4.0,0.0,0.0,
CUST004917,36,4,428.22,3.0,0.0,0.0,
CUST003350,12,6,539.6800000000001,4.5,0.0,0.0,
CUST004257,60,5,458.9,2.6,0.0,0.0,
CUST002686,150,8,859.85,4.0,0.0,0.0,
CUST007975,68,9,973.06,4.333333333333333,11.11,0.0,
CUST001901,26,5,461.52,4.333333333333333,0.0,0.0,
CUST002089,15,6,562.36,2.8333333333333335,0.0,0.0,
CUST001170,40,6,725.3199999999999,3.6,0.0,0.0,
CUST001201,122,7,631.75,4.0,0.0,0.0,
CUST000502,47,6,615.01,4.25,0.0,0.0,
CUST009250,130,5,434.81,4.5,0.0,0.0,
CUST002038,136,5,504.80999999999995,3.6666666666666665,0.0,0.0,
CUST003164,100,7,636.1999999999999,4.2,0.0,0.0,
CUST007680,40,5,550.83,3.3333333333333335,0.0,0.0,
CUST000818,80,4,367.6,4.0,0.0,0.0,
CUST000940,55,9,1011.56,4.75,0.0,0.0,
CUST004884,94,7,574.45,3.2,0.0,0.0,
CUST008815,112,8,869.26,4.0,0.0,0.0,
CUST001325,6,4,358.32,4.333333333333333,0.0,0.0,
CUST001288,82,7,702.97,4.0,0.0,0.0,
CUST009726,80,7,648.5999999999999,4.25,0.0,0.0,
CUST003106,68,4,332.43,5.0,0.0,0.0,
CUST008020,83,4,367.07,5.0,0.0,0.0,
CUST004856,57,6,587.8299999999999,3.5,0.0,0.0,
CUST009057,117,8,798.99,3.0,0.0,0.0,
CUST002422,93,7,560.28,3.6,0.0,0.0,
CUST009585,90,9,942.85,3.6666666666666665,0.0,0.0,
CUST007102,57,4,366.41,4.333333333333333,0.0,0.0,
CUST003079,25,8,657.46,4.166666666666667,0.0,0.0,
CUST002315,43,6,621.52,3.8333333333333335,0.0,0.0,
CUST000160,105,3,292.07,4.5,0.0,0.0,
CUST005962,55,7,744.3,3.6,0.0,0.0,
CUST003067,84,5,408.94,3.5,0.0,0.0,
CUST004284,43,5,424.69,3.75,0.0,0.0,
CUST003695,51,8,672.35,3.5,0.0,0.0,
CUST003858,4,10,964.48,3.5,0.0,0.0,
CUST001406,84,5,537.35,4.333333333333333,0.0,0.0,
CUST004547,103,5,549.23,2.6666666666666665,0.0,0.0,
CUST004927,63,5,432.32,4.25,0.0,0.0,
CUST007720,72,4,435.27000000000004,3.75,0.0,0.0,
CUST008660,120,5,526.2,4.0,0.0,0.0,
CUST004385,49,4,289.98,4.333333333333333,0.0,0.0,
CUST008647,83,7,581.35,3.75,0.0,0.0,
CUST000439,132,7,627.77,3.1666666666666665,14.29,0.0,
CUST005865,27,5,746.64,2.5,0.0,0.0,
CUST001696,105,6,643.9,3.4,0.0,0.0,
CUST008974,26,3,267.28999999999996,3.0,0.0,0.0,
CUST005743,33,7,603.33,3.8,0.0,0.0,
CUST000308,19,9,976.4,3.4444444444444446,0.0,0.0,
CUST008155,41,9,940.96,3.625,0.0,0.0,
CUST007317,96,5,524.98,4.0,0.0,0.0,
CUST009088,34,7,586.58,4.2,14.29,0.0,
CUST007192,138,4,414.93,3.5,0.0,0.0,
CUST005722,13,5,497.62,3.25,0.0,0.0,
CUST001497,41,3,430.03000000000003,4.666666666666667,0.0,0.0,
CUST000064,138,5,740.54,2.75,20.0,0.0,
CUST008782,37,5,466.07,4.0,0.0,0.0,
CUST005176,167,7,620.8,4.166666666666667,0.0,0.0,
CUST005234,16,7,752.49,3.6,0.0,0.0,
CUST005507,81,3,268.82,3.0,0.0,0.0,
CUST008808,99,6,582.1800000000001,2.5,0.0,0.0,
CUST000443,68,4,340.78,4.333333333333333,0.0,0.0,
CUST005452,51,5,459.98,3.6,0.0,0.0,
CUST005815,143,5,530.34,4.2,0.0,0.0,
CUST002920,117,4,351.83,3.75,0.0,0.0,
CUST003899,24,5,459.5,4.0,0.0,0.0,
CUST002594,115,4,362.02,4.666666666666667,0.0,0.0,
CUST008188,4,5,434.45,3.8,0.0,0.0,
CUST000566,14,4,405.18,2.5,0.0,0.0,
CUST009679,21,2,185.22,4.0,0.0,0.0,
CUST005527,19,5,487.53,4.0,0.0,0.0,
CUST002476,101,3,251.28,3.0,0.0,0.0,
CUST001480,90,6,766.94,3.25,0.0,0.0,
CUST007808,34,11,1108.97,4.0,0.0,0.0,
CUST002814,73,9,1054.96,4.333333333333333,0.0,0.0,
CUST009504,121,9,728.56,4.428571428571429,0.0,0.0,
CUST003788,108,4,391.29,4.0,0.0,0.0,
CUST006924,89,10,1119.33,3.7777777777777777,0.0,0.0,
CUST000512,59,8,665.91,4.0,0.0,0.0,
CUST007701,54,11,1143.89,3.7142857142857144,0.0,0.0,
CUST000540,97,9,884.5999999999999,3.625,0.0,0.0,
CUST003187,38,5,397.24,4.4,0.0,0.0,
CUST002841,101,6,676.5899999999999,3.5,0.0,0.0,
CUST003524,17,7,739.59,4.25,0.0,0.0,
CUST006029,15,7,822.9399999999999,3.6666666666666665,0.0,0.0,
CUST007597,74,1,106.55,5.0,0.0,0.0,
CUST003916,153,6,643.04,2.8,0.0,0.0,
CUST001253,10,4,384.64,3.5,0.0,0.0,
CUST002370,40,4,534.19,3.6666666666666665,25.0,0.0,
CUST005679,102,8,919.5600000000001,3.8333333333333335,0.0,0.0,
CUST000555,93,8,684.49,4.0,0.0,0.0,
CUST004855,41,6,576.8,3.6666666666666665,0.0,0.0,
CUST005866,110,4,359.5,4.25,0.0,0.0,
CUST009597,8,8,939.5,4.0,0.0,0.0,
CUST004307,49,5,428.01,3.0,0.0,0.0,
CUST009278,9,6,627.0,3.8,0.0,0.0,
CUST003034,104,3,367.55,3.5,0.0,0.0,
CUST002317,112,4,372.13,3.5,0.0,0.0,
CUST002475,116,7,651.47,4.4,0.0,0.0,
CUST008658,2,5,762.5699999999999,3.75,0.0,0.0,
CUST006764,8,4,354.54,3.3333333333333335,0.0,0.0,
CUST007642,7,6,604.27,3.5,0.0,0.0,
CUST009939,1,4,445.02,3.0,0.0,0.0,
CUST003118,20,2,309.06,4.0,0.0,0.0,
CUST005102,150,2,210.09,4.0,0.0,0.0,
CUST008846,17,4,374.33000000000004,2.6666666666666665,0.0,0.0,
CUST004853,42,5,521.5600000000001,2.75,0.0,0.0,
CUST007299,12,7,956.6700000000001,3.1666666666666665,0.0,0.0,
CUST004983,92,7,588.63,3.6666666666666665,0.0,0.0,
CUST007939,89,5,682.99,5.0,0.0,0.0,
CUST005166,101,6,513.1,3.6666666666666665,16.67,0.0,
CUST001331,33,10,1034.09,4.111111111111111,0.0,0.0,
CUST007696,144,3,267.46000000000004,5.0,0.0,0.0,
CUST007576,35,7,632.38,4.166666666666667,0.0,0.0,
CUST009269,96,7,783.82,2.8333333333333335,14.29,0.0,
CUST004067,17,8,846.98,4.0,0.0,0.0,
CUST007789,67,7,592.1,3.8,0.0,0.0,
CUST002019,73,5,401.1,4.25,0.0,0.0,
CUST009972,3,7,649.25,3.4,0.0,0.0,
CUST001073,124,8,808.61,3.5,0.0,0.0,
CUST009665,40,8,807.02,4.0,0.0,0.0,
CUST006385,109,3,213.23,4.0,0.0,0.0,
CUST006515,60,6,592.26,3.5,0.0,0.0,
CUST006278,73,4,332.94,4.25,0.0,0.0,
CUST005235,5,8,775.5,3.7142857142857144,0.0,0.0,
CUST008435,126,4,461.44,4.0,0.0,0.0,
CUST008594,43,5,563.15,4.0,0.0,0.0,
CUST007590,25,1,111.21,4.0,0.0,0.0,
CUST009891,121,4,291.61,4.0,0.0,0.0,
CUST000806,34,5,446.55,2.6666666666666665,0.0,0.0,
CUST005099,129,4,449.75,3.0,0.0,0.0,
CUST006084,6,3,250.19,4.0,0.0,0.0,
CUST005295,131,8,720.5,3.0,0.0,0.0,
CUST003174,114,5,363.9,4.0,0.0,0.0,
CUST007311,45,7,600.5,4.2,0.0,0.0,
CUST008242,54,4,290.45,3.6666666666666665,0.0,0.0,
CUST009771,40,6,666.5799999999999,3.0,0.0,0.0,
CUST000782,109,10,1029.17,3.5,0.0,0.0,
CUST005699,145,6,568.32,3.1666666666666665,0.0,0.0,
CUST003945,35,6,511.80999999999995,3.0,0.0,0.0,
CUST004902,40,5,583.54,3.0,0.0,0.0,
CUST002699,145,4,348.03,4.0,0.0,0.0,
CUST002390,7,5,445.15,4.666666666666667,0.0,0.0,
CUST003232,67,6,791.0699999999999,3.75,0.0,0.0,
CUST000352,22,4,435.6,4.0,0.0,0.0,
CUST000301,9,4,368.59000000000003,4.0,0.0,0.0,
CUST009570,145,6,581.09,3.6666666666666665,0.0,0.0,
CUST008870,139,4,411.91,4.0,0.0,0.0,
CUST001848,38,7,633.55,4.0,0.0,0.0,
CUST003718,21,5,584.25,3.8,0.0,0.0,
CUST003006,116,8,760.0899999999999,3.5,0.0,0.0,
CUST003427,95,9,932.44,3.6666666666666665,0.0,0.0,
CUST003441,20,3,237.10000000000002,3.0,0.0,0.0,
CUST000785,15,4,443.34,4.0,0.0,0.0,
CUST006259,81,6,662.63,4.0,0.0,0.0,
CUST000958,79,4,360.55,3.5,0.0,0.0,
CUST000963,32,8,969.96,3.8333333333333335,0.0,0.0,
CUST004753,60,2,100.14,0.0,0.0,0.0,
CUST007034,52,6,659.8,4.0,0.0,0.0,
CUST007149,12,10,891.3199999999999,3.5714285714285716,0.0,0.0,
CUST001037,25,6,638.72,4.0,0.0,0.0,
CUST005992,15,5,506.96000000000004,4.333333333333333,0.0,0.0,
CUST001703,118,5,527.37,3.75,0.0,0.0,
CUST001953,16,5,438.83,3.6666666666666665,0.0,0.0,
CUST000353,98,7,890.0,3.25,0.0,0.0,
CUST008286,50,5,503.21000000000004,3.3333333333333335,0.0,0.0,
CUST007235,8,3,302.59000000000003,4.5,0.0,0.0,
CUST007526,53,3,324.65,3.0,0.0,0.0,
CUST003243,51,3,316.34999999999997,4.0,0.0,0.0,
CUST009507,159,3,273.45,2.5,0.0,0.0,
CUST003959,132,5,461.65,4.25,0.0,0.0,
CUST005525,43,6,550.91,3.3333333333333335,0.0,0.0,
CUST001731,104,4,364.53999999999996,4.0,0.0,0.0,
CUST000423,78,6,731.79,4.0,16.67,0.0,
CUST002418,17,6,658.9399999999999,3.75,0.0,0.0,
CUST005947,46,8,685.4,4.0,0.0,0.0,
CUST000355,42,5,765.14,4.0,0.0,0.0,
CUST002579,23,4,377.3,3.75,0.0,0.0,
CUST006205,35,5,591.5,3.4,0.0,0.0,
CUST004322,140,6,762.86,4.4,0.0,0.0,
CUST004921,64,6,631.8,3.6666666666666665,0.0,0.0,
CUST005023,88,6,652.27,4.0,0.0,0.0,
CUST005195,116,5,462.53,4.333333333333333,0.0,0.0,
CUST004876,15,6,522.96,3.5,16.67,0.0,
CUST009676,121,6,434.74,3.0,0.0,0.0,
CUST005480,59,5,435.09,2.5,0.0,0.0,
CUST001855,49,7,612.04,4.0,0.0,0.0,
CUST007000,60,7,716.03,4.0,0.0,0.0,
CUST001436,84,4,402.0,2.0,0.0,0.0,
CUST001228,56,8,798.16,4.0,0.0,0.0,
CUST006781,33,5,445.38,4.5,0.0,0.0,
CUST008007,121,5,494.66,3.6666666666666665,0.0,0.0,
CUST003295,83,7,591.24,3.75,0.0,0.0,
CUST008100,18,6,647.09,4.4,16.67,0.0,
CUST005518,107,4,454.78999999999996,3.5,0.0,0.0,
CUST007325,19,4,487.89,4.0,0.0,0.0,
CUST006101,30,4,428.74,4.0,0.0,0.0,
CUST007014,101,6,594.97,4.333333333333333,0.0,0.0,
CUST007897,2,8,689.39,3.6,0.0,0.0,
CUST003710,147,6,659.81,4.0,0.0,0.0,
CUST008836,8,9,839.77,3.5,11.11,0.0,
CUST003213,38,4,422.54,2.0,0.0,0.0,
CUST007466,67,6,636.41,3.25,0.0,0.0,
CUST003132,3,6,660.79,4.0,0.0,0.0,
CUST006493,54,3,391.3,3.0,0.0,0.0,
CUST005937,49,6,544.05,2.5,0.0,0.0,
CUST006144,77,11,1106.36,3.6666666666666665,0.0,0.0,
CUST007879,145,7,876.39,4.0,0.0,0.0,
CUST008811,36,3,290.53,3.6666666666666665,0.0,0.0,
CUST002193,148,7,796.4000000000001,3.75,0.0,0.0,
CUST001193,159,5,591.88,3.6666666666666665,0.0,0.0,
CUST009136,66,9,1095.3,3.5,0.0,0.0,
CUST002836,106,6,686.04,4.5,0.0,0.0,
CUST008337,14,5,512.8,3.0,20.0,0.0,
CUST000743,17,9,971.48,3.8333333333333335,0.0,0.0,
CUST009687,14,8,823.24,3.8333333333333335,0.0,0.0,
CUST001826,138,4,364.34999999999997,4.0,0.0,0.0,
CUST002731,41,6,710.63,4.5,0.0,0.0,
CUST008823,169,4,370.74,3.0,0.0,0.0,
CUST006298,25,9,918.56,3.625,0.0,0.0,
CUST001861,108,5,341.38,3.75,0.0,0.0,
CUST008921,106,2,196.0,3.0,0.0,0.0,
CUST002791,15,6,540.11,3.0,16.67,0.0,
CUST000165,34,7,745.19,3.25,0.0,0.0,
CUST004389,136,5,481.47,3.6666666666666665,0.0,0.0,
CUST007760,1,5,551.79,3.6666666666666665,0.0,0.0,
CUST003268,112,5,465.52,3.6666666666666665,0.0,0.0,
CUST008099,16,4,535.73,4.0,0.0,0.0,
CUST005337,88,5,731.06,4.0,0.0,0.0,
CUST007754,81,4,429.76,4.666666666666667,0.0,0.0,
CUST000977,31,5,531.84,3.4,20.0,0.0,
CUST009709,23,5,555.66,3.5,0.0,0.0,
CUST004162,35,5,487.74,3.0,0.0,0.0,
CUST000596,51,7,595.25,4.0,0.0,0.0,
CUST003031,20,4,417.11,3.3333333333333335,0.0,0.0,
CUST000196,41,4,481.97,3.3333333333333335,0.0,0.0,
CUST002290,138,4,334.47,3.5,0.0,0.0,
CUST009340,17,9,954.3,3.6666666666666665,0.0,0.0,
CUST002513,60,3,250.39,3.6666666666666665,0.0,0.0,
CUST009181,21,6,655.02,3.3333333333333335,0.0,0.0,
CUST001670,24,4,490.48,3.3333333333333335,0.0,0.0,
CUST008039,170,2,150.92000000000002,3.0,0.0,0.0,
CUST004990,36,5,464.53,4.25,0.0,0.0,
CUST006276,36,8,940.89,3.2857142857142856,12.5,0.0,
CUST004619,150,6,604.61,3.6666666666666665,0.0,0.0,
CUST001119,75,3,297.32,4.0,0.0,0.0,
CUST003857,114,6,552.98,2.6,0.0,0.0,
CUST003655,128,6,583.08,4.2,0.0,0.0,
CUST009162,25,9,914.8000000000001,3.3333333333333335,0.0,0.0,
CUST004301,11,7,579.72,4.0,0.0,0.0,
CUST007668,107,5,480.74,3.75,0.0,0.0,
CUST004564,24,4,279.57,4.25,0.0,0.0,
CUST008259,45,8,657.94,3.3333333333333335,0.0,0.0,
CUST008484,34,5,638.95,4.333333333333333,0.0,0.0,
CUST007234,151,5,529.51,4.0,0.0,0.0,
CUST000731,53,2,221.76999999999998,4.0,0.0,0.0,
CUST000408,163,4,450.55,4.0,0.0,0.0,
CUST002730,143,5,496.27,3.25,0.0,0.0,
CUST001751,139,8,611.55,3.4285714285714284,0.0,0.0,
CUST009950,49,4,363.99,3.25,0.0,0.0,
CUST008488,87,6,621.6800000000001,4.8,0.0,0.0,
CUST001692,1,3,270.48,4.0,0.0,0.0,
CUST009758,126,5,483.81,4.0,0.0,0.0,
CUST008018,92,5,538.6700000000001,3.6666666666666665,0.0,0.0,
CUST006573,54,2,361.96,5.0,0.0,0.0,
CUST009715,150,5,435.18,4.25,0.0,0.0,
CUST009976,13,10,1225.29,3.4,0.0,0.0,
CUST009672,132,3,337.49,3.3333333333333335,0.0,0.0,
CUST001207,19,8,901.0,3.0,12.5,0.0,
CUST005861,34,11,1022.12,4.166666666666667,0.0,0.0,
CUST009620,49,8,1069.25,3.3333333333333335,0.0,0.0,
CUST002341,9,5,413.89,4.0,0.0,0.0,
CUST004863,141,4,337.86,4.666666666666667,0.0,0.0,
CUST009549,37,5,559.83,3.75,0.0,0.0,
CUST009884,21,4,291.0,3.5,0.0,0.0,
CUST003047,118,4,399.23,3.75,25.0,0.0,
CUST007537,30,6,539.75,4.0,0.0,0.0,
CUST003623,117,7,744.24,3.5,0.0,0.0,
CUST003638,153,6,608.71,3.75,0.0,0.0,
CUST003852,115,3,306.65,2.0,0.0,0.0,
CUST003552,55,6,468.13,4.5,0.0,0.0,
CUST008700,75,4,437.55,5.0,25.0,0.0,
CUST001069,40,2,242.26,3.5,0.0,0.0,
CUST006165,25,6,483.23,3.6,0.0,0.0,
CUST009541,121,6,654.18,4.0,0.0,0.0,
CUST005124,25,5,418.37,5.0,0.0,0.0,
CUST006124,13,7,869.38,3.5,0.0,0.0,
CUST007025,83,4,379.03,3.3333333333333335,25.0,0.0,
CUST008069,4,5,562.03,4.0,0.0,0.0,
CUST008665,13,5,520.03,3.0,0.0,0.0,
CUST003765,82,6,719.44,4.0,0.0,0.0,
CUST003688,98,5,410.97,3.5,0.0,0.0,
CUST003541,96,4,540.0699999999999,5.0,0.0,0.0,
CUST004766,94,7,687.5600000000001,4.4,0.0,0.0,
CUST003292,142,6,558.61,3.3333333333333335,0.0,0.0,
CUST002857,11,6,536.67,4.5,0.0,0.0,
CUST000935,9,6,613.16,3.4,0.0,0.0,
CUST002978,36,9,955.04,4.333333333333333,0.0,0.0,
CUST005753,13,7,913.78,2.75,14.29,0.0,
CUST005748,132,3,293.9,2.0,0.0,0.0,
CUST005728,77,6,772.82,3.4,0.0,0.0,
CUST009562,37,6,565.14,3.5,0.0,0.0,
CUST003538,6,7,559.5,4.0,0.0,0.0,
CUST001920,25,5,551.88,3.4,0.0,0.0,
CUST005727,46,5,395.5,4.5,20.0,0.0,
CUST002799,99,4,362.1,2.25,0.0,0.0,
CUST001380,95,6,418.94,3.0,0.0,0.0,
CUST005983,25,6,516.97,4.0,0.0,0.0,
CUST001364,87,2,204.26999999999998,4.0,0.0,0.0,
CUST001386,67,7,618.72,4.0,0.0,0.0,
CUST008091,43,4,364.71,4.5,0.0,0.0,
CUST001510,63,4,598.71,4.0,0.0,0.0,
CUST006420,137,5,547.53,5.0,0.0,0.0,
CUST006255,169,9,767.18,3.75,0.0,0.0,
CUST002263,123,4,577.9300000000001,3.75,0.0,0.0,
CUST003156,139,5,669.13,4.25,0.0,0.0,
CUST007232,26,4,398.39,3.5,0.0,0.0,
CUST008984,131,6,723.39,3.5,0.0,0.0,
CUST001648,98,3,266.27,4.5,0.0,0.0,
CUST009688,67,7,540.16,3.2,0.0,0.0,
CUST006387,67,8,911.46,3.75,12.5,0.0,
CUST005291,120,4,402.38,3.6666666666666665,0.0,0.0,
CUST007332,101,5,423.15,4.0,0.0,0.0,
CUST004838,93,7,588.03,4.0,0.0,0.0,
CUST003590,66,10,1037.54,3.857142857142857,0.0,0.0,
CUST002400,56,6,544.15,5.0,0.0,0.0,
CUST001609,54,7,842.79,4.8,0.0,0.0,
CUST000178,102,4,251.10000000000002,3.5,0.0,0.0,
CUST001104,49,8,986.63,4.2,0.0,0.0,
CUST009755,96,6,667.5600000000001,4.5,0.0,0.0,
CUST007367,49,8,908.53,3.5714285714285716,0.0,0.0,
CUST001343,67,3,246.28,3.5,0.0,0.0,
CUST009120,120,3,278.37,4.5,0.0,0.0,
CUST006756,41,3,224.81,4.0,0.0,0.0,
CUST005658,90,5,473.40000000000003,3.0,0.0,0.0,
CUST007435,8,8,841.69,3.5,0.0,0.0,
CUST003707,36,4,429.28,4.0,0.0,0.0,
CUST001827,38,6,484.72,3.75,0.0,0.0,
CUST006652,19,5,365.85,4.0,0.0,0.0,
CUST005985,56,7,685.89,4.166666666666667,0.0,0.0,
CUST002065,78,4,537.0600000000001,4.25,0.0,0.0,
CUST002306,98,3,316.55,4.0,0.0,0.0,
CUST007816,65,3,235.03,4.0,0.0,0.0,
CUST005224,18,7,709.52,3.0,0.0,0.0,
CUST000274,10,4,362.18,3.75,25.0,0.0,
CUST002910,146,7,752.9200000000001,3.2,0.0,0.0,
CUST009515,53,7,573.04,3.8333333333333335,14.29,0.0,
CUST001308,6,5,733.8199999999999,4.0,0.0,0.0,
CUST007074,110,10,1173.99,3.0,0.0,0.0,
CUST005796,18,10,1053.83,4.0,0.0,0.0,
CUST005856,27,7,691.41,4.333333333333333,0.0,0.0,
CUST003656,83,8,854.52,3.6666666666666665,0.0,0.0,
CUST008071,80,7,635.53,4.0,0.0,0.0,
CUST000708,131,5,432.93,4.0,0.0,0.0,
CUST006640,3,10,959.88,3.4444444444444446,0.0,0.0,
CUST009284,91,5,595.29,4.5,0.0,0.0,
CUST001656,86,5,685.1600000000001,3.3333333333333335,0.0,0.0,
CUST004662,122,7,700.98,2.8,14.29,0.0,
CUST003753,18,3,303.27,3.0,0.0,0.0,
CUST005798,103,7,821.29,4.0,0.0,0.0,
CUST005659,37,1,119.16,5.0,0.0,0.0,
CUST003072,7,5,409.6,4.666666666666667,0.0,0.0,
CUST000163,31,7,663.14,4.0,0.0,0.0,
CUST004396,168,7,754.17,4.166666666666667,0.0,0.0,
CUST004631,44,5,450.18,3.6666666666666665,0.0,0.0,
CUST006715,111,3,306.69,3.0,0.0,0.0,
CUST008580,32,5,478.23,3.4,0.0,0.0,
CUST001813,23,7,632.59,4.0,0.0,0.0,
CUST004210,41,3,436.51,4.5,0.0,0.0,
CUST007962,56,5,534.14,3.2,20.0,0.0,
CUST009144,32,4,378.55,3.6666666666666665,0.0,0.0,
CUST000131,12,6,652.83,3.6666666666666665,0.0,0.0,
CUST004987,32,7,662.97,3.6,0.0,0.0,
CUST000560,52,4,295.49,0.0,0.0,0.0,
CUST002372,69,5,472.82,4.0,0.0,0.0,
CUST001925,149,6,592.02,4.333333333333333,0.0,0.0,
CUST009690,47,5,512.91,3.8,0.0,0.0,
CUST003059,125,5,413.55,4.0,0.0,0.0,
CUST003798,48,9,923.48,4.0,0.0,0.0,
CUST004708,156,4,402.53000000000003,2.6666666666666665,0.0,0.0,
CUST001582,69,5,567.76,2.8,20.0,0.0,
CUST008797,30,7,817.05,4.2,0.0,0.0,
CUST008353,27,6,547.96,3.2,0.0,0.0,
CUST005014,76,5,564.29,3.5,0.0,0.0,
CUST008566,104,11,1099.12,2.5714285714285716,0.0,0.0,
CUST002146,110,5,501.87,3.75,0.0,0.0,
CUST003423,131,4,390.19000000000005,3.75,0.0,0.0,
CUST008827,46,8,761.6,3.6,0.0,0.0,
CUST002473,25,8,908.61,3.2,12.5,0.0,
CUST009985,153,4,367.46999999999997,2.5,0.0,0.0,
CUST001921,11,3,304.87,3.0,0.0,0.0,
CUST003209,48,4,363.49,2.5,0.0,0.0,
CUST009214,97,1,82.19,5.0,0.0,0.0,
CUST009265,81,6,603.46,5.0,0.0,0.0,
CUST004344,93,6,544.23,4.0,0.0,0.0,
CUST003799,81,5,522.51,3.75,0.0,0.0,
CUST005633,84,3,305.44,4.0,0.0,0.0,
CUST002033,104,8,802.45,3.4,0.0,0.0,
CUST000262,164,5,379.76,3.0,0.0,0.0,
CUST006154,11,4,478.11,3.75,0.0,0.0,
CUST001633,77,8,802.63,3.4,0.0,0.0,
CUST003738,27,7,745.72,3.0,28.57,0.0,
CUST007461,2,8,916.29,3.8,0.0,0.0,
CUST004771,68,6,398.63,3.8333333333333335,0.0,0.0,
CUST003720,8,9,938.92,3.6,0.0,0.0,
CUST009861,3,8,744.79,4.5,0.0,0.0,
CUST001468,178,6,702.47,3.6666666666666665,0.0,0.0,
CUST001291,49,6,517.87,3.6666666666666665,0.0,0.0,
CUST008245,75,7,639.6,3.8,0.0,0.0,
CUST004094,58,7,727.05,4.166666666666667,0.0,0.0,
CUST009457,16,7,679.15,3.5714285714285716,0.0,0.0,
CUST003881,57,9,1112.59,3.5,0.0,0.0,
CUST006525,108,4,282.89,4.0,0.0,0.0,
CUST005890,27,6,558.23,4.333333333333333,0.0,0.0,
CUST001224,18,6,559.36,4.0,0.0,0.0,
CUST005289,39,4,393.48,3.25,0.0,0.0,
CUST000215,91,6,455.63,4.0,0.0,0.0,
CUST006460,147,8,977.13,3.6,12.5,0.0,
CUST001265,33,6,671.1,3.5,0.0,0.0,
CUST009059,123,3,229.84,4.5,0.0,0.0,
CUST007039,91,6,664.46,3.5,0.0,0.0,
CUST009142,14,2,133.75,3.0,0.0,0.0,
CUST003203,17,4,351.32,3.3333333333333335,0.0,0.0,
CUST003204,107,6,769.38,3.75,0.0,0.0,
CUST007800,65,5,589.78,2.5,20.0,0.0,
CUST004521,151,4,452.87,4.0,0.0,0.0,
CUST005470,55,7,702.85,3.3333333333333335,0.0,0.0,
CUST005187,60,8,802.6,3.8,0.0,0.0,
CUST002648,40,5,498.88,3.0,0.0,0.0,
CUST004765,16,4,375.99,3.5,0.0,0.0,
CUST003050,49,7,615.46,4.2,0.0,0.0,
CUST002524,23,6,545.59,3.5,0.0,0.0,
CUST006231,25,4,433.22999999999996,5.0,0.0,0.0,
CUST001835,43,6,651.48,3.0,16.67,0.0,
CUST006502,18,4,480.39,4.0,0.0,0.0,
CUST004514,30,6,682.2,4.0,0.0,0.0,
CUST008581,130,4,451.59000000000003,1.0,25.0,0.0,
CUST005768,13,5,628.49,2.0,0.0,0.0,
CUST004306,52,4,408.32,3.6666666666666665,0.0,0.0,
CUST006926,57,8,894.56,3.8333333333333335,0.0,0.0,
CUST005814,80,7,654.97,4.666666666666667,0.0,0.0,
CUST005509,84,10,956.03,3.7777777777777777,0.0,0.0,
CUST005095,34,5,464.81,3.4,0.0,0.0,
CUST008078,87,2,168.31,3.5,0.0,0.0,
CUST005193,27,10,966.05,3.5714285714285716,10.0,0.0,
CUST007542,14,6,764.17,3.8,0.0,0.0,
CUST008985,49,7,801.87,3.6666666666666665,0.0,0.0,
CUST001097,141,3,278.93,4.5,0.0,0.0,
CUST005588,75,2,154.05,4.0,0.0,0.0,
CUST004468,130,4,357.35,3.3333333333333335,0.0,0.0,
CUST008692,101,5,468.04,3.25,0.0,0.0,
CUST004089,15,7,628.79,3.6666666666666665,0.0,0.0,
CUST004100,15,4,509.31,3.6666666666666665,0.0,0.0,
CUST006256,60,4,369.58000000000004,3.0,0.0,0.0,
CUST000762,109,5,554.39,4.25,0.0,0.0,
CUST002792,123,10,961.02,3.7777777777777777,0.0,0.0,
CUST003449,153,6,767.25,4.333333333333333,0.0,0.0,
CUST007666,169,4,431.17,3.3333333333333335,0.0,0.0,
CUST006875,5,6,509.24,3.8,0.0,0.0,
CUST007963,10,9,1289.97,3.857142857142857,0.0,0.0,
CUST006868,107,7,603.0699999999999,3.3333333333333335,0.0,0.0,
CUST005339,142,9,918.45,3.2,0.0,0.0,
CUST004266,55,5,459.59,4.0,0.0,0.0,
CUST000256,10,8,758.01,3.6,0.0,0.0,
CUST004899,9,6,604.76,3.6666666666666665,0.0,0.0,
CUST000850,79,11,978.92,4.0,0.0,0.0,
CUST003790,137,3,261.7,3.6666666666666665,0.0,0.0,
CUST008050,81,1,91.4,4.0,0.0,0.0,
CUST008152,56,7,768.11,3.5,14.29,0.0,
CUST000257,109,4,393.48,3.6666666666666665,0.0,0.0,
CUST003144,156,4,341.48,4.5,0.0,0.0,
CUST008752,49,4,395.04,4.0,0.0,0.0,
CUST004418,75,4,305.2,3.75,0.0,0.0,
CUST006142,64,5,509.20000000000005,3.0,20.0,0.0,
CUST005273,32,6,645.4,3.8,0.0,0.0,
CUST000124,121,3,251.41,3.5,0.0,0.0,
CUST003221,152,7,639.3,3.6666666666666665,0.0,0.0,
CUST007026,52,6,482.53999999999996,4.5,0.0,0.0,
CUST006454,22,9,848.48,4.0,0.0,0.0,
CUST004946,55,3,371.4,4.0,0.0,0.0,
CUST008459,47,3,442.03,4.0,0.0,0.0,
CUST000015,95,6,580.95,4.0,0.0,0.0,
CUST000281,86,4,651.1,4.0,0.0,0.0,
CUST004808,18,6,628.46,4.25,0.0,0.0,
CUST005681,148,4,347.04,3.3333333333333335,0.0,0.0,
CUST009413,59,5,568.48,4.0,0.0,0.0,
CUST000052,101,11,1121.1599999999999,3.0,0.0,0.0,
CUST003662,97,6,656.11,4.2,0.0,0.0,
CUST004559,78,7,555.87,4.0,0.0,0.0,
CUST001188,17,7,740.41,4.0,0.0,0.0,
CUST001433,50,4,428.5,3.6666666666666665,0.0,0.0,
CUST007470,50,10,1050.68,3.75,0.0,0.0,
CUST008911,130,4,394.49,2.5,0.0,0.0,
CUST005323,111,8,875.9,3.6,0.0,0.0,
CUST002715,113,3,269.48,4.5,0.0,0.0,
CUST006431,89,7,809.26,2.6666666666666665,0.0,0.0,
CUST005613,123,7,744.1199999999999,3.2,0.0,0.0,
CUST007520,68,7,607.34,3.5,0.0,0.0,
CUST005958,46,10,1177.25,4.0,0.0,0.0,
CUST009279,94,4,452.46,4.5,0.0,0.0,
CUST009240,2,4,375.0,3.0,0.0,0.0,
CUST009370,59,8,944.1500000000001,3.6666666666666665,0.0,0.0,
CUST001502,54,4,332.37,4.0,25.0,0.0,
CUST000732,33,6,720.56,3.4,0.0,0.0,
CUST003419,5,6,540.42,4.4,0.0,0.0,
CUST001410,11,12,1129.07,3.875,0.0,0.0,
CUST009697,97,4,582.4200000000001,3.0,0.0,0.0,
CUST000169,24,8,773.58,3.625,0.0,0.0,
CUST004272,166,2,224.11,4.0,0.0,0.0,
CUST008027,44,7,656.49,2.0,0.0,0.0,
CUST004448,11,2,198.46,3.5,0.0,0.0,
CUST006177,53,6,527.94,3.6666666666666665,0.0,0.0,
CUST001988,136,7,677.22,3.8333333333333335,0.0,0.0,
CUST002010,27,8,747.61,4.0,0.0,0.0,
CUST009307,23,3,282.63,4.0,0.0,0.0,
CUST002533,171,2,176.64,5.0,0.0,0.0,
CUST008205,95,6,486.35,3.0,0.0,0.0,
CUST005487,146,4,370.45,4.666666666666667,0.0,0.0,
CUST001611,69,7,630.73,4.25,0.0,0.0,
CUST004271,37,6,728.94,4.2,0.0,0.0,
CUST000898,36,5,555.34,3.4,0.0,0.0,
CUST009039,36,8,866.92,4.333333333333333,0.0,0.0,
CUST004604,163,5,417.13,3.75,0.0,0.0,
CUST005963,90,7,661.0600000000001,4.75,0.0,0.0,
CUST009455,146,3,298.34000000000003,3.0,33.33,0.0,
CUST005420,37,7,717.89,3.5,0.0,0.0,
CUST008637,35,6,594.8,4.0,0.0,0.0,
CUST009791,83,6,602.5500000000001,3.6,0.0,0.0,
CUST001599,25,7,757.54,4.0,0.0,0.0,
CUST004711,28,4,278.56,4.5,0.0,0.0,
CUST005677,111,8,1106.77,3.4,0.0,0.0,
CUST006001,38,6,588.29,4.0,0.0,0.0,
CUST001149,57,3,393.72,2.5,33.33,0.0,
CUST004610,61,5,371.13,2.6666666666666665,0.0,0.0,
CUST006295,100,4,400.68,3.0,0.0,0.0,
CUST008521,146,4,383.80999999999995,2.75,0.0,0.0,
CUST005078,120,8,884.13,3.3333333333333335,0.0,0.0,
CUST000087,119,7,584.12,3.6666666666666665,0.0,0.0,
CUST001430,96,4,471.73,3.6666666666666665,0.0,0.0,
CUST004592,151,4,505.53,4.0,0.0,0.0,
CUST005813,64,5,693.99,4.0,0.0,0.0,
CUST008238,67,5,657.27,4.0,0.0,0.0,
CUST003672,16,7,632.7,4.0,0.0,0.0,
CUST002703,82,3,283.87,4.5,0.0,0.0,
CUST002407,37,5,417.38,3.5,0.0,0.0,
CUST008227,69,3,289.25,4.0,0.0,0.0,
CUST005731,111,5,500.4,3.5,0.0,0.0,
CUST002293,93,7,781.74,3.5,0.0,0.0,
CUST005185,8,5,425.49,2.6666666666666665,0.0,0.0,
CUST009024,60,10,796.65,3.8,0.0,0.0,
CUST004384,124,2,194.68,4.5,0.0,0.0,
CUST002602,89,6,554.24,4.5,0.0,0.0,
CUST007718,29,3,278.23,4.0,0.0,0.0,
CUST002550,54,12,1038.08,4.0,0.0,0.0,
CUST007559,174,6,633.74,4.0,0.0,0.0,
CUST008997,45,10,1299.78,3.4444444444444446,0.0,0.0,
CUST006130,62,6,530.0,3.4,0.0,0.0,
CUST003564,146,7,599.78,3.25,0.0,0.0,
CUST004524,52,5,519.6899999999999,4.6,0.0,0.0,
CUST005461,42,6,620.89,4.4,0.0,0.0,
CUST006745,35,7,687.09,3.4,0.0,0.0,
CUST004394,124,7,594.9,3.6,0.0,0.0,
CUST002494,24,10,1015.4300000000001,3.5714285714285716,0.0,0.0,
CUST004529,39,5,356.46,3.75,0.0,0.0,
CUST008630,52,2,196.85000000000002,4.0,0.0,0.0,
CUST008463,47,6,612.54,3.5,0.0,0.0,
CUST003420,109,8,902.92,3.6666666666666665,0.0,0.0,
CUST009325,59,5,606.66,3.4,20.0,0.0,
CUST009635,74,3,484.15999999999997,4.0,0.0,0.0,
CUST003875,125,2,231.92000000000002,5.0,0.0,0.0,
CUST009311,83,6,667.4,4.0,0.0,0.0,
CUST009020,167,3,325.34000000000003,4.0,0.0,0.0,
CUST008977,1,9,833.01,4.166666666666667,0.0,0.0,
CUST008585,57,7,767.79,2.6666666666666665,0.0,0.0,
CUST001120,37,4,472.25,4.0,0.0,0.0,
CUST004704,24,6,626.71,4.0,16.67,0.0,
CUST006762,109,8,863.1,3.8333333333333335,0.0,0.0,
CUST008851,154,8,819.26,4.333333333333333,0.0,0.0,
CUST005453,45,5,546.5,3.3333333333333335,0.0,0.0,
CUST002448,26,3,309.65999999999997,3.3333333333333335,0.0,0.0,
CUST007527,6,7,502.28,3.25,14.29,0.0,
CUST007022,145,7,637.72,3.5,0.0,0.0,
CUST001078,121,4,269.75,3.6666666666666665,0.0,0.0,
CUST008838,5,4,465.94000000000005,3.6666666666666665,0.0,0.0,
CUST005016,162,2,165.04,2.5,0.0,0.0,
CUST005609,157,6,567.09,3.6666666666666665,0.0,0.0,
CUST001662,11,5,466.6,3.4,0.0,0.0,
CUST009302,93,5,573.78,3.3333333333333335,0.0,0.0,
CUST004051,64,5,449.99,3.8,0.0,0.0,
CUST008728,24,6,461.40999999999997,4.166666666666667,0.0,0.0,
CUST001940,148,5,466.88,3.2,0.0,0.0,
CUST005847,11,3,359.63,3.5,0.0,0.0,
CUST008430,42,5,554.6800000000001,4.5,0.0,0.0,
CUST005476,11,9,940.1,4.2,0.0,0.0,
CUST006805,46,7,706.61,3.0,14.29,0.0,
CUST002706,42,8,920.98,3.8333333333333335,0.0,0.0,
CUST009725,48,5,550.92,3.6666666666666665,0.0,0.0,
CUST003770,65,6,658.58,3.8,0.0,0.0,
CUST004655,150,3,292.55,3.0,0.0,0.0,
CUST008028,99,6,596.62,4.25,16.67,0.0,
CUST008586,128,4,391.69,3.5,0.0,0.0,
CUST001496,58,5,435.96999999999997,4.0,0.0,0.0,
CUST007935,21,6,514.04,3.2,0.0,0.0,
CUST002532,35,6,654.7,3.75,0.0,0.0,
CUST007871,147,8,911.4,3.5,0.0,0.0,
CUST002729,61,5,394.18,3.8,20.0,0.0,
CUST006012,5,3,285.19,2.0,0.0,0.0,
CUST005639,101,7,617.27,3.4,0.0,0.0,
CUST000968,15,6,666.47,3.75,0.0,0.0,
CUST005837,14,5,695.97,4.2,0.0,0.0,
CUST006361,87,4,405.07,3.25,0.0,0.0,
CUST003576,8,4,403.38000000000005,4.0,0.0,0.0,
CUST005996,23,6,544.21,4.5,0.0,0.0,
CUST006741,15,4,477.01,3.75,0.0,0.0,
CUST004484,56,4,359.32,3.0,0.0,0.0,
CUST003979,31,3,307.5,3.5,0.0,0.0,
CUST006338,119,6,645.75,4.0,0.0,0.0,
CUST001604,41,6,533.89,3.0,16.67,0.0,
CUST007363,85,7,620.69,3.4,0.0,0.0,
CUST004756,26,10,895.53,3.1666666666666665,10.0,0.0,
CUST009551,74,4,533.8100000000001,4.0,25.0,0.0,
CUST008294,16,6,529.24,4.0,0.0,0.0,
CUST004606,85,8,797.35,4.6,0.0,0.0,
CUST001260,8,3,281.21999999999997,4.0,0.0,0.0,
CUST000067,63,4,434.04,5.0,0.0,0.0,
CUST007204,51,4,365.78999999999996,4.0,0.0,0.0,
CUST001499,126,7,626.57,3.4,0.0,0.0,
CUST004064,139,6,592.14,2.6666666666666665,33.33,0.0,
CUST005782,176,6,587.42,3.0,0.0,0.0,
CUST004825,23,8,972.46,3.8333333333333335,0.0,0.0,
CUST008959,129,4,446.71999999999997,5.0,0.0,0.0,
CUST009116,66,3,334.94,3.6666666666666665,0.0,0.0,
CUST001053,106,5,439.5,4.333333333333333,0.0,0.0,
CUST009187,111,4,427.32,3.5,0.0,0.0,
CUST001245,40,5,620.9200000000001,3.5,0.0,0.0,
CUST008022,118,8,867.53,3.4285714285714284,0.0,0.0,
CUST005308,79,2,231.65,3.5,0.0,0.0,
CUST007109,36,6,479.37,4.0,0.0,0.0,
CUST007706,75,9,883.67,3.8,0.0,0.0,
CUST009482,168,6,739.71,3.8,0.0,0.0,
CUST001402,40,3,353.51,3.6666666666666665,0.0,0.0,
CUST005777,87,3,267.93,2.0,0.0,0.0,
CUST001971,108,7,742.37,4.0,14.29,0.0,
CUST001551,126,2,193.95999999999998,5.0,0.0,0.0,
CUST007545,30,4,420.18,4.75,0.0,0.0,
CUST005270,22,5,608.98,3.4,0.0,0.0,
CUST002985,168,6,607.17,4.4,0.0,0.0,
CUST000248,125,5,442.52,2.0,0.0,0.0,
CUST002892,115,4,393.9,3.0,0.0,0.0,
CUST002692,32,10,947.12,4.0,0.0,0.0,
CUST006985,42,4,427.04999999999995,3.3333333333333335,0.0,0.0,
CUST008094,15,2,148.25,3.0,0.0,0.0,
CUST005089,37,9,1043.6799999999998,3.875,0.0,0.0,
CUST005579,40,4,390.36,4.333333333333333,0.0,0.0,
CUST002721,5,5,467.13,4.0,0.0,0.0,
CUST007069,23,5,464.41,4.0,0.0,0.0,
CUST006697,6,7,666.3,3.5714285714285716,28.57,0.0,
CUST002751,59,6,515.42,3.0,0.0,0.0,
CUST008593,15,7,740.0699999999999,3.6666666666666665,0.0,0.0,
CUST005526,9,9,1036.71,3.25,0.0,0.0,
CUST009230,59,9,871.25,4.0,0.0,0.0,
CUST006107,30,9,887.65,4.0,0.0,0.0,
CUST005855,140,5,519.18,3.3333333333333335,0.0,0.0,
CUST001820,131,5,528.18,3.6666666666666665,0.0,0.0,
CUST006224,78,4,361.82,4.5,0.0,0.0,
CUST002489,82,4,452.87,4.0,0.0,0.0,
CUST004176,81,3,253.94,3.0,0.0,0.0,
CUST007839,109,6,518.84,4.0,0.0,0.0,
CUST003120,58,8,717.76,3.0,0.0,0.0,
CUST004227,20,6,487.91999999999996,4.25,0.0,0.0,
CUST005336,39,4,432.5,3.5,0.0,0.0,
CUST006013,77,9,1024.8899999999999,3.8333333333333335,0.0,0.0,
CUST002698,15,5,540.9499999999999,4.0,0.0,0.0,
CUST008833,26,3,318.41999999999996,3.5,0.0,0.0,
CUST007547,71,6,717.08,2.0,16.67,0.0,
CUST002194,109,6,635.62,3.0,0.0,0.0,
CUST000748,117,4,371.65,2.6666666666666665,0.0,0.0,
CUST002021,166,3,328.4,2.5,0.0,0.0,
CUST002899,41,8,705.73,3.857142857142857,0.0,0.0,
CUST000704,148,7,842.78,4.0,0.0,0.0,
CUST002102,46,6,700.93,4.0,0.0,0.0,
CUST008431,4,13,1330.09,3.727272727272727,0.0,0.0,
CUST001229,1,12,1390.68,3.4444444444444446,0.0,0.0,
CUST006396,6,6,621.47,3.4,0.0,0.0,
CUST007333,14,8,705.66,3.75,0.0,0.0,
CUST004131,30,5,452.39,4.0,0.0,0.0,
CUST003403,84,7,643.26,3.1666666666666665,0.0,0.0,
CUST006138,20,6,612.63,4.2,0.0,0.0,
CUST007483,30,4,341.45,3.3333333333333335,0.0,0.0,
CUST008367,47,16,1830.29,3.9166666666666665,0.0,0.0,
CUST009288,114,5,495.21,3.25,0.0,0.0,
CUST006472,110,4,329.98,4.0,0.0,0.0,
CUST005732,4,3,319.84000000000003,2.5,0.0,0.0,
CUST008803,59,4,276.22,4.666666666666667,0.0,0.0,
CUST002772,143,4,360.5,4.0,0.0,0.0,
CUST000925,113,5,481.58000000000004,3.75,0.0,0.0,
CUST007239,36,4,386.57,3.5,0.0,0.0,
CUST002486,62,4,369.57000000000005,4.5,0.0,0.0,
CUST000034,92,4,395.53000000000003,3.0,0.0,0.0,
CUST001109,161,3,293.39,4.0,33.33,0.0,
CUST000134,159,2,165.98,5.0,0.0,0.0,
CUST004151,48,5,378.58,3.3333333333333335,0.0,0.0,
CUST003697,93,7,688.25,4.333333333333333,0.0,0.0,
CUST008030,146,1,86.4,4.0,0.0,0.0,
CUST001897,164,5,447.66,3.0,0.0,0.0,
CUST005275,13,3,248.63,4.666666666666667,0.0,0.0,
CUST008436,31,6,506.8,3.5,0.0,0.0,
CUST006122,103,4,390.96000000000004,3.3333333333333335,0.0,0.0,
CUST009851,49,7,983.2,4.0,0.0,0.0,
CUST000275,155,3,297.98,3.0,0.0,0.0,
CUST007605,26,2,193.17000000000002,4.5,0.0,0.0,
CUST006246,52,5,390.87,3.75,0.0,0.0,
CUST000709,4,7,759.47,3.4285714285714284,0.0,0.0,
CUST004626,121,4,425.12,3.6666666666666665,0.0,0.0,
CUST008291,31,11,1039.12,3.6666666666666665,0.0,0.0,
CUST007275,63,3,274.18,2.5,0.0,0.0,
CUST005442,102,4,360.47,5.0,0.0,0.0,
CUST006055,72,6,446.46,4.0,0.0,0.0,
CUST000203,25,4,302.93,3.0,0.0,0.0,
CUST005881,35,6,528.1800000000001,3.75,0.0,0.0,
CUST001694,1,8,601.71,3.2857142857142856,0.0,0.0,
CUST004718,28,9,1150.5,3.8333333333333335,0.0,0.0,
CUST005311,41,6,663.3199999999999,4.0,0.0,0.0,
CUST008983,87,6,627.75,3.1666666666666665,0.0,0.0,
CUST004319,93,3,303.28,3.3333333333333335,0.0,0.0,
CUST003951,43,4,366.47,3.0,0.0,0.0,
CUST006849,11,5,501.28,3.3333333333333335,0.0,0.0,
CUST005276,121,3,249.01999999999998,2.0,0.0,0.0,
CUST002127,34,3,415.35,3.3333333333333335,0.0,0.0,
CUST007082,43,5,513.78,4.4,0.0,0.0,
CUST009817,56,4,437.9,4.666666666666667,0.0,0.0,
CUST002459,53,3,262.1,4.0,0.0,0.0,
CUST009815,13,9,736.27,3.6666666666666665,0.0,0.0,
CUST009080,69,9,1038.52,3.5,11.11,0.0,
CUST001588,91,6,826.5,3.8,0.0,0.0,
CUST002975,131,4,384.56,3.75,0.0,0.0,
CUST008284,66,5,528.51,4.0,0.0,0.0,
CUST000121,29,4,344.71,4.333333333333333,0.0,0.0,
CUST000672,33,5,517.6,4.25,0.0,0.0,
CUST001832,49,4,307.71,4.0,0.0,0.0,
CUST002058,60,4,400.66999999999996,4.333333333333333,0.0,0.0,
CUST008944,137,4,409.86,4.0,0.0,0.0,
CUST002255,90,7,777.61,4.25,0.0,0.0,
CUST007944,3,3,251.7,3.0,33.33,0.0,
CUST005463,75,5,474.71999999999997,2.6666666666666665,20.0,0.0,
CUST003812,138,7,714.09,3.8333333333333335,0.0,0.0,
CUST000440,27,5,488.63,3.3333333333333335,0.0,0.0,
CUST002050,85,7,710.18,3.0,0.0,0.0,
CUST003592,48,4,492.58,4.5,0.0,0.0,
CUST008576,9,7,788.75,3.142857142857143,0.0,0.0,
CUST001968,159,6,534.22,3.0,0.0,0.0,
CUST002626,1,4,599.91,4.0,0.0,0.0,
CUST009486,14,7,660.14,4.2,0.0,0.0,
CUST002256,127,9,834.75,4.0,0.0,0.0,
CUST007066,142,4,412.45,3.0,0.0,0.0,
CUST004024,165,7,742.63,3.8333333333333335,0.0,0.0,
CUST001544,64,3,263.35,4.0,0.0,0.0,
CUST006528,63,2,185.95999999999998,5.0,0.0,0.0,
CUST009611,146,4,425.52,3.0,0.0,0.0,
CUST009092,94,3,389.7,3.0,0.0,0.0,
CUST005697,123,4,395.96999999999997,4.333333333333333,0.0,0.0,
CUST002873,89,2,256.48,5.0,0.0,0.0,
CUST000479,67,5,707.88,3.6666666666666665,0.0,0.0,
CUST008228,22,3,306.04,4.5,0.0,0.0,
CUST004290,120,5,577.36,3.3333333333333335,0.0,0.0,
CUST001888,55,6,704.71,4.5,0.0,0.0,
CUST008764,2,8,1036.32,3.5,0.0,0.0,
CUST009937,6,6,614.5,4.333333333333333,0.0,0.0,
CUST005238,79,7,600.89,4.25,0.0,0.0,
CUST002295,39,6,777.19,2.6666666666666665,0.0,0.0,
CUST003627,143,7,837.9599999999999,3.6,0.0,0.0,
CUST006818,8,2,242.5,0.0,0.0,0.0,
CUST000800,91,6,587.86,3.5,0.0,0.0,
CUST004788,70,3,258.69,0.0,0.0,0.0,
CUST007478,13,6,479.01,4.5,0.0,0.0,
CUST000388,161,6,553.03,3.25,0.0,0.0,
CUST000284,37,7,688.02,3.1666666666666665,14.29,0.0,
CUST009700,84,8,825.51,3.8333333333333335,0.0,0.0,
CUST007255,19,6,565.32,3.5,0.0,0.0,
CUST004309,122,5,555.39,3.5,0.0,0.0,
CUST005174,48,8,781.77,3.0,12.5,0.0,
CUST003927,13,8,659.11,3.8333333333333335,0.0,0.0,
CUST005584,128,3,270.14,4.333333333333333,0.0,0.0,
CUST005603,32,11,1028.64,3.5714285714285716,0.0,0.0,
CUST008842,146,3,334.61,4.0,0.0,0.0,
CUST000367,25,2,207.26999999999998,5.0,0.0,0.0,
CUST004489,21,5,523.19,4.5,0.0,0.0,
CUST005971,119,2,151.48000000000002,2.0,0.0,0.0,
CUST002208,57,3,268.56,5.0,0.0,0.0,
CUST009470,42,4,312.33000000000004,4.0,0.0,0.0,
CUST009458,16,5,450.65999999999997,3.3333333333333335,20.0,0.0,
CUST000658,60,4,527.13,4.0,0.0,0.0,
CUST006856,153,6,635.81,4.25,0.0,0.0,
CUST009105,158,6,581.1,3.5,0.0,0.0,
CUST001956,141,9,1046.24,3.3333333333333335,0.0,0.0,
CUST003310,38,10,934.0,4.125,0.0,0.0,
CUST009295,8,5,635.61,4.2,0.0,0.0,
CUST009511,21,3,326.27,3.5,0.0,0.0,
CUST005112,131,2,200.03,3.0,0.0,0.0,
CUST001738,113,5,423.02,3.0,0.0,0.0,
CUST004196,63,3,204.87,5.0,0.0,0.0,
CUST003661,2,2,203.79000000000002,4.0,0.0,0.0,
CUST009767,116,4,402.34,3.6666666666666665,0.0,0.0,
CUST003611,20,7,860.41,3.5,14.29,0.0,
CUST005634,60,8,816.04,3.4,0.0,0.0,
CUST000518,168,7,638.62,3.0,0.0,0.0,
CUST009527,107,8,849.86,3.75,0.0,0.0,
CUST005146,166,6,654.98,4.5,0.0,0.0,
CUST008933,53,3,294.12,5.0,0.0,0.0,
CUST006486,79,6,670.26,4.6,16.67,0.0,
CUST002904,73,14,1443.19,3.727272727272727,0.0,0.0,
CUST005524,5,6,620.5699999999999,4.0,16.67,0.0,
CUST006032,20,6,636.21,3.8,0.0,0.0,
CUST005021,6,5,450.7,3.75,20.0,0.0,
CUST001821,3,3,205.79000000000002,4.5,0.0,0.0,
CUST000462,39,6,614.25,4.166666666666667,0.0,0.0,
CUST008524,57,5,514.1600000000001,3.8,0.0,0.0,
CUST004498,71,6,523.77,3.3333333333333335,0.0,0.0,
CUST004938,54,9,931.33,4.0,0.0,0.0,
CUST003020,8,5,488.66,4.5,0.0,0.0,
CUST007430,74,5,516.74,4.0,0.0,0.0,
CUST006116,145,11,1031.43,3.888888888888889,9.09,0.0,
CUST009909,68,7,772.5,3.0,0.0,0.0,
CUST003970,90,9,793.19,4.2,0.0,0.0,
CUST009424,100,4,467.72,3.3333333333333335,0.0,0.0,
CUST001927,128,1,113.39,4.0,0.0,0.0,
CUST005799,39,7,733.8199999999999,3.0,0.0,0.0,
CUST008716,87,8,790.0799999999999,3.6666666666666665,0.0,0.0,
CUST009949,75,4,448.83,2.5,25.0,0.0,
CUST001242,26,9,1077.97,4.0,0.0,0.0,
CUST004734,145,3,431.86,4.666666666666667,0.0,0.0,
CUST008167,53,12,1088.32,3.5,0.0,0.0,
CUST002702,3,6,700.28,4.0,0.0,0.0,
CUST005948,16,7,720.8100000000001,4.0,0.0,0.0,
CUST008478,27,5,490.54,3.75,0.0,0.0,
CUST008278,58,3,287.28,3.5,0.0,0.0,
CUST009561,110,5,504.0,4.0,0.0,0.0,
CUST008777,2,6,630.28,3.5,0.0,0.0,
CUST000605,24,4,371.44,3.6666666666666665,0.0,0.0,
CUST009582,107,4,457.29,3.6666666666666665,0.0,0.0,
CUST009498,163,6,660.07,3.0,0.0,0.0,
CUST001212,62,7,657.66,4.0,0.0,0.0,
CUST006775,85,6,574.45,4.2,0.0,0.0,
CUST006946,107,4,393.85,4.0,0.0,0.0,
CUST000657,34,3,249.11,3.0,0.0,0.0,
CUST008861,80,4,364.07,4.333333333333333,0.0,0.0,
CUST003109,81,5,478.89,3.0,0.0,0.0,
CUST007959,112,7,757.4,4.0,0.0,0.0,
CUST008004,63,5,406.65999999999997,3.8,0.0,0.0,
CUST002851,14,3,242.87,4.0,0.0,0.0,
CUST006712,81,3,393.39,3.0,0.0,0.0,
CUST003926,41,2,158.61,4.0,0.0,0.0,
CUST004287,67,5,356.24,3.0,0.0,0.0,
CUST001326,12,6,692.9,3.0,0.0,0.0,
CUST006254,10,5,480.47,4.0,0.0,0.0,
CUST006967,122,7,814.45,3.5,0.0,0.0,
CUST007084,70,5,516.9300000000001,3.3333333333333335,20.0,0.0,
CUST005196,13,3,333.25,4.666666666666667,0.0,0.0,
CUST001174,27,6,670.37,3.25,0.0,0.0,
CUST008947,68,6,762.03,3.25,0.0,0.0,
CUST009829,6,2,139.66,4.0,0.0,0.0,
CUST008453,13,6,514.95,4.0,0.0,0.0,
CUST001483,167,7,746.0,3.5,0.0,0.0,
CUST000598,73,6,623.84,3.2,0.0,0.0,
CUST009005,69,5,393.42,4.333333333333333,0.0,0.0,
CUST003443,44,4,460.53999999999996,4.0,0.0,0.0,
CUST000468,117,5,592.76,4.0,0.0,0.0,
CUST005202,44,4,483.91999999999996,4.0,0.0,0.0,
CUST005660,32,5,584.63,3.25,0.0,0.0,
CUST006164,150,7,815.0699999999999,3.6666666666666665,0.0,0.0,
CUST001205,92,3,250.90000000000003,4.0,0.0,0.0,
CUST009030,10,6,701.63,4.0,0.0,0.0,
CUST001306,4,7,707.04,4.666666666666667,0.0,0.0,
CUST001211,28,8,701.0699999999999,3.5,0.0,0.0,
CUST003275,23,5,519.29,3.75,0.0,0.0,
CUST000951,83,3,247.45,5.0,0.0,0.0,
CUST007349,71,6,666.5,3.6666666666666665,16.67,0.0,
CUST009576,119,9,961.23,3.857142857142857,0.0,0.0,
CUST007165,167,6,539.8,2.6,0.0,0.0,
CUST000673,133,4,367.5,3.6666666666666665,0.0,0.0,
CUST001715,10,9,1071.7,3.5,0.0,0.0,
CUST002463,47,10,1128.29,4.0,10.0,0.0,
CUST009961,137,7,744.36,3.6666666666666665,0.0,0.0,
CUST000751,76,7,778.88,4.75,0.0,0.0,
CUST005390,34,6,521.52,4.0,0.0,0.0,
CUST003036,148,3,307.0,3.0,0.0,0.0,
CUST004421,17,3,290.78999999999996,4.0,0.0,0.0,
CUST003151,103,5,507.95,3.8,0.0,0.0,
CUST004032,16,7,707.33,3.0,0.0,0.0,
CUST007169,22,5,513.8,4.2,0.0,0.0,
CUST000974,52,5,459.37,3.75,0.0,0.0,
CUST005654,91,7,726.68,3.1666666666666665,0.0,0.0,
CUST006492,31,5,493.66,3.6,20.0,0.0,
CUST006710,80,8,783.39,3.4285714285714284,0.0,0.0,
CUST006624,13,7,584.62,3.6,0.0,0.0,
CUST004979,12,8,794.25,3.6,0.0,0.0,
CUST009006,46,7,612.47,3.6,0.0,0.0,
CUST004693,2,4,353.08,3.0,0.0,0.0,
CUST005917,79,3,322.90000000000003,4.5,0.0,0.0,
CUST008364,61,2,134.26,3.0,0.0,0.0,
CUST003158,11,4,372.15999999999997,5.0,0.0,0.0,
CUST006739,43,5,366.90999999999997,4.0,0.0,0.0,
CUST006074,34,2,191.96,3.5,0.0,0.0,
CUST007457,80,2,167.48000000000002,0.0,0.0,0.0,
CUST004361,27,8,924.71,4.0,0.0,0.0,
CUST000653,10,2,186.95,4.0,0.0,0.0,
CUST001033,90,5,423.99,4.0,0.0,0.0,
CUST007521,31,5,445.39,3.0,0.0,0.0,
CUST005820,32,6,623.86,2.0,0.0,0.0,
CUST002160,22,5,541.85,3.6,0.0,0.0,
CUST005113,25,7,805.14,4.0,0.0,0.0,
CUST009595,97,5,643.98,5.0,20.0,0.0,
CUST004877,173,6,474.11,3.5,0.0,0.0,
CUST005294,37,2,133.49,3.5,0.0,0.0,
CUST002811,9,6,590.24,3.5,0.0,0.0,
CUST000933,22,5,423.78,4.333333333333333,0.0,0.0,
CUST007131,73,2,256.36,4.0,0.0,0.0,
CUST005884,143,3,272.01,4.333333333333333,0.0,0.0,
CUST006604,10,6,614.76,2.8,0.0,0.0,
CUST005130,27,8,731.59,3.5714285714285716,12.5,0.0,
CUST002916,15,8,847.02,3.6666666666666665,0.0,0.0,
CUST006354,97,6,616.3,3.75,0.0,0.0,
CUST000561,172,4,562.9300000000001,5.0,0.0,0.0,
CUST007170,12,8,808.4,3.875,0.0,0.0,
CUST007663,12,5,466.58,4.0,0.0,0.0,
CUST006648,79,6,459.15999999999997,3.6,0.0,0.0,
CUST000507,98,2,246.58999999999997,4.0,0.0,0.0,
CUST005791,116,5,676.1600000000001,2.3333333333333335,20.0,0.0,
CUST008404,94,6,514.78,3.8,0.0,0.0,
CUST009727,60,3,455.14,5.0,0.0,0.0,
CUST002376,139,6,677.16,3.0,0.0,0.0,
CUST007703,65,6,811.15,3.6,0.0,0.0,
CUST004095,43,5,463.32,4.0,0.0,0.0,
CUST006653,79,6,610.31,4.0,0.0,0.0,
CUST009462,62,6,558.82,3.6666666666666665,0.0,0.0,
CUST006958,44,4,312.25,3.0,0.0,0.0,
CUST008966,106,6,501.53,4.333333333333333,0.0,0.0,
CUST003510,42,3,445.43,4.0,0.0,0.0,
CUST005923,27,8,820.97,3.8,0.0,0.0,
CUST006068,42,4,463.62,3.0,0.0,0.0,
CUST008076,40,9,954.98,3.0,0.0,0.0,
CUST003016,86,8,909.35,3.8,0.0,0.0,
CUST002223,96,4,440.11,2.5,0.0,0.0,
CUST009566,114,4,460.45,3.0,0.0,0.0,
CUST001580,35,7,719.2,3.6666666666666665,0.0,0.0,
CUST000189,21,7,609.2,4.0,0.0,0.0,
CUST000851,18,6,579.68,2.8,0.0,0.0,
CUST006744,172,6,600.0699999999999,3.75,0.0,0.0,
CUST007181,40,8,804.78,3.5,0.0,0.0,
CUST001689,123,5,497.41,3.0,0.0,0.0,
CUST002048,16,8,680.9200000000001,3.6,0.0,0.0,
CUST008760,33,7,671.93,3.6666666666666665,0.0,0.0,
CUST008995,41,7,842.61,3.0,0.0,0.0,
CUST009443,71,8,549.46,3.2,0.0,0.0,
CUST003308,87,6,706.82,4.4,0.0,0.0,
CUST002450,56,7,733.8,3.4,0.0,0.0,
CUST000955,77,3,397.65999999999997,4.0,33.33,0.0,
CUST008876,128,4,379.94,5.0,0.0,0.0,
CUST008992,143,3,279.34,3.5,0.0,0.0,
CUST005907,41,4,311.31,4.0,0.0,0.0,
CUST000348,107,8,785.7,3.4285714285714284,0.0,0.0,
CUST001128,98,2,336.15999999999997,4.0,0.0,0.0,
CUST004731,28,3,262.34000000000003,4.0,0.0,0.0,
CUST001050,131,5,600.06,2.0,20.0,0.0,
CUST006442,119,1,129.88,2.0,0.0,0.0,
CUST006185,57,3,337.82,4.0,0.0,0.0,
CUST002026,140,3,309.65,4.0,0.0,0.0,
CUST000285,18,6,773.99,4.0,0.0,0.0,
CUST003086,17,6,561.4300000000001,3.75,0.0,0.0,
CUST004819,38,4,351.37,3.6666666666666665,0.0,0.0,
CUST004889,17,6,666.9,4.0,0.0,0.0,
CUST001328,71,8,631.84,3.4,0.0,0.0,
CUST000534,22,9,653.74,2.7142857142857144,0.0,0.0,
CUST008845,76,4,332.98,4.0,0.0,0.0,
CUST008516,78,5,441.77,3.3333333333333335,0.0,0.0,
CUST004040,81,5,496.3,4.0,0.0,0.0,
CUST001324,85,4,462.42999999999995,4.0,0.0,0.0,
CUST006719,64,5,519.85,3.8,0.0,0.0,
CUST007858,92,4,549.44,3.3333333333333335,0.0,0.0,
CUST006591,39,4,352.46,4.333333333333333,0.0,0.0,
CUST008195,80,4,320.16999999999996,4.25,0.0,0.0,
CUST000510,119,5,364.61,4.0,0.0,0.0,
CUST001300,124,8,762.89,3.5714285714285716,0.0,0.0,
CUST008950,43,9,1126.49,4.0,0.0,0.0,
CUST008868,37,6,574.5,3.6666666666666665,0.0,0.0,
CUST003048,142,4,547.77,3.5,0.0,0.0,
CUST002852,20,10,900.05,3.5714285714285716,0.0,0.0,
CUST001945,10,7,812.11,3.25,0.0,0.0,
CUST006305,22,7,545.54,4.166666666666667,14.29,0.0,
CUST000680,50,6,564.39,3.2,0.0,0.0,
CUST004649,47,8,759.1700000000001,3.6,0.0,0.0,
CUST007340,109,4,426.73,3.5,0.0,0.0,
CUST000686,28,7,738.37,4.0,14.29,0.0,
CUST005380,147,3,284.13,4.0,0.0,0.0,
CUST000171,20,10,1011.07,3.4285714285714284,0.0,0.0,
CUST001122,12,9,900.53,4.0,0.0,0.0,
CUST004192,58,4,286.19,5.0,0.0,0.0,
CUST009730,57,6,539.49,2.8,0.0,0.0,
CUST004045,72,9,983.35,3.8,0.0,0.0,
CUST002151,104,7,594.8199999999999,3.2,0.0,0.0,
CUST008388,68,9,755.4100000000001,3.375,0.0,0.0,
CUST004462,107,6,659.9,3.6666666666666665,0.0,0.0,
CUST006452,74,3,223.95,2.5,0.0,0.0,
CUST006331,55,4,492.62,3.6666666666666665,0.0,0.0,
CUST005002,2,5,561.89,3.0,0.0,0.0,
CUST002374,38,8,792.28,3.75,0.0,0.0,
CUST001530,2,5,678.13,3.0,0.0,0.0,
CUST007884,105,8,750.05,3.3333333333333335,0.0,0.0,
CUST000791,111,5,483.64,4.0,0.0,0.0,
CUST000996,91,6,504.02,4.333333333333333,0.0,0.0,
CUST008924,59,4,391.96999999999997,3.0,0.0,0.0,
CUST001859,167,8,925.51,4.0,0.0,0.0,
CUST003952,10,7,604.9300000000001,3.1666666666666665,0.0,0.0,
CUST000757,107,8,958.03,3.857142857142857,0.0,0.0,
CUST007209,139,3,342.53,4.0,0.0,0.0,
CUST006114,116,2,227.74,4.5,0.0,0.0,
CUST007320,20,7,798.0,3.0,0.0,0.0,
CUST007755,114,6,603.9,3.5,16.67,0.0,
CUST008676,16,7,690.78,4.0,0.0,0.0,
CUST001470,80,3,333.58,5.0,0.0,0.0,
CUST007285,140,5,517.02,4.0,0.0,0.0,
CUST007686,79,7,795.69,3.2,0.0,0.0,
CUST007060,17,6,499.94,4.25,0.0,0.0,
CUST002700,127,8,1056.74,3.8,0.0,0.0,
CUST000447,3,5,595.22,4.75,0.0,0.0,
CUST000023,54,3,366.0,3.0,33.33,0.0,
CUST001898,69,8,855.78,3.7142857142857144,0.0,0.0,
CUST005269,35,5,556.31,3.2,20.0,0.0,
CUST004082,74,7,634.07,4.142857142857143,0.0,0.0,
CUST001416,46,8,926.2,3.8,0.0,0.0,
CUST001585,98,6,652.13,3.5,0.0,0.0,
CUST004125,58,5,353.37,3.75,0.0,0.0,
CUST006539,98,4,393.86,3.5,0.0,0.0,
CUST004474,57,7,924.04,3.75,0.0,0.0,
CUST003980,165,10,1218.04,4.0,10.0,0.0,
CUST001491,88,9,1018.93,3.4285714285714284,0.0,0.0,
CUST003986,134,5,552.85,3.25,0.0,0.0,
CUST003634,142,4,405.47,3.5,0.0,0.0,
CUST002662,84,8,826.91,3.8333333333333335,0.0,0.0,
CUST003257,22,8,803.72,3.6666666666666665,0.0,0.0,
CUST008476,55,6,657.32,3.75,0.0,0.0,
CUST003910,160,8,643.79,3.6666666666666665,0.0,0.0,
CUST007377,54,8,685.48,4.0,0.0,0.0,
CUST003251,6,7,735.89,4.0,0.0,0.0,
CUST007375,155,10,1199.81,4.0,0.0,0.0,
CUST002325,84,8,851.14,3.8333333333333335,0.0,0.0,
CUST003817,102,4,425.45,4.0,0.0,0.0,
CUST004516,135,3,329.47,3.5,0.0,0.0,
CUST001006,66,4,342.93,2.0,0.0,0.0,
CUST000517,49,5,595.12,4.666666666666667,0.0,0.0,
CUST009354,15,3,349.13,4.0,0.0,0.0,
CUST003223,51,3,238.63,3.0,33.33,0.0,
CUST006698,7,5,451.73,4.0,0.0,0.0,
CUST004842,3,4,421.09000000000003,2.75,0.0,0.0,
CUST008219,157,6,647.98,4.0,0.0,0.0,
CUST001087,24,6,513.74,4.2,0.0,0.0,
CUST002652,76,3,269.93,2.0,0.0,0.0,
CUST002137,111,2,244.11,4.5,0.0,0.0,
CUST002469,107,3,397.96000000000004,5.0,0.0,0.0,
CUST000083,32,3,176.62,2.0,0.0,0.0,
CUST009907,95,3,361.71000000000004,3.0,0.0,0.0,
CUST009449,95,8,734.94,4.0,0.0,0.0,
CUST008674,66,2,143.09,3.0,0.0,0.0,
CUST003751,23,8,667.71,3.0,0.0,0.0,
CUST005982,12,4,393.27,4.0,0.0,0.0,
CUST008999,130,4,425.89,3.75,0.0,0.0,
CUST007766,79,3,281.18,4.0,0.0,0.0,
CUST000550,120,4,426.76,4.25,0.0,0.0,
CUST005408,46,3,402.88,5.0,0.0,0.0,
CUST007058,10,6,699.59,3.4,0.0,0.0,
CUST006627,63,5,489.58000000000004,4.333333333333333,0.0,0.0,
CUST001825,178,4,377.99,3.3333333333333335,0.0,0.0,
CUST008688,78,4,440.34999999999997,4.333333333333333,0.0,0.0,
CUST000899,18,6,477.27,4.4,0.0,0.0,
CUST000112,136,3,296.58000000000004,4.0,0.0,0.0,
CUST008374,69,9,755.56,4.0,0.0,0.0,
CUST008910,133,5,598.25,4.0,0.0,0.0,
CUST004455,34,5,497.79999999999995,3.8,0.0,0.0,
CUST005946,78,5,479.93,4.25,0.0,0.0,
CUST004121,115,2,144.57,3.5,0.0,0.0,
CUST002093,28,4,412.63,3.5,0.0,0.0,
CUST004701,20,10,1206.24,3.1666666666666665,0.0,0.0,
CUST001612,120,5,448.64000000000004,4.666666666666667,0.0,0.0,
CUST001472,1,4,545.3000000000001,4.75,0.0,0.0,
CUST006731,103,6,572.28,3.75,0.0,0.0,
CUST001593,101,4,592.59,5.0,0.0,0.0,
CUST005576,154,4,459.23,4.0,0.0,0.0,
CUST000915,67,11,1293.7,3.2857142857142856,0.0,0.0,
CUST008725,76,7,665.26,4.0,0.0,0.0,
CUST008171,33,6,498.61,3.8,0.0,0.0,
CUST009951,22,4,456.03999999999996,4.5,0.0,0.0,
CUST008290,96,5,477.36,4.0,0.0,0.0,
CUST009035,85,4,418.73,3.6666666666666665,0.0,0.0,
CUST000787,7,3,207.82,3.6666666666666665,0.0,0.0,
CUST000313,60,4,348.24,3.0,0.0,0.0,
CUST000589,96,7,668.45,3.2,0.0,0.0,
CUST004944,79,4,310.32,4.0,0.0,0.0,
CUST004696,42,5,456.01,4.0,0.0,0.0,
CUST006819,54,6,644.72,3.8,0.0,0.0,
CUST001803,58,5,517.26,3.5,0.0,0.0,
CUST004107,74,5,437.92,3.6666666666666665,0.0,0.0,
CUST008081,33,3,394.31000000000006,3.3333333333333335,0.0,0.0,
CUST007400,93,5,404.39,4.5,0.0,0.0,
CUST009757,137,2,348.46000000000004,4.0,0.0,0.0,
CUST003575,119,2,157.62,4.5,0.0,0.0,
CUST000246,36,6,678.92,3.6666666666666665,0.0,0.0,
CUST006100,21,8,873.26,3.5,0.0,0.0,
CUST000347,172,5,505.83000000000004,3.0,0.0,0.0,
CUST004752,103,4,378.37,4.0,0.0,0.0,
CUST004585,44,5,440.99,4.0,0.0,0.0,
CUST000498,53,4,262.91,3.25,0.0,0.0,
CUST006002,39,5,441.42,4.0,0.0,0.0,
CUST009980,56,7,835.76,3.4,0.0,0.0,
CUST006422,147,7,658.7099999999999,4.0,0.0,0.0,
CUST000920,2,6,414.02,3.6666666666666665,0.0,0.0,
CUST004804,78,8,774.22,4.4,0.0,0.0,
CUST002177,1,5,480.27,2.75,0.0,0.0,
CUST007260,66,8,735.0500000000001,3.3333333333333335,0.0,0.0,
CUST004951,152,6,620.62,4.0,0.0,0.0,
CUST009559,39,7,801.9200000000001,3.0,0.0,0.0,
CUST005684,130,7,653.05,3.8,0.0,0.0,
CUST008737,25,8,1019.5899999999999,4.4,0.0,0.0,
CUST003382,167,5,561.14,4.5,0.0,0.0,
CUST002758,75,6,750.52,4.25,0.0,0.0,
CUST003017,21,9,757.67,3.3333333333333335,0.0,0.0,
CUST009747,130,4,447.59000000000003,5.0,0.0,0.0,
CUST004441,112,4,311.24,2.6666666666666665,0.0,0.0,
CUST005908,64,8,828.03,2.8,0.0,0.0,
CUST000937,27,8,652.05,3.5,0.0,0.0,
CUST007252,13,4,530.08,4.0,0.0,0.0,
CUST005460,122,5,576.67,3.6666666666666665,0.0,0.0,
CUST005376,13,3,391.86,4.333333333333333,0.0,0.0,
CUST007708,22,6,579.23,4.0,0.0,0.0,
CUST004787,43,8,623.27,3.8333333333333335,0.0,0.0,
CUST003721,39,3,320.81,3.0,33.33,0.0,
CUST007999,125,3,281.5,4.5,0.0,0.0,
CUST008087,31,6,621.05,3.5,16.67,0.0,
CUST004660,41,3,319.56,4.0,0.0,0.0,
CUST003131,13,3,297.65999999999997,4.0,0.0,0.0,
CUST001337,11,7,692.22,3.8333333333333335,0.0,0.0,
CUST007817,80,8,752.4300000000001,3.1666666666666665,0.0,0.0,
CUST000470,37,6,581.77,4.4,0.0,0.0,
CUST001152,45,4,327.41,3.6666666666666665,0.0,0.0,
CUST007155,110,5,502.99,3.8,0.0,0.0,
CUST004634,93,5,494.74,4.0,0.0,0.0,
CUST008936,4,10,833.7,3.625,10.0,0.0,
CUST002415,83,6,623.06,3.25,0.0,0.0,
CUST008066,34,4,334.2,4.0,0.0,0.0,
CUST007670,102,4,414.86,4.0,0.0,0.0,
CUST006886,48,6,556.48,4.0,0.0,0.0,
CUST006776,135,7,780.59,2.25,0.0,0.0,
CUST009361,36,6,566.85,4.5,0.0,0.0,
CUST008466,63,7,835.2,3.75,0.0,0.0,
CUST003704,89,7,646.76,3.3333333333333335,0.0,0.0,
CUST006541,6,10,1057.6299999999999,3.0,10.0,0.0,
CUST001548,73,7,766.3,3.2,0.0,0.0,
CUST004611,45,6,543.72,4.0,0.0,0.0,
CUST007346,161,6,541.12,3.3333333333333335,0.0,0.0,
CUST004623,54,7,740.8,4.0,0.0,0.0,
CUST006411,52,5,592.13,3.6666666666666665,20.0,0.0,
CUST003755,53,5,583.99,4.25,0.0,0.0,
CUST001318,56,7,839.32,3.5,0.0,0.0,
CUST009636,56,6,685.9,4.5,0.0,0.0,
CUST006463,45,5,612.5799999999999,3.3333333333333335,0.0,0.0,
CUST009471,20,6,620.47,3.25,0.0,0.0,
CUST003706,136,4,409.38,2.6666666666666665,0.0,0.0,
CUST007401,29,2,233.93,4.0,0.0,0.0,
CUST000437,5,8,793.88,4.2,0.0,0.0,
CUST000048,44,5,689.88,4.0,0.0,0.0,
CUST002179,145,4,419.41,4.0,0.0,0.0,
CUST001372,123,7,741.14,4.166666666666667,0.0,0.0,
CUST007702,62,7,671.63,3.5,14.29,0.0,
CUST006102,45,3,270.73,4.0,0.0,0.0,
CUST001760,127,3,309.61,3.6666666666666665,33.33,0.0,
CUST005310,135,5,411.02,3.6666666666666665,0.0,0.0,
CUST001567,91,7,771.96,3.8,0.0,0.0,
CUST000650,25,5,493.15,3.0,0.0,0.0,
CUST000599,131,6,610.03,2.5,0.0,0.0,
CUST009117,64,6,614.92,4.5,0.0,0.0,
CUST009170,53,5,463.76,4.0,0.0,0.0,
CUST007743,81,5,497.09000000000003,4.5,0.0,0.0,
CUST005780,81,6,570.76,4.5,0.0,0.0,
CUST002795,7,8,724.36,4.5,0.0,0.0,
CUST003792,8,10,916.53,4.333333333333333,0.0,0.0,
CUST006576,128,4,318.36,3.0,0.0,0.0,
CUST000053,78,6,658.98,3.6,0.0,0.0,
CUST004751,155,3,196.95,2.5,33.33,0.0,
CUST009981,12,5,460.56,3.75,0.0,0.0,
CUST005123,137,4,362.92999999999995,4.333333333333333,0.0,0.0,
CUST005344,34,4,349.89,2.3333333333333335,25.0,0.0,
CUST002655,83,5,396.62,4.0,0.0,0.0,
CUST002787,60,5,564.61,4.25,0.0,0.0,
CUST007812,11,4,425.32,4.0,0.0,0.0,
CUST005550,31,6,674.79,4.25,0.0,0.0,
CUST002888,34,5,386.64,5.0,0.0,0.0,
CUST009779,83,5,495.66,4.333333333333333,0.0,0.0,
CUST008032,10,7,726.43,3.3333333333333335,0.0,0.0,
CUST009258,130,2,201.70999999999998,3.0,0.0,0.0,
CUST003591,61,10,951.77,4.571428571428571,0.0,0.0,
CUST009735,14,5,449.07,3.5,0.0,0.0,
CUST002909,100,2,196.76,4.0,0.0,0.0,
CUST004429,96,1,89.15,5.0,0.0,0.0,
CUST002401,35,4,298.77,4.5,0.0,0.0,
CUST001158,29,6,551.46,3.8,0.0,0.0,
CUST006106,69,4,536.11,3.3333333333333335,0.0,0.0,
CUST008325,16,4,513.98,3.5,0.0,0.0,
CUST009451,15,6,618.48,4.0,0.0,0.0,
CUST006954,93,2,181.84,2.5,0.0,0.0,
CUST001805,116,5,562.7,4.0,0.0,0.0,
CUST006424,122,4,467.13,3.6666666666666665,0.0,0.0,
CUST006568,80,10,817.19,4.0,0.0,0.0,
CUST000826,12,2,139.91,3.0,0.0,0.0,
CUST003162,132,7,761.24,3.6,0.0,0.0,
CUST006702,11,3,238.09,5.0,33.33,0.0,
CUST008541,77,4,321.31,3.5,0.0,0.0,
CUST008308,115,4,337.84000000000003,3.6666666666666665,0.0,0.0,
CUST001938,7,2,268.46000000000004,3.5,0.0,0.0,
CUST001591,54,4,486.85,5.0,0.0,0.0,
CUST002631,85,12,1160.83,3.875,0.0,0.0,
CUST005092,70,2,229.87,4.0,0.0,0.0,
CUST007128,100,5,421.28,3.6,0.0,0.0,
CUST007859,152,10,879.4399999999999,3.8,0.0,0.0,
CUST009960,11,7,718.4,4.0,0.0,0.0,
CUST003810,96,4,431.54,4.25,0.0,0.0,
CUST002114,32,5,514.85,4.25,0.0,0.0,
CUST004114,57,6,733.66,3.5,0.0,0.0,
CUST003484,139,5,510.04,4.0,0.0,0.0,
CUST000062,68,6,674.3599999999999,4.0,0.0,0.0,
CUST000835,11,14,1592.57,4.0,0.0,0.0,
CUST008769,54,2,202.86,2.5,0.0,0.0,
CUST008963,1,7,759.65,3.6,14.29,0.0,
CUST003805,124,3,263.84999999999997,2.5,0.0,0.0,
CUST004895,119,5,604.3,4.5,20.0,0.0,
CUST000814,14,6,517.36,3.5,0.0,0.0,
CUST006941,3,4,396.28,3.75,0.0,0.0,
CUST000730,136,7,743.4,3.6666666666666665,0.0,0.0,
CUST002834,51,5,617.28,3.25,0.0,0.0,
CUST008225,100,3,348.56,4.5,0.0,0.0,
CUST004380,21,3,286.24,2.0,0.0,0.0,
CUST002009,9,4,430.35,2.6666666666666665,0.0,0.0,
CUST006724,70,6,675.28,4.75,0.0,0.0,
CUST001630,5,11,1106.93,4.166666666666667,0.0,0.0,
CUST008412,146,5,479.73,3.75,0.0,0.0,
CUST005745,10,3,344.89,4.0,0.0,0.0,
CUST003896,15,8,822.7900000000001,3.3333333333333335,0.0,0.0,
CUST007688,53,8,905.71,4.428571428571429,0.0,0.0,
CUST009241,34,7,657.27,4.0,0.0,0.0,
CUST002564,89,4,442.64,4.0,0.0,0.0,
CUST009353,72,7,667.6,4.5,0.0,0.0,
CUST000036,155,7,630.34,3.6666666666666665,0.0,0.0,
CUST008877,137,6,557.72,3.6,0.0,0.0,
CUST001031,14,7,850.09,4.0,0.0,0.0,
CUST001691,20,8,921.05,4.0,0.0,0.0,
CUST001486,8,4,286.19,4.5,0.0,0.0,
CUST003478,27,3,340.46000000000004,3.0,0.0,0.0,
CUST000539,35,3,318.97,4.0,0.0,0.0,
CUST001184,124,3,285.37,4.0,0.0,0.0,
CUST005264,122,5,482.17,3.5,0.0,0.0,
CUST007695,96,2,238.67000000000002,2.5,0.0,0.0,
CUST007837,77,3,297.24,3.0,0.0,0.0,
CUST003279,27,11,1078.24,3.857142857142857,0.0,0.0,
CUST007113,112,7,744.78,3.1666666666666665,14.29,0.0,
CUST009763,115,4,431.64,4.0,0.0,0.0,
CUST003021,24,5,561.54,4.5,0.0,0.0,
CUST000042,50,3,330.19,4.666666666666667,0.0,0.0,
CUST005666,158,4,625.87,3.25,0.0,0.0,
CUST006844,63,4,495.84999999999997,3.75,0.0,0.0,
CUST000778,33,4,294.9,2.5,0.0,0.0,
CUST006561,71,5,530.46,4.0,0.0,0.0,
CUST000107,32,9,959.49,4.25,0.0,0.0,
CUST008285,175,4,414.35,4.0,0.0,0.0,
CUST008226,145,5,519.26,3.0,0.0,0.0,
CUST003547,67,11,978.69,3.625,0.0,0.0,
CUST002007,88,3,327.28,3.5,33.33,0.0,
CUST004059,88,3,282.99,3.3333333333333335,0.0,0.0,
CUST008223,67,7,593.3,4.333333333333333,0.0,0.0,
CUST005366,38,12,1353.54,3.7142857142857144,0.0,0.0,
CUST004205,161,10,1063.28,3.625,10.0,0.0,
CUST007842,111,4,349.03999999999996,4.25,0.0,0.0,
CUST003648,114,5,527.6700000000001,4.0,0.0,0.0,
CUST009042,43,6,566.89,3.8,0.0,0.0,
CUST000887,137,4,677.62,4.0,0.0,0.0,
CUST000547,9,5,517.67,3.75,0.0,0.0,
CUST000942,75,9,1072.67,4.2,0.0,0.0,
CUST001183,36,9,916.95,3.4285714285714284,0.0,0.0,
CUST000004,24,4,291.41999999999996,4.0,0.0,0.0,
CUST002309,126,5,518.96,4.0,0.0,0.0,
CUST004458,7,8,833.29,4.25,0.0,0.0,
CUST003884,150,3,354.65,3.6666666666666665,0.0,0.0,
CUST004578,43,6,411.37,3.8333333333333335,0.0,0.0,
CUST007212,107,2,218.78,2.0,0.0,0.0,
CUST001749,86,4,583.76,2.0,0.0,0.0,
CUST007756,70,3,254.05,4.0,0.0,0.0,
CUST007891,136,5,550.59,4.0,0.0,0.0,
CUST007937,125,2,222.84,5.0,0.0,0.0,
CUST003119,93,7,732.95,3.5,0.0,0.0,
CUST005646,143,3,255.13,4.5,0.0,0.0,
CUST006833,82,3,264.57,4.0,0.0,0.0,
CUST000395,41,4,395.53000000000003,2.0,0.0,0.0,
CUST005502,120,5,449.83000000000004,3.3333333333333335,20.0,0.0,
CUST005394,87,7,716.44,3.5,0.0,0.0,
CUST002464,104,3,244.51999999999998,3.0,0.0,0.0,
CUST007777,33,7,765.33,3.0,0.0,0.0,
CUST009653,69,6,593.87,3.25,0.0,0.0,
CUST003451,129,4,453.23,4.333333333333333,0.0,0.0,
CUST005858,78,5,570.67,3.6666666666666665,0.0,0.0,
CUST007679,52,9,963.13,3.5714285714285716,11.11,0.0,
CUST006873,160,5,499.4,3.6666666666666665,0.0,0.0,
CUST005986,39,7,867.08,4.5,0.0,0.0,
CUST001204,49,9,811.1800000000001,3.75,11.11,0.0,
CUST008918,26,4,543.66,3.75,0.0,0.0,
CUST006037,4,4,548.37,3.75,0.0,0.0,
CUST008072,83,9,900.37,3.0,0.0,0.0,
CUST001852,62,5,538.57,2.5,0.0,0.0,
CUST005784,68,4,585.12,4.0,0.0,0.0,
CUST006695,82,7,550.0,3.25,0.0,0.0,
CUST006753,87,3,302.3,4.0,0.0,0.0,
CUST003404,13,4,529.78,3.3333333333333335,25.0,0.0,
CUST009506,120,3,251.14,4.5,0.0,0.0,
CUST009301,139,4,352.81,3.3333333333333335,0.0,0.0,
CUST009453,68,3,392.43,4.0,0.0,0.0,
CUST008526,84,9,863.88,4.111111111111111,0.0,0.0,
CUST006183,104,5,465.40999999999997,3.6666666666666665,0.0,0.0,
CUST009032,39,7,930.01,3.2,0.0,0.0,
CUST005441,20,6,602.14,4.0,0.0,0.0,
CUST000268,6,5,588.49,5.0,0.0,0.0,
CUST001672,19,6,691.05,3.3333333333333335,0.0,0.0,
CUST006087,33,7,577.21,3.0,14.29,0.0,
CUST001463,106,8,687.41,4.5,0.0,0.0,
CUST003009,41,4,322.65999999999997,4.0,0.0,0.0,
CUST000031,120,5,371.02,3.6666666666666665,0.0,0.0,
CUST001464,8,5,648.54,3.4,0.0,0.0,
CUST006091,7,6,642.9,4.2,0.0,0.0,
CUST003417,49,5,376.01,3.0,0.0,0.0,
CUST005592,29,5,398.2,4.0,0.0,0.0,
CUST001533,158,7,669.26,3.1666666666666665,0.0,0.0,
CUST007781,129,6,550.81,4.0,0.0,0.0,
CUST006337,109,8,888.76,4.0,0.0,0.0,
CUST001301,36,6,777.29,3.3333333333333335,0.0,0.0,
CUST005253,51,4,405.24,3.25,25.0,0.0,
CUST008208,13,6,567.87,4.25,16.67,0.0,
CUST001942,103,6,627.78,3.6666666666666665,0.0,0.0,
CUST007065,11,6,627.76,4.0,0.0,0.0,
CUST003729,96,9,874.26,3.7142857142857144,0.0,0.0,
CUST008302,137,4,277.42,5.0,0.0,0.0,
CUST000695,49,3,416.33,0.0,0.0,0.0,
CUST006910,73,4,362.57,4.666666666666667,0.0,0.0,
CUST006214,33,6,776.48,4.666666666666667,0.0,0.0,
CUST002189,75,9,780.46,3.75,0.0,0.0,
CUST001726,5,2,157.92000000000002,5.0,0.0,0.0,
CUST004139,20,4,505.78,3.5,0.0,0.0,
CUST005222,7,8,633.6,3.1666666666666665,0.0,0.0,
CUST000358,12,6,659.8199999999999,3.75,0.0,0.0,
CUST009360,138,6,840.35,4.5,0.0,0.0,
CUST001791,133,6,702.59,4.2,0.0,0.0,
CUST009752,50,5,405.74,3.6666666666666665,0.0,0.0,
CUST005249,15,7,618.63,3.6666666666666665,0.0,0.0,
CUST002753,35,8,630.56,3.5,0.0,0.0,
CUST006407,163,4,311.28,4.25,0.0,0.0,
CUST000485,154,3,286.56,4.0,0.0,0.0,
CUST006044,15,7,691.04,3.0,0.0,0.0,
CUST007764,147,7,784.6800000000001,3.75,0.0,0.0,
CUST000606,54,2,197.63,5.0,0.0,0.0,
CUST003574,124,8,853.01,4.375,0.0,0.0,
CUST005481,7,5,634.0,4.5,0.0,0.0,
CUST007650,68,4,361.16999999999996,3.5,0.0,0.0,
CUST001083,101,3,345.85,3.0,0.0,0.0,
CUST004070,42,6,581.44,2.6666666666666665,0.0,0.0,
CUST004501,8,6,554.19,3.25,0.0,0.0,
CUST007208,71,4,472.73,2.0,0.0,0.0,
CUST001939,139,4,369.23,3.6666666666666665,0.0,0.0,
CUST007326,133,4,485.55,3.0,0.0,0.0,
CUST001914,20,5,379.43,4.25,0.0,0.0,
CUST009794,45,4,359.64,2.0,0.0,0.0,
CUST007592,38,9,1106.41,3.75,0.0,0.0,
CUST006392,48,3,302.05,4.5,0.0,0.0,
CUST005065,21,3,307.35,3.6666666666666665,0.0,0.0,
CUST006386,104,6,444.78000000000003,3.0,0.0,0.0,
CUST007535,96,6,608.69,4.25,0.0,0.0,
CUST004747,98,2,266.11,3.5,0.0,0.0,
CUST008698,63,6,667.53,3.6666666666666665,0.0,0.0,
CUST007318,145,4,388.86,4.0,0.0,0.0,
CUST001180,89,3,247.23000000000002,3.6666666666666665,0.0,0.0,
CUST008150,93,5,636.85,3.0,0.0,0.0,
CUST004135,30,6,628.1,3.5,0.0,0.0,
CUST004992,77,3,181.19,0.0,0.0,0.0,
CUST002898,1,5,403.65,3.0,0.0,0.0,
CUST009991,136,3,429.44000000000005,4.0,0.0,0.0,
CUST007249,50,2,171.64000000000001,3.5,0.0,0.0,
CUST000879,38,5,603.02,4.333333333333333,0.0,0.0,
CUST005616,23,2,231.5,4.0,0.0,0.0,
CUST005800,71,5,502.73,4.25,20.0,0.0,
CUST002001,48,8,972.9300000000001,3.0,0.0,0.0,
CUST003051,63,4,377.69,3.75,0.0,0.0,
CUST009910,22,4,438.68,3.5,0.0,0.0,
CUST004760,98,5,485.93,3.6666666666666665,0.0,0.0,
CUST008627,134,6,660.85,3.2,0.0,0.0,
CUST005587,16,5,446.90999999999997,3.75,0.0,0.0,
CUST000032,98,4,328.09000000000003,3.0,0.0,0.0,
CUST004386,14,4,264.41,3.0,0.0,0.0,
CUST009999,15,7,647.6,3.8,0.0,0.0,
CUST007111,33,3,346.3,4.5,0.0,0.0,
CUST009634,149,8,645.28,4.166666666666667,0.0,0.0,
CUST002981,43,4,431.28,5.0,0.0,0.0,
CUST004826,76,6,782.4200000000001,3.3333333333333335,0.0,0.0,
CUST009821,75,7,794.77,4.333333333333333,0.0,0.0,
CUST002134,120,7,761.34,4.333333333333333,0.0,0.0,
CUST003211,20,5,585.2,2.5,0.0,0.0,
CUST001642,10,9,911.72,4.2,0.0,0.0,
CUST006343,38,4,312.91999999999996,4.666666666666667,0.0,0.0,
CUST002442,139,8,659.9300000000001,3.5714285714285716,0.0,0.0,
CUST003064,100,9,1234.94,3.6666666666666665,0.0,0.0,
CUST006445,80,6,641.38,3.75,0.0,0.0,
CUST001598,60,8,849.0699999999999,3.2,0.0,0.0,
CUST005010,7,6,724.51,4.666666666666667,16.67,0.0,
CUST007983,9,5,566.89,3.6666666666666665,0.0,0.0,
CUST001934,145,4,561.87,3.5,0.0,0.0,
CUST002320,62,4,491.68,3.6666666666666665,0.0,0.0,
CUST001238,40,5,587.03,4.333333333333333,0.0,0.0,
CUST005614,56,6,631.61,3.8333333333333335,0.0,0.0,
CUST006987,57,3,374.11,4.5,0.0,0.0,
CUST000183,27,6,592.15,4.2,0.0,0.0,
CUST004191,60,5,438.56,4.0,0.0,0.0,
CUST009129,54,3,276.75,3.6666666666666665,0.0,0.0,
CUST005098,69,5,388.87,4.0,0.0,0.0,
CUST007054,151,9,850.06,4.0,0.0,0.0,
CUST006942,36,4,492.9,3.0,0.0,0.0,
CUST001966,1,3,215.53,4.0,33.33,0.0,
CUST000109,48,3,295.41,4.0,0.0,0.0,
CUST002591,104,2,140.06,4.0,0.0,0.0,
CUST003775,104,5,521.12,3.0,0.0,0.0,
CUST007908,15,8,723.72,4.2,0.0,0.0,
CUST002312,3,8,903.65,4.0,0.0,0.0,
CUST007546,48,4,372.58,4.5,0.0,0.0,
CUST005631,148,5,494.35,3.75,0.0,0.0,
CUST002133,22,7,731.69,3.6,0.0,0.0,
CUST002618,11,9,826.64,2.8,11.11,0.0,
CUST003167,33,6,703.16,3.25,16.67,0.0,
CUST008467,64,2,155.11,4.0,0.0,0.0,
CUST004237,76,4,535.53,3.6666666666666665,0.0,0.0,
CUST005653,8,4,362.06,3.0,0.0,0.0,
CUST003868,76,2,167.59,4.0,0.0,0.0,
CUST007552,40,5,604.26,4.333333333333333,0.0,0.0,
CUST000161,33,8,999.85,3.5,0.0,0.0,
CUST005735,35,6,695.22,3.3333333333333335,0.0,0.0,
CUST003245,101,5,517.59,2.8,20.0,0.0,
CUST001148,73,2,174.78,5.0,0.0,0.0,
CUST002788,64,7,677.27,4.666666666666667,0.0,0.0,
CUST005581,124,7,800.38,3.4,0.0,0.0,
CUST002575,149,4,342.2,3.3333333333333335,0.0,0.0,
CUST006678,173,5,560.3399999999999,3.0,0.0,0.0,
CUST006245,159,7,689.63,3.8,0.0,0.0,
CUST006480,90,6,437.83,4.0,0.0,0.0,
CUST005012,29,5,424.70000000000005,3.3333333333333335,0.0,0.0,
CUST004241,101,3,226.39,4.0,0.0,0.0,
CUST000291,44,7,616.17,4.4,0.0,0.0,
CUST009652,89,4,352.44,2.6666666666666665,0.0,0.0,
CUST000200,87,6,865.5899999999999,3.8,0.0,0.0,
CUST007860,37,11,1083.77,4.0,0.0,0.0,
CUST003181,6,8,703.3,3.8333333333333335,0.0,0.0,
CUST006908,25,6,561.75,4.25,0.0,0.0,
CUST006523,24,4,469.51,4.666666666666667,0.0,0.0,
CUST009855,125,4,436.88,3.6666666666666665,0.0,0.0,
CUST001727,128,1,90.13,4.0,0.0,0.0,
CUST007089,22,3,333.04,3.6666666666666665,0.0,0.0,
CUST007876,54,3,311.26,3.3333333333333335,0.0,0.0,
CUST008888,57,6,565.75,3.5,0.0,0.0,
CUST003551,60,2,178.20999999999998,3.0,0.0,0.0,
CUST002249,112,4,342.63,4.25,0.0,0.0,
CUST001843,97,6,743.7,3.25,16.67,0.0,
CUST003542,89,9,839.15,4.0,0.0,0.0,
CUST007493,92,5,438.02,3.5,0.0,0.0,
CUST000152,36,5,532.3199999999999,3.6666666666666665,0.0,0.0,
CUST003363,141,3,321.96,4.0,0.0,0.0,
CUST003096,119,7,803.49,4.0,0.0,0.0,
CUST002671,140,2,159.04000000000002,4.0,0.0,0.0,
CUST008711,142,5,408.21000000000004,4.0,0.0,0.0,
CUST003977,6,7,726.4200000000001,4.666666666666667,0.0,0.0,
CUST001161,37,4,275.92,3.5,0.0,0.0,
CUST004859,131,4,364.55,3.5,0.0,0.0,
CUST002243,148,6,660.71,3.8,0.0,0.0,
CUST009702,86,5,562.45,4.25,0.0,0.0,
CUST004401,145,6,695.19,4.0,0.0,0.0,
CUST006398,5,10,1142.97,3.6666666666666665,0.0,0.0,
CUST007624,4,7,637.9,3.4,14.29,0.0,
CUST004286,43,8,774.76,4.0,0.0,0.0,
CUST003835,124,7,827.51,3.8333333333333335,0.0,0.0,
CUST006579,30,7,651.75,4.0,14.29,0.0,
CUST009969,19,8,919.83,3.3333333333333335,0.0,0.0,
CUST007951,66,6,524.76,3.2,16.67,0.0,
CUST009296,129,6,584.76,3.0,0.0,0.0,
CUST004204,11,9,925.13,3.857142857142857,11.11,0.0,
CUST003632,4,5,517.21,3.6666666666666665,0.0,0.0,
CUST003797,42,1,67.96,4.0,0.0,0.0,
CUST006965,2,8,768.68,3.5,0.0,0.0,
CUST008441,10,4,371.04,3.3333333333333335,0.0,0.0,
CUST008414,141,5,390.59000000000003,4.0,0.0,0.0,
CUST007261,167,8,718.38,3.1666666666666665,0.0,0.0,
CUST000774,51,2,200.19,3.0,0.0,0.0,
CUST002598,132,3,347.96,4.333333333333333,0.0,0.0,
CUST007199,16,5,577.9300000000001,4.25,0.0,0.0,
CUST002299,127,6,577.73,3.4,16.67,0.0,
CUST007569,34,4,377.62,3.3333333333333335,25.0,0.0,
CUST006927,19,4,273.12,2.5,0.0,0.0,
CUST005973,47,6,570.3199999999999,4.0,16.67,0.0,
CUST000685,55,2,227.22000000000003,3.0,0.0,0.0,
CUST001867,44,2,254.45,4.0,0.0,0.0,
CUST008433,4,7,889.61,3.5714285714285716,0.0,0.0,
CUST005878,6,5,490.88,4.0,20.0,0.0,
CUST007518,21,7,724.72,3.75,14.29,0.0,
CUST004517,32,7,673.84,4.5,0.0,0.0,
CUST007121,169,3,288.34000000000003,2.5,0.0,0.0,
CUST002314,124,7,833.86,4.4,0.0,0.0,
CUST008187,32,6,626.41,4.333333333333333,0.0,0.0,
CUST008646,118,7,805.79,3.75,14.29,0.0,
CUST006035,152,5,510.13,3.0,0.0,0.0,
CUST002601,20,5,518.58,4.0,0.0,0.0,
CUST001663,26,4,374.61,0.0,0.0,0.0,
CUST008397,27,6,684.55,3.4,16.67,0.0,
CUST008597,45,8,768.33,3.6666666666666665,0.0,0.0,
CUST009472,29,4,372.19000000000005,4.25,0.0,0.0,
CUST009901,59,8,768.1,4.0,0.0,0.0,
CUST000588,146,6,586.4,4.5,0.0,0.0,
CUST006441,70,4,378.94,4.0,0.0,0.0,
CUST001720,49,5,594.0999999999999,4.25,0.0,0.0,
CUST005315,98,7,904.84,3.6,0.0,0.0,
CUST004721,51,8,1115.8,3.25,0.0,0.0,
CUST000581,121,3,403.1,3.5,0.0,0.0,
CUST007499,88,5,551.74,4.5,0.0,0.0,
CUST008005,17,4,538.47,5.0,0.0,0.0,
CUST009940,75,7,691.27,3.3333333333333335,0.0,0.0,
CUST009590,64,4,455.26,4.666666666666667,0.0,0.0,
CUST003733,90,8,718.01,4.0,0.0,0.0,
CUST000883,58,6,506.78,4.0,16.67,0.0,
CUST003748,35,7,691.97,4.0,0.0,0.0,
CUST000603,25,8,830.18,3.625,12.5,0.0,
CUST004423,133,5,493.66999999999996,3.6666666666666665,20.0,0.0,
CUST002995,69,9,962.18,3.6666666666666665,0.0,0.0,
CUST008970,131,3,211.98,4.0,0.0,0.0,
CUST005149,29,5,662.42,3.5,0.0,0.0,
CUST005894,67,4,429.26,2.0,0.0,0.0,
CUST009756,113,3,218.26999999999998,3.5,0.0,0.0,
CUST005790,8,4,423.05,4.25,0.0,0.0,
CUST001466,50,7,878.13,3.25,0.0,0.0,
CUST009536,90,7,785.87,3.8333333333333335,0.0,0.0,
CUST001108,59,4,477.44,4.5,0.0,0.0,
CUST005691,48,6,607.89,3.4,0.0,0.0,
CUST009659,145,6,615.67,3.4,16.67,0.0,
CUST000370,68,3,202.73000000000002,4.0,0.0,0.0,
CUST000010,99,10,1332.9,3.5,0.0,0.0,
CUST005208,7,8,711.9300000000001,3.0,0.0,0.0,
CUST002949,74,7,664.8499999999999,3.0,0.0,0.0,
CUST008531,29,8,720.96,4.8,0.0,0.0,
CUST007575,25,4,362.0,2.5,0.0,0.0,
CUST005726,86,1,81.35,5.0,0.0,0.0,
CUST007721,167,5,430.58,3.75,0.0,0.0,
CUST002165,112,2,178.06,3.0,0.0,0.0,
CUST004264,30,6,606.91,3.2,0.0,0.0,
CUST006358,132,3,244.89,3.5,0.0,0.0,
CUST004437,26,7,731.81,3.75,0.0,0.0,
CUST002984,89,5,399.77,5.0,0.0,0.0,
CUST006524,50,4,434.8,4.5,0.0,0.0,
CUST002923,30,5,314.90999999999997,3.25,0.0,0.0,
CUST000364,94,8,922.55,3.75,0.0,0.0,
CUST009739,61,3,458.20000000000005,2.6666666666666665,0.0,0.0,
CUST000533,28,6,702.84,4.0,0.0,0.0,
CUST000543,134,7,665.28,4.4,0.0,0.0,
CUST003556,92,4,540.69,4.333333333333333,0.0,0.0,
CUST008375,45,6,618.5699999999999,4.2,0.0,0.0,
CUST005910,54,5,525.86,4.25,0.0,0.0,
CUST009512,4,2,201.88,2.5,0.0,0.0,
CUST006512,31,2,182.41,5.0,0.0,0.0,
CUST009525,81,4,426.28999999999996,4.75,0.0,0.0,
CUST006275,74,10,941.0699999999999,3.5714285714285716,0.0,0.0,
CUST005597,68,4,371.86,3.75,0.0,0.0,
CUST003147,128,8,822.5,3.0,0.0,0.0,
CUST001489,97,7,689.45,4.333333333333333,0.0,0.0,
CUST001554,50,7,700.37,3.2,0.0,0.0,
CUST007423,56,6,732.8299999999999,3.3333333333333335,0.0,0.0,
CUST007081,28,6,627.14,3.6666666666666665,0.0,0.0,
CUST009165,72,3,253.98000000000002,4.0,0.0,0.0,
CUST005471,127,4,441.5,4.0,0.0,0.0,
CUST007453,90,4,363.03,3.3333333333333335,0.0,0.0,
CUST005066,54,6,510.43,4.0,0.0,0.0,
CUST006518,3,7,871.58,3.0,0.0,0.0,
CUST009801,98,5,574.46,3.6666666666666665,20.0,0.0,
CUST002084,106,6,596.04,4.4,0.0,0.0,
CUST008350,13,7,676.23,4.4,0.0,0.0,
CUST001919,95,5,662.12,4.6,0.0,0.0,
CUST005399,17,6,652.83,3.6666666666666665,16.67,0.0,
CUST001322,69,5,519.79,5.0,0.0,0.0,
CUST001457,93,2,206.62,4.0,0.0,0.0,
CUST006320,91,5,686.13,2.6666666666666665,0.0,0.0,
CUST001528,144,2,176.62,3.0,0.0,0.0,
CUST006235,29,7,900.79,4.25,0.0,0.0,
CUST009689,63,4,457.48,3.0,0.0,0.0,
CUST008170,99,4,482.89000000000004,4.0,0.0,0.0,
CUST005181,118,4,385.36,3.3333333333333335,50.0,0.0,
CUST007354,90,4,382.4,3.6666666666666665,0.0,0.0,
CUST003274,113,5,570.63,2.4,0.0,0.0,
CUST008204,132,3,234.35,5.0,0.0,0.0,
CUST001441,12,4,640.37,3.6666666666666665,0.0,0.0,
CUST005498,43,8,765.9,3.4285714285714284,0.0,0.0,
CUST007697,27,5,575.47,3.0,0.0,0.0,
CUST009383,147,7,780.03,3.25,0.0,0.0,
CUST000736,106,7,816.26,4.2,0.0,0.0,
CUST002536,24,5,510.3,4.75,0.0,0.0,
CUST005067,22,5,556.66,4.333333333333333,0.0,0.0,
CUST003146,127,6,640.11,3.6666666666666665,0.0,0.0,
CUST002304,11,3,434.53000000000003,4.0,0.0,0.0,
CUST008243,63,9,995.15,4.0,0.0,0.0,
CUST009931,79,5,436.26,3.2,20.0,0.0,
CUST004607,147,6,491.8,3.0,0.0,0.0,
CUST008237,136,3,189.32999999999998,3.5,0.0,0.0,
CUST002623,121,7,618.05,4.2,0.0,0.0,
CUST007758,128,4,572.09,4.5,0.0,0.0,
CUST002323,27,3,326.56,4.5,0.0,0.0,
CUST008073,9,3,262.73,0.0,0.0,0.0,
CUST006922,112,6,580.76,4.0,0.0,0.0,
CUST009698,34,9,1023.86,3.7142857142857144,0.0,0.0,
CUST000319,106,7,637.52,3.6666666666666665,0.0,0.0,
CUST006742,72,6,651.22,4.5,0.0,0.0,
CUST007356,8,4,402.38,4.0,0.0,0.0,
CUST006690,14,4,325.13,3.0,0.0,0.0,
CUST007664,52,5,517.11,3.0,20.0,0.0,
CUST000602,3,6,667.39,4.333333333333333,0.0,0.0,
CUST005690,53,7,579.1899999999999,4.0,0.0,0.0,
CUST006966,1,4,389.57,4.0,25.0,0.0,
CUST009212,7,4,402.20000000000005,3.5,0.0,0.0,
CUST003647,96,6,601.51,3.75,0.0,0.0,
CUST005803,34,7,711.31,3.4,0.0,0.0,
CUST005934,53,4,339.44,3.5,0.0,0.0,
CUST005756,2,7,763.35,3.0,0.0,0.0,
CUST000195,1,4,410.0,3.3333333333333335,0.0,0.0,
CUST002034,1,8,905.0,3.8333333333333335,0.0,0.0,
CUST001123,90,5,440.86,3.5,20.0,0.0,
CUST001157,12,7,543.85,3.6,0.0,0.0,
CUST009038,8,7,555.21,3.75,0.0,0.0,
CUST008552,5,6,570.49,2.6,16.67,0.0,
CUST002561,162,7,630.22,4.0,0.0,0.0,
CUST009132,161,6,712.94,4.25,0.0,0.0,
CUST004335,16,6,626.99,4.0,0.0,0.0,
CUST005090,91,4,419.11,4.25,0.0,0.0,
CUST007769,140,5,478.54999999999995,3.0,0.0,0.0,
CUST001574,59,6,594.56,3.75,0.0,0.0,
CUST004493,63,4,481.18,4.666666666666667,0.0,0.0,
CUST006403,92,5,649.63,4.4,0.0,0.0,
CUST001584,162,4,365.90999999999997,5.0,0.0,0.0,
CUST007591,108,4,385.43000000000006,3.3333333333333335,0.0,0.0,
CUST003620,63,5,394.96999999999997,4.25,0.0,0.0,
CUST009300,116,5,464.72,3.25,0.0,0.0,
CUST007984,6,6,571.13,4.0,0.0,0.0,
CUST009828,2,5,468.94,2.0,0.0,0.0,
CUST005788,58,6,566.7,3.0,0.0,0.0,
CUST008263,12,4,342.72,3.0,0.0,0.0,
CUST001088,53,1,79.27,0.0,0.0,0.0,
CUST004209,114,6,558.29,3.0,0.0,0.0,
CUST007870,26,10,1296.68,3.8333333333333335,0.0,0.0,
CUST001374,73,7,591.16,3.5,0.0,0.0,
CUST009407,49,8,852.28,4.333333333333333,0.0,0.0,
CUST004454,15,7,839.45,4.0,0.0,0.0,
CUST007794,89,5,478.79,0.0,0.0,0.0,
CUST001004,26,4,508.26000000000005,0.0,0.0,0.0,
CUST008303,25,11,1045.6,3.75,0.0,0.0,
CUST003581,123,5,473.96000000000004,3.3333333333333335,0.0,0.0,
CUST001283,5,13,1333.1399999999999,4.166666666666667,0.0,0.0,
CUST001842,129,7,803.67,3.5,0.0,0.0,
CUST001808,63,11,1132.1,4.4,0.0,0.0,
CUST009501,120,4,415.86,2.6666666666666665,0.0,0.0,
CUST005034,101,5,509.92,2.0,0.0,0.0,
CUST006498,123,9,1062.31,4.5,0.0,0.0,
CUST001021,91,7,831.37,3.0,0.0,0.0,
CUST002694,115,5,639.25,4.25,0.0,0.0,
CUST006015,30,4,407.31,3.5,0.0,0.0,
CUST000288,126,8,1089.3899999999999,3.6666666666666665,0.0,0.0,
CUST006917,125,3,257.68,2.0,0.0,0.0,
CUST008190,157,5,536.46,2.6666666666666665,0.0,0.0,
CUST001241,63,5,468.24,3.6666666666666665,0.0,0.0,
CUST007776,117,8,990.68,3.6,0.0,0.0,
CUST009034,137,8,818.49,3.5714285714285716,0.0,0.0,
CUST003467,68,4,358.21000000000004,3.5,0.0,0.0,
CUST000125,84,3,283.72999999999996,4.666666666666667,0.0,0.0,
CUST006685,110,3,271.37,3.0,0.0,0.0,
CUST003698,44,5,560.04,3.75,0.0,0.0,
CUST009547,55,3,459.75,2.0,33.33,0.0,
CUST005368,128,6,530.51,4.333333333333333,0.0,0.0,
CUST003160,115,8,729.1800000000001,3.8333333333333335,0.0,0.0,
CUST000930,158,4,390.9,4.0,0.0,0.0,
CUST000446,166,5,484.94,3.8,0.0,0.0,
CUST004759,141,1,144.08,0.0,0.0,0.0,
CUST002426,125,5,487.44,4.0,0.0,0.0,
CUST009202,139,4,441.77,3.6666666666666665,0.0,0.0,
CUST000426,97,7,700.28,4.2,0.0,0.0,
CUST004568,35,7,727.37,4.0,0.0,0.0,
CUST007550,11,2,222.7,4.0,0.0,0.0,
CUST000772,4,4,315.24,3.5,0.0,0.0,
CUST004883,147,2,224.98000000000002,4.0,0.0,0.0,
CUST002933,22,5,482.22,4.0,0.0,0.0,
CUST000405,10,4,353.65999999999997,3.3333333333333335,0.0,0.0,
CUST001577,145,7,601.65,4.4,0.0,0.0,
CUST000249,99,6,372.13,3.75,0.0,0.0,
CUST006340,15,5,476.49,3.6666666666666665,0.0,0.0,
CUST009303,46,3,270.72,4.666666666666667,0.0,0.0,
CUST001982,144,3,345.88,4.0,0.0,0.0,
CUST005324,23,4,395.03,3.3333333333333335,0.0,0.0,
CUST001254,124,7,699.89,3.5,0.0,0.0,
CUST009044,150,4,459.81000000000006,2.5,0.0,0.0,
CUST008300,17,4,508.96999999999997,4.333333333333333,0.0,0.0,
CUST008165,12,4,502.61,4.75,0.0,0.0,
CUST009934,46,4,534.0699999999999,4.333333333333333,0.0,0.0,
CUST008578,8,11,936.48,3.5714285714285716,0.0,0.0,
CUST001166,5,6,731.04,3.6,0.0,0.0,
CUST006863,49,3,356.98,4.0,0.0,0.0,
CUST006703,72,7,779.24,3.6,0.0,0.0,
CUST003260,92,7,652.65,3.8333333333333335,0.0,0.0,
CUST001763,39,3,363.03999999999996,4.333333333333333,0.0,0.0,
CUST007064,100,7,609.74,3.75,0.0,0.0,
CUST003075,133,8,744.8199999999999,4.0,12.5,0.0,
CUST005942,29,2,220.68,4.5,0.0,0.0,
CUST000434,46,6,514.6,4.5,0.0,0.0,
CUST006540,16,4,352.48,3.5,0.0,0.0,
CUST008154,60,2,198.26,3.0,0.0,0.0,
CUST002445,74,10,1110.66,3.5714285714285716,0.0,0.0,
CUST006490,21,6,549.72,4.25,0.0,0.0,
CUST003891,146,4,348.72,2.6666666666666665,25.0,0.0,
CUST004849,52,7,876.79,2.0,0.0,0.0,
CUST007151,74,6,596.4000000000001,3.4,0.0,0.0,
CUST001601,22,3,386.89,2.0,0.0,0.0,
CUST001403,34,3,286.04,4.5,0.0,0.0,
CUST008804,113,6,620.26,3.75,0.0,0.0,
CUST008296,46,6,496.82000000000005,3.3333333333333335,16.67,0.0,
CUST004857,53,10,1025.72,3.3333333333333335,0.0,0.0,
CUST007219,11,4,373.12,3.25,0.0,0.0,
CUST008715,73,4,498.47,3.0,0.0,0.0,
CUST002573,7,5,540.08,4.5,0.0,0.0,
CUST006609,76,7,625.47,3.6666666666666665,0.0,0.0,
CUST001121,80,9,676.84,3.142857142857143,0.0,0.0,
CUST002838,47,5,474.15999999999997,3.75,0.0,0.0,
CUST000415,32,4,508.57,4.5,0.0,0.0,
CUST005167,1,10,868.65,3.0,0.0,0.0,
CUST007446,68,11,1216.06,4.142857142857143,0.0,0.0,
CUST008389,160,5,520.8,3.3333333333333335,0.0,0.0,
CUST003168,55,3,237.86,3.5,0.0,0.0,
CUST005536,91,6,827.1700000000001,2.4,0.0,0.0,
CUST001353,10,7,740.1,3.6666666666666665,14.29,0.0,
CUST005239,136,6,668.52,3.5,0.0,0.0,
CUST007300,117,2,145.55,4.5,0.0,0.0,
CUST003290,111,5,751.49,3.3333333333333335,0.0,0.0,
CUST001922,144,5,513.03,4.0,20.0,0.0,
CUST007005,79,1,73.99,4.0,0.0,0.0,
CUST009468,7,6,602.6800000000001,3.0,16.67,0.0,
CUST007316,130,3,327.62,4.0,0.0,0.0,
CUST000926,113,9,878.1800000000001,3.3333333333333335,0.0,0.0,
CUST002825,20,4,365.51,3.0,0.0,0.0,
CUST003049,159,5,462.79,4.0,0.0,0.0,
CUST002113,57,8,788.58,3.6,0.0,0.0,
CUST002854,155,1,66.24,4.0,0.0,0.0,
CUST003326,118,4,392.09000000000003,4.0,0.0,0.0,
CUST002761,126,2,222.73000000000002,3.0,0.0,0.0,
CUST000461,125,3,305.65999999999997,4.0,33.33,0.0,
CUST005955,8,2,259.25,4.0,0.0,0.0,
CUST001872,80,7,707.33,4.0,0.0,0.0,
CUST005037,98,2,236.13,5.0,0.0,0.0,
CUST000538,125,4,373.67999999999995,4.5,0.0,0.0,
CUST005115,3,2,189.64,4.5,0.0,0.0,
CUST008719,139,5,546.95,5.0,0.0,0.0,
CUST006133,61,6,617.96,4.6,0.0,0.0,
CUST002266,51,4,309.36,4.0,0.0,0.0,
CUST004439,73,7,788.83,3.6666666666666665,0.0,0.0,
CUST002158,135,3,217.81,3.0,33.33,0.0,
CUST008036,24,2,166.32,4.0,0.0,0.0,
CUST003117,105,6,536.8100000000001,4.0,0.0,0.0,
CUST009085,12,5,389.5,4.0,0.0,0.0,
CUST005178,8,2,174.19,0.0,0.0,0.0,
CUST009605,25,5,567.5,4.0,0.0,0.0,
CUST008172,30,7,809.22,3.8,0.0,0.0,
CUST008850,99,5,568.79,3.6666666666666665,0.0,0.0,
CUST006315,53,9,767.3299999999999,3.111111111111111,11.11,0.0,
CUST005381,55,4,477.71999999999997,4.0,0.0,0.0,
CUST007150,44,9,923.78,4.0,0.0,0.0,
CUST007692,131,10,916.39,3.625,0.0,0.0,
CUST006317,10,4,410.64,3.0,0.0,0.0,
CUST000294,26,8,788.73,3.5,0.0,0.0,
CUST002366,169,4,409.47,2.5,0.0,0.0,
CUST007553,59,9,785.5699999999999,3.5,0.0,0.0,
CUST009524,34,5,474.26,3.75,0.0,0.0,
CUST002435,98,5,612.62,3.5,0.0,0.0,
CUST007381,26,4,398.06,4.0,0.0,0.0,
CUST001117,71,6,444.27,4.2,0.0,0.0,
CUST007966,81,6,696.54,3.3333333333333335,0.0,0.0,
CUST008215,120,5,523.89,4.2,0.0,0.0,
CUST001450,171,3,332.65,3.5,0.0,0.0,
CUST005277,135,3,285.73,4.0,0.0,0.0,
CUST006310,119,7,902.0600000000001,3.8,0.0,0.0,
CUST005451,126,5,516.99,4.333333333333333,0.0,0.0,
CUST007334,28,5,412.14,3.5,0.0,0.0,
CUST007563,139,5,589.9,2.6666666666666665,0.0,0.0,
CUST000030,33,4,460.74,2.5,25.0,0.0,
CUST004283,115,4,401.28,4.0,25.0,0.0,
CUST004411,28,3,227.64000000000001,3.0,0.0,0.0,
CUST009766,74,4,454.12,3.6666666666666665,0.0,0.0,
CUST006207,79,7,774.89,4.666666666666667,0.0,0.0,
CUST008783,64,5,403.12,4.333333333333333,0.0,0.0,
CUST006988,95,3,235.65,4.333333333333333,0.0,0.0,
CUST003795,12,4,424.64,3.0,0.0,0.0,
CUST003195,41,3,284.06,4.0,0.0,0.0,
CUST003889,52,3,445.48,3.6666666666666665,33.33,0.0,
CUST009364,27,6,633.98,4.333333333333333,0.0,0.0,
CUST003249,158,5,457.14,4.5,0.0,0.0,
CUST008855,114,4,444.77,3.6666666666666665,0.0,0.0,
CUST002850,132,4,358.23,4.5,0.0,0.0,
CUST004402,90,8,725.36,3.1666666666666665,0.0,0.0,
CUST000669,32,7,681.11,3.0,0.0,0.0,
CUST007228,144,3,225.71,2.0,0.0,0.0,
CUST009052,91,10,942.71,3.4444444444444446,0.0,0.0,
CUST006842,133,10,983.79,3.5555555555555554,10.0,0.0,
CUST009805,45,8,772.4300000000001,3.4,0.0,0.0,
CUST004674,150,8,933.62,3.75,0.0,0.0,
CUST000878,107,2,238.76000000000002,4.5,0.0,0.0,
CUST007241,114,7,819.25,4.0,0.0,0.0,
CUST001311,27,7,664.49,4.333333333333333,0.0,0.0,
CUST005398,7,7,782.9,3.0,14.29,0.0,
CUST007674,142,6,617.6899999999999,3.8,0.0,0.0,
CUST007730,113,6,721.5699999999999,4.6,0.0,0.0,
CUST000392,28,4,447.43,4.333333333333333,0.0,0.0,
CUST008668,78,5,470.33000000000004,3.0,0.0,0.0,
CUST003583,81,8,726.78,3.5714285714285716,0.0,0.0,
CUST003824,33,5,653.1,3.5,0.0,0.0,
CUST005328,132,2,187.74,4.5,0.0,0.0,
CUST008368,69,6,648.38,2.75,0.0,0.0,
CUST008011,11,4,515.6,3.5,0.0,0.0,
CUST000873,6,7,662.2,3.0,0.0,0.0,
CUST005204,133,7,658.75,3.0,0.0,0.0,
CUST001600,64,6,654.6500000000001,4.0,0.0,0.0,
CUST008702,148,4,373.72,3.0,0.0,0.0,
CUST007501,9,3,289.37,3.5,0.0,0.0,
CUST004178,119,5,457.32,4.0,0.0,0.0,
CUST008457,89,3,282.24,4.5,0.0,0.0,
CUST006397,18,3,294.01,5.0,0.0,0.0,
CUST003452,85,6,506.96999999999997,4.0,0.0,0.0,
CUST000409,169,5,516.53,3.75,0.0,0.0,
CUST002678,25,3,320.15,4.333333333333333,0.0,0.0,
CUST004680,139,6,687.28,3.8333333333333335,0.0,0.0,
CUST000640,82,2,189.12,3.5,0.0,0.0,
CUST001817,51,10,980.77,3.6666666666666665,0.0,0.0,
CUST004485,40,8,922.91,3.8333333333333335,0.0,0.0,
CUST008540,6,7,754.04,3.3333333333333335,0.0,0.0,
CUST006677,129,5,451.0,3.4,0.0,0.0,
CUST003929,41,4,294.33,2.75,0.0,0.0,
CUST003219,77,8,633.29,3.0,0.0,0.0,
CUST000739,116,6,796.64,2.0,0.0,0.0,
CUST006269,33,9,737.78,2.4,11.11,0.0,
CUST005104,11,9,977.53,3.4,0.0,0.0,
CUST003349,88,5,441.02,5.0,0.0,0.0,
CUST002595,50,6,626.2,3.5,0.0,0.0,
CUST000129,83,3,340.23,3.5,0.0,0.0,
CUST003931,88,6,491.35999999999996,3.2,0.0,0.0,
CUST007310,125,1,128.84,0.0,0.0,0.0,
CUST007802,80,8,805.96,3.2,0.0,0.0,
CUST000344,125,3,272.5,4.666666666666667,0.0,0.0,
CUST005995,132,5,453.36,4.0,0.0,0.0,
CUST005136,69,4,451.34,3.0,0.0,0.0,
CUST001479,47,8,809.46,4.666666666666667,0.0,0.0,
CUST008822,22,4,335.24,3.0,0.0,0.0,
CUST001847,12,8,915.1800000000001,4.4,0.0,0.0,
CUST003038,8,6,642.73,4.0,0.0,0.0,
CUST001192,10,4,432.17999999999995,5.0,0.0,0.0,
CUST004796,122,4,409.34,3.0,0.0,0.0,
CUST006374,147,2,142.18,4.0,0.0,0.0,
CUST003222,74,5,565.11,4.5,0.0,0.0,
CUST007284,106,4,399.72,3.0,0.0,0.0,
CUST001683,1,6,646.98,3.25,33.33,0.0,
CUST003011,136,2,313.91999999999996,4.5,0.0,0.0,
CUST003826,150,4,465.26,4.5,0.0,0.0,
CUST007620,21,5,356.69,3.0,0.0,0.0,
CUST004113,37,7,621.34,3.857142857142857,0.0,0.0,
CUST003911,96,5,594.4,3.3333333333333335,0.0,0.0,
CUST004150,24,9,959.8199999999999,3.7142857142857144,11.11,0.0,
CUST006884,141,7,585.04,4.333333333333333,0.0,0.0,
CUST009992,124,5,762.54,4.0,0.0,0.0,
CUST002893,75,6,474.59000000000003,3.8333333333333335,0.0,0.0,
CUST006369,48,6,826.73,4.25,0.0,0.0,
CUST007474,11,13,1363.81,3.9,0.0,0.0,
CUST000005,43,5,527.53,3.3333333333333335,0.0,0.0,
CUST007245,32,4,339.32,4.0,0.0,0.0,
CUST009347,33,5,506.09000000000003,3.6666666666666665,0.0,0.0,
CUST004867,43,5,479.46,3.0,0.0,0.0,
CUST006128,22,10,995.25,3.3333333333333335,0.0,0.0,
CUST002452,17,6,652.21,2.8333333333333335,0.0,0.0,
CUST002382,34,5,583.24,3.3333333333333335,0.0,0.0,
CUST001578,15,3,245.35,5.0,0.0,0.0,
CUST000312,137,3,182.75,3.5,0.0,0.0,
CUST007981,33,5,605.64,3.6666666666666665,0.0,0.0,
CUST003985,81,7,743.76,3.4,0.0,0.0,
CUST005145,26,6,570.07,3.3333333333333335,16.67,0.0,
CUST003732,53,6,755.17,3.0,0.0,0.0,
CUST003319,18,4,366.18,4.333333333333333,0.0,0.0,
CUST003582,3,5,534.8299999999999,3.0,0.0,0.0,
CUST008035,24,3,327.74,3.0,0.0,0.0,
CUST001558,29,2,214.57,4.5,0.0,0.0,
CUST006607,124,5,568.06,4.25,0.0,0.0,
CUST005702,26,5,590.05,3.0,0.0,0.0,
CUST002859,59,1,114.29,5.0,0.0,0.0,
CUST002070,173,1,89.59,4.0,0.0,0.0,
CUST007012,153,2,226.52,4.0,0.0,0.0,
CUST008141,16,4,405.99,4.0,0.0,0.0,
CUST000671,90,6,625.86,3.75,0.0,0.0,
CUST007422,24,6,666.36,3.0,0.0,0.0,
CUST009419,168,4,344.41,4.25,0.0,0.0,
CUST008063,86,3,255.99,2.0,0.0,0.0,
CUST001039,2,6,626.39,5.0,0.0,0.0,
CUST002248,49,8,581.02,4.4,0.0,0.0,
CUST007926,81,7,966.28,4.166666666666667,0.0,0.0,
CUST000865,3,4,411.2,3.0,0.0,0.0,
CUST004137,134,9,1078.75,3.8333333333333335,0.0,0.0,
CUST000457,23,10,1116.29,4.4,0.0,0.0,
CUST002640,53,14,1382.74,4.0,0.0,0.0,
CUST004460,105,6,565.37,3.4,0.0,0.0,
CUST003202,5,7,542.5,3.5,14.29,0.0,
CUST008051,37,6,729.6,3.2,0.0,0.0,
CUST004215,91,9,903.66,4.125,0.0,0.0,
CUST008258,146,4,264.42,2.6666666666666665,0.0,0.0,
CUST008048,69,8,788.44,3.8,0.0,0.0,
CUST003778,127,4,337.46,4.0,0.0,0.0,
CUST002974,18,5,451.31,4.0,0.0,0.0,
CUST003630,34,7,690.29,3.8,14.29,0.0,
CUST009273,5,7,688.55,3.0,14.29,0.0,
CUST001329,91,3,206.11,3.0,0.0,0.0,
CUST005406,147,5,435.11,3.25,0.0,0.0,
CUST007264,4,7,612.2,3.0,0.0,0.0,
CUST004692,14,7,587.3100000000001,3.6666666666666665,0.0,0.0,
CUST008103,97,3,400.65999999999997,3.0,0.0,0.0,
CUST000552,78,7,772.76,3.0,0.0,0.0,
CUST008220,83,4,440.71,3.5,0.0,0.0,
CUST009171,147,3,272.75,4.0,0.0,0.0,
CUST006752,60,6,563.73,3.6666666666666665,0.0,0.0,
CUST005539,137,4,525.0999999999999,3.25,0.0,0.0,
CUST004017,120,2,383.23,4.0,50.0,0.0,
CUST007893,114,2,210.6,4.5,0.0,0.0,
CUST005274,15,4,282.25,3.6666666666666665,0.0,0.0,
CUST002636,148,3,251.82,4.0,0.0,0.0,
CUST003304,9,2,263.72,3.0,0.0,0.0,
CUST007762,15,5,651.59,4.0,0.0,0.0,
CUST005036,162,3,253.81,2.6666666666666665,0.0,0.0,
CUST009238,10,7,827.73,4.2,0.0,0.0,
CUST000931,18,1,81.77,5.0,0.0,0.0,
CUST005392,79,7,623.02,3.1666666666666665,0.0,0.0,
CUST002612,128,7,667.95,4.25,0.0,0.0,
CUST004262,96,10,948.45,3.8333333333333335,0.0,0.0,
CUST005440,144,8,847.37,3.1666666666666665,0.0,0.0,
CUST005245,30,5,481.62,3.5,0.0,0.0,
CUST006726,3,10,901.14,3.7142857142857144,10.0,0.0,
CUST002948,118,7,714.75,3.0,0.0,0.0,
CUST003463,86,4,388.0,3.3333333333333335,0.0,0.0,
CUST002403,170,8,743.27,3.8333333333333335,0.0,0.0,
CUST001176,119,5,491.4,3.0,0.0,0.0,
CUST000523,79,4,495.88,3.6666666666666665,0.0,0.0,
CUST002453,25,9,1038.3400000000001,4.125,0.0,0.0,
CUST007796,138,4,336.17,3.0,0.0,0.0,
CUST006545,128,3,392.1,2.3333333333333335,0.0,0.0,
CUST008405,166,5,477.4,3.8,0.0,0.0,
CUST000769,19,9,888.86,3.8333333333333335,0.0,0.0,
CUST000786,80,7,688.45,3.4,0.0,0.0,
CUST001840,77,7,829.29,3.25,0.0,0.0,
CUST002855,53,5,509.26,4.0,0.0,0.0,
CUST006993,55,5,505.14,3.75,0.0,0.0,
CUST006293,35,4,416.63,3.0,0.0,0.0,
CUST001100,43,6,519.91,4.0,0.0,0.0,
CUST009711,109,5,440.13,3.25,0.0,0.0,
CUST009487,150,2,370.86,3.0,0.0,0.0,
CUST000228,30,2,139.31,3.0,0.0,0.0,
CUST008198,71,9,1145.27,3.8,0.0,0.0,
CUST005632,18,5,461.79,4.25,0.0,0.0,
CUST008746,77,5,454.32,4.333333333333333,0.0,0.0,
CUST005168,23,7,681.2,4.0,0.0,0.0,
CUST009045,39,4,421.55,4.0,0.0,0.0,
CUST001747,51,4,342.78000000000003,4.0,0.0,0.0,
CUST007809,158,6,527.9300000000001,3.3333333333333335,0.0,0.0,
CUST001853,40,5,518.25,3.8,0.0,0.0,
CUST001185,103,10,1198.15,4.333333333333333,0.0,0.0,
CUST003714,6,5,404.56,2.75,0.0,0.0,
CUST003139,89,7,711.82,4.0,0.0,0.0,
CUST008710,125,7,727.41,3.8,0.0,0.0,
CUST001509,35,6,701.34,4.5,0.0,0.0,
CUST006327,93,3,337.13,4.0,0.0,0.0,
CUST006410,33,7,775.5,3.8,0.0,0.0,
CUST000381,45,6,622.15,4.2,0.0,0.0,
CUST009379,3,5,614.0699999999999,3.0,0.0,0.0,
CUST005155,158,6,581.04,3.8333333333333335,0.0,0.0,
CUST000558,117,10,912.36,4.2,0.0,0.0,
CUST007179,112,5,521.67,3.0,0.0,0.0,
CUST003972,136,2,306.76,3.5,0.0,0.0,
CUST004532,3,8,871.1,4.4,0.0,0.0,
CUST006008,118,2,169.36,5.0,0.0,0.0,
CUST001221,82,4,394.7,4.0,0.0,0.0,
CUST004274,39,9,1041.12,3.8333333333333335,0.0,0.0,
CUST000710,66,9,923.46,3.8333333333333335,0.0,0.0,
CUST008763,163,5,514.79,3.25,0.0,0.0,
CUST006811,51,4,539.49,4.0,0.0,0.0,
CUST005475,142,7,737.47,4.0,0.0,0.0,
CUST001336,180,1,91.72,3.0,0.0,0.0,
CUST002436,92,3,253.64,3.0,0.0,0.0,
CUST003278,20,6,546.75,3.75,0.0,0.0,
CUST008166,83,3,197.0,4.333333333333333,0.0,0.0,
CUST009164,4,2,193.0,2.0,0.0,0.0,
CUST007596,32,3,358.07,4.0,0.0,0.0,
CUST003909,63,2,197.06,3.0,0.0,0.0,
CUST003831,21,5,506.63,4.5,0.0,0.0,
CUST004400,68,3,298.57,3.5,0.0,0.0,
CUST003843,89,7,678.55,3.3333333333333335,14.29,0.0,
CUST004594,84,7,659.05,2.8,0.0,0.0,
CUST005805,110,9,776.76,3.25,0.0,0.0,
CUST002816,57,4,363.02,4.5,0.0,0.0,
CUST006610,145,8,769.34,3.857142857142857,0.0,0.0,
CUST001736,84,3,248.91,5.0,0.0,0.0,
CUST009800,45,6,519.24,4.0,0.0,0.0,
CUST009355,97,7,548.12,2.6,0.0,0.0,
CUST004522,123,5,417.97,4.4,0.0,0.0,
CUST004249,73,4,480.88,4.333333333333333,0.0,0.0,
CUST000746,157,4,320.32,3.5,0.0,0.0,
CUST001778,145,4,334.4,2.0,0.0,0.0,
CUST006031,61,6,611.46,4.2,0.0,0.0,
CUST007428,141,5,439.99,3.5,0.0,0.0,
CUST000143,75,6,493.2,3.6,0.0,0.0,
CUST003740,33,3,294.59000000000003,4.5,0.0,0.0,
CUST000375,49,7,610.12,3.5,0.0,0.0,
CUST001431,47,3,329.12,2.5,0.0,0.0,
CUST002411,36,4,346.46000000000004,4.5,0.0,0.0,
CUST005924,87,4,343.83,4.5,0.0,0.0,
CUST007045,40,5,442.99,4.666666666666667,0.0,0.0,
CUST002173,43,5,549.37,3.5,20.0,0.0,
CUST002129,16,5,416.0,3.6666666666666665,0.0,0.0,
CUST007911,3,6,544.8100000000001,4.166666666666667,0.0,0.0,
CUST003485,46,5,485.74,2.3333333333333335,0.0,0.0,
CUST008942,73,7,738.69,2.25,0.0,0.0,
CUST002818,64,2,310.01,4.5,0.0,0.0,
CUST007557,54,8,811.95,3.7142857142857144,0.0,0.0,
CUST009490,111,5,488.15,3.25,0.0,0.0,
CUST006499,111,5,517.2,4.5,0.0,0.0,
CUST009807,104,3,337.06,3.6666666666666665,0.0,0.0,
CUST007894,79,6,684.6,3.6666666666666665,0.0,0.0,
CUST001866,72,4,364.90999999999997,4.0,0.0,0.0,
CUST004774,27,8,607.77,3.1666666666666665,0.0,0.0,
CUST003192,113,8,801.5,4.0,0.0,0.0,
CUST004667,20,5,558.81,3.75,0.0,0.0,
CUST009276,33,4,308.15999999999997,4.0,25.0,0.0,
CUST000716,34,5,560.46,3.25,0.0,0.0,
CUST005485,137,8,829.8399999999999,3.25,0.0,0.0,
CUST007233,37,5,510.64,3.0,20.0,0.0,
CUST003372,29,6,778.42,3.6,0.0,0.0,
CUST003691,22,7,629.1,4.4,0.0,0.0,
CUST001769,83,10,943.61,2.857142857142857,0.0,0.0,
CUST002865,42,6,586.62,3.0,0.0,0.0,
CUST003357,78,4,460.12,4.0,0.0,0.0,
CUST003302,131,6,512.41,3.0,0.0,0.0,
CUST001367,31,7,572.83,3.0,0.0,0.0,
CUST005114,21,5,553.27,3.6,0.0,0.0,
CUST006425,14,7,821.6500000000001,4.5,0.0,0.0,
CUST009339,4,2,156.58999999999997,4.0,0.0,0.0,
CUST006906,63,6,570.29,4.666666666666667,0.0,0.0,
CUST005437,76,9,838.85,4.0,0.0,0.0,
CUST001527,25,5,560.8299999999999,4.0,0.0,0.0,
CUST008137,29,6,552.1,3.3333333333333335,0.0,0.0,
CUST003696,17,8,900.24,3.6,0.0,0.0,
CUST008532,12,6,723.06,4.0,16.67,0.0,
CUST003639,162,6,672.81,4.0,0.0,0.0,
CUST007514,40,5,500.36,4.75,0.0,0.0,
CUST005206,104,3,401.07,3.6666666666666665,0.0,0.0,
CUST008469,81,5,588.9300000000001,4.0,0.0,0.0,
CUST001266,35,6,446.53,3.5,0.0,0.0,
CUST000571,23,8,749.41,2.4,0.0,0.0,
CUST005413,33,6,504.65999999999997,3.3333333333333335,0.0,0.0,
CUST005416,3,4,406.07,0.0,0.0,0.0,
CUST004691,34,6,517.82,4.0,0.0,0.0,
CUST001981,135,6,702.66,3.6,0.0,0.0,
CUST000634,78,7,706.38,3.0,0.0,0.0,
CUST003459,34,5,489.75,4.333333333333333,0.0,0.0,
CUST009176,32,7,736.94,3.0,14.29,0.0,
CUST007909,19,6,563.37,4.2,0.0,0.0,
CUST003536,119,6,530.88,3.75,0.0,0.0,
CUST000780,47,5,473.2,4.0,0.0,0.0,
CUST005108,22,7,575.6,4.0,0.0,0.0,
CUST009936,151,2,232.55,5.0,0.0,0.0,
CUST008952,114,5,521.59,4.4,0.0,0.0,
CUST004406,61,2,144.4,2.0,0.0,0.0,
CUST006933,83,5,486.16,4.0,0.0,0.0,
CUST001015,56,2,243.85000000000002,4.5,0.0,0.0,
CUST002568,86,5,527.27,4.0,0.0,0.0,
CUST004116,55,5,495.16,3.0,0.0,0.0,
CUST002810,82,10,1222.03,3.3333333333333335,0.0,0.0,
CUST004077,82,6,667.75,3.75,0.0,0.0,
CUST003501,16,5,461.75,3.8,0.0,0.0,
CUST008799,38,6,690.12,4.6,0.0,0.0,
CUST004735,135,4,396.51,4.0,0.0,0.0,
CUST006279,30,6,606.87,4.333333333333333,0.0,0.0,
CUST002488,8,10,1081.48,3.142857142857143,0.0,0.0,
CUST002966,14,6,611.79,3.0,0.0,0.0,
CUST005373,49,8,857.83,4.166666666666667,0.0,0.0,
CUST004714,49,11,1249.93,4.25,0.0,0.0,
CUST001044,70,8,781.8299999999999,4.0,0.0,0.0,
CUST005549,21,8,712.1,3.5,0.0,0.0,
CUST006227,69,4,512.27,4.0,0.0,0.0,
CUST000210,163,3,232.94,2.0,0.0,0.0,
CUST004109,76,6,804.17,4.0,0.0,0.0,
CUST001400,13,1,66.29,5.0,0.0,0.0,
CUST007835,13,4,362.65999999999997,4.333333333333333,0.0,0.0,
CUST009135,1,8,948.96,4.25,0.0,0.0,
CUST005361,70,2,270.28999999999996,0.0,0.0,0.0,
CUST002391,104,4,476.65,3.0,0.0,0.0,
CUST009380,59,3,176.44,5.0,0.0,0.0,
CUST002581,106,7,612.2,4.25,0.0,0.0,
CUST008558,16,5,467.8,3.5,0.0,0.0,
CUST008704,47,7,831.02,4.75,0.0,0.0,
CUST007115,29,3,440.6,2.0,0.0,0.0,
CUST000927,34,3,329.74,2.0,0.0,0.0,
CUST006160,47,7,767.28,4.8,0.0,0.0,
CUST006738,5,3,246.06,3.0,0.0,0.0,
CUST009108,149,9,830.87,3.4,0.0,0.0,
CUST001687,2,8,879.52,4.2,0.0,0.0,
CUST003717,173,7,625.0699999999999,2.6666666666666665,0.0,0.0,
CUST009447,39,10,1237.67,4.142857142857143,0.0,0.0,
CUST003460,53,6,719.02,3.6666666666666665,0.0,0.0,
CUST007177,4,10,985.52,4.0,0.0,0.0,
CUST007822,43,3,286.03,4.5,0.0,0.0,
CUST006219,73,5,455.40999999999997,3.5,0.0,0.0,
CUST000342,145,6,597.75,4.2,0.0,0.0,
CUST008267,71,7,687.36,2.5,0.0,0.0,
CUST004638,39,6,684.99,3.4,0.0,0.0,
CUST004850,29,8,923.29,3.875,0.0,0.0,
CUST002962,81,7,761.45,3.0,0.0,0.0,
CUST002554,11,6,507.64,4.0,0.0,0.0,
CUST009918,89,3,333.32,3.6666666666666665,0.0,0.0,
CUST005721,6,8,832.8299999999999,3.75,0.0,0.0,
CUST002168,33,5,483.04,4.2,0.0,0.0,
CUST006419,39,6,514.55,4.0,16.67,0.0,
CUST005321,1,7,697.58,3.5,0.0,0.0,
CUST004755,32,10,1281.6399999999999,3.5,0.0,0.0,
CUST007124,8,11,994.88,3.25,0.0,0.0,
CUST000066,35,8,910.56,3.2857142857142856,0.0,0.0,
CUST008311,13,6,734.11,3.4,0.0,0.0,
CUST005578,48,4,371.67,5.0,0.0,0.0,
CUST008400,148,2,151.59,4.0,0.0,0.0,
CUST001023,4,4,411.03,3.5,25.0,0.0,
CUST004933,177,4,392.33,4.0,0.0,0.0,
CUST009118,38,6,505.08000000000004,3.5,0.0,0.0,
CUST005602,170,7,626.26,4.333333333333333,0.0,0.0,
CUST006168,62,4,379.79999999999995,3.0,0.0,0.0,
CUST002378,83,3,284.38,4.5,0.0,0.0,
CUST003407,9,6,597.71,4.5,0.0,0.0,
CUST007771,36,6,548.11,3.6666666666666665,0.0,0.0,
CUST008162,8,4,428.42,0.0,0.0,0.0,
CUST001190,170,4,506.18,4.0,0.0,0.0,
CUST001286,19,4,350.83,4.0,0.0,0.0,
CUST006822,125,2,198.37,3.0,0.0,0.0,
CUST004571,36,8,898.16,3.625,0.0,0.0,
CUST005922,87,10,961.41,3.875,10.0,0.0,
CUST004228,17,7,739.9,4.0,0.0,0.0,
CUST007693,55,5,486.29,4.0,0.0,0.0,
CUST009037,85,5,563.4200000000001,3.25,0.0,0.0,
CUST002657,134,3,341.15,3.0,0.0,0.0,
CUST009555,12,4,362.96,3.0,0.0,0.0,
CUST002328,100,6,647.77,3.0,0.0,0.0,
CUST003282,45,6,666.29,4.666666666666667,0.0,0.0,
CUST009984,59,8,842.1600000000001,4.166666666666667,0.0,0.0,
CUST006654,45,8,835.17,2.8,0.0,0.0,
CUST006743,154,4,368.95,4.5,0.0,0.0,
CUST009528,7,9,993.94,3.5,0.0,0.0,
CUST007020,49,6,611.49,3.4,0.0,0.0,
CUST009446,78,5,655.73,3.3333333333333335,0.0,0.0,
CUST006028,110,7,597.2,4.166666666666667,0.0,0.0,
CUST008083,83,5,431.95,3.6,0.0,0.0,
CUST003923,86,5,429.69,3.0,0.0,0.0,
CUST006867,28,2,254.67000000000002,3.0,0.0,0.0,
CUST003678,83,7,728.39,4.0,0.0,0.0,
CUST002409,98,5,775.52,4.0,0.0,0.0,
CUST002588,53,5,394.96,4.5,0.0,0.0,
CUST008741,47,8,912.23,4.25,0.0,0.0,
CUST007661,126,6,568.04,4.25,0.0,0.0,
CUST002864,121,5,489.40999999999997,3.2,0.0,0.0,
CUST007424,111,4,379.53,3.5,0.0,0.0,
CUST004092,15,3,286.09000000000003,4.0,0.0,0.0,
CUST003930,31,6,564.95,3.5,16.67,0.0,
CUST007236,121,5,483.4,5.0,20.0,0.0,
CUST001949,71,5,401.61,3.3333333333333335,0.0,0.0,
CUST002558,141,4,408.8,4.0,0.0,0.0,
CUST003154,47,4,347.43,3.6666666666666665,0.0,0.0,
CUST006321,102,6,750.85,4.0,16.67,0.0,
CUST006357,105,4,425.82,3.6666666666666665,25.0,0.0,
CUST004923,170,4,327.89,4.5,0.0,0.0,
CUST001024,49,6,545.55,4.5,0.0,0.0,
CUST008016,1,2,268.24,4.5,0.0,0.0,
CUST001094,118,4,405.72,3.5,0.0,0.0,
CUST004267,1,4,378.7,3.5,0.0,0.0,
CUST008444,160,8,774.22,3.7142857142857144,0.0,0.0,
CUST004183,103,6,779.0,4.0,0.0,0.0,
CUST006547,24,3,273.93,3.0,0.0,0.0,
CUST004750,23,2,187.75,3.0,0.0,0.0,
CUST003254,57,3,300.17,3.0,0.0,0.0,
CUST004366,26,8,808.89,3.6666666666666665,0.0,0.0,
CUST007399,172,4,362.05,4.333333333333333,0.0,0.0,
CUST005533,86,5,633.3199999999999,4.5,0.0,0.0,
CUST003913,150,3,275.75,4.0,0.0,0.0,
CUST003960,30,6,642.72,3.4,0.0,0.0,
CUST006491,92,5,436.28,3.0,0.0,0.0,
CUST006261,144,6,753.46,4.0,0.0,0.0,
CUST000820,17,4,377.53000000000003,2.6666666666666665,0.0,0.0,
CUST000559,3,6,509.07,4.4,0.0,0.0,
CUST009793,129,4,500.64,5.0,0.0,0.0,
CUST008773,22,4,390.03,3.6666666666666665,0.0,0.0,
CUST007253,33,9,882.9100000000001,3.375,0.0,0.0,
CUST008510,132,6,476.97999999999996,3.6,16.67,0.0,
CUST004416,131,6,648.02,3.5,0.0,0.0,
CUST005829,6,5,464.21,0.0,0.0,0.0,
CUST007221,147,5,587.12,4.0,0.0,0.0,
CUST000500,26,4,509.57,4.0,0.0,0.0,
CUST001354,144,5,472.63,5.0,0.0,0.0,
CUST009435,111,6,853.54,4.0,0.0,0.0,
CUST007231,34,9,1122.7,4.5,11.11,0.0,
CUST006562,160,2,242.64000000000001,5.0,0.0,0.0,
CUST002138,54,4,443.49,4.0,0.0,0.0,
CUST007213,7,7,677.3,4.166666666666667,0.0,0.0,
CUST008757,18,5,564.5699999999999,3.0,0.0,0.0,
CUST003764,42,5,400.35,4.5,0.0,0.0,
CUST003289,128,6,614.99,3.8333333333333335,0.0,0.0,
CUST003216,95,7,528.33,3.8,0.0,0.0,
CUST000631,74,5,559.69,1.0,20.0,0.0,
CUST002919,92,3,327.28000000000003,3.5,0.0,0.0,
CUST008544,8,4,407.34999999999997,4.0,0.0,0.0,
CUST002539,22,6,574.12,3.25,16.67,0.0,
CUST005252,90,3,326.0,3.0,0.0,0.0,
CUST002265,66,3,277.41999999999996,4.5,0.0,0.0,
CUST006395,88,8,794.99,3.6,0.0,0.0,
CUST000204,64,10,1228.99,4.166666666666667,10.0,0.0,
CUST005356,159,8,944.53,4.4,0.0,0.0,
CUST005712,48,7,721.65,3.6,0.0,0.0,
CUST000503,26,3,407.31,4.0,0.0,0.0,
CUST004412,94,5,409.49,4.5,0.0,0.0,
CUST002622,5,6,632.74,3.25,0.0,0.0,
CUST004408,73,4,444.13,3.0,0.0,0.0,
CUST007042,5,6,546.86,4.25,0.0,0.0,
CUST002742,28,7,819.77,3.6,0.0,0.0,
CUST000132,9,4,400.78,3.0,0.0,0.0,
CUST001742,62,5,433.47,4.333333333333333,0.0,0.0,
CUST008982,68,5,657.82,3.5,0.0,0.0,
CUST009887,81,6,701.19,2.6666666666666665,0.0,0.0,
CUST009491,40,5,491.84000000000003,4.6,0.0,0.0,
CUST008587,21,5,346.04,3.3333333333333335,0.0,0.0,
CUST004001,52,3,257.18,3.5,0.0,0.0,
CUST004174,104,6,563.85,4.25,0.0,0.0,
CUST001321,93,5,556.9,0.0,0.0,0.0,
CUST001756,113,4,337.96,2.6666666666666665,0.0,0.0,
CUST000619,27,3,371.44,2.5,0.0,0.0,
CUST002380,32,4,439.2,4.0,0.0,0.0,
CUST004068,76,6,647.7,2.5,0.0,0.0,
CUST009350,150,4,440.17999999999995,4.333333333333333,0.0,0.0,
CUST004777,134,4,357.14,4.666666666666667,0.0,0.0,
CUST000186,58,5,527.28,5.0,20.0,0.0,
CUST009741,74,4,370.25,3.25,0.0,0.0,
CUST002438,78,7,571.78,4.142857142857143,0.0,0.0,
CUST007638,35,8,714.9300000000001,4.285714285714286,0.0,0.0,
CUST001107,87,3,276.70000000000005,5.0,0.0,0.0,
CUST009496,146,4,327.4,4.333333333333333,0.0,0.0,
CUST008912,157,9,1029.62,3.25,0.0,0.0,
CUST001335,21,6,655.62,2.6666666666666665,0.0,0.0,
CUST003099,41,6,694.4,3.4,0.0,0.0,
CUST009385,52,6,559.12,2.8333333333333335,0.0,0.0,
CUST000886,15,10,1075.06,3.3333333333333335,10.0,0.0,
CUST003136,46,7,727.03,4.25,0.0,0.0,
CUST007385,60,3,422.86,5.0,0.0,0.0,
CUST007615,100,7,800.99,3.1666666666666665,0.0,0.0,
CUST000753,83,10,782.92,3.75,0.0,0.0,
CUST002620,134,5,466.96000000000004,3.75,0.0,0.0,
CUST005648,118,8,881.32,3.5,0.0,0.0,
CUST005510,38,5,380.16999999999996,3.6666666666666665,0.0,0.0,
CUST003194,73,2,192.09,3.5,0.0,0.0,
CUST009572,152,4,476.91999999999996,4.333333333333333,0.0,0.0,
CUST005150,157,4,502.14,3.25,0.0,0.0,
CUST004563,139,8,892.88,3.3333333333333335,0.0,0.0,
CUST007992,168,4,414.87,3.75,0.0,0.0,
CUST006147,12,3,210.53000000000003,3.5,33.33,0.0,
CUST001012,74,3,316.02,3.0,33.33,0.0,
CUST009696,112,3,286.51,3.5,0.0,0.0,
CUST007076,171,4,343.99,3.3333333333333335,0.0,0.0,
CUST005189,9,4,353.94,4.0,0.0,0.0,
CUST009680,6,5,508.6,4.0,0.0,0.0,
CUST001319,6,5,545.47,4.0,0.0,0.0,
CUST006567,64,5,480.23,2.0,0.0,0.0,
CUST002685,105,5,521.55,3.25,20.0,0.0,
CUST006891,101,3,225.23,3.6666666666666665,0.0,0.0,
CUST005039,80,4,326.2,3.6666666666666665,0.0,0.0,
CUST004375,5,7,758.87,2.6666666666666665,0.0,0.0,
CUST007037,173,4,416.57000000000005,2.6666666666666665,0.0,0.0,
CUST003671,132,6,560.17,3.5,0.0,0.0,
CUST007530,143,5,464.9,4.333333333333333,0.0,0.0,
CUST001482,31,8,907.0,4.0,0.0,0.0,
CUST007619,162,4,397.93,2.6666666666666665,0.0,0.0,
CUST007582,158,6,601.26,3.25,0.0,0.0,
CUST005403,124,8,924.98,2.8,12.5,0.0,
CUST005151,61,5,385.98,4.333333333333333,0.0,0.0,
CUST008288,20,6,649.99,4.4,0.0,0.0,
CUST001063,133,8,830.6,3.3333333333333335,0.0,0.0,
CUST001646,48,5,666.27,4.333333333333333,0.0,0.0,
CUST005708,9,6,633.23,4.6,0.0,0.0,
CUST009003,56,6,661.73,3.5,16.67,0.0,
CUST000983,31,4,322.3,4.666666666666667,0.0,0.0,
CUST005346,5,4,510.25,4.0,0.0,0.0,
CUST005003,42,5,631.12,3.5,0.0,0.0,
CUST007920,101,4,322.1,4.0,0.0,0.0,
CUST000454,159,1,71.12,5.0,0.0,0.0,
CUST005233,24,5,621.74,3.2,0.0,0.0,
CUST007444,113,5,513.44,3.75,0.0,0.0,
CUST007905,14,4,394.07,3.0,25.0,0.0,
CUST005385,58,2,270.66999999999996,3.0,0.0,0.0,
CUST001384,38,4,386.11,3.6666666666666665,25.0,0.0,
CUST007531,24,5,486.56,3.75,0.0,0.0,
CUST001688,10,3,300.16,2.0,0.0,0.0,
CUST004972,39,2,231.23000000000002,3.5,0.0,0.0,
CUST001143,35,4,432.59999999999997,4.5,0.0,0.0,
CUST000529,108,3,357.79,0.0,0.0,0.0,
CUST003184,9,3,283.92,5.0,0.0,0.0,
CUST004187,63,3,275.62,4.0,0.0,0.0,
CUST002924,91,3,203.94,4.0,0.0,0.0,
CUST008569,39,5,433.1,4.0,0.0,0.0,
CUST009261,26,5,533.88,4.75,0.0,0.0,
CUST000213,150,6,633.28,4.4,16.67,0.0,
CUST000768,36,5,534.75,4.333333333333333,0.0,0.0,
CUST009166,84,9,880.17,4.0,0.0,0.0,
CUST007608,123,6,617.6999999999999,3.75,0.0,0.0,
CUST005386,51,6,457.08,4.0,0.0,0.0,
CUST009534,21,7,636.4000000000001,4.2,0.0,0.0,
CUST002157,63,9,1271.99,3.6,0.0,0.0,
CUST007525,147,8,914.26,3.75,0.0,0.0,
CUST004495,26,11,1127.97,3.625,0.0,0.0,
CUST002609,125,8,744.93,4.166666666666667,0.0,0.0,
CUST005591,72,3,269.7,5.0,0.0,0.0,
CUST007753,89,12,938.53,3.2222222222222223,8.33,0.0,
CUST008712,86,8,627.38,4.166666666666667,0.0,0.0,
CUST005682,124,6,669.56,4.0,0.0,0.0,
CUST006476,33,10,1046.97,3.2,0.0,0.0,
CUST007139,141,3,192.32,4.0,0.0,0.0,
CUST005563,40,11,1128.53,4.2,0.0,0.0,
CUST008935,121,5,520.3299999999999,2.5,0.0,0.0,
CUST007969,11,5,341.01,3.5,0.0,0.0,
CUST002690,116,3,210.79,3.0,0.0,0.0,
CUST009772,60,2,265.88,3.5,0.0,0.0,
CUST003416,97,3,253.72,5.0,0.0,0.0,
CUST000744,32,4,533.1500000000001,3.3333333333333335,0.0,0.0,
CUST007634,136,5,649.97,2.6666666666666665,0.0,0.0,
CUST002809,128,4,472.24,3.6666666666666665,0.0,0.0,
CUST000073,51,4,507.07,3.6666666666666665,0.0,0.0,
CUST002590,113,5,550.17,4.0,0.0,0.0,
CUST003568,177,2,169.65,3.0,0.0,0.0,
CUST009015,13,5,476.98,4.0,0.0,0.0,
CUST006841,24,2,210.28,4.0,0.0,0.0,
CUST001781,37,5,498.84,3.5,0.0,0.0,
CUST007995,112,4,378.27,4.0,0.0,0.0,
CUST000788,46,3,272.17,3.0,0.0,0.0,
CUST000752,162,4,310.5,4.0,0.0,0.0,
CUST006747,3,8,1013.53,4.166666666666667,0.0,0.0,
CUST003908,36,7,789.28,4.4,0.0,0.0,
CUST003887,20,8,830.3199999999999,3.2857142857142856,0.0,0.0,
CUST002793,85,8,805.85,2.857142857142857,0.0,0.0,
CUST009872,52,6,484.29999999999995,3.6,0.0,0.0,
CUST009521,127,6,792.88,4.0,0.0,0.0,
CUST008979,48,8,636.19,3.625,0.0,0.0,
CUST003562,24,5,421.28,3.0,20.0,0.0,
CUST009206,154,4,425.15999999999997,3.0,0.0,0.0,
CUST004922,121,6,498.28,4.25,0.0,0.0,
CUST007062,22,9,995.8100000000001,4.0,0.0,0.0,
CUST009578,49,6,593.27,3.0,0.0,0.0,
CUST006193,64,10,1291.46,3.25,0.0,0.0,
CUST002143,14,2,175.92,2.0,0.0,0.0,
CUST007112,131,3,280.52000000000004,3.0,0.0,0.0,
CUST000146,37,4,457.76,4.0,0.0,0.0,
CUST004127,61,5,487.38,4.0,0.0,0.0,
CUST002871,37,4,401.47,3.0,0.0,0.0,
CUST000322,57,10,1024.96,3.75,0.0,0.0,
CUST004302,3,10,1111.23,3.4,0.0,0.0,
CUST006234,91,3,263.27,4.333333333333333,0.0,0.0,
CUST002185,106,3,257.17,3.6666666666666665,0.0,0.0,
CUST000773,15,5,456.8,3.25,20.0,0.0,
CUST008224,71,4,365.14,3.25,25.0,0.0,
CUST008562,43,4,419.92,3.3333333333333335,0.0,0.0,
CUST008305,139,6,443.03,3.8,16.67,0.0,
CUST002420,20,4,402.65,3.0,25.0,0.0,
CUST007281,125,6,624.88,4.2,0.0,0.0,
CUST001438,82,4,514.9200000000001,4.666666666666667,0.0,0.0,
CUST009373,39,2,342.52,2.0,0.0,0.0,
CUST000804,32,7,782.76,4.0,0.0,0.0,
CUST002461,127,6,554.7,3.2,0.0,0.0,
CUST009841,110,5,566.4200000000001,3.3333333333333335,0.0,0.0,
CUST009673,163,4,391.65999999999997,4.333333333333333,0.0,0.0,
CUST006638,35,7,578.63,3.6,0.0,0.0,
CUST008967,33,6,580.04,4.25,0.0,0.0,
CUST006094,35,10,983.24,4.4,0.0,0.0,
CUST007258,104,7,635.76,4.0,0.0,0.0,
CUST007647,90,9,930.99,4.666666666666667,0.0,0.0,
CUST002596,19,3,310.22,4.5,0.0,0.0,
CUST008318,110,7,767.9499999999999,3.4285714285714284,0.0,0.0,
CUST002697,26,5,557.8,4.0,0.0,0.0,
CUST003640,82,11,1037.48,3.4285714285714284,0.0,0.0,
CUST007850,13,8,860.17,4.166666666666667,0.0,0.0,
CUST000623,22,7,746.91,3.75,14.29,0.0,
CUST009617,74,6,663.3100000000001,3.2,0.0,0.0,
CUST000317,115,3,234.63,0.0,0.0,0.0,
CUST004464,13,4,465.21,4.0,0.0,0.0,
CUST000045,134,3,208.45,3.0,0.0,0.0,
CUST009782,73,7,765.22,3.6666666666666665,0.0,0.0,
CUST009637,61,4,303.45,5.0,0.0,0.0,
CUST008796,129,3,191.24,3.0,0.0,0.0,
CUST005520,168,6,574.77,4.2,0.0,0.0,
CUST003321,76,7,562.94,2.6666666666666665,0.0,0.0,
CUST003390,112,4,369.77,4.0,0.0,0.0,
CUST000185,4,4,404.0,3.3333333333333335,25.0,0.0,
CUST006720,111,5,542.03,3.6666666666666665,0.0,0.0,
CUST006519,4,4,359.71,2.5,0.0,0.0,
CUST006746,81,7,966.76,4.0,0.0,0.0,
CUST004910,23,5,568.9399999999999,3.75,0.0,0.0,
CUST001111,98,2,198.87,5.0,0.0,0.0,
CUST003597,3,5,550.83,2.0,0.0,0.0,
CUST003461,57,7,548.02,4.2,0.0,0.0,
CUST008528,41,5,476.09000000000003,3.0,0.0,0.0,
CUST004500,41,4,372.26,5.0,0.0,0.0,
CUST007861,55,1,77.46,0.0,0.0,0.0,
CUST008996,59,2,259.35,5.0,0.0,0.0,
CUST006182,60,6,803.97,3.6,0.0,0.0,
CUST000986,121,2,171.54,3.5,0.0,0.0,
CUST007691,73,4,369.2,2.5,0.0,0.0,
CUST002330,169,2,223.57,4.0,0.0,0.0,
CUST000078,69,6,644.51,3.6666666666666665,0.0,0.0,
CUST005163,116,6,647.58,4.25,16.67,0.0,
CUST000615,111,4,445.73,4.5,0.0,0.0,
CUST003093,49,4,323.37,3.0,25.0,0.0,
CUST005601,91,3,341.85,4.5,0.0,0.0,
CUST001396,128,4,395.98,4.25,0.0,0.0,
CUST001890,141,4,364.23,4.0,0.0,0.0,
CUST000929,8,6,513.78,3.0,0.0,0.0,
CUST009601,113,5,500.84999999999997,3.75,0.0,0.0,
CUST001654,13,5,403.39,4.5,0.0,0.0,
CUST002853,41,5,588.0799999999999,3.6666666666666665,0.0,0.0,
CUST003233,79,1,94.2,4.0,0.0,0.0,
CUST008642,131,5,576.18,4.5,0.0,0.0,
CUST009997,169,10,1193.21,3.7142857142857144,0.0,0.0,
CUST001640,30,7,707.79,4.0,0.0,0.0,
CUST003240,61,7,890.52,4.0,0.0,0.0,
CUST007104,22,4,460.41999999999996,3.25,0.0,0.0,
CUST002738,106,3,314.08000000000004,4.0,33.33,0.0,
CUST007627,130,11,1269.53,4.333333333333333,0.0,0.0,
CUST004577,51,7,607.49,4.6,0.0,0.0,
CUST007543,51,7,854.1700000000001,4.0,0.0,0.0,
CUST001099,25,3,269.2,2.5,0.0,0.0,
CUST003866,33,6,621.1999999999999,3.3333333333333335,0.0,0.0,
CUST001858,40,6,661.24,3.5,0.0,0.0,
CUST000293,54,1,96.04,3.0,0.0,0.0,
CUST007551,52,6,594.37,3.3333333333333335,0.0,0.0,
CUST003208,23,12,1091.43,3.7777777777777777,0.0,0.0,
CUST008619,64,4,552.4200000000001,3.75,0.0,0.0,
CUST006858,52,4,437.94,3.6666666666666665,0.0,0.0,
CUST001082,54,4,381.98,3.0,0.0,0.0,
CUST009932,106,4,441.75,2.0,0.0,0.0,
CUST005568,70,5,715.83,3.2,0.0,0.0,
CUST008539,37,4,401.54,3.0,0.0,0.0,
CUST005216,7,7,668.71,4.0,0.0,0.0,
CUST005593,130,4,330.9,3.0,0.0,0.0,
CUST001572,158,4,301.38,4.0,0.0,0.0,
CUST002989,6,6,579.3399999999999,3.0,0.0,0.0,
CUST005916,172,2,169.26,4.0,0.0,0.0,
CUST006656,43,6,707.64,4.0,0.0,0.0,
CUST001262,140,2,219.64,4.5,0.0,0.0,
CUST006280,39,6,740.36,4.5,0.0,0.0,
CUST008044,179,4,369.51,4.0,0.0,0.0,
CUST002763,97,9,757.2,3.6666666666666665,11.11,0.0,
CUST002885,6,8,712.46,3.3333333333333335,0.0,0.0,
CUST003801,43,8,897.24,3.5714285714285716,0.0,0.0,
CUST001733,135,4,460.99,3.6666666666666665,0.0,0.0,
CUST008108,16,6,522.92,4.5,0.0,0.0,
CUST003948,19,3,273.38,4.0,0.0,0.0,
CUST009596,67,10,946.74,4.0,0.0,0.0,
CUST008320,88,5,452.94,3.2,20.0,0.0,
CUST005773,3,8,936.47,3.0,25.0,0.0,
CUST006598,84,7,637.58,4.333333333333333,0.0,0.0,
CUST008056,83,4,450.74,5.0,0.0,0.0,
CUST007406,92,3,310.33,4.0,0.0,0.0,
CUST005164,56,5,538.0,3.3333333333333335,0.0,0.0,
CUST008470,48,2,214.47,3.0,0.0,0.0,
CUST001434,113,3,287.32,4.5,0.0,0.0,
CUST000837,65,3,304.31,3.0,0.0,0.0,
CUST008309,58,4,312.15999999999997,3.25,0.0,0.0,
CUST001282,24,4,261.76,3.75,0.0,0.0,
CUST002827,40,5,463.35,3.6666666666666665,0.0,0.0,
CUST001115,99,7,926.24,4.5,0.0,0.0,
CUST002232,23,3,279.45,4.0,0.0,0.0,
CUST000884,126,5,493.87,3.5,0.0,0.0,
CUST005488,96,2,223.03,2.0,50.0,0.0,
CUST005052,27,3,241.36,4.666666666666667,0.0,0.0,
CUST007923,94,3,383.4,4.0,0.0,0.0,
CUST002705,24,4,368.39,3.5,0.0,0.0,
CUST008265,47,5,647.6800000000001,4.75,0.0,0.0,
CUST007404,140,6,502.52,4.25,0.0,0.0,
CUST005305,74,3,334.06,2.6666666666666665,33.33,0.0,
CUST000946,122,4,470.1,3.0,0.0,0.0,
CUST004193,63,6,447.1,4.0,16.67,0.0,
CUST004222,118,4,422.07000000000005,4.0,0.0,0.0,
CUST003746,90,5,402.25,3.75,0.0,0.0,
CUST005165,59,10,1023.2,3.75,0.0,0.0,
CUST008186,42,6,559.6,3.0,0.0,0.0,
CUST000593,32,6,741.48,4.25,0.0,0.0,
CUST001259,141,6,651.1,5.0,0.0,0.0,
CUST001907,175,3,267.21000000000004,3.3333333333333335,0.0,0.0,
CUST000797,30,9,867.11,3.7142857142857144,0.0,0.0,
CUST007405,69,5,615.56,3.0,0.0,0.0,
CUST002356,38,6,485.57,3.8,0.0,0.0,
CUST006637,74,5,419.79,3.25,0.0,0.0,
CUST005618,117,7,694.0,3.4,0.0,0.0,
CUST005044,33,11,988.71,3.7,0.0,0.0,
CUST002264,136,3,303.41,3.0,0.0,0.0,
CUST008718,19,2,305.27,4.5,0.0,0.0,
CUST006546,118,3,281.71000000000004,2.0,0.0,0.0,
CUST008251,178,1,132.07,0.0,0.0,0.0,
CUST005715,125,3,329.14,4.0,0.0,0.0,
CUST006921,59,2,167.17000000000002,5.0,0.0,0.0,
CUST008398,36,6,546.5,4.0,0.0,0.0,
CUST003818,15,5,481.77,3.0,0.0,0.0,
CUST009200,21,3,322.96000000000004,3.5,0.0,0.0,
CUST001906,134,7,706.13,3.25,0.0,0.0,
CUST002824,108,4,405.35,4.25,0.0,0.0,
CUST004478,69,5,583.6700000000001,4.0,0.0,0.0,
CUST006711,7,4,587.46,3.6666666666666665,0.0,0.0,
CUST007287,115,4,337.25,2.75,0.0,0.0,
CUST003190,73,6,615.82,4.0,0.0,0.0,
CUST004188,20,3,183.64000000000001,4.0,0.0,0.0,
CUST003148,119,4,372.24,4.0,0.0,0.0,
CUST006158,86,4,326.3,3.0,0.0,0.0,
CUST006959,119,4,379.26,3.75,0.0,0.0,
CUST008492,17,3,198.51,3.0,0.0,0.0,
CUST001788,98,7,712.27,4.2,0.0,0.0,
CUST006069,149,2,237.11,4.0,0.0,0.0,
CUST004252,44,10,839.76,4.375,0.0,0.0,
CUST003757,73,7,585.72,2.75,0.0,0.0,
CUST001772,50,9,988.91,4.2,0.0,0.0,
CUST007577,67,7,703.77,3.4,0.0,0.0,
CUST001665,24,4,344.45000000000005,3.25,0.0,0.0,
CUST006961,132,3,210.14999999999998,3.5,0.0,0.0,
CUST005456,146,9,782.09,4.285714285714286,0.0,0.0,
CUST000567,120,4,626.49,4.0,0.0,0.0,
CUST003367,127,5,489.24,4.2,0.0,0.0,
CUST006706,158,9,1040.37,4.0,0.0,0.0,
CUST005119,15,8,717.08,3.6666666666666665,0.0,0.0,
CUST005823,138,4,322.28,3.75,0.0,0.0,
CUST002691,62,6,567.09,3.6,0.0,0.0,
CUST004728,75,5,566.5,3.75,0.0,0.0,
CUST005741,63,14,1610.51,3.7,0.0,0.0,
CUST000343,123,4,419.77,3.0,0.0,0.0,
CUST002412,85,5,563.51,3.75,0.0,0.0,
CUST007159,50,7,714.9,3.8,0.0,0.0,
CUST001047,54,8,792.81,3.7142857142857144,12.5,0.0,
CUST008116,56,5,456.89,4.0,0.0,0.0,
CUST002020,128,6,528.63,3.6,0.0,0.0,
CUST005474,15,7,620.95,3.4,0.0,0.0,
CUST003719,21,7,760.6700000000001,3.4,14.29,0.0,
CUST000013,48,4,385.02,1.0,50.0,0.0,
CUST000654,37,2,270.21999999999997,4.0,0.0,0.0,
CUST009009,78,5,489.55,3.75,0.0,0.0,
CUST004314,112,3,330.1,4.0,0.0,0.0,
CUST000458,21,6,733.47,3.8,0.0,0.0,
CUST002479,151,6,635.39,4.0,0.0,0.0,
CUST002227,81,12,1435.8200000000002,3.8,0.0,0.0,
CUST008244,27,3,398.7,3.0,33.33,0.0,
CUST009323,129,6,586.5999999999999,4.0,0.0,0.0,
CUST004794,40,6,498.56,3.5,0.0,0.0,
CUST006083,47,8,935.78,3.75,0.0,0.0,
CUST006533,2,8,913.33,3.8,0.0,0.0,
CUST008854,94,9,1031.6100000000001,3.375,11.11,0.0,
CUST005570,96,6,517.34,3.2,16.67,0.0,
CUST007145,20,2,315.21000000000004,5.0,0.0,0.0,
CUST002296,10,5,369.83,4.25,0.0,0.0,
CUST001327,115,2,198.57999999999998,3.0,0.0,0.0,
CUST000127,106,4,318.43,3.6666666666666665,0.0,0.0,
CUST007464,104,3,233.22,3.5,0.0,0.0,
CUST008177,42,7,612.73,3.0,0.0,0.0,
CUST004885,142,2,257.36,4.0,0.0,0.0,
CUST001880,5,6,685.22,3.6666666666666665,0.0,0.0,
CUST000822,75,5,605.34,5.0,0.0,0.0,
CUST009734,83,3,303.92,4.0,0.0,0.0,
CUST009717,79,3,282.63,4.0,0.0,0.0,
CUST006288,111,4,428.61,3.0,0.0,0.0,
CUST006937,81,9,768.87,3.0,0.0,0.0,
CUST001709,47,8,906.25,4.5,0.0,0.0,
CUST009235,73,5,533.76,4.0,0.0,0.0,
CUST005340,97,4,358.87,4.0,0.0,0.0,
CUST002664,54,4,344.06,4.5,0.0,0.0,
CUST006258,127,4,385.33,3.5,0.0,0.0,
CUST003422,168,1,87.92,0.0,0.0,0.0,
CUST002303,148,5,624.84,4.666666666666667,0.0,0.0,
CUST009896,85,2,235.35000000000002,3.0,0.0,0.0,
CUST007421,98,5,477.46000000000004,5.0,0.0,0.0,
CUST005683,115,9,902.02,3.857142857142857,0.0,0.0,
CUST002576,115,7,767.78,4.2,0.0,0.0,
CUST005228,94,2,134.88,0.0,0.0,0.0,
CUST005738,111,8,831.45,3.6666666666666665,0.0,0.0,
CUST005652,137,7,568.91,3.8,0.0,0.0,
CUST003860,58,5,496.69,4.5,0.0,0.0,
CUST008941,21,6,539.47,3.5,0.0,0.0,
CUST000545,94,6,672.85,3.3333333333333335,16.67,0.0,
CUST009239,63,8,644.14,4.0,12.5,0.0,
CUST007878,3,7,901.84,3.8,0.0,0.0,
CUST008770,48,6,560.58,3.3333333333333335,16.67,0.0,
CUST002997,6,7,749.62,4.0,14.29,0.0,
CUST001454,153,5,387.31,4.0,0.0,0.0,
CUST005945,22,6,551.04,3.3333333333333335,16.67,0.0,
CUST005175,95,10,1129.41,4.333333333333333,10.0,0.0,
CUST007735,39,4,327.5,4.5,0.0,0.0,
CUST006038,101,3,314.53999999999996,4.0,0.0,0.0,
CUST005190,8,3,253.9,1.0,33.33,0.0,
CUST003043,8,2,193.35000000000002,3.5,0.0,0.0,
CUST005214,58,3,250.87,3.5,0.0,0.0,
CUST006180,52,4,400.67,3.5,25.0,0.0,
CUST007710,49,5,496.49,2.6666666666666665,0.0,0.0,
CUST003988,28,4,288.83,3.75,0.0,0.0,
CUST000959,2,7,787.61,4.0,0.0,0.0,
CUST008009,50,5,462.66,3.8,0.0,0.0,
CUST002258,92,6,536.92,3.0,0.0,0.0,
CUST001636,130,4,527.49,3.3333333333333335,0.0,0.0,
CUST006213,118,5,529.16,4.0,0.0,0.0,
CUST009773,76,4,421.5,4.333333333333333,0.0,0.0,
CUST005530,96,5,434.0,4.2,0.0,0.0,
CUST004199,55,4,332.68,4.666666666666667,0.0,0.0,
CUST007657,101,4,385.52,4.0,0.0,0.0,
CUST004431,18,4,376.1,3.5,0.0,0.0,
CUST002273,111,3,254.32,4.5,0.0,0.0,
CUST003395,35,5,584.7,2.75,0.0,0.0,
CUST008821,137,5,528.85,4.0,0.0,0.0,
CUST002872,51,8,866.02,2.0,12.5,0.0,
CUST001728,64,8,882.37,3.8,0.0,0.0,
CUST008049,89,5,455.84999999999997,3.25,0.0,0.0,
CUST008878,90,5,563.65,3.6666666666666665,0.0,0.0,
CUST005477,6,2,203.51999999999998,4.0,0.0,0.0,
CUST004061,7,6,495.18,3.8333333333333335,0.0,0.0,
CUST006913,150,4,355.12,3.5,0.0,0.0,
CUST000647,59,5,492.3,3.75,0.0,0.0,
CUST005218,67,4,380.38,4.333333333333333,0.0,0.0,
CUST008489,18,4,388.43,2.75,0.0,0.0,
CUST004865,6,8,809.42,3.6666666666666665,0.0,0.0,
CUST008867,21,5,496.59000000000003,4.0,0.0,0.0,
CUST001145,15,4,322.96000000000004,4.0,0.0,0.0,
CUST001295,9,5,447.03,3.8,0.0,0.0,
CUST002737,103,7,552.36,4.166666666666667,0.0,0.0,
CUST001057,67,7,689.66,3.25,0.0,0.0,
CUST007283,147,5,613.3299999999999,4.5,0.0,0.0,
CUST009083,26,7,811.89,4.0,0.0,0.0,
CUST002244,73,5,487.42,5.0,0.0,0.0,
CUST000954,18,7,750.67,3.3333333333333335,0.0,0.0,
CUST003126,68,4,455.78999999999996,4.666666666666667,0.0,0.0,
CUST006992,104,8,834.18,3.4,12.5,0.0,
CUST009775,29,6,504.37,3.3333333333333335,0.0,0.0,
CUST008500,130,4,416.02,3.6666666666666665,0.0,0.0,
CUST007342,32,5,639.1,3.75,0.0,0.0,
CUST001632,36,4,364.02,4.5,0.0,0.0,
CUST008200,49,6,702.49,4.666666666666667,0.0,0.0,
CUST006861,26,3,195.51,2.0,0.0,0.0,
CUST001090,37,4,435.52,3.5,0.0,0.0,
CUST002560,15,6,696.11,4.2,0.0,0.0,
CUST008831,33,9,1001.4300000000001,4.0,0.0,0.0,
CUST007441,47,6,467.83,4.75,0.0,0.0,
CUST005960,77,10,1329.55,3.875,0.0,0.0,
CUST003316,25,7,722.12,4.2,0.0,0.0,
CUST003388,41,4,598.0600000000001,3.0,25.0,0.0,
CUST000670,40,6,722.61,3.6,0.0,0.0,
CUST007838,45,10,1001.96,3.857142857142857,0.0,0.0,
CUST006036,155,5,482.99,3.0,0.0,0.0,
CUST003214,55,5,508.6,3.75,0.0,0.0,
CUST009182,9,8,723.84,3.4,0.0,0.0,
CUST000621,71,6,585.47,2.75,0.0,0.0,
CUST002126,127,3,313.56,4.0,0.0,0.0,
CUST003474,13,3,280.61,3.6666666666666665,0.0,0.0,
CUST001498,4,5,430.44,4.333333333333333,0.0,0.0,
CUST000029,98,4,343.95,4.0,0.0,0.0,
CUST009068,114,5,387.29,4.0,0.0,0.0,
CUST006260,44,9,957.7,3.75,0.0,0.0,
CUST000455,81,6,527.78,3.25,0.0,0.0,
CUST008017,84,8,660.67,3.1666666666666665,0.0,0.0,
CUST007365,52,8,694.98,4.333333333333333,0.0,0.0,
CUST000824,41,10,933.41,3.8333333333333335,0.0,0.0,
CUST002820,38,5,559.64,4.0,0.0,0.0,
CUST001452,154,6,622.47,4.0,16.67,0.0,
CUST005001,131,8,854.81,4.6,0.0,0.0,
CUST008899,63,5,521.71,2.75,20.0,0.0,
CUST008548,138,3,258.96,5.0,0.0,0.0,
CUST002171,20,3,301.94,3.0,0.0,0.0,
CUST006159,71,2,204.39999999999998,5.0,0.0,0.0,
CUST006098,54,4,287.21000000000004,4.333333333333333,0.0,0.0,
CUST002349,70,4,282.65,4.0,0.0,0.0,
CUST003129,120,4,389.64,3.0,0.0,0.0,
CUST002625,7,6,620.61,4.0,0.0,0.0,
CUST003782,15,8,916.37,4.0,0.0,0.0,
CUST007584,26,8,848.82,4.25,0.0,0.0,
CUST008221,41,6,491.6,4.25,0.0,0.0,
CUST009027,7,4,531.01,3.3333333333333335,0.0,0.0,
CUST009714,41,5,560.56,3.25,0.0,0.0,
CUST009078,47,6,557.73,4.0,0.0,0.0,
CUST001962,46,4,451.52,4.0,0.0,0.0,
CUST006635,3,3,299.15,4.5,0.0,0.0,
CUST001388,61,9,1105.94,3.375,0.0,0.0,
CUST008366,125,6,571.51,3.25,0.0,0.0,
CUST008043,56,3,344.67,3.6666666666666665,0.0,0.0,
CUST002616,56,5,636.66,2.5,0.0,0.0,
CUST009903,37,8,1081.89,3.6666666666666665,12.5,0.0,
CUST005779,104,5,609.54,3.6,0.0,0.0,
CUST002444,94,5,448.74,3.6666666666666665,0.0,0.0,
CUST007943,70,3,397.37,4.0,0.0,0.0,
CUST003399,57,5,523.85,4.5,0.0,0.0,
CUST008468,61,3,218.66,2.6666666666666665,0.0,0.0,
CUST005760,163,2,206.55,5.0,0.0,0.0,
CUST006270,147,5,691.24,3.5,0.0,0.0,
CUST002621,24,4,381.64,4.25,0.0,0.0,
CUST001635,96,5,398.21,4.25,0.0,0.0,
CUST007739,111,8,898.83,3.75,12.5,0.0,
CUST006409,49,7,673.72,3.6666666666666665,0.0,0.0,
CUST003037,25,3,307.49,4.0,0.0,0.0,
CUST009925,1,6,515.74,3.4,0.0,0.0,
CUST003387,39,6,713.26,4.0,0.0,0.0,
CUST006166,108,4,369.28999999999996,4.333333333333333,0.0,0.0,
CUST009845,11,4,307.27,4.0,0.0,0.0,
CUST007341,4,7,766.16,3.8,0.0,0.0,
CUST003779,143,4,600.16,4.0,0.0,0.0,
CUST007864,63,3,259.05,4.333333333333333,0.0,0.0,
CUST004234,109,5,398.32,4.5,0.0,0.0,
CUST005647,65,5,468.8,3.75,0.0,0.0,
CUST006311,73,6,591.14,3.0,0.0,0.0,
CUST002346,18,3,255.79999999999998,3.5,0.0,0.0,
CUST002340,46,3,365.45,3.0,0.0,0.0,
CUST005210,164,4,323.72,4.0,25.0,0.0,
CUST001227,135,3,322.0,2.6666666666666665,0.0,0.0,
CUST003307,68,3,325.71,4.5,0.0,0.0,
CUST004123,77,4,414.24,4.0,0.0,0.0,
CUST002439,126,6,637.8199999999999,3.5,0.0,0.0,
CUST009837,75,3,437.71,3.5,0.0,0.0,
CUST001714,7,7,715.84,4.166666666666667,0.0,0.0,
CUST007583,160,3,353.0,3.0,0.0,0.0,
CUST009532,97,4,393.9,4.0,0.0,0.0,
CUST004936,54,2,179.15,4.5,0.0,0.0,
CUST004155,58,8,706.22,3.6666666666666665,0.0,0.0,
CUST007793,147,7,717.94,3.2,0.0,0.0,
CUST008806,3,5,759.07,3.6666666666666665,0.0,0.0,
CUST002087,39,4,323.87,3.3333333333333335,0.0,0.0,
CUST009319,62,10,895.94,3.7142857142857144,10.0,0.0,
CUST001669,18,6,767.22,3.5,0.0,0.0,
CUST008505,93,6,700.1,4.0,0.0,0.0,
CUST008739,95,8,899.78,3.6666666666666665,0.0,0.0,
CUST001873,11,10,1097.84,4.111111111111111,0.0,0.0,
CUST007539,10,5,408.93,4.0,0.0,0.0,
CUST009220,48,7,801.78,3.25,14.29,0.0,
CUST003080,9,7,584.88,3.6,0.0,0.0,
CUST008434,60,4,504.59999999999997,3.3333333333333335,0.0,0.0,
CUST004146,50,3,469.39,3.0,0.0,0.0,
CUST002633,94,2,139.77,4.0,0.0,0.0,
CUST000784,70,3,298.47,3.3333333333333335,0.0,0.0,
CUST007263,18,7,705.8399999999999,4.0,0.0,0.0,
CUST000001,159,2,213.62,0.0,0.0,0.0,
CUST005404,165,7,727.83,4.25,0.0,0.0,
CUST006680,128,2,172.73,4.0,0.0,0.0,
CUST004716,42,3,292.07,4.0,0.0,0.0,
CUST005893,26,3,320.56,4.0,0.0,0.0,
CUST006940,7,3,263.8,4.0,0.0,0.0,
CUST002254,43,4,429.29,2.6666666666666665,25.0,0.0,
CUST001854,129,5,543.05,3.0,0.0,0.0,
CUST009231,19,4,525.44,3.0,0.0,0.0,
CUST004858,75,6,649.51,4.0,0.0,0.0,
CUST005396,5,5,451.62,5.0,0.0,0.0,
CUST000357,82,7,914.5,3.5,0.0,0.0,
CUST000808,129,6,671.23,3.25,0.0,0.0,
CUST003374,27,4,429.56,3.6666666666666665,0.0,0.0,
CUST006713,53,10,1096.1399999999999,3.5714285714285716,0.0,0.0,
CUST000253,46,6,656.31,3.0,0.0,0.0,
CUST006418,62,9,854.78,4.25,0.0,0.0,
CUST007455,73,5,529.98,3.8,0.0,0.0,
CUST006737,76,14,1489.8600000000001,3.625,0.0,0.0,
CUST002218,32,6,464.46999999999997,4.25,0.0,0.0,
CUST007147,28,8,778.79,3.6,0.0,0.0,
CUST007197,107,5,614.36,4.0,0.0,0.0,
CUST009900,147,6,653.97,2.5,16.67,0.0,
CUST000775,2,2,199.74,2.0,0.0,0.0,
CUST002930,36,5,606.6700000000001,3.3333333333333335,0.0,0.0,
CUST004948,100,5,568.49,4.25,0.0,0.0,
CUST002057,177,5,479.63,4.0,0.0,0.0,
CUST006078,67,6,550.81,3.5,0.0,0.0,
CUST008981,86,6,526.12,4.0,16.67,0.0,
CUST004975,21,6,623.02,3.6,0.0,0.0,
CUST007163,58,3,295.24,4.0,0.0,0.0,
CUST005329,7,5,436.89,4.0,0.0,0.0,
CUST006447,174,4,324.02,4.0,0.0,0.0,
CUST007846,11,3,262.52,4.0,0.0,0.0,
CUST005129,14,8,889.84,4.142857142857143,0.0,0.0,
CUST009484,6,5,483.84000000000003,4.0,0.0,0.0,
CUST003663,14,2,204.16000000000003,3.0,0.0,0.0,
CUST004520,64,2,169.53,4.0,0.0,0.0,
CUST004317,115,4,572.4200000000001,4.0,0.0,0.0,
CUST009433,106,2,132.37,3.0,0.0,0.0,
CUST000978,91,2,315.26,3.5,0.0,0.0,
CUST007336,82,2,191.64,4.0,0.0,0.0,
CUST005974,55,3,338.23,2.0,0.0,0.0,
CUST008255,85,2,206.82999999999998,4.0,0.0,0.0,
CUST007950,91,3,309.57,4.0,0.0,0.0,
CUST004542,21,2,361.75,3.0,0.0,0.0,
CUST003488,40,6,406.89,4.25,0.0,0.0,
CUST005133,20,3,232.3,4.5,0.0,0.0,
CUST008046,84,4,474.79,3.6666666666666665,0.0,0.0,
CUST008462,56,3,267.87,4.0,0.0,0.0,
CUST005927,5,4,283.26,3.5,0.0,0.0,
CUST003018,65,2,224.20999999999998,4.0,0.0,0.0,
CUST003039,32,8,824.19,3.2,0.0,0.0,
CUST000235,67,7,608.19,4.0,0.0,0.0,
CUST000914,119,7,583.37,4.0,0.0,0.0,
CUST007621,70,7,791.92,3.4,0.0,0.0,
CUST009095,90,11,1298.3899999999999,4.0,0.0,0.0,
CUST003157,20,4,362.59000000000003,4.666666666666667,0.0,0.0,
CUST006740,17,5,408.37,3.3333333333333335,0.0,0.0,
CUST002067,70,5,700.23,4.5,0.0,0.0,
CUST001647,30,6,613.12,4.5,0.0,0.0,
CUST006786,121,5,403.18,4.0,0.0,0.0,
CUST002139,127,6,586.12,3.2,0.0,0.0,
CUST001323,7,8,771.76,3.4,0.0,0.0,
CUST001127,66,1,67.69,3.0,0.0,0.0,
CUST009314,22,2,150.56,5.0,0.0,0.0,
CUST009372,84,3,339.91,2.5,33.33,0.0,
CUST000304,3,10,821.72,4.0,0.0,0.0,
CUST007792,65,5,504.3,3.5,0.0,0.0,
CUST005529,63,9,1000.39,4.5,0.0,0.0,
CUST003608,153,8,789.9,3.2857142857142856,0.0,0.0,
CUST000592,79,3,276.5,3.0,0.0,0.0,
CUST004104,139,6,669.08,2.3333333333333335,16.67,0.0,
CUST002765,21,5,395.74,2.5,0.0,0.0,
CUST003791,16,11,1018.11,3.5,9.09,0.0,
CUST001214,40,4,576.79,4.0,0.0,0.0,
CUST006530,86,5,453.74,4.333333333333333,0.0,0.0,
CUST000038,87,6,575.0,3.5,16.67,0.0,
CUST006111,52,6,556.35,3.25,0.0,0.0,
CUST007987,117,5,641.0699999999999,3.3333333333333335,20.0,0.0,
CUST007187,46,2,166.6,4.0,0.0,0.0,
CUST008923,82,3,276.51,3.0,0.0,0.0,
CUST003998,148,5,467.1,2.3333333333333335,0.0,0.0,
CUST005053,174,4,418.89,4.0,0.0,0.0,
CUST001916,96,1,77.24,5.0,0.0,0.0,
CUST004417,161,2,200.57999999999998,2.0,0.0,0.0,
CUST009255,17,6,591.02,4.666666666666667,0.0,0.0,
CUST009661,60,3,416.28,2.0,0.0,0.0,
CUST006593,78,3,232.76,4.0,0.0,0.0,
CUST003329,73,4,541.3,4.0,0.0,0.0,
CUST009315,15,1,113.51,3.0,0.0,0.0,
CUST000115,71,2,192.81,4.0,0.0,0.0,
CUST001671,60,5,642.39,4.0,0.0,0.0,
CUST004413,66,5,489.37,4.0,0.0,0.0,
CUST005887,54,3,361.73,2.0,0.0,0.0,
CUST001453,39,2,155.45999999999998,4.0,0.0,0.0,
CUST002748,19,4,432.26,5.0,0.0,0.0,
CUST006969,102,5,576.13,4.5,0.0,0.0,
CUST006865,32,9,807.95,4.0,0.0,0.0,
CUST006655,4,6,581.79,5.0,0.0,0.0,
CUST001996,7,4,378.4,4.666666666666667,0.0,0.0,
CUST000211,142,2,219.55,2.0,0.0,0.0,
CUST006923,56,4,466.15,3.0,0.0,0.0,
CUST008727,15,4,403.57,3.5,0.0,0.0,
CUST000494,111,10,1059.9,3.8,0.0,0.0,
CUST003673,59,7,663.47,3.8333333333333335,0.0,0.0,
CUST000438,31,6,682.5899999999999,3.0,0.0,0.0,
CUST000790,43,7,628.24,3.6666666666666665,0.0,0.0,
CUST006727,16,5,624.68,4.25,0.0,0.0,
CUST008866,16,6,670.86,4.0,0.0,0.0,
CUST008448,52,5,563.55,4.25,0.0,0.0,
CUST009724,99,7,574.1800000000001,3.6,0.0,0.0,
CUST008201,77,2,169.35,2.0,0.0,0.0,
CUST008026,33,4,430.53,4.5,0.0,0.0,
CUST001139,5,6,590.6899999999999,4.0,0.0,0.0,
CUST007801,91,1,118.46,5.0,0.0,0.0,
CUST002432,150,3,383.93,3.6666666666666665,0.0,0.0,
CUST001707,41,8,1020.5,2.857142857142857,12.5,0.0,
CUST004279,29,3,280.75,3.0,0.0,0.0,
CUST008006,36,5,768.56,3.3333333333333335,0.0,0.0,
CUST006040,3,1,82.7,0.0,0.0,0.0,
CUST002335,50,4,302.18,4.333333333333333,0.0,0.0,
CUST003271,135,4,369.96000000000004,4.5,0.0,0.0,
CUST003560,17,4,343.26,4.0,0.0,0.0,
CUST005148,34,5,621.76,3.6666666666666665,0.0,0.0,
CUST002996,2,6,728.36,3.5,0.0,0.0,
CUST008362,95,2,144.18,4.5,0.0,0.0,
CUST004864,39,5,611.39,3.3333333333333335,20.0,0.0,
CUST001579,61,8,774.13,3.3333333333333335,0.0,0.0,
CUST001209,136,10,1062.03,3.5714285714285716,0.0,0.0,
CUST009113,104,6,602.28,4.166666666666667,0.0,0.0,
CUST005839,123,6,588.91,3.6666666666666665,0.0,0.0,
CUST008969,27,8,800.41,3.3333333333333335,12.5,0.0,
CUST003402,29,3,340.1,4.0,0.0,0.0,
CUST009753,24,5,480.26,4.0,0.0,0.0,
CUST007357,27,5,503.5,4.25,0.0,0.0,
CUST007215,111,4,372.23,3.6666666666666665,0.0,0.0,
CUST006602,2,6,473.48,4.0,0.0,0.0,
CUST001366,13,5,456.98,4.0,0.0,0.0,
CUST003874,25,10,1025.8700000000001,3.1666666666666665,0.0,0.0,
CUST000027,140,4,239.01999999999998,4.0,0.0,0.0,
CUST005179,14,4,495.63,3.6666666666666665,0.0,0.0,
CUST007560,89,4,287.87,4.0,0.0,0.0,
CUST003570,24,5,474.61,3.4,0.0,0.0,
CUST003269,70,3,517.24,3.0,0.0,0.0,
CUST002040,88,2,154.53,3.0,0.0,0.0,
CUST002094,83,4,337.52,4.0,0.0,0.0,
CUST003626,106,8,901.63,3.2857142857142856,12.5,0.0,
CUST002367,21,3,261.48,3.5,0.0,0.0,
CUST005612,132,3,350.46000000000004,3.5,0.0,0.0,
CUST005769,148,4,475.38,4.5,0.0,0.0,
CUST000475,28,9,1013.0,3.6,0.0,0.0,
CUST002145,56,5,502.49,3.8,0.0,0.0,
CUST008789,90,4,740.53,2.3333333333333335,0.0,0.0,
CUST001150,171,4,354.28999999999996,3.5,0.0,0.0,
CUST005326,73,4,421.87,3.75,0.0,0.0,
CUST002759,88,1,73.72,3.0,0.0,0.0,
CUST003840,8,8,796.79,3.6666666666666665,0.0,0.0,
CUST006179,126,4,441.85,3.0,0.0,0.0,
CUST001019,149,3,273.08,2.0,0.0,0.0,
CUST009612,77,1,90.0,0.0,0.0,0.0,
CUST003705,42,2,150.04,3.0,0.0,0.0,
CUST007599,134,6,529.89,4.666666666666667,0.0,0.0,
CUST007027,113,4,264.0,4.0,0.0,0.0,
CUST007418,89,10,1229.8,3.75,0.0,0.0,
CUST009643,29,8,865.3000000000001,3.2857142857142856,0.0,0.0,
CUST006200,55,6,475.04,4.6,0.0,0.0,
CUST007790,149,6,588.5,4.666666666666667,0.0,0.0,
CUST003019,35,4,481.22,3.6666666666666665,25.0,0.0,
CUST003483,1,4,393.80999999999995,3.5,0.0,0.0,
CUST000316,25,7,776.22,3.8,0.0,0.0,
CUST002637,8,5,461.04999999999995,3.6,0.0,0.0,
CUST007006,120,6,525.52,3.3333333333333335,16.67,0.0,
CUST007953,31,4,408.05,3.6666666666666665,0.0,0.0,
CUST005929,1,8,907.66,3.6666666666666665,0.0,0.0,
CUST008614,174,1,143.74,0.0,0.0,0.0,
CUST000471,19,3,377.85999999999996,4.666666666666667,0.0,0.0,
CUST002921,147,3,354.66,3.5,0.0,0.0,
CUST009648,127,9,928.34,4.666666666666667,0.0,0.0,
CUST007988,42,5,412.35,3.25,0.0,0.0,
CUST007313,159,6,532.48,4.25,0.0,0.0,
CUST003747,101,4,517.81,4.0,0.0,0.0,
CUST000723,28,6,569.05,3.8333333333333335,0.0,0.0,
CUST009403,37,8,780.56,4.0,0.0,0.0,
CUST008884,108,4,492.63,4.0,0.0,0.0,
CUST001293,148,7,602.08,4.0,0.0,0.0,
CUST004880,108,7,917.3100000000001,4.166666666666667,0.0,0.0,
CUST003408,37,4,427.75,4.666666666666667,0.0,0.0,
CUST007669,116,7,806.0600000000001,3.5,0.0,0.0,
CUST000108,29,10,1244.53,3.4285714285714284,0.0,0.0,
CUST003654,92,5,507.65999999999997,4.25,0.0,0.0,
CUST004527,39,6,748.0699999999999,3.6,0.0,0.0,
CUST008168,25,11,1196.02,4.0,0.0,0.0,
CUST009898,25,12,1337.81,3.2,0.0,0.0,
CUST004177,115,8,745.92,3.8333333333333335,0.0,0.0,
CUST003263,165,4,411.27,3.0,0.0,0.0,
CUST005802,100,6,651.66,3.2,0.0,0.0,
CUST009169,95,8,935.91,4.0,0.0,0.0,
CUST006021,15,7,910.53,3.2,0.0,0.0,
CUST004348,90,2,234.02999999999997,3.5,0.0,0.0,
CUST003981,41,6,569.64,3.8,0.0,0.0,
CUST006115,26,6,596.53,3.4,0.0,0.0,
CUST007246,88,7,780.9200000000001,3.4285714285714284,0.0,0.0,
CUST000453,33,10,1163.1,3.6,0.0,0.0,
CUST002201,44,7,665.6899999999999,3.6,0.0,0.0,
CUST007157,122,4,548.79,3.3333333333333335,0.0,0.0,
CUST009248,29,6,643.97,3.6,0.0,0.0,
CUST005143,160,8,679.64,4.2,0.0,0.0,
CUST002976,173,3,361.70000000000005,3.0,0.0,0.0,
CUST008717,17,3,237.49,3.5,0.0,0.0,
CUST002119,20,6,624.63,4.5,0.0,0.0,
CUST000156,123,4,398.19,3.25,0.0,0.0,
CUST008609,14,9,842.89,2.6,0.0,0.0,
CUST003095,147,9,810.76,4.0,0.0,0.0,
CUST000295,30,7,907.9,4.0,0.0,0.0,
CUST005371,33,5,527.63,3.0,20.0,0.0,
CUST007614,78,5,503.13,3.6666666666666665,0.0,0.0,
CUST006651,28,6,566.67,3.5,0.0,0.0,
CUST001810,62,7,875.9300000000001,3.2,28.57,0.0,
CUST005297,129,2,167.03,4.0,0.0,0.0,
CUST002111,153,3,416.82000000000005,3.6666666666666665,0.0,0.0,
CUST003440,27,4,309.0,3.75,0.0,0.0,
CUST004154,55,5,620.74,3.0,0.0,0.0,
CUST001061,129,7,638.49,3.5,0.0,0.0,
CUST009224,48,4,419.87,4.0,0.0,0.0,
CUST002650,103,8,726.96,3.857142857142857,0.0,0.0,
CUST001990,36,5,600.66,4.0,0.0,0.0,
CUST007099,48,7,706.36,3.5,0.0,0.0,
CUST004200,66,2,154.79000000000002,3.0,0.0,0.0,
CUST002679,18,4,505.08,3.6666666666666665,0.0,0.0,
CUST000980,94,3,309.41,4.0,0.0,0.0,
CUST003334,79,3,254.23000000000002,4.5,0.0,0.0,
CUST003228,147,2,200.79,3.5,0.0,0.0,
CUST003619,12,2,201.72,2.0,0.0,0.0,
CUST002501,77,1,93.65,3.0,0.0,0.0,
CUST005493,12,7,768.75,3.2,0.0,0.0,
CUST000659,70,6,574.36,4.0,0.0,0.0,
CUST005914,115,13,1510.26,3.6363636363636362,7.69,0.0,
CUST007524,5,8,869.52,3.0,0.0,0.0,
CUST002804,121,8,945.31,3.8333333333333335,0.0,0.0,
CUST009130,81,2,425.37,3.5,0.0,0.0,
CUST001055,111,4,442.87,3.75,0.0,0.0,
CUST007250,14,3,339.37,4.5,0.0,0.0,
CUST007229,145,3,291.27,3.5,0.0,0.0,
CUST002521,107,4,389.42,4.5,0.0,0.0,
CUST001894,99,7,608.79,4.5,0.0,0.0,
CUST008758,150,1,109.81,4.0,0.0,0.0,
CUST005000,6,4,481.67999999999995,2.6666666666666665,25.0,0.0,
CUST002153,22,8,807.88,3.8333333333333335,0.0,0.0,
CUST008160,108,5,369.64,3.6666666666666665,0.0,0.0,
CUST000679,171,6,642.79,4.0,0.0,0.0,
CUST001284,30,6,521.69,4.166666666666667,0.0,0.0,
CUST006221,133,5,436.99,4.25,0.0,0.0,
CUST004233,146,3,255.32999999999998,3.6666666666666665,0.0,0.0,
CUST002958,49,5,471.56,4.25,0.0,0.0,
CUST008961,13,4,465.15999999999997,4.25,0.0,0.0,
CUST003276,112,2,179.97,4.5,0.0,0.0,
CUST000182,52,2,216.14,3.5,0.0,0.0,
CUST009920,76,7,677.83,4.5,0.0,0.0,
CUST005574,99,7,888.0,3.6666666666666665,0.0,0.0,
CUST009655,61,7,642.14,3.8,0.0,0.0,
CUST007009,86,5,508.4,4.0,0.0,0.0,
CUST003285,55,7,563.37,3.8333333333333335,0.0,0.0,
CUST002764,24,9,898.31,3.5714285714285716,0.0,0.0,
CUST009863,86,3,317.02,3.6666666666666665,0.0,0.0,
CUST003990,43,5,453.51,4.5,0.0,0.0,
CUST004340,87,4,300.05,4.333333333333333,0.0,0.0,
CUST005575,117,2,282.11,0.0,0.0,0.0,
CUST006210,5,5,459.38,4.0,0.0,0.0,
CUST005902,112,7,483.33,4.142857142857143,0.0,0.0,
CUST004540,169,7,725.74,3.0,0.0,0.0,
CUST002773,155,6,682.1500000000001,4.333333333333333,0.0,0.0,
CUST001385,116,8,1043.43,3.25,0.0,0.0,
CUST003201,3,5,388.14,4.0,0.0,0.0,
CUST003725,80,10,1003.95,3.375,0.0,0.0,
CUST007804,9,4,455.9,3.6666666666666665,0.0,0.0,
CUST007345,18,5,434.83,4.666666666666667,0.0,0.0,
CUST007810,32,6,773.15,3.6666666666666665,0.0,0.0,
CUST001644,58,6,615.3,4.5,0.0,0.0,
CUST001626,73,5,529.1899999999999,4.0,0.0,0.0,
CUST008316,17,8,758.3,3.25,0.0,0.0,
CUST005761,59,8,836.6800000000001,3.5,12.5,0.0,
CUST007178,36,10,915.89,4.5,0.0,0.0,
CUST002116,48,9,1056.42,4.0,0.0,0.0,
CUST005074,6,3,228.49,4.0,0.0,0.0,
CUST009308,12,3,426.07,5.0,0.0,0.0,
CUST006027,77,5,472.37,4.25,0.0,0.0,
CUST006976,45,2,138.26,0.0,0.0,0.0,
CUST004659,83,4,471.36,3.6666666666666665,0.0,0.0,
CUST009014,84,8,1030.09,4.285714285714286,0.0,0.0,
CUST004296,163,3,306.76,4.0,0.0,0.0,
CUST006081,1,2,135.73000000000002,4.5,0.0,0.0,
CUST007713,148,3,269.67,3.0,0.0,0.0,
CUST007867,127,4,360.01,3.6666666666666665,0.0,0.0,
CUST002289,134,3,371.95,3.5,33.33,0.0,
CUST002611,176,1,93.89,3.0,0.0,0.0,
CUST003609,47,3,365.53,4.0,0.0,0.0,
CUST000648,111,2,196.71,4.0,0.0,0.0,
CUST003516,137,2,193.82,0.0,0.0,0.0,
CUST001247,105,2,203.32,5.0,0.0,0.0,
CUST000776,1,3,291.87,4.5,0.0,0.0,
CUST000796,139,3,249.66000000000003,3.0,0.0,0.0,
CUST007517,52,6,668.77,4.0,0.0,0.0,
CUST006375,141,1,81.28999999999999,5.0,0.0,0.0,
CUST009149,55,7,504.02,3.8333333333333335,0.0,0.0,
CUST000831,76,6,622.18,3.6,0.0,0.0,
CUST001761,20,8,1017.26,3.2,0.0,0.0,
CUST004424,53,8,726.04,3.8333333333333335,0.0,0.0,
CUST008292,58,3,274.79,4.5,0.0,0.0,
CUST005427,112,6,486.1,3.3333333333333335,0.0,0.0,
CUST009409,97,7,725.8,3.0,0.0,0.0,
CUST003915,130,5,602.04,4.5,0.0,0.0,
CUST002345,151,10,1098.35,3.5,0.0,0.0,
CUST000425,76,5,497.12,3.75,0.0,0.0,
CUST002688,159,4,585.73,3.25,25.0,0.0,
CUST005162,127,4,355.78999999999996,2.3333333333333335,0.0,0.0,
CUST005201,5,7,617.34,2.2,14.29,0.0,
CUST004009,103,1,132.07,5.0,0.0,0.0,
CUST008422,19,2,176.8,3.5,0.0,0.0,
CUST003668,99,1,88.86999999999999,4.0,0.0,0.0,
CUST004845,153,3,186.53,4.5,0.0,0.0,
CUST003280,4,2,171.29000000000002,0.0,0.0,0.0,
CUST002980,24,7,659.0500000000001,3.5,0.0,0.0,
CUST006851,34,6,582.7,3.75,0.0,0.0,
CUST001314,124,6,648.52,4.0,0.0,0.0,
CUST007070,21,4,495.94,3.6666666666666665,0.0,0.0,
CUST005897,111,7,555.8,3.0,0.0,0.0,
CUST009510,2,7,724.48,3.8333333333333335,0.0,0.0,
CUST004342,56,8,670.36,4.0,0.0,0.0,
CUST007890,24,5,363.04,3.2,20.0,0.0,
CUST003465,12,13,1291.19,3.3,0.0,0.0,
CUST001602,31,4,501.45000000000005,4.0,0.0,0.0,
CUST005853,77,1,73.86,2.0,0.0,0.0,
CUST001639,18,2,137.23000000000002,4.5,0.0,0.0,
CUST000265,100,3,233.49,4.0,0.0,0.0,
CUST009125,75,5,419.79,4.25,0.0,0.0,
CUST005383,2,6,663.65,3.1666666666666665,0.0,0.0,
CUST003528,110,3,285.38,5.0,0.0,0.0,
CUST008310,52,11,1058.59,4.285714285714286,0.0,0.0,
CUST007373,23,8,873.31,3.75,0.0,0.0,
CUST003957,22,2,177.38,4.0,0.0,0.0,
CUST002338,110,2,220.72,4.0,0.0,0.0,
CUST006286,27,5,676.53,4.0,0.0,0.0,
CUST008860,55,7,708.62,3.25,0.0,0.0,
CUST004991,87,6,506.03,3.4,16.67,0.0,
CUST001013,75,12,1267.33,4.111111111111111,0.0,0.0,
CUST000637,6,9,1152.01,4.0,0.0,0.0,
CUST007271,8,4,528.55,4.666666666666667,0.0,0.0,
CUST009217,47,3,322.15,3.6666666666666665,0.0,0.0,
CUST001154,32,6,571.14,3.1666666666666665,0.0,0.0,
CUST004891,3,3,313.51,3.5,0.0,0.0,
CUST004593,150,3,350.81,3.6666666666666665,0.0,0.0,
CUST004469,17,7,841.62,4.6,0.0,0.0,
CUST009233,92,9,934.86,3.7142857142857144,0.0,0.0,
CUST007746,143,9,756.96,4.166666666666667,0.0,0.0,
CUST002167,68,9,989.16,4.25,0.0,0.0,
CUST009060,50,7,741.84,4.0,14.29,0.0,
CUST002656,140,7,962.49,3.75,0.0,0.0,
CUST009703,48,7,702.45,4.2,0.0,0.0,
CUST005938,44,8,770.04,4.166666666666667,0.0,0.0,
CUST008403,172,11,1063.22,3.75,0.0,0.0,
CUST000060,167,8,902.9399999999999,4.285714285714286,0.0,0.0,
CUST008792,42,7,577.28,4.0,0.0,0.0,
CUST004650,18,1,78.93,0.0,0.0,0.0,
CUST001422,159,5,571.65,4.0,0.0,0.0,
CUST000834,115,5,454.3,3.6666666666666665,0.0,0.0,
CUST007566,66,2,244.28,5.0,0.0,0.0,
CUST000941,25,5,316.6,3.0,0.0,0.0,
CUST003210,5,9,844.79,4.285714285714286,0.0,0.0,
CUST009848,46,3,211.25,4.0,0.0,0.0,
CUST001893,132,14,1425.92,3.3333333333333335,0.0,0.0,
CUST009978,1,9,919.19,4.0,0.0,0.0,
CUST001404,3,6,777.69,4.0,0.0,0.0,
CUST007658,154,5,413.73,4.0,0.0,0.0,
CUST002074,32,7,530.44,3.8333333333333335,0.0,0.0,
CUST005430,90,6,815.38,3.0,16.67,0.0,
CUST003502,58,7,743.1,3.8,0.0,0.0,
CUST006011,102,5,566.61,3.0,0.0,0.0,
CUST004060,105,5,460.14,4.5,0.0,0.0,
CUST007078,67,2,233.76,4.0,0.0,0.0,
CUST006390,112,3,336.26,4.0,0.0,0.0,
CUST008480,13,5,414.56,3.25,0.0,0.0,
CUST001461,72,2,185.12,4.0,0.0,0.0,
CUST002144,12,11,1164.4,4.333333333333333,0.0,0.0,
CUST004097,10,5,478.45,3.6666666666666665,0.0,0.0,
CUST009796,89,4,327.74,4.0,0.0,0.0,
CUST004822,13,10,1123.52,3.5714285714285716,0.0,0.0,
CUST003361,14,5,479.98,2.0,0.0,0.0,
CUST000626,74,9,1060.53,3.3333333333333335,0.0,0.0,
CUST007847,91,7,661.52,3.0,0.0,0.0,
CUST006767,17,8,908.27,4.333333333333333,0.0,0.0,
CUST002368,31,5,531.47,4.0,0.0,0.0,
CUST005545,45,2,198.73000000000002,3.5,0.0,0.0,
CUST000413,16,3,390.75,4.0,0.0,0.0,
CUST004833,12,1,242.35,2.0,0.0,0.0,
CUST007725,40,2,206.1,3.0,0.0,0.0,
CUST006755,136,2,185.32,4.0,0.0,0.0,
CUST004688,19,6,603.18,4.4,0.0,0.0,
CUST001613,129,2,243.76999999999998,3.0,0.0,0.0,
CUST005032,63,2,230.14999999999998,0.0,0.0,0.0,
CUST009051,47,8,618.97,3.8,0.0,0.0,
CUST005045,27,5,428.22,3.0,0.0,0.0,
CUST002140,65,4,429.14,4.0,0.0,0.0,
CUST004782,151,2,153.18,0.0,0.0,0.0,
CUST004732,78,7,830.74,3.6666666666666665,14.29,0.0,
CUST002365,18,8,794.69,3.6666666666666665,0.0,0.0,
CUST001702,53,2,197.04000000000002,5.0,0.0,0.0,
CUST004651,88,1,98.99,0.0,0.0,0.0,
CUST006707,24,7,625.75,4.2,0.0,0.0,
CUST001086,98,3,220.85,3.3333333333333335,0.0,0.0,
CUST000266,2,4,314.47999999999996,3.0,0.0,0.0,
CUST006864,145,1,145.55,0.0,100.0,0.0,
CUST008111,94,8,679.6,4.2,0.0,0.0,
CUST008493,10,7,610.6700000000001,3.4,14.29,0.0,
CUST006268,49,1,75.25,3.0,0.0,0.0,
CUST005966,174,4,454.85,4.333333333333333,0.0,0.0,
CUST004395,45,10,995.38,4.142857142857143,0.0,0.0,
CUST002608,89,5,457.39,4.0,0.0,0.0,
CUST009824,59,6,510.21000000000004,5.0,0.0,0.0,
CUST000859,100,5,513.4399999999999,3.25,0.0,0.0,
CUST001278,33,4,568.42,3.0,0.0,0.0,
CUST000902,37,6,616.71,3.1666666666666665,0.0,0.0,
CUST006043,5,7,606.69,2.8,0.0,0.0,
CUST009425,50,6,635.38,3.2,0.0,0.0,
CUST008358,112,4,491.86,4.5,0.0,0.0,
CUST003871,82,5,547.58,3.2,0.0,0.0,
CUST002719,168,4,355.38,3.25,25.0,0.0,
CUST003965,77,3,373.23,4.0,0.0,0.0,
CUST008720,179,1,119.33,3.0,0.0,0.0,
CUST003749,139,1,77.36,0.0,0.0,0.0,
CUST003124,67,6,572.1,3.0,0.0,0.0,
