CustomerID,Recency,Frequency,Monetary,R_Score,F_Score,M_Score,RFM_Score,Segment
CUST000000,310,6,654.51,1,3,3,133,Loyal Customers
CUST000001,221,2,239.51999999999998,1,1,1,111,Lost
CUST000002,289,4,533.3299999999999,1,2,3,123,At Risk
CUST000003,16,8,972.77,4,4,4,444,Champions
CUST000004,182,3,414.28999999999996,2,1,2,212,Dormant
CUST000005,216,4,338.59000000000003,1,2,2,122,At Risk
CUST000006,46,7,793.12,4,4,4,444,Champions
CUST000007,454,4,321.43,1,2,1,121,Lost
CUST000008,136,7,680.18,2,4,4,244,Loyal Customers
CUST000009,3,8,708.47,4,4,4,444,Champions
CUST000010,226,1,107.97,1,1,1,111,Lost
CUST000011,257,6,537.02,1,3,3,133,Loyal Customers
CUST000012,449,2,177.04000000000002,1,1,1,111,Lost
CUST000013,437,2,197.88,1,1,1,111,Lost
CUST000014,113,2,251.82999999999998,2,1,1,211,Dormant
CUST000015,91,8,795.1,3,4,4,344,Champions
CUST000016,105,4,388.85,3,2,2,322,Potential Loyalists
CUST000017,198,5,555.46,2,2,3,223,Need Attention
CUST000018,270,7,891.59,1,4,4,144,Loyal Customers
CUST000019,18,9,1015.55,4,4,4,444,Champions
CUST000020,115,5,483.70000000000005,2,2,2,222,Need Attention
CUST000021,258,7,722.4,1,4,4,144,Loyal Customers
CUST000022,22,6,627.58,4,3,3,433,Champions
CUST000023,134,6,678.11,2,3,4,234,Loyal Customers
CUST000024,20,9,797.23,4,4,4,444,Champions
CUST000025,159,2,272.25,2,1,1,211,Dormant
CUST000026,66,5,563.41,3,2,3,323,Potential Loyalists
CUST000027,156,4,330.73,2,2,1,221,Need Attention
CUST000028,313,7,659.56,1,4,3,143,Loyal Customers
CUST000029,18,5,561.02,4,2,3,423,Potential Loyalists
CUST000030,49,4,303.06,3,2,1,321,Need Attention
CUST000031,12,6,599.5,4,3,3,433,Champions
CUST000032,224,5,656.44,1,2,3,123,At Risk
CUST000033,169,4,490.88,2,2,3,223,Need Attention
CUST000034,261,3,235.07,1,1,1,111,Lost
CUST000035,281,2,237.28,1,1,1,111,Lost
CUST000036,77,4,438.32,3,2,2,322,Potential Loyalists
CUST000037,24,7,865.0699999999999,4,4,4,444,Champions
CUST000038,80,8,758.17,3,4,4,344,Champions
CUST000039,113,7,654.73,2,4,3,243,Loyal Customers
CUST000040,198,5,513.04,2,2,3,223,Need Attention
CUST000041,237,9,877.49,1,4,4,144,Loyal Customers
CUST000042,54,7,781.17,3,4,4,344,Champions
CUST000043,32,9,893.1800000000001,4,4,4,444,Champions
CUST000044,78,7,677.55,3,4,4,344,Champions
CUST000045,290,4,382.41,1,2,2,122,At Risk
CUST000046,104,4,340.19,3,2,2,322,Potential Loyalists
CUST000047,184,8,863.98,2,4,4,244,Loyal Customers
CUST000048,336,4,293.49,1,2,1,121,Lost
CUST000049,61,3,293.62,3,1,1,311,Dormant
CUST000050,202,2,150.27,2,1,1,211,Dormant
CUST000051,29,7,680.09,4,4,4,444,Champions
CUST000052,67,5,426.89,3,2,2,322,Potential Loyalists
CUST000053,168,3,315.05,2,1,1,211,Dormant
CUST000054,115,6,841.23,2,3,4,234,Loyal Customers
CUST000055,233,5,587.56,1,2,3,123,At Risk
CUST000056,315,4,403.18,1,2,2,122,At Risk
CUST000057,293,2,264.64,1,1,1,111,Lost
CUST000058,7,6,798.08,4,3,4,434,Champions
CUST000059,78,6,694.6800000000001,3,3,4,334,Champions
CUST000060,104,5,684.3399999999999,3,2,4,324,Potential Loyalists
CUST000061,12,5,465.25,4,2,2,422,Potential Loyalists
CUST000062,15,3,302.28,4,1,1,411,Dormant
CUST000063,345,4,382.05,1,2,2,122,At Risk
CUST000064,31,6,605.62,4,3,3,433,Champions
CUST000065,28,6,553.24,4,3,3,433,Champions
CUST000066,163,5,614.38,2,2,3,223,Need Attention
CUST000067,24,7,759.1,4,4,4,444,Champions
CUST000068,124,5,587.11,2,2,3,223,Need Attention
CUST000069,326,5,447.25,1,2,2,122,At Risk
CUST000070,44,5,523.96,4,2,3,423,Potential Loyalists
CUST000071,73,5,579.78,3,2,3,323,Potential Loyalists
CUST000072,48,3,224.56,3,1,1,311,Dormant
CUST000073,48,3,248.94,3,1,1,311,Dormant
CUST000074,52,5,518.42,3,2,3,323,Potential Loyalists
CUST000075,176,6,660.87,2,3,4,234,Loyal Customers
CUST000076,242,3,243.62,1,1,1,111,Lost
CUST000077,110,5,492.79,2,2,3,223,Need Attention
CUST000078,304,2,162.38,1,1,1,111,Lost
CUST000079,162,6,599.3199999999999,2,3,3,233,Loyal Customers
CUST000080,27,6,674.21,4,3,4,434,Champions
CUST000081,48,5,533.12,3,2,3,323,Potential Loyalists
CUST000082,28,5,481.96,4,2,2,422,Potential Loyalists
CUST000083,327,6,564.89,1,3,3,133,Loyal Customers
CUST000084,99,5,466.78999999999996,3,2,2,322,Potential Loyalists
CUST000085,82,6,599.73,3,3,3,333,Champions
CUST000086,520,3,295.06,1,1,1,111,Lost
CUST000087,292,4,369.99,1,2,2,122,At Risk
CUST000088,52,5,456.67,3,2,2,322,Potential Loyalists
CUST000089,433,2,217.89,1,1,1,111,Lost
CUST000090,61,4,580.97,3,2,3,323,Potential Loyalists
CUST000091,425,4,513.77,1,2,3,123,At Risk
CUST000092,301,2,163.81,1,1,1,111,Lost
CUST000093,60,6,581.89,3,3,3,333,Champions
CUST000094,394,5,506.94,1,2,3,123,At Risk
CUST000095,60,5,479.85,3,2,2,322,Potential Loyalists
CUST000096,3,3,394.72,4,1,2,412,Dormant
CUST000097,4,8,736.45,4,4,4,444,Champions
CUST000098,153,5,408.3,2,2,2,222,Need Attention
CUST000099,201,2,148.3,2,1,1,211,Dormant
CUST000100,198,3,351.07000000000005,2,1,2,212,Dormant
CUST000101,81,6,561.04,3,3,3,333,Champions
CUST000102,77,8,732.25,3,4,4,344,Champions
CUST000103,455,3,212.01,1,1,1,111,Lost
CUST000104,60,5,646.36,3,2,3,323,Potential Loyalists
CUST000105,318,7,942.6899999999999,1,4,4,144,Loyal Customers
CUST000106,20,5,647.89,4,2,3,423,Potential Loyalists
CUST000107,39,5,457.28,4,2,2,422,Potential Loyalists
CUST000108,26,6,642.24,4,3,3,433,Champions
CUST000109,50,8,814.78,3,4,4,344,Champions
CUST000110,237,3,262.12,1,1,1,111,Lost
CUST000111,13,3,326.92,4,1,1,411,Dormant
CUST000112,51,5,440.39,3,2,2,322,Potential Loyalists
CUST000113,410,3,391.06,1,1,2,112,Lost
CUST000114,387,6,530.0699999999999,1,3,3,133,Loyal Customers
CUST000115,11,8,840.55,4,4,4,444,Champions
CUST000116,367,7,898.69,1,4,4,144,Loyal Customers
CUST000117,373,6,553.84,1,3,3,133,Loyal Customers
CUST000118,58,3,269.15999999999997,3,1,1,311,Dormant
CUST000119,233,3,326.6,1,1,1,111,Lost
CUST000120,107,5,530.76,2,2,3,223,Need Attention
CUST000121,10,6,663.39,4,3,4,434,Champions
CUST000122,91,7,744.51,3,4,4,344,Champions
CUST000123,94,5,612.52,3,2,3,323,Potential Loyalists
CUST000124,246,4,406.31,1,2,2,122,At Risk
CUST000125,138,10,1020.54,2,4,4,244,Loyal Customers
CUST000126,74,4,574.19,3,2,3,323,Potential Loyalists
CUST000127,368,1,62.64,1,1,1,111,Lost
CUST000128,370,6,504.71,1,3,3,133,Loyal Customers
CUST000129,7,6,489.36,4,3,2,432,Potential Loyalists
CUST000130,80,7,684.49,3,4,4,344,Champions
CUST000131,219,5,389.91999999999996,1,2,2,122,At Risk
CUST000132,39,3,266.98,4,1,1,411,Dormant
CUST000133,23,5,394.62,4,2,2,422,Potential Loyalists
CUST000134,29,4,384.76,4,2,2,422,Potential Loyalists
CUST000135,5,2,260.57,4,1,1,411,Dormant
CUST000136,187,4,383.56,2,2,2,222,Need Attention
CUST000137,8,7,713.89,4,4,4,444,Champions
CUST000138,55,4,355.19,3,2,2,322,Potential Loyalists
CUST000139,402,4,438.59000000000003,1,2,2,122,At Risk
CUST000140,7,3,273.12,4,1,1,411,Dormant
CUST000141,68,4,496.9,3,2,3,323,Potential Loyalists
CUST000142,221,3,254.62,1,1,1,111,Lost
CUST000143,11,4,444.84000000000003,4,2,2,422,Potential Loyalists
CUST000144,35,11,1121.57,4,4,4,444,Champions
CUST000145,132,3,238.19,2,1,1,211,Dormant
CUST000146,13,5,421.81,4,2,2,422,Potential Loyalists
CUST000147,674,2,199.06,1,1,1,111,Lost
CUST000148,427,2,161.26999999999998,1,1,1,111,Lost
CUST000149,92,9,1346.0,3,4,4,344,Champions
CUST000150,44,6,716.4300000000001,4,3,4,434,Champions
CUST000151,30,3,404.35,4,1,2,412,Dormant
CUST000152,163,3,327.46999999999997,2,1,1,211,Dormant
CUST000153,393,6,596.28,1,3,3,133,Loyal Customers
CUST000154,131,7,562.29,2,4,3,243,Loyal Customers
CUST000155,76,7,779.27,3,4,4,344,Champions
CUST000156,31,5,599.94,4,2,3,423,Potential Loyalists
CUST000157,220,6,610.81,1,3,3,133,Loyal Customers
CUST000158,421,2,360.58,1,1,2,112,Lost
CUST000159,20,4,285.0,4,2,1,421,Need Attention
CUST000160,114,5,394.56,2,2,2,222,Need Attention
CUST000161,1,5,761.21,4,2,4,424,Potential Loyalists
CUST000162,231,4,528.55,1,2,3,123,At Risk
CUST000163,292,5,486.44,1,2,2,122,At Risk
CUST000164,168,5,683.8,2,2,4,224,Need Attention
CUST000165,47,9,866.97,3,4,4,344,Champions
CUST000166,17,5,444.38,4,2,2,422,Potential Loyalists
CUST000167,138,3,346.52,2,1,2,212,Dormant
CUST000168,6,6,558.52,4,3,3,433,Champions
CUST000169,226,6,675.66,1,3,4,134,Loyal Customers
CUST000170,213,3,231.48000000000002,1,1,1,111,Lost
CUST000171,176,5,472.71000000000004,2,2,2,222,Need Attention
CUST000172,232,3,245.71,1,1,1,111,Lost
CUST000173,13,4,343.01,4,2,2,422,Potential Loyalists
CUST000174,5,5,469.83,4,2,2,422,Potential Loyalists
CUST000175,120,9,850.6800000000001,2,4,4,244,Loyal Customers
CUST000176,622,2,140.82,1,1,1,111,Lost
CUST000177,320,5,416.8,1,2,2,122,At Risk
CUST000178,161,8,733.04,2,4,4,244,Loyal Customers
CUST000179,37,2,199.22,4,1,1,411,Dormant
CUST000180,156,4,376.33000000000004,2,2,2,222,Need Attention
CUST000181,110,6,571.9200000000001,2,3,3,233,Loyal Customers
CUST000182,37,11,1180.23,4,4,4,444,Champions
CUST000183,118,5,544.03,2,2,3,223,Need Attention
CUST000184,429,5,482.28,1,2,2,122,At Risk
CUST000185,30,6,608.5699999999999,4,3,3,433,Champions
CUST000186,221,3,291.12,1,1,1,111,Lost
CUST000187,115,6,542.37,2,3,3,233,Loyal Customers
CUST000188,171,4,409.25,2,2,2,222,Need Attention
CUST000189,48,4,431.12,3,2,2,322,Potential Loyalists
CUST000190,313,4,398.45,1,2,2,122,At Risk
CUST000191,66,4,372.44,3,2,2,322,Potential Loyalists
CUST000192,89,3,348.7,3,1,2,312,Dormant
CUST000193,158,8,872.01,2,4,4,244,Loyal Customers
CUST000194,104,9,823.17,3,4,4,344,Champions
CUST000195,164,5,691.64,2,2,4,224,Need Attention
CUST000196,23,6,630.27,4,3,3,433,Champions
CUST000197,6,8,791.72,4,4,4,444,Champions
CUST000198,94,7,738.97,3,4,4,344,Champions
CUST000199,77,8,880.1099999999999,3,4,4,344,Champions
CUST000200,136,4,378.09,2,2,2,222,Need Attention
CUST000201,146,5,530.56,2,2,3,223,Need Attention
CUST000202,28,6,659.3000000000001,4,3,3,433,Champions
CUST000203,109,5,442.53,2,2,2,222,Need Attention
CUST000204,12,9,781.47,4,4,4,444,Champions
CUST000205,116,6,463.23,2,3,2,232,Need Attention
CUST000206,13,3,368.35,4,1,2,412,Dormant
CUST000207,17,3,306.61,4,1,1,411,Dormant
CUST000208,82,4,461.71999999999997,3,2,2,322,Potential Loyalists
CUST000209,2,8,803.04,4,4,4,444,Champions
CUST000210,249,4,388.35,1,2,2,122,At Risk
CUST000211,92,6,806.8,3,3,4,334,Champions
CUST000212,216,7,863.1,1,4,4,144,Loyal Customers
CUST000213,322,2,145.35,1,1,1,111,Lost
CUST000214,306,3,266.79999999999995,1,1,1,111,Lost
CUST000215,26,9,890.97,4,4,4,444,Champions
CUST000216,17,5,542.28,4,2,3,423,Potential Loyalists
CUST000217,126,4,503.14,2,2,3,223,Need Attention
CUST000218,557,4,572.89,1,2,3,123,At Risk
CUST000219,416,3,286.05,1,1,1,111,Lost
CUST000220,13,6,554.9300000000001,4,3,3,433,Champions
CUST000221,526,1,93.97,1,1,1,111,Lost
CUST000222,178,2,199.01,2,1,1,211,Dormant
CUST000223,1,4,324.95,4,2,1,421,Need Attention
CUST000224,236,4,380.83000000000004,1,2,2,122,At Risk
CUST000225,262,3,271.2,1,1,1,111,Lost
CUST000226,109,7,677.55,2,4,4,244,Loyal Customers
CUST000227,291,3,280.77,1,1,1,111,Lost
CUST000228,357,4,420.6,1,2,2,122,At Risk
CUST000229,44,4,436.58000000000004,4,2,2,422,Potential Loyalists
CUST000230,89,7,861.91,3,4,4,344,Champions
CUST000231,418,3,473.64,1,1,2,112,Lost
CUST000232,157,4,472.14000000000004,2,2,2,222,Need Attention
CUST000233,244,5,486.31000000000006,1,2,2,122,At Risk
CUST000234,166,7,857.13,2,4,4,244,Loyal Customers
CUST000235,6,4,468.95,4,2,2,422,Potential Loyalists
CUST000236,97,5,392.71,3,2,2,322,Potential Loyalists
CUST000237,58,8,796.1,3,4,4,344,Champions
CUST000238,75,2,167.39,3,1,1,311,Dormant
CUST000239,6,7,707.63,4,4,4,444,Champions
CUST000240,160,5,615.36,2,2,3,223,Need Attention
CUST000241,17,4,419.42,4,2,2,422,Potential Loyalists
CUST000242,147,5,501.56,2,2,3,223,Need Attention
CUST000243,113,6,628.62,2,3,3,233,Loyal Customers
CUST000244,6,8,704.56,4,4,4,444,Champions
CUST000245,6,4,584.63,4,2,3,423,Potential Loyalists
CUST000246,10,8,750.22,4,4,4,444,Champions
CUST000247,25,5,593.97,4,2,3,423,Potential Loyalists
CUST000248,87,6,691.77,3,3,4,334,Champions
CUST000249,43,6,536.55,4,3,3,433,Champions
CUST000250,115,4,430.09999999999997,2,2,2,222,Need Attention
CUST000251,248,3,294.8,1,1,1,111,Lost
CUST000252,225,3,275.15,1,1,1,111,Lost
CUST000253,116,6,649.01,2,3,3,233,Loyal Customers
CUST000254,37,8,859.35,4,4,4,444,Champions
CUST000255,405,3,286.29,1,1,1,111,Lost
CUST000256,68,6,751.5,3,3,4,334,Champions
CUST000257,31,7,737.39,4,4,4,444,Champions
CUST000258,215,4,397.36,1,2,2,122,At Risk
CUST000259,14,5,509.4,4,2,3,423,Potential Loyalists
CUST000260,45,7,891.63,4,4,4,444,Champions
CUST000261,86,7,911.22,3,4,4,344,Champions
CUST000262,69,5,431.35,3,2,2,322,Potential Loyalists
CUST000263,419,4,489.83,1,2,3,123,At Risk
CUST000264,265,5,489.62,1,2,2,122,At Risk
CUST000265,738,1,215.7,1,1,1,111,Lost
CUST000266,54,6,601.76,3,3,3,333,Champions
CUST000267,9,4,396.81,4,2,2,422,Potential Loyalists
CUST000268,183,6,617.54,2,3,3,233,Loyal Customers
CUST000269,77,3,231.37,3,1,1,311,Dormant
CUST000270,130,8,878.0699999999999,2,4,4,244,Loyal Customers
CUST000271,55,4,467.21,3,2,2,322,Potential Loyalists
CUST000272,33,5,436.12,4,2,2,422,Potential Loyalists
CUST000273,90,3,351.26,3,1,2,312,Dormant
CUST000274,49,6,600.02,3,3,3,333,Champions
CUST000275,59,3,375.42,3,1,2,312,Dormant
CUST000276,202,5,548.78,2,2,3,223,Need Attention
CUST000277,243,3,218.92,1,1,1,111,Lost
CUST000278,52,8,791.19,3,4,4,344,Champions
CUST000279,38,3,348.73,4,1,2,412,Dormant
CUST000280,13,4,317.11,4,2,1,421,Need Attention
CUST000281,208,4,294.04,2,2,1,221,Need Attention
CUST000282,67,5,672.85,3,2,4,324,Potential Loyalists
CUST000283,340,3,416.94,1,1,2,112,Lost
CUST000284,311,2,164.92000000000002,1,1,1,111,Lost
CUST000285,255,10,939.01,1,4,4,144,Loyal Customers
CUST000286,23,5,408.42,4,2,2,422,Potential Loyalists
CUST000287,180,3,249.94,2,1,1,211,Dormant
CUST000288,108,6,583.88,2,3,3,233,Loyal Customers
CUST000289,233,4,462.33000000000004,1,2,2,122,At Risk
CUST000290,71,8,753.98,3,4,4,344,Champions
CUST000291,79,4,455.76,3,2,2,322,Potential Loyalists
CUST000292,13,3,355.19,4,1,2,412,Dormant
CUST000293,116,6,454.08,2,3,2,232,Need Attention
CUST000294,179,6,578.08,2,3,3,233,Loyal Customers
CUST000295,18,10,939.36,4,4,4,444,Champions
CUST000296,249,5,398.19,1,2,2,122,At Risk
CUST000297,306,4,458.76000000000005,1,2,2,122,At Risk
CUST000298,73,3,308.09000000000003,3,1,1,311,Dormant
CUST000299,317,3,294.1,1,1,1,111,Lost
CUST000300,106,3,241.51,3,1,1,311,Dormant
CUST000301,344,1,87.92,1,1,1,111,Lost
CUST000302,113,8,914.72,2,4,4,244,Loyal Customers
CUST000303,172,9,936.96,2,4,4,244,Loyal Customers
CUST000304,48,8,804.2,3,4,4,344,Champions
CUST000305,2,5,481.05,4,2,2,422,Potential Loyalists
CUST000306,283,3,308.74,1,1,1,111,Lost
CUST000307,15,12,1428.1000000000001,4,4,4,444,Champions
CUST000308,412,3,289.72,1,1,1,111,Lost
CUST000309,264,3,319.4,1,1,1,111,Lost
CUST000310,114,7,712.27,2,4,4,244,Loyal Customers
CUST000311,96,7,687.94,3,4,4,344,Champions
CUST000312,29,8,645.59,4,4,3,443,Champions
CUST000313,193,7,518.83,2,4,3,243,Loyal Customers
CUST000314,40,6,597.86,4,3,3,433,Champions
CUST000315,80,4,325.81,3,2,1,321,Need Attention
CUST000316,33,4,316.48,4,2,1,421,Need Attention
CUST000317,177,3,212.18,2,1,1,211,Dormant
CUST000318,181,4,637.92,2,2,3,223,Need Attention
CUST000319,94,6,722.7,3,3,4,334,Champions
CUST000320,81,4,499.14,3,2,3,323,Potential Loyalists
CUST000321,10,6,421.83,4,3,2,432,Potential Loyalists
CUST000322,281,7,637.8199999999999,1,4,3,143,Loyal Customers
CUST000323,232,7,924.81,1,4,4,144,Loyal Customers
CUST000324,713,1,68.55,1,1,1,111,Lost
CUST000325,122,1,144.97,2,1,1,211,Dormant
CUST000326,35,4,375.83000000000004,4,2,2,422,Potential Loyalists
CUST000327,136,5,474.03,2,2,2,222,Need Attention
CUST000328,294,6,554.61,1,3,3,133,Loyal Customers
CUST000329,83,8,770.79,3,4,4,344,Champions
CUST000330,160,2,194.14,2,1,1,211,Dormant
CUST000331,98,7,739.16,3,4,4,344,Champions
CUST000332,225,4,387.27,1,2,2,122,At Risk
CUST000333,182,4,447.58000000000004,2,2,2,222,Need Attention
CUST000334,67,8,571.8100000000001,3,4,3,343,Champions
CUST000335,47,4,357.29,3,2,2,322,Potential Loyalists
CUST000336,226,5,741.33,1,2,4,124,At Risk
CUST000337,7,3,184.99,4,1,1,411,Dormant
CUST000338,53,6,766.79,3,3,4,334,Champions
CUST000339,359,4,357.93,1,2,2,122,At Risk
CUST000340,84,9,905.63,3,4,4,344,Champions
CUST000341,48,10,908.66,3,4,4,344,Champions
CUST000342,5,8,856.4300000000001,4,4,4,444,Champions
CUST000343,252,5,458.77,1,2,2,122,At Risk
CUST000344,144,9,906.18,2,4,4,244,Loyal Customers
CUST000345,6,4,315.96000000000004,4,2,1,421,Need Attention
CUST000346,144,5,538.15,2,2,3,223,Need Attention
CUST000347,90,5,590.06,3,2,3,323,Potential Loyalists
CUST000348,295,4,529.8,1,2,3,123,At Risk
CUST000349,593,3,304.11,1,1,1,111,Lost
CUST000350,245,3,400.47,1,1,2,112,Lost
CUST000351,169,6,553.71,2,3,3,233,Loyal Customers
CUST000352,432,5,508.86,1,2,3,123,At Risk
CUST000353,182,7,741.61,2,4,4,244,Loyal Customers
CUST000354,200,7,813.49,2,4,4,244,Loyal Customers
CUST000355,19,3,368.38,4,1,2,412,Dormant
CUST000356,218,4,460.04999999999995,1,2,2,122,At Risk
CUST000357,10,11,1022.89,4,4,4,444,Champions
CUST000358,159,4,388.90999999999997,2,2,2,222,Need Attention
CUST000359,283,2,260.53999999999996,1,1,1,111,Lost
CUST000360,129,1,146.11,2,1,1,211,Dormant
CUST000361,648,2,236.20999999999998,1,1,1,111,Lost
CUST000362,286,6,587.14,1,3,3,133,Loyal Customers
CUST000363,103,6,503.81,3,3,3,333,Champions
CUST000364,121,5,522.5699999999999,2,2,3,223,Need Attention
CUST000365,268,7,686.91,1,4,4,144,Loyal Customers
CUST000366,166,5,524.36,2,2,3,223,Need Attention
CUST000367,69,6,542.76,3,3,3,333,Champions
CUST000368,157,3,292.64,2,1,1,211,Dormant
CUST000369,101,5,471.19000000000005,3,2,2,322,Potential Loyalists
CUST000370,3,5,590.78,4,2,3,423,Potential Loyalists
CUST000371,138,9,698.96,2,4,4,244,Loyal Customers
CUST000372,88,4,330.19,3,2,1,321,Need Attention
CUST000373,17,7,895.47,4,4,4,444,Champions
CUST000374,7,12,1282.97,4,4,4,444,Champions
CUST000375,336,4,430.09000000000003,1,2,2,122,At Risk
CUST000376,263,2,241.67000000000002,1,1,1,111,Lost
CUST000377,9,8,820.25,4,4,4,444,Champions
CUST000378,371,6,649.89,1,3,3,133,Loyal Customers
CUST000379,569,4,378.64,1,2,2,122,At Risk
CUST000380,56,10,981.85,3,4,4,344,Champions
CUST000381,150,6,676.98,2,3,4,234,Loyal Customers
CUST000382,38,8,766.86,4,4,4,444,Champions
CUST000383,116,7,767.59,2,4,4,244,Loyal Customers
CUST000384,115,7,832.29,2,4,4,244,Loyal Customers
CUST000385,37,8,793.38,4,4,4,444,Champions
CUST000386,98,8,712.06,3,4,4,344,Champions
CUST000387,138,3,373.42,2,1,2,212,Dormant
CUST000388,4,9,1135.23,4,4,4,444,Champions
CUST000389,208,3,343.78999999999996,2,1,2,212,Dormant
CUST000390,202,5,501.7,2,2,3,223,Need Attention
CUST000391,155,5,544.72,2,2,3,223,Need Attention
CUST000392,2,4,402.07,4,2,2,422,Potential Loyalists
CUST000393,270,4,329.53,1,2,1,121,Lost
CUST000394,271,5,383.60999999999996,1,2,2,122,At Risk
CUST000395,66,6,791.19,3,3,4,334,Champions
CUST000396,185,7,841.76,2,4,4,244,Loyal Customers
CUST000397,246,3,243.93,1,1,1,111,Lost
CUST000398,336,5,485.62,1,2,2,122,At Risk
CUST000399,58,2,317.84,3,1,1,311,Dormant
CUST000400,128,8,776.5699999999999,2,4,4,244,Loyal Customers
CUST000401,186,7,862.94,2,4,4,244,Loyal Customers
CUST000402,20,4,374.58000000000004,4,2,2,422,Potential Loyalists
CUST000403,188,12,1233.8400000000001,2,4,4,244,Loyal Customers
CUST000404,25,8,957.36,4,4,4,444,Champions
CUST000405,97,4,335.6,3,2,1,321,Need Attention
CUST000406,212,4,288.49,1,2,1,121,Lost
CUST000407,91,6,804.63,3,3,4,334,Champions
CUST000408,120,6,568.37,2,3,3,233,Loyal Customers
CUST000409,115,4,417.07,2,2,2,222,Need Attention
CUST000410,56,5,460.78999999999996,3,2,2,322,Potential Loyalists
CUST000411,247,3,477.20000000000005,1,1,2,112,Lost
CUST000412,346,2,201.78,1,1,1,111,Lost
CUST000413,116,3,182.11,2,1,1,211,Dormant
CUST000414,357,3,197.75,1,1,1,111,Lost
CUST000415,94,3,343.34000000000003,3,1,2,312,Dormant
CUST000416,354,2,218.27999999999997,1,1,1,111,Lost
CUST000417,91,7,827.96,3,4,4,344,Champions
CUST000418,315,1,68.85,1,1,1,111,Lost
CUST000419,195,11,1219.75,2,4,4,244,Loyal Customers
CUST000420,102,6,562.25,3,3,3,333,Champions
CUST000421,171,7,652.91,2,4,3,243,Loyal Customers
CUST000422,221,3,387.40999999999997,1,1,2,112,Lost
CUST000423,77,8,685.86,3,4,4,344,Champions
CUST000424,79,4,380.62,3,2,2,322,Potential Loyalists
CUST000425,395,7,670.55,1,4,4,144,Loyal Customers
CUST000426,75,3,271.79,3,1,1,311,Dormant
CUST000427,86,8,803.35,3,4,4,344,Champions
CUST000428,39,8,775.96,4,4,4,444,Champions
CUST000429,42,4,270.54,4,2,1,421,Need Attention
CUST000430,57,7,712.93,3,4,4,344,Champions
CUST000431,27,9,1249.79,4,4,4,444,Champions
CUST000432,24,4,449.64,4,2,2,422,Potential Loyalists
CUST000433,667,3,211.46,1,1,1,111,Lost
CUST000434,172,3,265.43,2,1,1,211,Dormant
CUST000435,223,6,784.8199999999999,1,3,4,134,Loyal Customers
CUST000436,19,6,499.02,4,3,3,433,Champions
CUST000437,79,6,720.74,3,3,4,334,Champions
CUST000438,247,3,444.57,1,1,2,112,Lost
CUST000439,277,7,586.17,1,4,3,143,Loyal Customers
CUST000440,86,3,230.12,3,1,1,311,Dormant
CUST000441,266,5,522.12,1,2,3,123,At Risk
CUST000442,305,3,254.14000000000001,1,1,1,111,Lost
CUST000443,415,3,274.85,1,1,1,111,Lost
CUST000444,84,4,336.81,3,2,1,321,Need Attention
CUST000445,39,8,771.51,4,4,4,444,Champions
CUST000446,203,3,416.22,2,1,2,212,Dormant
CUST000447,132,10,1239.53,2,4,4,244,Loyal Customers
CUST000448,98,4,429.74,3,2,2,322,Potential Loyalists
CUST000449,209,5,434.44000000000005,2,2,2,222,Need Attention
CUST000450,124,7,791.37,2,4,4,244,Loyal Customers
CUST000451,6,6,739.6400000000001,4,3,4,434,Champions
CUST000452,83,7,585.35,3,4,3,343,Champions
CUST000453,34,1,101.77,4,1,1,411,Dormant
CUST000454,24,5,356.37,4,2,2,422,Potential Loyalists
CUST000455,35,5,483.45,4,2,2,422,Potential Loyalists
CUST000456,238,2,220.93,1,1,1,111,Lost
CUST000457,36,5,516.7,4,2,3,423,Potential Loyalists
CUST000458,197,4,313.63,2,2,1,221,Need Attention
CUST000459,724,2,202.29000000000002,1,1,1,111,Lost
CUST000460,98,3,319.48,3,1,1,311,Dormant
CUST000461,273,5,434.1,1,2,2,122,At Risk
CUST000462,32,4,429.08,4,2,2,422,Potential Loyalists
CUST000463,531,3,397.78999999999996,1,1,2,112,Lost
CUST000464,180,8,990.47,2,4,4,244,Loyal Customers
CUST000465,86,8,820.51,3,4,4,344,Champions
CUST000466,234,3,330.84,1,1,1,111,Lost
CUST000467,154,8,874.99,2,4,4,244,Loyal Customers
CUST000468,186,5,589.83,2,2,3,223,Need Attention
CUST000469,360,4,484.46000000000004,1,2,2,122,At Risk
CUST000470,7,4,530.02,4,2,3,423,Potential Loyalists
CUST000471,118,6,584.0600000000001,2,3,3,233,Loyal Customers
CUST000472,35,6,714.66,4,3,4,434,Champions
CUST000473,483,2,327.28,1,1,1,111,Lost
CUST000474,31,9,718.55,4,4,4,444,Champions
CUST000475,78,6,729.21,3,3,4,334,Champions
CUST000476,123,8,881.0,2,4,4,244,Loyal Customers
CUST000478,142,5,647.96,2,2,3,223,Need Attention
CUST000479,149,3,285.74,2,1,1,211,Dormant
CUST000480,18,8,660.99,4,4,4,444,Champions
CUST000481,373,4,414.82,1,2,2,122,At Risk
CUST000482,99,8,837.77,3,4,4,344,Champions
CUST000483,6,9,846.63,4,4,4,444,Champions
CUST000484,78,4,285.47,3,2,1,321,Need Attention
CUST000485,536,1,64.76,1,1,1,111,Lost
CUST000486,212,6,445.36,1,3,2,132,At Risk
CUST000487,16,4,320.92,4,2,1,421,Need Attention
CUST000488,130,4,464.74,2,2,2,222,Need Attention
CUST000489,52,6,518.82,3,3,3,333,Champions
CUST000490,91,6,635.69,3,3,3,333,Champions
CUST000491,383,4,357.24,1,2,2,122,At Risk
CUST000492,15,3,318.48,4,1,1,411,Dormant
CUST000493,14,3,291.72,4,1,1,411,Dormant
CUST000494,307,3,160.12,1,1,1,111,Lost
CUST000495,685,2,284.23,1,1,1,111,Lost
CUST000496,43,3,359.44,4,1,2,412,Dormant
CUST000497,216,7,663.24,1,4,4,144,Loyal Customers
CUST000498,241,2,193.8,1,1,1,111,Lost
CUST000499,60,8,692.8299999999999,3,4,4,344,Champions
CUST000500,69,5,537.86,3,2,3,323,Potential Loyalists
CUST000501,74,7,692.61,3,4,4,344,Champions
CUST000502,606,3,274.7,1,1,1,111,Lost
CUST000503,72,6,463.41,3,3,2,332,Potential Loyalists
CUST000504,154,9,907.59,2,4,4,244,Loyal Customers
CUST000505,28,4,455.82000000000005,4,2,2,422,Potential Loyalists
CUST000506,49,6,780.85,3,3,4,334,Champions
CUST000507,52,6,580.58,3,3,3,333,Champions
CUST000508,10,8,1075.55,4,4,4,444,Champions
CUST000509,25,4,272.90999999999997,4,2,1,421,Need Attention
CUST000510,307,2,186.99,1,1,1,111,Lost
CUST000511,8,8,635.01,4,4,3,443,Champions
CUST000512,76,3,323.28,3,1,1,311,Dormant
CUST000513,26,5,402.96000000000004,4,2,2,422,Potential Loyalists
CUST000514,30,6,642.02,4,3,3,433,Champions
CUST000515,46,7,632.3,4,4,3,443,Champions
CUST000516,29,6,714.09,4,3,4,434,Champions
CUST000517,112,3,444.98,2,1,2,212,Dormant
CUST000518,398,1,50.87,1,1,1,111,Lost
CUST000519,233,3,285.7,1,1,1,111,Lost
CUST000520,53,4,342.91,3,2,2,322,Potential Loyalists
CUST000521,57,4,318.35,3,2,1,321,Need Attention
CUST000522,163,5,535.73,2,2,3,223,Need Attention
CUST000523,285,2,195.39000000000001,1,1,1,111,Lost
CUST000524,228,5,429.35,1,2,2,122,At Risk
CUST000525,113,3,441.21000000000004,2,1,2,212,Dormant
CUST000526,223,6,534.63,1,3,3,133,Loyal Customers
CUST000527,49,3,319.33000000000004,3,1,1,311,Dormant
CUST000528,144,5,565.9200000000001,2,2,3,223,Need Attention
CUST000529,136,7,725.1,2,4,4,244,Loyal Customers
CUST000530,105,8,760.53,3,4,4,344,Champions
CUST000531,204,2,190.73000000000002,2,1,1,211,Dormant
CUST000532,130,5,781.26,2,2,4,224,Need Attention
CUST000533,17,6,470.76,4,3,2,432,Potential Loyalists
CUST000534,588,4,440.77,1,2,2,122,At Risk
CUST000535,139,11,1040.01,2,4,4,244,Loyal Customers
CUST000536,120,3,266.75,2,1,1,211,Dormant
CUST000537,250,5,459.32,1,2,2,122,At Risk
CUST000538,100,4,379.25,3,2,2,322,Potential Loyalists
CUST000539,248,1,91.22,1,1,1,111,Lost
CUST000540,314,6,626.34,1,3,3,133,Loyal Customers
CUST000541,8,9,878.29,4,4,4,444,Champions
CUST000542,390,4,493.35,1,2,3,123,At Risk
CUST000543,126,4,351.76,2,2,2,222,Need Attention
CUST000544,126,7,575.49,2,4,3,243,Loyal Customers
CUST000545,119,3,212.53,2,1,1,211,Dormant
CUST000546,46,8,516.92,4,4,3,443,Champions
CUST000547,91,3,248.57999999999998,3,1,1,311,Dormant
CUST000548,170,6,686.12,2,3,4,234,Loyal Customers
CUST000549,61,5,403.24,3,2,2,322,Potential Loyalists
CUST000550,468,3,387.24,1,1,2,112,Lost
CUST000551,203,1,96.14,2,1,1,211,Dormant
CUST000552,41,2,246.88,4,1,1,411,Dormant
CUST000553,95,5,601.49,3,2,3,323,Potential Loyalists
CUST000554,48,5,455.52,3,2,2,322,Potential Loyalists
CUST000555,49,7,796.97,3,4,4,344,Champions
CUST000556,22,4,422.15,4,2,2,422,Potential Loyalists
CUST000557,507,1,100.59,1,1,1,111,Lost
CUST000558,65,5,515.1899999999999,3,2,3,323,Potential Loyalists
CUST000559,6,3,268.53,4,1,1,411,Dormant
CUST000560,24,7,760.96,4,4,4,444,Champions
CUST000561,167,4,369.82,2,2,2,222,Need Attention
CUST000562,311,6,720.5699999999999,1,3,4,134,Loyal Customers
CUST000563,1,8,1020.0,4,4,4,444,Champions
CUST000564,80,10,908.65,3,4,4,344,Champions
CUST000565,122,5,651.5699999999999,2,2,3,223,Need Attention
CUST000566,89,7,615.45,3,4,3,343,Champions
CUST000567,115,4,525.7,2,2,3,223,Need Attention
CUST000568,22,3,299.09000000000003,4,1,1,411,Dormant
CUST000569,306,4,397.76,1,2,2,122,At Risk
CUST000570,196,3,318.14,2,1,1,211,Dormant
CUST000571,147,5,393.17,2,2,2,222,Need Attention
CUST000572,15,6,787.99,4,3,4,434,Champions
CUST000573,88,4,386.4,3,2,2,322,Potential Loyalists
CUST000574,217,3,394.99,1,1,2,112,Lost
CUST000575,165,2,198.63,2,1,1,211,Dormant
CUST000576,453,5,421.53999999999996,1,2,2,122,At Risk
CUST000577,165,5,465.15,2,2,2,222,Need Attention
CUST000578,85,3,313.49,3,1,1,311,Dormant
CUST000579,233,2,258.23,1,1,1,111,Lost
CUST000580,105,8,782.06,3,4,4,344,Champions
CUST000581,78,7,619.0699999999999,3,4,3,343,Champions
CUST000582,164,2,195.35,2,1,1,211,Dormant
CUST000583,371,3,250.33,1,1,1,111,Lost
CUST000584,10,2,204.3,4,1,1,411,Dormant
CUST000585,529,3,253.38,1,1,1,111,Lost
CUST000586,27,2,126.13,4,1,1,411,Dormant
CUST000587,475,3,213.06,1,1,1,111,Lost
CUST000588,128,4,451.28000000000003,2,2,2,222,Need Attention
CUST000589,54,3,420.9,3,1,2,312,Dormant
CUST000590,185,5,554.69,2,2,3,223,Need Attention
CUST000591,2,5,471.51,4,2,2,422,Potential Loyalists
CUST000592,212,4,417.03,1,2,2,122,At Risk
CUST000593,10,6,446.27,4,3,2,432,Potential Loyalists
CUST000594,185,5,520.4100000000001,2,2,3,223,Need Attention
CUST000595,62,6,773.36,3,3,4,334,Champions
CUST000596,29,4,355.9,4,2,2,422,Potential Loyalists
CUST000597,14,3,280.69,4,1,1,411,Dormant
CUST000598,237,2,152.69,1,1,1,111,Lost
CUST000599,156,6,514.1,2,3,3,233,Loyal Customers
CUST000600,239,2,323.89,1,1,1,111,Lost
CUST000601,11,4,378.85,4,2,2,422,Potential Loyalists
CUST000602,39,3,294.35,4,1,1,411,Dormant
CUST000603,49,10,926.9,3,4,4,344,Champions
CUST000604,111,2,180.13,2,1,1,211,Dormant
CUST000605,279,5,521.92,1,2,3,123,At Risk
CUST000606,294,2,161.87,1,1,1,111,Lost
CUST000607,171,2,207.54000000000002,2,1,1,211,Dormant
CUST000608,1,9,908.52,4,4,4,444,Champions
CUST000609,21,5,570.37,4,2,3,423,Potential Loyalists
CUST000610,3,6,598.29,4,3,3,433,Champions
CUST000611,166,5,508.21,2,2,3,223,Need Attention
CUST000612,360,2,190.49,1,1,1,111,Lost
CUST000613,182,4,443.86,2,2,2,222,Need Attention
CUST000614,149,5,590.49,2,2,3,223,Need Attention
CUST000615,264,3,286.52,1,1,1,111,Lost
CUST000616,315,5,340.26,1,2,2,122,At Risk
CUST000617,267,3,381.45,1,1,2,112,Lost
CUST000618,178,7,578.29,2,4,3,243,Loyal Customers
CUST000619,36,5,376.13,4,2,2,422,Potential Loyalists
CUST000620,130,5,551.5699999999999,2,2,3,223,Need Attention
CUST000621,33,6,591.14,4,3,3,433,Champions
CUST000622,62,3,298.35,3,1,1,311,Dormant
CUST000623,32,5,457.7,4,2,2,422,Potential Loyalists
CUST000624,15,7,910.59,4,4,4,444,Champions
CUST000625,153,3,369.85,2,1,2,212,Dormant
CUST000626,88,10,948.79,3,4,4,344,Champions
CUST000627,189,5,542.11,2,2,3,223,Need Attention
CUST000628,210,6,472.15,2,3,2,232,Need Attention
CUST000629,131,6,486.89,2,3,2,232,Need Attention
CUST000630,32,7,648.1,4,4,3,443,Champions
CUST000631,256,3,312.93,1,1,1,111,Lost
CUST000632,90,5,556.45,3,2,3,323,Potential Loyalists
CUST000633,169,8,661.37,2,4,4,244,Loyal Customers
CUST000634,121,7,642.6999999999999,2,4,3,243,Loyal Customers
CUST000635,193,4,466.92999999999995,2,2,2,222,Need Attention
CUST000636,18,7,670.27,4,4,4,444,Champions
CUST000637,49,3,242.58,3,1,1,311,Dormant
CUST000638,108,3,334.57,2,1,1,211,Dormant
CUST000639,227,5,574.12,1,2,3,123,At Risk
CUST000640,292,7,586.6800000000001,1,4,3,143,Loyal Customers
CUST000641,150,2,140.21,2,1,1,211,Dormant
CUST000642,27,5,505.26,4,2,3,423,Potential Loyalists
CUST000643,39,8,870.33,4,4,4,444,Champions
CUST000644,55,3,237.4,3,1,1,311,Dormant
CUST000645,186,8,787.62,2,4,4,244,Loyal Customers
CUST000646,34,7,659.96,4,4,3,443,Champions
CUST000647,109,7,613.84,2,4,3,243,Loyal Customers
CUST000648,36,7,687.85,4,4,4,444,Champions
CUST000649,9,3,328.53999999999996,4,1,1,411,Dormant
CUST000650,11,5,435.46000000000004,4,2,2,422,Potential Loyalists
CUST000651,17,4,350.18,4,2,2,422,Potential Loyalists
CUST000652,68,6,529.7,3,3,3,333,Champions
CUST000653,23,4,426.93,4,2,2,422,Potential Loyalists
CUST000654,359,1,97.11,1,1,1,111,Lost
CUST000655,72,5,550.83,3,2,3,323,Potential Loyalists
CUST000656,24,5,627.76,4,2,3,423,Potential Loyalists
CUST000657,13,8,809.02,4,4,4,444,Champions
CUST000658,121,2,159.96,2,1,1,211,Dormant
CUST000659,54,4,399.90999999999997,3,2,2,322,Potential Loyalists
CUST000660,405,3,403.3,1,1,2,112,Lost
CUST000661,39,2,234.32999999999998,4,1,1,411,Dormant
CUST000662,509,2,253.37,1,1,1,111,Lost
CUST000663,104,6,711.59,3,3,4,334,Champions
CUST000664,262,2,155.73000000000002,1,1,1,111,Lost
CUST000665,68,6,534.0,3,3,3,333,Champions
CUST000666,120,5,490.81000000000006,2,2,3,223,Need Attention
CUST000667,474,3,210.22,1,1,1,111,Lost
CUST000668,276,2,188.26999999999998,1,1,1,111,Lost
CUST000669,315,3,324.24,1,1,1,111,Lost
CUST000670,66,4,337.79,3,2,1,321,Need Attention
CUST000671,198,8,746.78,2,4,4,244,Loyal Customers
CUST000672,131,3,288.02,2,1,1,211,Dormant
CUST000673,80,6,546.2,3,3,3,333,Champions
CUST000674,81,3,251.7,3,1,1,311,Dormant
CUST000675,81,4,455.51,3,2,2,322,Potential Loyalists
CUST000676,47,10,1228.0,3,4,4,344,Champions
CUST000677,72,3,421.33,3,1,2,312,Dormant
CUST000678,263,4,408.81,1,2,2,122,At Risk
CUST000679,18,5,545.28,4,2,3,423,Potential Loyalists
CUST000680,222,3,290.12,1,1,1,111,Lost
CUST000681,178,6,520.21,2,3,3,233,Loyal Customers
CUST000682,182,7,603.33,2,4,3,243,Loyal Customers
CUST000683,169,3,430.43000000000006,2,1,2,212,Dormant
CUST000684,24,6,609.65,4,3,3,433,Champions
CUST000685,11,5,496.89,4,2,3,423,Potential Loyalists
CUST000687,56,7,654.3499999999999,3,4,3,343,Champions
CUST000688,226,5,506.46,1,2,3,123,At Risk
CUST000689,710,3,326.95,1,1,1,111,Lost
CUST000690,108,2,231.67,2,1,1,211,Dormant
CUST000691,9,5,585.5,4,2,3,423,Potential Loyalists
CUST000692,18,3,188.14000000000001,4,1,1,411,Dormant
CUST000693,234,6,685.74,1,3,4,134,Loyal Customers
CUST000694,112,12,1213.83,2,4,4,244,Loyal Customers
CUST000695,304,4,315.14,1,2,1,121,Lost
CUST000696,182,4,317.93,2,2,1,221,Need Attention
CUST000697,55,6,622.69,3,3,3,333,Champions
CUST000698,47,1,139.04,3,1,1,311,Dormant
CUST000699,76,5,338.01,3,2,1,321,Need Attention
CUST000700,200,5,481.31,2,2,2,222,Need Attention
CUST000701,188,5,449.65999999999997,2,2,2,222,Need Attention
CUST000702,102,6,558.84,3,3,3,333,Champions
CUST000703,721,1,134.17,1,1,1,111,Lost
CUST000704,469,3,249.47,1,1,1,111,Lost
CUST000705,5,7,764.97,4,4,4,444,Champions
CUST000706,42,4,350.85,4,2,2,422,Potential Loyalists
CUST000707,156,4,415.81,2,2,2,222,Need Attention
CUST000708,21,4,409.99,4,2,2,422,Potential Loyalists
CUST000709,164,2,150.66000000000003,2,1,1,211,Dormant
CUST000710,633,1,106.97,1,1,1,111,Lost
CUST000711,155,3,222.69,2,1,1,211,Dormant
CUST000712,111,3,378.48,2,1,2,212,Dormant
CUST000713,10,4,383.96999999999997,4,2,2,422,Potential Loyalists
CUST000714,119,8,846.31,2,4,4,244,Loyal Customers
CUST000715,199,4,333.08000000000004,2,2,1,221,Need Attention
CUST000716,92,4,417.9,3,2,2,322,Potential Loyalists
CUST000717,103,8,763.49,3,4,4,344,Champions
CUST000718,159,5,536.1500000000001,2,2,3,223,Need Attention
CUST000719,81,5,543.0799999999999,3,2,3,323,Potential Loyalists
CUST000720,143,5,428.35,2,2,2,222,Need Attention
CUST000721,104,7,673.16,3,4,4,344,Champions
CUST000722,35,11,875.12,4,4,4,444,Champions
CUST000723,425,6,774.94,1,3,4,134,Loyal Customers
CUST000724,161,4,367.46,2,2,2,222,Need Attention
CUST000725,124,4,555.23,2,2,3,223,Need Attention
CUST000726,23,5,651.35,4,2,3,423,Potential Loyalists
CUST000727,52,8,876.89,3,4,4,344,Champions
CUST000728,141,3,325.3,2,1,1,211,Dormant
CUST000729,249,4,446.38,1,2,2,122,At Risk
CUST000730,44,6,618.75,4,3,3,433,Champions
CUST000731,52,5,453.85,3,2,2,322,Potential Loyalists
CUST000732,40,5,441.9,4,2,2,422,Potential Loyalists
CUST000733,19,2,170.58999999999997,4,1,1,411,Dormant
CUST000734,94,5,523.28,3,2,3,323,Potential Loyalists
CUST000735,27,3,192.73000000000002,4,1,1,411,Dormant
CUST000736,18,5,468.24,4,2,2,422,Potential Loyalists
CUST000737,108,6,724.38,2,3,4,234,Loyal Customers
CUST000738,10,7,761.3199999999999,4,4,4,444,Champions
CUST000739,88,6,552.3299999999999,3,3,3,333,Champions
CUST000740,30,5,501.44,4,2,3,423,Potential Loyalists
CUST000741,36,5,415.14000000000004,4,2,2,422,Potential Loyalists
CUST000742,297,6,604.27,1,3,3,133,Loyal Customers
CUST000743,575,1,177.03,1,1,1,111,Lost
CUST000744,525,3,348.33,1,1,2,112,Lost
CUST000745,38,3,233.48,4,1,1,411,Dormant
CUST000746,440,3,390.53,1,1,2,112,Lost
CUST000747,123,4,512.25,2,2,3,223,Need Attention
CUST000748,7,4,388.32,4,2,2,422,Potential Loyalists
CUST000749,63,8,746.84,3,4,4,344,Champions
CUST000750,404,2,132.53,1,1,1,111,Lost
CUST000751,54,8,717.8199999999999,3,4,4,344,Champions
CUST000752,31,6,606.11,4,3,3,433,Champions
CUST000753,458,4,474.57000000000005,1,2,2,122,At Risk
CUST000754,420,1,58.63,1,1,1,111,Lost
CUST000755,175,7,761.94,2,4,4,244,Loyal Customers
CUST000756,170,5,556.52,2,2,3,223,Need Attention
CUST000757,18,6,411.08,4,3,2,432,Potential Loyalists
CUST000758,211,4,550.29,2,2,3,223,Need Attention
CUST000759,21,9,1155.31,4,4,4,444,Champions
CUST000760,152,5,558.9,2,2,3,223,Need Attention
CUST000761,20,6,620.8,4,3,3,433,Champions
CUST000762,140,7,575.26,2,4,3,243,Loyal Customers
CUST000763,463,3,314.59000000000003,1,1,1,111,Lost
CUST000764,162,5,456.19,2,2,2,222,Need Attention
CUST000765,140,7,706.55,2,4,4,244,Loyal Customers
CUST000766,18,6,577.44,4,3,3,433,Champions
CUST000767,395,2,128.59,1,1,1,111,Lost
CUST000768,159,3,330.04,2,1,1,211,Dormant
CUST000769,138,4,250.2,2,2,1,221,Need Attention
CUST000770,7,3,219.33,4,1,1,411,Dormant
CUST000771,22,7,720.99,4,4,4,444,Champions
CUST000772,62,6,537.02,3,3,3,333,Champions
CUST000773,237,4,413.13,1,2,2,122,At Risk
CUST000774,127,5,475.44,2,2,2,222,Need Attention
CUST000775,71,13,1222.51,3,4,4,344,Champions
CUST000776,99,7,683.01,3,4,4,344,Champions
CUST000777,156,9,869.7,2,4,4,244,Loyal Customers
CUST000778,295,7,715.24,1,4,4,144,Loyal Customers
CUST000779,116,9,694.11,2,4,4,244,Loyal Customers
CUST000780,106,5,477.13,3,2,2,322,Potential Loyalists
CUST000781,168,4,381.58,2,2,2,222,Need Attention
CUST000782,56,3,317.45000000000005,3,1,1,311,Dormant
CUST000783,68,4,299.99,3,2,1,321,Need Attention
CUST000784,29,10,826.38,4,4,4,444,Champions
CUST000785,82,5,395.65,3,2,2,322,Potential Loyalists
CUST000786,34,5,476.82,4,2,2,422,Potential Loyalists
CUST000787,7,6,568.45,4,3,3,433,Champions
CUST000788,116,8,833.21,2,4,4,244,Loyal Customers
CUST000789,261,4,444.05,1,2,2,122,At Risk
CUST000790,90,4,329.85,3,2,1,321,Need Attention
CUST000791,37,5,515.67,4,2,3,423,Potential Loyalists
CUST000792,172,9,864.4,2,4,4,244,Loyal Customers
CUST000793,80,7,610.48,3,4,3,343,Champions
CUST000794,34,5,678.9300000000001,4,2,4,424,Potential Loyalists
CUST000795,13,5,418.36,4,2,2,422,Potential Loyalists
CUST000796,130,3,279.8,2,1,1,211,Dormant
CUST000797,245,4,441.07,1,2,2,122,At Risk
CUST000798,2,4,411.24,4,2,2,422,Potential Loyalists
CUST000799,444,2,197.34,1,1,1,111,Lost
CUST000800,418,4,442.6,1,2,2,122,At Risk
CUST000801,133,3,231.4,2,1,1,211,Dormant
CUST000802,145,7,613.75,2,4,3,243,Loyal Customers
CUST000803,187,1,132.6,2,1,1,211,Dormant
CUST000804,166,5,537.15,2,2,3,223,Need Attention
CUST000805,100,5,539.34,3,2,3,323,Potential Loyalists
CUST000806,675,1,131.05,1,1,1,111,Lost
CUST000807,96,5,377.86,3,2,2,322,Potential Loyalists
CUST000808,107,8,934.38,2,4,4,244,Loyal Customers
CUST000809,107,5,484.88,2,2,2,222,Need Attention
CUST000810,156,3,358.63,2,1,2,212,Dormant
CUST000811,142,5,526.65,2,2,3,223,Need Attention
CUST000812,18,6,591.5,4,3,3,433,Champions
CUST000813,363,2,222.34,1,1,1,111,Lost
CUST000814,109,5,545.6800000000001,2,2,3,223,Need Attention
CUST000815,4,10,788.48,4,4,4,444,Champions
CUST000816,17,5,549.4200000000001,4,2,3,423,Potential Loyalists
CUST000817,69,4,291.44,3,2,1,321,Need Attention
CUST000818,121,6,763.11,2,3,4,234,Loyal Customers
CUST000819,553,1,65.02,1,1,1,111,Lost
CUST000820,46,8,772.71,4,4,4,444,Champions
CUST000821,205,9,905.05,2,4,4,244,Loyal Customers
CUST000822,278,4,363.36,1,2,2,122,At Risk
CUST000823,126,6,484.02,2,3,2,232,Need Attention
CUST000824,289,4,333.96,1,2,1,121,Lost
CUST000825,315,2,171.98000000000002,1,1,1,111,Lost
CUST000826,38,5,437.56,4,2,2,422,Potential Loyalists
CUST000827,312,8,813.71,1,4,4,144,Loyal Customers
CUST000828,284,3,276.21000000000004,1,1,1,111,Lost
CUST000829,8,5,365.67,4,2,2,422,Potential Loyalists
CUST000830,64,5,548.66,3,2,3,323,Potential Loyalists
CUST000831,255,5,585.72,1,2,3,123,At Risk
CUST000832,133,3,486.96000000000004,2,1,2,212,Dormant
CUST000833,253,3,435.38,1,1,2,112,Lost
CUST000834,48,6,651.4300000000001,3,3,3,333,Champions
CUST000835,201,4,389.12,2,2,2,222,Need Attention
CUST000836,235,7,793.79,1,4,4,144,Loyal Customers
CUST000837,147,6,495.94,2,3,3,233,Loyal Customers
CUST000838,304,4,306.99,1,2,1,121,Lost
CUST000839,333,7,754.1,1,4,4,144,Loyal Customers
CUST000840,21,7,608.51,4,4,3,443,Champions
CUST000841,564,6,531.33,1,3,3,133,Loyal Customers
CUST000842,225,4,263.46,1,2,1,121,Lost
CUST000843,7,8,902.39,4,4,4,444,Champions
CUST000844,117,6,465.67,2,3,2,232,Need Attention
CUST000845,215,5,495.18,1,2,3,123,At Risk
CUST000846,195,5,501.48,2,2,3,223,Need Attention
CUST000847,417,2,201.35000000000002,1,1,1,111,Lost
CUST000848,31,6,583.45,4,3,3,433,Champions
CUST000849,72,7,820.47,3,4,4,344,Champions
CUST000850,341,2,197.6,1,1,1,111,Lost
CUST000851,183,4,454.82,2,2,2,222,Need Attention
CUST000852,154,3,253.21,2,1,1,211,Dormant
CUST000853,123,9,761.02,2,4,4,244,Loyal Customers
CUST000854,141,5,403.49,2,2,2,222,Need Attention
CUST000855,539,1,108.78,1,1,1,111,Lost
CUST000856,7,8,795.93,4,4,4,444,Champions
CUST000857,256,1,97.63,1,1,1,111,Lost
CUST000858,262,2,329.5,1,1,1,111,Lost
CUST000859,338,8,702.93,1,4,4,144,Loyal Customers
CUST000860,119,6,505.8,2,3,3,233,Loyal Customers
CUST000861,48,6,526.97,3,3,3,333,Champions
CUST000862,196,3,264.89,2,1,1,211,Dormant
CUST000863,259,3,317.45,1,1,1,111,Lost
CUST000864,167,2,178.72,2,1,1,211,Dormant
CUST000865,343,5,725.84,1,2,4,124,At Risk
CUST000866,45,5,651.0799999999999,4,2,3,423,Potential Loyalists
CUST000867,35,4,382.06,4,2,2,422,Potential Loyalists
CUST000868,89,4,434.8,3,2,2,322,Potential Loyalists
CUST000869,26,5,554.6999999999999,4,2,3,423,Potential Loyalists
CUST000870,62,5,419.06,3,2,2,322,Potential Loyalists
CUST000871,9,9,1002.48,4,4,4,444,Champions
CUST000872,150,6,470.31,2,3,2,232,Need Attention
CUST000873,5,5,371.86,4,2,2,422,Potential Loyalists
CUST000874,153,4,422.14,2,2,2,222,Need Attention
CUST000875,121,6,640.64,2,3,3,233,Loyal Customers
CUST000876,42,7,775.87,4,4,4,444,Champions
CUST000877,9,9,937.3199999999999,4,4,4,444,Champions
CUST000878,47,6,707.62,3,3,4,334,Champions
CUST000879,92,4,357.47,3,2,2,322,Potential Loyalists
CUST000880,263,4,432.49,1,2,2,122,At Risk
CUST000881,338,3,387.82,1,1,2,112,Lost
CUST000882,30,4,462.74,4,2,2,422,Potential Loyalists
CUST000883,38,5,624.86,4,2,3,423,Potential Loyalists
CUST000884,53,3,338.37,3,1,1,311,Dormant
CUST000885,34,5,541.94,4,2,3,423,Potential Loyalists
CUST000886,109,5,664.29,2,2,4,224,Need Attention
CUST000887,73,5,501.44,3,2,3,323,Potential Loyalists
CUST000888,6,9,774.53,4,4,4,444,Champions
CUST000889,47,9,870.22,3,4,4,344,Champions
CUST000890,99,4,334.58,3,2,1,321,Need Attention
CUST000891,340,4,394.9,1,2,2,122,At Risk
CUST000892,162,4,348.11,2,2,2,222,Need Attention
CUST000893,194,7,640.9100000000001,2,4,3,243,Loyal Customers
CUST000894,11,3,324.03000000000003,4,1,1,411,Dormant
CUST000895,107,3,305.06,2,1,1,211,Dormant
CUST000896,31,6,798.06,4,3,4,434,Champions
CUST000897,73,6,653.7,3,3,3,333,Champions
CUST000898,55,4,333.19,3,2,1,321,Need Attention
CUST000899,272,3,267.03,1,1,1,111,Lost
CUST000900,145,5,589.1600000000001,2,2,3,223,Need Attention
CUST000901,172,7,845.18,2,4,4,244,Loyal Customers
CUST000902,21,3,195.91,4,1,1,411,Dormant
CUST000903,115,4,272.11,2,2,1,221,Need Attention
CUST000904,102,3,211.07,3,1,1,311,Dormant
CUST000905,61,6,564.81,3,3,3,333,Champions
CUST000906,119,8,759.26,2,4,4,244,Loyal Customers
CUST000907,307,5,509.81,1,2,3,123,At Risk
CUST000908,34,7,725.77,4,4,4,444,Champions
CUST000909,303,2,259.7,1,1,1,111,Lost
CUST000910,68,11,1069.2,3,4,4,344,Champions
CUST000911,10,4,416.88,4,2,2,422,Potential Loyalists
CUST000912,159,5,470.33000000000004,2,2,2,222,Need Attention
CUST000913,367,7,843.53,1,4,4,144,Loyal Customers
CUST000914,131,5,479.13,2,2,2,222,Need Attention
CUST000915,374,5,630.14,1,2,3,123,At Risk
CUST000916,17,8,817.27,4,4,4,444,Champions
CUST000917,31,6,540.9,4,3,3,433,Champions
CUST000918,21,9,1022.97,4,4,4,444,Champions
CUST000919,102,3,381.52,3,1,2,312,Dormant
CUST000920,3,8,773.66,4,4,4,444,Champions
CUST000921,233,3,277.11,1,1,1,111,Lost
CUST000922,242,3,235.3,1,1,1,111,Lost
CUST000923,420,1,86.27,1,1,1,111,Lost
CUST000924,180,5,454.24,2,2,2,222,Need Attention
CUST000925,65,4,364.0,3,2,2,322,Potential Loyalists
CUST000926,63,8,900.16,3,4,4,344,Champions
CUST000927,76,6,579.77,3,3,3,333,Champions
CUST000928,121,7,588.5,2,4,3,243,Loyal Customers
CUST000929,105,3,239.21,3,1,1,311,Dormant
CUST000930,22,6,765.59,4,3,4,434,Champions
CUST000931,31,6,535.16,4,3,3,433,Champions
CUST000932,11,4,394.34,4,2,2,422,Potential Loyalists
CUST000933,312,4,336.97,1,2,1,121,Lost
CUST000934,120,3,269.99,2,1,1,211,Dormant
CUST000935,212,6,656.09,1,3,3,133,Loyal Customers
CUST000936,242,4,408.24,1,2,2,122,At Risk
CUST000937,21,4,377.1,4,2,2,422,Potential Loyalists
CUST000938,121,8,785.7,2,4,4,244,Loyal Customers
CUST000940,563,1,130.79,1,1,1,111,Lost
CUST000941,163,3,281.96,2,1,1,211,Dormant
CUST000942,174,6,679.52,2,3,4,234,Loyal Customers
CUST000943,41,5,565.04,4,2,3,423,Potential Loyalists
CUST000944,121,3,436.04,2,1,2,212,Dormant
CUST000945,167,3,255.22,2,1,1,211,Dormant
CUST000946,71,10,1035.97,3,4,4,344,Champions
CUST000947,96,7,660.63,3,4,4,344,Champions
CUST000948,8,8,692.1800000000001,4,4,4,444,Champions
CUST000949,389,5,556.26,1,2,3,123,At Risk
CUST000950,335,4,469.33000000000004,1,2,2,122,At Risk
CUST000951,275,5,641.14,1,2,3,123,At Risk
CUST000952,97,6,418.38,3,3,2,332,Potential Loyalists
CUST000953,104,5,583.54,3,2,3,323,Potential Loyalists
CUST000954,124,8,675.42,2,4,4,244,Loyal Customers
CUST000955,29,5,470.51,4,2,2,422,Potential Loyalists
CUST000956,624,3,244.36,1,1,1,111,Lost
CUST000957,98,8,660.74,3,4,4,344,Champions
CUST000958,419,2,155.73000000000002,1,1,1,111,Lost
CUST000959,110,3,356.73,2,1,2,212,Dormant
CUST000960,27,4,309.45,4,2,1,421,Need Attention
CUST000961,113,6,796.3,2,3,4,234,Loyal Customers
CUST000962,59,7,618.53,3,4,3,343,Champions
CUST000963,153,7,682.81,2,4,4,244,Loyal Customers
CUST000964,225,7,680.68,1,4,4,144,Loyal Customers
CUST000965,43,4,512.13,4,2,3,423,Potential Loyalists
CUST000966,175,7,649.06,2,4,3,243,Loyal Customers
CUST000967,114,5,465.18,2,2,2,222,Need Attention
CUST000968,643,2,116.82,1,1,1,111,Lost
CUST000969,23,5,581.49,4,2,3,423,Potential Loyalists
CUST000970,711,2,172.1,1,1,1,111,Lost
CUST000971,420,6,678.19,1,3,4,134,Loyal Customers
CUST000972,86,5,446.87,3,2,2,322,Potential Loyalists
CUST000973,127,6,550.37,2,3,3,233,Loyal Customers
CUST000974,94,4,448.66999999999996,3,2,2,322,Potential Loyalists
CUST000975,536,1,225.7,1,1,1,111,Lost
CUST000976,274,2,203.76,1,1,1,111,Lost
CUST000977,80,8,731.09,3,4,4,344,Champions
CUST000978,168,3,231.24,2,1,1,211,Dormant
CUST000979,54,7,678.7,3,4,4,344,Champions
CUST000980,26,4,315.57,4,2,1,421,Need Attention
CUST000981,315,4,460.76,1,2,2,122,At Risk
CUST000982,51,9,983.9000000000001,3,4,4,344,Champions
CUST000983,36,4,305.8,4,2,1,421,Need Attention
CUST000984,115,2,128.25,2,1,1,211,Dormant
CUST000985,94,4,421.07000000000005,3,2,2,322,Potential Loyalists
CUST000986,203,5,439.64,2,2,2,222,Need Attention
CUST000987,59,5,421.65,3,2,2,322,Potential Loyalists
CUST000988,59,7,696.94,3,4,4,344,Champions
CUST000989,105,4,325.42,3,2,1,321,Need Attention
CUST000990,234,3,296.23,1,1,1,111,Lost
CUST000991,62,7,745.64,3,4,4,344,Champions
CUST000992,164,8,788.5699999999999,2,4,4,244,Loyal Customers
CUST000993,201,7,650.63,2,4,3,243,Loyal Customers
CUST000994,3,10,991.86,4,4,4,444,Champions
CUST000995,190,2,214.75,2,1,1,211,Dormant
CUST000996,204,2,189.14,2,1,1,211,Dormant
CUST000997,202,4,395.34000000000003,2,2,2,222,Need Attention
CUST000998,48,8,728.26,3,4,4,344,Champions
CUST000999,1,7,776.01,4,4,4,444,Champions
CUST001000,35,6,607.81,4,3,3,433,Champions
CUST001001,62,6,620.6,3,3,3,333,Champions
CUST001002,80,4,585.9300000000001,3,2,3,323,Potential Loyalists
CUST001003,120,4,329.66999999999996,2,2,1,221,Need Attention
CUST001004,47,3,233.64,3,1,1,311,Dormant
CUST001005,30,6,689.27,4,3,4,434,Champions
CUST001006,615,2,304.55,1,1,1,111,Lost
CUST001007,181,5,427.93,2,2,2,222,Need Attention
CUST001008,185,6,569.78,2,3,3,233,Loyal Customers
CUST001009,125,3,216.68,2,1,1,211,Dormant
CUST001010,37,3,202.39999999999998,4,1,1,411,Dormant
CUST001011,5,7,771.24,4,4,4,444,Champions
CUST001012,131,7,580.65,2,4,3,243,Loyal Customers
CUST001013,349,3,210.2,1,1,1,111,Lost
CUST001014,105,8,712.83,3,4,4,344,Champions
CUST001015,19,6,574.89,4,3,3,433,Champions
CUST001016,245,4,331.23,1,2,1,121,Lost
CUST001017,19,6,612.26,4,3,3,433,Champions
CUST001018,219,4,492.17999999999995,1,2,3,123,At Risk
CUST001019,157,4,587.6,2,2,3,223,Need Attention
CUST001020,94,7,768.71,3,4,4,344,Champions
CUST001021,10,7,800.28,4,4,4,444,Champions
CUST001022,136,4,542.52,2,2,3,223,Need Attention
CUST001023,111,6,564.72,2,3,3,233,Loyal Customers
CUST001024,48,4,386.46999999999997,3,2,2,322,Potential Loyalists
CUST001025,109,8,744.99,2,4,4,244,Loyal Customers
CUST001026,13,2,229.66,4,1,1,411,Dormant
CUST001027,56,5,636.72,3,2,3,323,Potential Loyalists
CUST001028,232,7,733.13,1,4,4,144,Loyal Customers
CUST001029,95,4,299.28,3,2,1,321,Need Attention
CUST001030,218,2,332.77,1,1,1,111,Lost
CUST001031,121,4,409.39,2,2,2,222,Need Attention
CUST001032,15,4,581.1899999999999,4,2,3,423,Potential Loyalists
CUST001033,5,5,430.92,4,2,2,422,Potential Loyalists
CUST001034,102,7,664.18,3,4,4,344,Champions
CUST001035,102,4,366.45,3,2,2,322,Potential Loyalists
CUST001036,76,6,572.51,3,3,3,333,Champions
CUST001037,21,7,699.78,4,4,4,444,Champions
CUST001038,164,1,66.03,2,1,1,211,Dormant
CUST001039,139,3,294.03,2,1,1,211,Dormant
CUST001040,14,6,648.1899999999999,4,3,3,433,Champions
CUST001041,35,13,1356.5,4,4,4,444,Champions
CUST001042,159,4,406.59000000000003,2,2,2,222,Need Attention
CUST001043,119,8,815.94,2,4,4,244,Loyal Customers
CUST001044,14,4,337.06,4,2,1,421,Need Attention
CUST001045,56,4,454.59000000000003,3,2,2,322,Potential Loyalists
CUST001046,69,9,934.24,3,4,4,344,Champions
CUST001047,10,3,323.99,4,1,1,411,Dormant
CUST001048,417,2,218.18,1,1,1,111,Lost
CUST001049,296,3,189.12,1,1,1,111,Lost
CUST001050,103,7,630.05,3,4,3,343,Champions
CUST001051,33,9,731.95,4,4,4,444,Champions
CUST001052,166,10,1145.2,2,4,4,244,Loyal Customers
CUST001053,182,3,197.59,2,1,1,211,Dormant
CUST001054,122,3,294.15,2,1,1,211,Dormant
CUST001055,16,8,714.7,4,4,4,444,Champions
CUST001056,405,4,355.28999999999996,1,2,2,122,At Risk
CUST001057,153,3,257.3,2,1,1,211,Dormant
CUST001058,2,6,561.22,4,3,3,433,Champions
CUST001059,157,2,190.53999999999996,2,1,1,211,Dormant
CUST001060,302,4,287.88,1,2,1,121,Lost
CUST001061,80,5,428.8,3,2,2,322,Potential Loyalists
CUST001062,62,7,1064.4,3,4,4,344,Champions
CUST001063,20,5,671.49,4,2,4,424,Potential Loyalists
CUST001064,53,7,737.21,3,4,4,344,Champions
CUST001065,47,7,681.61,3,4,4,344,Champions
CUST001066,488,3,258.86,1,1,1,111,Lost
CUST001067,110,7,740.19,2,4,4,244,Loyal Customers
CUST001068,62,5,562.2,3,2,3,323,Potential Loyalists
CUST001069,113,8,714.03,2,4,4,244,Loyal Customers
CUST001070,87,7,648.52,3,4,3,343,Champions
CUST001071,29,4,425.48,4,2,2,422,Potential Loyalists
CUST001072,5,7,733.77,4,4,4,444,Champions
CUST001073,71,6,419.99,3,3,2,332,Potential Loyalists
CUST001074,408,2,139.57,1,1,1,111,Lost
CUST001075,249,8,864.99,1,4,4,144,Loyal Customers
CUST001076,236,4,516.1800000000001,1,2,3,123,At Risk
CUST001077,132,8,769.04,2,4,4,244,Loyal Customers
CUST001078,221,3,295.32,1,1,1,111,Lost
CUST001079,46,7,838.46,4,4,4,444,Champions
CUST001080,54,5,535.72,3,2,3,323,Potential Loyalists
CUST001081,28,3,338.69,4,1,2,412,Dormant
CUST001082,238,4,440.05,1,2,2,122,At Risk
CUST001083,365,4,343.15,1,2,2,122,At Risk
CUST001084,7,5,477.93,4,2,2,422,Potential Loyalists
CUST001085,80,5,649.9100000000001,3,2,3,323,Potential Loyalists
CUST001086,193,2,185.2,2,1,1,211,Dormant
CUST001087,286,3,378.40999999999997,1,1,2,112,Lost
CUST001088,243,8,756.29,1,4,4,144,Loyal Customers
CUST001089,385,2,209.11,1,1,1,111,Lost
CUST001090,130,2,273.95,2,1,1,211,Dormant
CUST001091,92,5,446.28000000000003,3,2,2,322,Potential Loyalists
CUST001092,5,9,984.24,4,4,4,444,Champions
CUST001093,383,2,168.35,1,1,1,111,Lost
CUST001094,19,6,601.52,4,3,3,433,Champions
CUST001095,28,7,710.8,4,4,4,444,Champions
CUST001096,150,6,640.35,2,3,3,233,Loyal Customers
CUST001097,32,6,512.06,4,3,3,433,Champions
CUST001098,186,7,747.71,2,4,4,244,Loyal Customers
CUST001099,120,6,671.1,2,3,4,234,Loyal Customers
CUST001100,142,7,783.28,2,4,4,244,Loyal Customers
CUST001101,466,3,233.64,1,1,1,111,Lost
CUST001102,30,7,656.6,4,4,3,443,Champions
CUST001103,62,5,499.76,3,2,3,323,Potential Loyalists
CUST001104,448,1,70.68,1,1,1,111,Lost
CUST001105,99,1,77.82,3,1,1,311,Dormant
CUST001106,282,4,416.84000000000003,1,2,2,122,At Risk
CUST001107,111,4,404.42,2,2,2,222,Need Attention
CUST001108,1,4,374.85,4,2,2,422,Potential Loyalists
CUST001109,12,1,86.75,4,1,1,411,Dormant
CUST001110,35,6,486.29,4,3,2,432,Potential Loyalists
CUST001111,126,5,418.26,2,2,2,222,Need Attention
CUST001112,49,3,357.46,3,1,2,312,Dormant
CUST001113,143,7,797.26,2,4,4,244,Loyal Customers
CUST001114,29,7,746.82,4,4,4,444,Champions
CUST001115,408,4,502.37,1,2,3,123,At Risk
CUST001116,44,4,656.7,4,2,3,423,Potential Loyalists
CUST001117,21,4,355.53,4,2,2,422,Potential Loyalists
CUST001118,302,5,526.0400000000001,1,2,3,123,At Risk
CUST001119,484,3,277.76,1,1,1,111,Lost
CUST001120,208,3,450.49,2,1,2,212,Dormant
CUST001121,187,6,583.16,2,3,3,233,Loyal Customers
CUST001122,22,4,443.88,4,2,2,422,Potential Loyalists
CUST001123,148,2,196.98999999999998,2,1,1,211,Dormant
CUST001124,101,7,708.03,3,4,4,344,Champions
CUST001125,62,7,755.4,3,4,4,344,Champions
CUST001126,591,1,116.44,1,1,1,111,Lost
CUST001127,194,6,649.08,2,3,3,233,Loyal Customers
CUST001128,74,5,489.67999999999995,3,2,2,322,Potential Loyalists
CUST001129,173,4,383.21,2,2,2,222,Need Attention
CUST001130,3,7,721.12,4,4,4,444,Champions
CUST001131,58,6,615.5,3,3,3,333,Champions
CUST001132,5,8,712.2,4,4,4,444,Champions
CUST001133,18,5,549.18,4,2,3,423,Potential Loyalists
CUST001134,80,3,214.19,3,1,1,311,Dormant
CUST001135,21,3,397.65,4,1,2,412,Dormant
CUST001136,3,7,891.71,4,4,4,444,Champions
CUST001137,14,6,511.13,4,3,3,433,Champions
CUST001138,178,5,383.17,2,2,2,222,Need Attention
CUST001139,50,8,687.8000000000001,3,4,4,344,Champions
CUST001140,171,5,443.32,2,2,2,222,Need Attention
CUST001141,68,6,659.62,3,3,3,333,Champions
CUST001142,502,1,54.49,1,1,1,111,Lost
CUST001143,241,3,435.20000000000005,1,1,2,112,Lost
CUST001144,50,7,540.49,3,4,3,343,Champions
CUST001145,23,9,976.05,4,4,4,444,Champions
CUST001146,173,3,228.54999999999998,2,1,1,211,Dormant
CUST001147,51,6,642.62,3,3,3,333,Champions
CUST001148,110,3,333.63,2,1,1,211,Dormant
CUST001149,80,5,490.09000000000003,3,2,3,323,Potential Loyalists
CUST001150,222,6,648.92,1,3,3,133,Loyal Customers
CUST001151,22,4,318.0,4,2,1,421,Need Attention
CUST001152,371,2,131.45999999999998,1,1,1,111,Lost
CUST001153,67,8,751.09,3,4,4,344,Champions
CUST001154,236,3,296.02,1,1,1,111,Lost
CUST001155,110,5,637.02,2,2,3,223,Need Attention
CUST001156,124,6,584.5600000000001,2,3,3,233,Loyal Customers
CUST001157,4,5,533.24,4,2,3,423,Potential Loyalists
CUST001158,104,7,562.27,3,4,3,343,Champions
CUST001159,86,5,697.09,3,2,4,324,Potential Loyalists
CUST001160,684,1,73.76,1,1,1,111,Lost
CUST001161,5,5,543.51,4,2,3,423,Potential Loyalists
CUST001162,35,4,462.19,4,2,2,422,Potential Loyalists
CUST001163,2,7,658.6,4,4,3,443,Champions
CUST001164,259,3,351.03999999999996,1,1,2,112,Lost
CUST001165,18,3,328.57,4,1,1,411,Dormant
CUST001166,150,5,565.63,2,2,3,223,Need Attention
CUST001167,178,7,904.28,2,4,4,244,Loyal Customers
CUST001168,50,5,476.74,3,2,2,322,Potential Loyalists
CUST001169,52,6,628.66,3,3,3,333,Champions
CUST001170,70,6,773.8399999999999,3,3,4,334,Champions
CUST001171,43,9,1051.54,4,4,4,444,Champions
CUST001172,100,7,738.39,3,4,4,344,Champions
CUST001173,21,7,873.3100000000001,4,4,4,444,Champions
CUST001174,144,4,456.13,2,2,2,222,Need Attention
CUST001175,163,7,720.95,2,4,4,244,Loyal Customers
CUST001176,160,4,314.63,2,2,1,221,Need Attention
CUST001177,19,5,469.71,4,2,2,422,Potential Loyalists
CUST001178,155,2,168.71,2,1,1,211,Dormant
CUST001179,172,7,570.03,2,4,3,243,Loyal Customers
CUST001180,69,6,640.73,3,3,3,333,Champions
CUST001181,126,5,569.3,2,2,3,223,Need Attention
CUST001182,298,3,328.65,1,1,1,111,Lost
CUST001183,24,4,334.3,4,2,1,421,Need Attention
CUST001184,248,3,325.07,1,1,1,111,Lost
CUST001185,221,4,500.37,1,2,3,123,At Risk
CUST001186,200,8,761.37,2,4,4,244,Loyal Customers
CUST001187,247,4,482.58,1,2,2,122,At Risk
CUST001188,71,2,131.51999999999998,3,1,1,311,Dormant
CUST001189,75,4,343.46,3,2,2,322,Potential Loyalists
CUST001190,738,1,99.76,1,1,1,111,Lost
CUST001191,236,5,353.59999999999997,1,2,2,122,At Risk
CUST001192,196,5,476.01,2,2,2,222,Need Attention
CUST001193,43,6,666.1,4,3,4,434,Champions
CUST001194,131,4,351.31,2,2,2,222,Need Attention
CUST001195,656,1,129.79,1,1,1,111,Lost
CUST001196,84,9,1263.65,3,4,4,344,Champions
CUST001197,127,6,574.52,2,3,3,233,Loyal Customers
CUST001198,97,9,802.53,3,4,4,344,Champions
CUST001199,16,5,465.55,4,2,2,422,Potential Loyalists
CUST001200,74,4,519.23,3,2,3,323,Potential Loyalists
CUST001201,431,4,429.64,1,2,2,122,At Risk
CUST001202,78,7,670.36,3,4,4,344,Champions
CUST001203,129,6,515.43,2,3,3,233,Loyal Customers
CUST001204,89,3,344.11,3,1,2,312,Dormant
CUST001205,54,6,691.03,3,3,4,334,Champions
CUST001206,76,7,860.8,3,4,4,344,Champions
CUST001207,46,5,466.65999999999997,4,2,2,422,Potential Loyalists
CUST001208,54,7,748.07,3,4,4,344,Champions
CUST001209,195,7,912.39,2,4,4,244,Loyal Customers
CUST001210,129,5,515.4,2,2,3,223,Need Attention
CUST001211,631,3,481.78000000000003,1,1,2,112,Lost
CUST001212,199,4,491.22,2,2,3,223,Need Attention
CUST001213,113,5,435.83000000000004,2,2,2,222,Need Attention
CUST001214,62,6,428.97,3,3,2,332,Potential Loyalists
CUST001215,263,4,440.59000000000003,1,2,2,122,At Risk
CUST001216,45,6,786.8,4,3,4,434,Champions
CUST001217,101,5,580.29,3,2,3,323,Potential Loyalists
CUST001218,445,6,551.6700000000001,1,3,3,133,Loyal Customers
CUST001219,212,4,410.52,1,2,2,122,At Risk
CUST001220,228,2,271.62,1,1,1,111,Lost
CUST001221,92,2,219.71999999999997,3,1,1,311,Dormant
CUST001222,50,5,598.13,3,2,3,323,Potential Loyalists
CUST001223,321,4,377.75,1,2,2,122,At Risk
CUST001224,157,5,420.39,2,2,2,222,Need Attention
CUST001225,313,2,191.36,1,1,1,111,Lost
CUST001226,13,5,450.06,4,2,2,422,Potential Loyalists
CUST001227,301,2,119.12,1,1,1,111,Lost
CUST001228,114,5,475.94,2,2,2,222,Need Attention
CUST001229,164,6,598.4100000000001,2,3,3,233,Loyal Customers
CUST001230,201,4,415.93,2,2,2,222,Need Attention
CUST001231,65,5,452.12,3,2,2,322,Potential Loyalists
CUST001232,237,6,594.35,1,3,3,133,Loyal Customers
CUST001233,72,6,784.0699999999999,3,3,4,334,Champions
CUST001234,117,2,231.41000000000003,2,1,1,211,Dormant
CUST001235,746,1,82.52,1,1,1,111,Lost
CUST001236,5,3,314.77,4,1,1,411,Dormant
CUST001237,58,10,836.64,3,4,4,344,Champions
CUST001238,16,6,659.97,4,3,3,433,Champions
CUST001239,47,5,515.78,3,2,3,323,Potential Loyalists
CUST001240,88,4,446.39,3,2,2,322,Potential Loyalists
CUST001241,126,8,1057.85,2,4,4,244,Loyal Customers
CUST001242,219,4,431.52,1,2,2,122,At Risk
CUST001243,20,10,1235.34,4,4,4,444,Champions
CUST001244,212,3,366.1,1,1,2,112,Lost
CUST001245,172,7,860.3399999999999,2,4,4,244,Loyal Customers
CUST001246,35,5,379.71999999999997,4,2,2,422,Potential Loyalists
CUST001247,43,7,739.31,4,4,4,444,Champions
CUST001248,209,2,226.44,2,1,1,211,Dormant
CUST001249,397,3,278.63,1,1,1,111,Lost
CUST001250,221,4,513.5,1,2,3,123,At Risk
CUST001251,16,3,222.41,4,1,1,411,Dormant
CUST001252,256,4,354.1,1,2,2,122,At Risk
CUST001253,16,7,747.39,4,4,4,444,Champions
CUST001254,89,6,601.71,3,3,3,333,Champions
CUST001255,82,5,428.13,3,2,2,322,Potential Loyalists
CUST001256,22,2,186.3,4,1,1,411,Dormant
CUST001257,43,9,932.47,4,4,4,444,Champions
CUST001258,102,6,450.4,3,3,2,332,Potential Loyalists
CUST001259,240,5,502.4,1,2,3,123,At Risk
CUST001260,214,1,173.39,1,1,1,111,Lost
CUST001261,223,5,560.09,1,2,3,123,At Risk
CUST001262,283,9,880.55,1,4,4,144,Loyal Customers
CUST001263,229,8,639.48,1,4,3,143,Loyal Customers
CUST001264,89,4,523.69,3,2,3,323,Potential Loyalists
CUST001265,240,6,566.66,1,3,3,133,Loyal Customers
CUST001266,2,5,410.31,4,2,2,422,Potential Loyalists
CUST001267,286,4,324.1,1,2,1,121,Lost
CUST001268,34,8,873.06,4,4,4,444,Champions
CUST001269,190,4,320.85,2,2,1,221,Need Attention
CUST001270,65,5,425.34999999999997,3,2,2,322,Potential Loyalists
CUST001271,84,8,832.63,3,4,4,344,Champions
CUST001272,8,6,605.29,4,3,3,433,Champions
CUST001273,110,6,806.6899999999999,2,3,4,234,Loyal Customers
CUST001274,57,4,469.33,3,2,2,322,Potential Loyalists
CUST001275,182,7,804.33,2,4,4,244,Loyal Customers
CUST001276,128,5,414.25,2,2,2,222,Need Attention
CUST001277,3,5,619.32,4,2,3,423,Potential Loyalists
CUST001278,69,5,473.41999999999996,3,2,2,322,Potential Loyalists
CUST001279,380,3,269.76,1,1,1,111,Lost
CUST001280,478,2,216.61,1,1,1,111,Lost
CUST001281,113,7,624.72,2,4,3,243,Loyal Customers
CUST001282,5,6,750.52,4,3,4,434,Champions
CUST001283,29,10,888.72,4,4,4,444,Champions
CUST001284,61,5,448.59999999999997,3,2,2,322,Potential Loyalists
CUST001285,259,3,261.19,1,1,1,111,Lost
CUST001286,39,2,200.57999999999998,4,1,1,411,Dormant
CUST001287,64,5,438.94,3,2,2,322,Potential Loyalists
CUST001288,553,1,101.97,1,1,1,111,Lost
CUST001289,552,3,326.58000000000004,1,1,1,111,Lost
CUST001290,144,5,509.53000000000003,2,2,3,223,Need Attention
CUST001291,198,6,608.48,2,3,3,233,Loyal Customers
CUST001292,238,2,167.35,1,1,1,111,Lost
CUST001293,54,6,551.47,3,3,3,333,Champions
CUST001294,261,2,133.43,1,1,1,111,Lost
CUST001295,24,5,593.52,4,2,3,423,Potential Loyalists
CUST001296,284,4,292.09000000000003,1,2,1,121,Lost
CUST001297,60,8,762.8,3,4,4,344,Champions
CUST001298,371,5,714.6600000000001,1,2,4,124,At Risk
CUST001299,50,4,438.56,3,2,2,322,Potential Loyalists
CUST001300,367,6,543.25,1,3,3,133,Loyal Customers
CUST001301,208,3,301.52,2,1,1,211,Dormant
CUST001302,331,5,423.62,1,2,2,122,At Risk
CUST001303,170,5,546.94,2,2,3,223,Need Attention
CUST001304,22,4,443.16,4,2,2,422,Potential Loyalists
CUST001305,48,3,215.81,3,1,1,311,Dormant
CUST001306,9,6,636.83,4,3,3,433,Champions
CUST001307,172,5,538.51,2,2,3,223,Need Attention
CUST001308,60,3,327.65999999999997,3,1,1,311,Dormant
CUST001309,19,5,722.62,4,2,4,424,Potential Loyalists
CUST001310,13,7,885.47,4,4,4,444,Champions
CUST001311,14,10,1050.93,4,4,4,444,Champions
CUST001312,105,9,970.65,3,4,4,344,Champions
CUST001313,26,4,434.33000000000004,4,2,2,422,Potential Loyalists
CUST001314,9,5,454.83000000000004,4,2,2,422,Potential Loyalists
CUST001315,188,5,731.61,2,2,4,224,Need Attention
CUST001316,14,6,845.4,4,3,4,434,Champions
CUST001317,83,6,555.19,3,3,3,333,Champions
CUST001318,148,2,187.57,2,1,1,211,Dormant
CUST001319,708,1,126.69,1,1,1,111,Lost
CUST001320,12,7,909.98,4,4,4,444,Champions
CUST001321,41,1,146.59,4,1,1,411,Dormant
CUST001322,403,4,465.2,1,2,2,122,At Risk
CUST001323,27,5,436.18,4,2,2,422,Potential Loyalists
CUST001324,124,2,162.41,2,1,1,211,Dormant
CUST001325,294,3,397.89,1,1,2,112,Lost
CUST001326,50,7,511.39,3,4,3,343,Champions
CUST001327,177,1,94.82,2,1,1,211,Dormant
CUST001328,148,6,490.07,2,3,3,233,Loyal Customers
CUST001329,400,4,555.3,1,2,3,123,At Risk
CUST001330,357,5,609.3399999999999,1,2,3,123,At Risk
CUST001331,27,6,601.4499999999999,4,3,3,433,Champions
CUST001332,40,5,517.12,4,2,3,423,Potential Loyalists
CUST001333,100,5,428.03,3,2,2,322,Potential Loyalists
CUST001334,10,3,322.9,4,1,1,411,Dormant
CUST001335,134,2,158.91,2,1,1,211,Dormant
CUST001336,87,6,598.44,3,3,3,333,Champions
CUST001337,57,5,391.4,3,2,2,322,Potential Loyalists
CUST001338,21,10,968.8,4,4,4,444,Champions
CUST001339,203,7,799.7,2,4,4,244,Loyal Customers
CUST001340,99,3,166.73,3,1,1,311,Dormant
CUST001341,12,5,699.15,4,2,4,424,Potential Loyalists
CUST001342,185,6,571.86,2,3,3,233,Loyal Customers
CUST001343,263,3,277.03999999999996,1,1,1,111,Lost
CUST001344,11,6,623.81,4,3,3,433,Champions
CUST001345,33,14,1372.24,4,4,4,444,Champions
CUST001346,125,3,244.99,2,1,1,211,Dormant
CUST001347,191,4,496.90999999999997,2,2,3,223,Need Attention
CUST001348,135,6,584.48,2,3,3,233,Loyal Customers
CUST001349,260,2,202.86,1,1,1,111,Lost
CUST001350,169,2,219.91,2,1,1,211,Dormant
CUST001351,26,3,316.94,4,1,1,411,Dormant
CUST001352,135,7,893.7,2,4,4,244,Loyal Customers
CUST001353,146,4,419.75,2,2,2,222,Need Attention
CUST001354,444,5,560.57,1,2,3,123,At Risk
CUST001355,228,2,125.11,1,1,1,111,Lost
CUST001356,37,8,816.02,4,4,4,444,Champions
CUST001357,63,9,895.71,3,4,4,344,Champions
CUST001358,31,6,534.38,4,3,3,433,Champions
CUST001359,61,5,528.17,3,2,3,323,Potential Loyalists
CUST001360,130,6,544.09,2,3,3,233,Loyal Customers
CUST001361,117,10,1012.96,2,4,4,244,Loyal Customers
CUST001362,193,4,471.12,2,2,2,222,Need Attention
CUST001364,553,7,755.31,1,4,4,144,Loyal Customers
CUST001365,509,2,112.63,1,1,1,111,Lost
CUST001366,310,2,163.8,1,1,1,111,Lost
CUST001367,30,6,724.5799999999999,4,3,4,434,Champions
CUST001368,167,4,404.84,2,2,2,222,Need Attention
CUST001369,53,6,519.9,3,3,3,333,Champions
CUST001370,140,3,298.01,2,1,1,211,Dormant
CUST001371,233,6,560.84,1,3,3,133,Loyal Customers
CUST001372,250,5,564.79,1,2,3,123,At Risk
CUST001373,24,4,449.14,4,2,2,422,Potential Loyalists
CUST001374,88,4,379.11,3,2,2,322,Potential Loyalists
CUST001375,62,5,415.49,3,2,2,322,Potential Loyalists
CUST001376,119,8,919.24,2,4,4,244,Loyal Customers
CUST001377,69,6,524.06,3,3,3,333,Champions
CUST001378,107,2,164.6,2,1,1,211,Dormant
CUST001379,556,2,329.78999999999996,1,1,1,111,Lost
CUST001380,72,2,180.72,3,1,1,311,Dormant
CUST001381,242,4,445.18,1,2,2,122,At Risk
CUST001382,312,5,624.47,1,2,3,123,At Risk
CUST001383,35,4,408.9,4,2,2,422,Potential Loyalists
CUST001384,96,6,569.27,3,3,3,333,Champions
CUST001385,46,5,497.29,4,2,3,423,Potential Loyalists
CUST001386,14,3,322.87,4,1,1,411,Dormant
CUST001387,104,2,277.81,3,1,1,311,Dormant
CUST001388,240,4,452.55,1,2,2,122,At Risk
CUST001390,146,7,582.92,2,4,3,243,Loyal Customers
CUST001391,166,7,624.2,2,4,3,243,Loyal Customers
CUST001392,101,8,831.31,3,4,4,344,Champions
CUST001393,82,3,329.94,3,1,1,311,Dormant
CUST001394,48,4,336.25,3,2,1,321,Need Attention
CUST001395,73,5,585.45,3,2,3,323,Potential Loyalists
CUST001396,140,4,401.61,2,2,2,222,Need Attention
CUST001397,9,8,787.84,4,4,4,444,Champions
CUST001398,130,4,292.20000000000005,2,2,1,221,Need Attention
CUST001399,89,3,271.65,3,1,1,311,Dormant
CUST001400,72,7,656.95,3,4,3,343,Champions
CUST001401,7,3,224.23,4,1,1,411,Dormant
CUST001402,125,2,189.32,2,1,1,211,Dormant
CUST001403,73,10,975.83,3,4,4,344,Champions
CUST001404,218,5,483.15,1,2,2,122,At Risk
CUST001405,461,2,229.45,1,1,1,111,Lost
CUST001406,6,9,749.75,4,4,4,444,Champions
CUST001407,133,5,508.45,2,2,3,223,Need Attention
CUST001408,116,10,904.4399999999999,2,4,4,244,Loyal Customers
CUST001409,418,5,580.22,1,2,3,123,At Risk
CUST001410,10,6,461.32,4,3,2,432,Potential Loyalists
CUST001411,88,5,356.98,3,2,2,322,Potential Loyalists
CUST001412,61,9,976.59,3,4,4,344,Champions
CUST001413,149,7,589.83,2,4,3,243,Loyal Customers
CUST001414,130,3,294.46000000000004,2,1,1,211,Dormant
CUST001415,74,7,804.74,3,4,4,344,Champions
CUST001416,49,5,564.87,3,2,3,323,Potential Loyalists
CUST001417,352,4,665.25,1,2,4,124,At Risk
CUST001418,269,4,398.77,1,2,2,122,At Risk
CUST001419,285,6,613.33,1,3,3,133,Loyal Customers
CUST001420,63,9,1109.34,3,4,4,344,Champions
CUST001421,108,5,511.73,2,2,3,223,Need Attention
CUST001422,54,8,828.32,3,4,4,344,Champions
CUST001423,145,3,191.27,2,1,1,211,Dormant
CUST001424,231,5,493.86,1,2,3,123,At Risk
CUST001425,436,8,743.8499999999999,1,4,4,144,Loyal Customers
CUST001426,186,6,558.99,2,3,3,233,Loyal Customers
CUST001427,23,5,600.5799999999999,4,2,3,423,Potential Loyalists
CUST001428,253,6,646.3,1,3,3,133,Loyal Customers
CUST001429,8,5,559.1500000000001,4,2,3,423,Potential Loyalists
CUST001430,262,5,356.58,1,2,2,122,At Risk
CUST001431,303,3,321.63000000000005,1,1,1,111,Lost
CUST001432,389,4,345.07,1,2,2,122,At Risk
CUST001433,140,4,369.15,2,2,2,222,Need Attention
CUST001434,393,6,508.53,1,3,3,133,Loyal Customers
CUST001435,69,7,599.06,3,4,3,343,Champions
CUST001436,242,2,209.37,1,1,1,111,Lost
CUST001437,93,8,792.85,3,4,4,344,Champions
CUST001438,138,9,978.23,2,4,4,244,Loyal Customers
CUST001439,155,5,673.11,2,2,4,224,Need Attention
CUST001440,213,2,184.08,1,1,1,111,Lost
CUST001441,356,6,609.0,1,3,3,133,Loyal Customers
CUST001442,103,9,900.04,3,4,4,344,Champions
CUST001443,7,7,731.28,4,4,4,444,Champions
CUST001444,332,5,628.71,1,2,3,123,At Risk
CUST001445,16,7,679.78,4,4,4,444,Champions
CUST001446,119,4,448.14,2,2,2,222,Need Attention
CUST001447,232,5,601.3,1,2,3,123,At Risk
CUST001448,2,6,726.1600000000001,4,3,4,434,Champions
CUST001449,682,1,82.57,1,1,1,111,Lost
CUST001450,173,5,491.26,2,2,3,223,Need Attention
CUST001451,186,5,532.26,2,2,3,223,Need Attention
CUST001452,22,2,228.39,4,1,1,411,Dormant
CUST001453,16,6,474.98,4,3,2,432,Potential Loyalists
CUST001454,248,4,390.49,1,2,2,122,At Risk
CUST001455,281,5,547.66,1,2,3,123,At Risk
CUST001456,114,8,822.26,2,4,4,244,Loyal Customers
CUST001457,272,4,503.45,1,2,3,123,At Risk
CUST001458,64,2,233.24,3,1,1,311,Dormant
CUST001459,30,7,635.44,4,4,3,443,Champions
CUST001460,9,6,568.8,4,3,3,433,Champions
CUST001461,45,6,670.25,4,3,4,434,Champions
CUST001462,218,3,416.40999999999997,1,1,2,112,Lost
CUST001463,134,5,575.47,2,2,3,223,Need Attention
CUST001464,86,8,754.1,3,4,4,344,Champions
CUST001465,15,2,185.04000000000002,4,1,1,411,Dormant
CUST001466,61,7,778.97,3,4,4,344,Champions
CUST001467,136,7,899.47,2,4,4,244,Loyal Customers
CUST001468,47,9,1124.83,3,4,4,344,Champions
CUST001469,50,4,398.09,3,2,2,322,Potential Loyalists
CUST001470,14,3,366.08,4,1,2,412,Dormant
CUST001471,70,12,1424.85,3,4,4,344,Champions
CUST001472,55,4,415.56,3,2,2,322,Potential Loyalists
CUST001473,87,5,521.1400000000001,3,2,3,323,Potential Loyalists
CUST001474,188,6,660.84,2,3,4,234,Loyal Customers
CUST001475,33,4,482.87,4,2,2,422,Potential Loyalists
CUST001476,137,1,80.29,2,1,1,211,Dormant
CUST001477,99,5,356.31,3,2,2,322,Potential Loyalists
CUST001478,117,5,439.91,2,2,2,222,Need Attention
CUST001479,109,3,288.08,2,1,1,211,Dormant
CUST001480,57,8,968.62,3,4,4,344,Champions
CUST001481,52,7,640.98,3,4,3,343,Champions
CUST001482,467,1,189.43,1,1,1,111,Lost
CUST001483,161,6,584.63,2,3,3,233,Loyal Customers
CUST001484,17,4,361.43,4,2,2,422,Potential Loyalists
CUST001485,41,5,411.39,4,2,2,422,Potential Loyalists
CUST001486,19,8,638.46,4,4,3,443,Champions
CUST001487,182,4,480.23,2,2,2,222,Need Attention
CUST001488,28,3,265.46,4,1,1,411,Dormant
CUST001489,316,3,265.13,1,1,1,111,Lost
CUST001490,321,3,398.07000000000005,1,1,2,112,Lost
CUST001491,6,8,819.42,4,4,4,444,Champions
CUST001492,57,8,854.11,3,4,4,344,Champions
CUST001493,350,4,329.81,1,2,1,121,Lost
CUST001494,50,4,403.96,3,2,2,322,Potential Loyalists
CUST001495,181,3,290.51,2,1,1,211,Dormant
CUST001496,16,5,524.81,4,2,3,423,Potential Loyalists
CUST001497,95,3,245.98000000000002,3,1,1,311,Dormant
CUST001498,230,6,471.37,1,3,2,132,At Risk
CUST001499,75,9,948.93,3,4,4,344,Champions
CUST001500,8,6,494.13,4,3,3,433,Champions
CUST001501,45,7,557.97,4,4,3,443,Champions
CUST001502,47,3,292.32,3,1,1,311,Dormant
CUST001503,3,10,1051.91,4,4,4,444,Champions
CUST001504,27,4,367.78999999999996,4,2,2,422,Potential Loyalists
CUST001505,14,9,923.6,4,4,4,444,Champions
CUST001506,7,3,187.24,4,1,1,411,Dormant
CUST001507,508,5,485.04,1,2,2,122,At Risk
CUST001508,34,8,670.3,4,4,4,444,Champions
CUST001509,16,4,403.64,4,2,2,422,Potential Loyalists
CUST001510,218,2,215.52,1,1,1,111,Lost
CUST001511,223,4,360.24,1,2,2,122,At Risk
CUST001512,5,8,765.63,4,4,4,444,Champions
CUST001513,84,7,792.2,3,4,4,344,Champions
CUST001514,37,5,607.16,4,2,3,423,Potential Loyalists
CUST001515,49,7,845.6700000000001,3,4,4,344,Champions
CUST001516,63,7,858.52,3,4,4,344,Champions
CUST001517,144,6,617.06,2,3,3,233,Loyal Customers
CUST001518,115,11,1204.71,2,4,4,244,Loyal Customers
CUST001519,29,7,1032.03,4,4,4,444,Champions
CUST001520,14,3,274.5,4,1,1,411,Dormant
CUST001521,23,5,445.95,4,2,2,422,Potential Loyalists
CUST001522,140,8,668.66,2,4,4,244,Loyal Customers
CUST001523,520,2,142.65,1,1,1,111,Lost
CUST001524,50,5,561.99,3,2,3,323,Potential Loyalists
CUST001525,205,3,284.24,2,1,1,211,Dormant
CUST001526,398,2,328.04,1,1,1,111,Lost
CUST001527,187,5,584.34,2,2,3,223,Need Attention
CUST001528,79,6,574.57,3,3,3,333,Champions
CUST001529,14,4,455.34000000000003,4,2,2,422,Potential Loyalists
CUST001530,49,5,534.75,3,2,3,323,Potential Loyalists
CUST001531,272,5,435.8,1,2,2,122,At Risk
CUST001532,79,6,466.90999999999997,3,3,2,332,Potential Loyalists
CUST001533,528,2,225.13,1,1,1,111,Lost
CUST001534,33,5,463.59000000000003,4,2,2,422,Potential Loyalists
CUST001535,118,8,538.52,2,4,3,243,Loyal Customers
CUST001536,124,4,422.74,2,2,2,222,Need Attention
CUST001537,96,7,693.63,3,4,4,344,Champions
CUST001538,191,4,333.64,2,2,1,221,Need Attention
CUST001539,88,10,1092.79,3,4,4,344,Champions
CUST001540,37,7,628.91,4,4,3,443,Champions
CUST001541,2,5,656.37,4,2,3,423,Potential Loyalists
CUST001542,111,5,685.26,2,2,4,224,Need Attention
CUST001543,173,5,410.05,2,2,2,222,Need Attention
CUST001544,114,4,324.38,2,2,1,221,Need Attention
CUST001545,602,3,346.61,1,1,2,112,Lost
CUST001546,180,3,348.40999999999997,2,1,2,212,Dormant
CUST001547,51,3,399.1,3,1,2,312,Dormant
CUST001548,277,1,87.35,1,1,1,111,Lost
CUST001549,108,4,543.38,2,2,3,223,Need Attention
CUST001550,52,6,572.39,3,3,3,333,Champions
CUST001551,524,2,198.51999999999998,1,1,1,111,Lost
CUST001552,86,9,1037.92,3,4,4,344,Champions
CUST001553,129,5,556.2,2,2,3,223,Need Attention
CUST001554,49,3,297.81,3,1,1,311,Dormant
CUST001555,102,4,461.96,3,2,2,322,Potential Loyalists
CUST001556,79,2,282.39,3,1,1,311,Dormant
CUST001557,160,4,470.69,2,2,2,222,Need Attention
CUST001558,19,7,780.8199999999999,4,4,4,444,Champions
CUST001559,64,4,283.25,3,2,1,321,Need Attention
CUST001560,86,4,546.86,3,2,3,323,Potential Loyalists
CUST001561,169,7,651.25,2,4,3,243,Loyal Customers
CUST001562,69,7,807.6,3,4,4,344,Champions
CUST001563,60,3,232.18,3,1,1,311,Dormant
CUST001564,6,8,940.75,4,4,4,444,Champions
CUST001565,236,5,466.71,1,2,2,122,At Risk
CUST001566,86,4,342.44,3,2,2,322,Potential Loyalists
CUST001567,183,6,611.93,2,3,3,233,Loyal Customers
CUST001568,190,3,313.09000000000003,2,1,1,211,Dormant
CUST001569,59,6,650.88,3,3,3,333,Champions
CUST001570,35,6,458.47,4,3,2,432,Potential Loyalists
CUST001571,41,6,747.6800000000001,4,3,4,434,Champions
CUST001572,182,6,772.79,2,3,4,234,Loyal Customers
CUST001573,9,7,758.51,4,4,4,444,Champions
CUST001574,383,3,234.84000000000003,1,1,1,111,Lost
CUST001575,144,6,621.55,2,3,3,233,Loyal Customers
CUST001576,243,4,282.08,1,2,1,121,Lost
CUST001577,191,2,172.07999999999998,2,1,1,211,Dormant
CUST001578,57,10,904.81,3,4,4,344,Champions
CUST001579,358,1,104.21,1,1,1,111,Lost
CUST001580,1,1,137.34,4,1,1,411,Dormant
CUST001581,207,6,616.31,2,3,3,233,Loyal Customers
CUST001582,249,8,831.43,1,4,4,144,Loyal Customers
CUST001583,130,6,563.6700000000001,2,3,3,233,Loyal Customers
CUST001584,226,5,480.32,1,2,2,122,At Risk
CUST001585,96,5,515.89,3,2,3,323,Potential Loyalists
CUST001586,19,6,649.14,4,3,3,433,Champions
CUST001587,97,3,250.07999999999998,3,1,1,311,Dormant
CUST001588,68,6,591.03,3,3,3,333,Champions
CUST001589,75,4,253.71,3,2,1,321,Need Attention
CUST001590,10,8,613.89,4,4,3,443,Champions
CUST001591,185,6,500.97,2,3,3,233,Loyal Customers
CUST001592,74,5,476.42,3,2,2,322,Potential Loyalists
CUST001593,31,6,480.85,4,3,2,432,Potential Loyalists
CUST001594,208,5,456.34999999999997,2,2,2,222,Need Attention
CUST001595,92,6,621.15,3,3,3,333,Champions
CUST001596,40,2,287.59000000000003,4,1,1,411,Dormant
CUST001597,30,5,562.79,4,2,3,423,Potential Loyalists
CUST001598,174,7,723.12,2,4,4,244,Loyal Customers
CUST001599,94,8,912.65,3,4,4,344,Champions
CUST001600,185,2,201.31,2,1,1,211,Dormant
CUST001601,265,5,579.26,1,2,3,123,At Risk
CUST001602,88,5,481.56,3,2,2,322,Potential Loyalists
CUST001603,34,6,503.21,4,3,3,433,Champions
CUST001604,269,4,354.14,1,2,2,122,At Risk
CUST001605,89,9,964.71,3,4,4,344,Champions
CUST001606,227,4,469.49,1,2,2,122,At Risk
CUST001607,55,9,1000.1899999999999,3,4,4,344,Champions
CUST001608,24,6,752.3100000000001,4,3,4,434,Champions
CUST001609,90,5,650.09,3,2,3,323,Potential Loyalists
CUST001610,44,6,665.98,4,3,4,434,Champions
CUST001611,227,6,435.03000000000003,1,3,2,132,At Risk
CUST001612,47,8,862.53,3,4,4,344,Champions
CUST001613,53,6,572.5699999999999,3,3,3,333,Champions
CUST001614,7,10,955.03,4,4,4,444,Champions
CUST001615,49,2,239.2,3,1,1,311,Dormant
CUST001616,94,5,541.84,3,2,3,323,Potential Loyalists
CUST001617,103,7,656.05,3,4,3,343,Champions
CUST001618,116,5,459.85,2,2,2,222,Need Attention
CUST001619,390,2,261.21,1,1,1,111,Lost
CUST001620,6,3,457.83000000000004,4,1,2,412,Dormant
CUST001621,5,9,788.54,4,4,4,444,Champions
CUST001622,17,8,941.8499999999999,4,4,4,444,Champions
CUST001623,273,3,418.99,1,1,2,112,Lost
CUST001624,145,8,841.61,2,4,4,244,Loyal Customers
CUST001625,168,2,171.48000000000002,2,1,1,211,Dormant
CUST001626,84,6,629.05,3,3,3,333,Champions
CUST001627,185,4,454.32,2,2,2,222,Need Attention
CUST001628,93,4,496.68,3,2,3,323,Potential Loyalists
CUST001629,122,4,386.78999999999996,2,2,2,222,Need Attention
CUST001630,141,5,486.5,2,2,2,222,Need Attention
CUST001631,163,8,829.11,2,4,4,244,Loyal Customers
CUST001632,483,5,454.14,1,2,2,122,At Risk
CUST001633,94,4,475.2,3,2,2,322,Potential Loyalists
CUST001634,161,3,261.89,2,1,1,211,Dormant
CUST001635,50,3,211.32999999999998,3,1,1,311,Dormant
CUST001636,406,4,525.0999999999999,1,2,3,123,At Risk
CUST001637,224,2,228.76999999999998,1,1,1,111,Lost
CUST001638,81,2,173.01,3,1,1,311,Dormant
CUST001639,61,8,794.05,3,4,4,344,Champions
CUST001640,29,6,519.41,4,3,3,433,Champions
CUST001641,158,7,769.01,2,4,4,244,Loyal Customers
CUST001642,210,6,482.9,2,3,2,232,Need Attention
CUST001643,152,9,710.37,2,4,4,244,Loyal Customers
CUST001644,326,3,323.78999999999996,1,1,1,111,Lost
CUST001645,16,3,195.27,4,1,1,411,Dormant
CUST001646,193,4,476.94,2,2,2,222,Need Attention
CUST001647,33,5,635.63,4,2,3,423,Potential Loyalists
CUST001648,260,2,197.74,1,1,1,111,Lost
CUST001649,334,2,206.87,1,1,1,111,Lost
CUST001650,142,9,824.54,2,4,4,244,Loyal Customers
CUST001651,717,1,97.04,1,1,1,111,Lost
CUST001652,306,8,877.04,1,4,4,144,Loyal Customers
CUST001653,96,3,306.15999999999997,3,1,1,311,Dormant
CUST001654,360,8,777.6,1,4,4,144,Loyal Customers
CUST001655,154,2,157.8,2,1,1,211,Dormant
CUST001656,15,5,488.11,4,2,2,422,Potential Loyalists
CUST001657,198,6,631.34,2,3,3,233,Loyal Customers
CUST001658,150,6,721.9,2,3,4,234,Loyal Customers
CUST001659,13,2,218.39000000000001,4,1,1,411,Dormant
CUST001660,20,5,437.94,4,2,2,422,Potential Loyalists
CUST001661,37,6,662.24,4,3,4,434,Champions
CUST001662,215,5,458.38,1,2,2,122,At Risk
CUST001663,143,4,243.58,2,2,1,221,Need Attention
CUST001664,55,5,498.12,3,2,3,323,Potential Loyalists
CUST001665,79,4,497.79,3,2,3,323,Potential Loyalists
CUST001666,203,4,520.04,2,2,3,223,Need Attention
CUST001667,146,6,605.59,2,3,3,233,Loyal Customers
CUST001668,257,11,1165.5,1,4,4,144,Loyal Customers
CUST001669,51,4,495.01,3,2,3,323,Potential Loyalists
CUST001670,86,5,498.35,3,2,3,323,Potential Loyalists
CUST001671,53,9,864.02,3,4,4,344,Champions
CUST001672,4,3,314.76,4,1,1,411,Dormant
CUST001673,296,5,507.08000000000004,1,2,3,123,At Risk
CUST001674,161,7,792.3299999999999,2,4,4,244,Loyal Customers
CUST001675,27,6,692.9,4,3,4,434,Champions
CUST001676,205,6,588.79,2,3,3,233,Loyal Customers
CUST001677,3,9,1028.77,4,4,4,444,Champions
CUST001678,339,4,430.45,1,2,2,122,At Risk
CUST001679,175,5,490.10999999999996,2,2,3,223,Need Attention
CUST001680,35,8,1115.95,4,4,4,444,Champions
CUST001681,122,8,799.14,2,4,4,244,Loyal Customers
CUST001682,28,6,582.68,4,3,3,433,Champions
CUST001683,248,3,265.46,1,1,1,111,Lost
CUST001684,141,3,228.01999999999998,2,1,1,211,Dormant
CUST001685,103,3,281.12,3,1,1,311,Dormant
CUST001686,7,2,255.70000000000002,4,1,1,411,Dormant
CUST001687,50,8,794.16,3,4,4,344,Champions
CUST001688,90,5,387.78,3,2,2,322,Potential Loyalists
CUST001689,68,3,260.18,3,1,1,311,Dormant
CUST001690,48,5,526.61,3,2,3,323,Potential Loyalists
CUST001691,1,6,501.04,4,3,3,433,Champions
CUST001692,79,9,835.01,3,4,4,344,Champions
CUST001693,74,7,591.96,3,4,3,343,Champions
CUST001694,10,6,688.72,4,3,4,434,Champions
CUST001695,88,9,904.28,3,4,4,344,Champions
CUST001696,318,6,722.92,1,3,4,134,Loyal Customers
CUST001697,210,3,334.81,2,1,1,211,Dormant
CUST001698,100,3,309.54,3,1,1,311,Dormant
CUST001699,4,4,418.61,4,2,2,422,Potential Loyalists
CUST001700,252,4,464.78999999999996,1,2,2,122,At Risk
CUST001701,234,6,525.02,1,3,3,133,Loyal Customers
CUST001702,40,8,702.73,4,4,4,444,Champions
CUST001703,45,5,371.99,4,2,2,422,Potential Loyalists
CUST001704,13,4,348.67,4,2,2,422,Potential Loyalists
CUST001705,276,6,688.69,1,3,4,134,Loyal Customers
CUST001706,149,5,593.39,2,2,3,223,Need Attention
CUST001707,194,5,503.63,2,2,3,223,Need Attention
CUST001708,80,6,713.46,3,3,4,334,Champions
CUST001709,180,5,392.46000000000004,2,2,2,222,Need Attention
CUST001710,451,5,354.48,1,2,2,122,At Risk
CUST001711,281,5,517.9399999999999,1,2,3,123,At Risk
CUST001712,275,8,730.23,1,4,4,144,Loyal Customers
CUST001713,197,2,177.22,2,1,1,211,Dormant
CUST001714,201,9,953.43,2,4,4,244,Loyal Customers
CUST001715,122,4,377.98,2,2,2,222,Need Attention
CUST001716,269,2,217.01,1,1,1,111,Lost
CUST001717,149,5,490.87,2,2,3,223,Need Attention
CUST001718,40,3,411.34000000000003,4,1,2,412,Dormant
CUST001719,283,3,316.23,1,1,1,111,Lost
CUST001720,94,6,489.03,3,3,2,332,Potential Loyalists
CUST001721,100,7,840.62,3,4,4,344,Champions
CUST001722,97,7,711.54,3,4,4,344,Champions
CUST001723,365,1,85.42,1,1,1,111,Lost
CUST001724,14,8,879.88,4,4,4,444,Champions
CUST001725,84,4,341.62,3,2,2,322,Potential Loyalists
CUST001726,93,2,235.63,3,1,1,311,Dormant
CUST001727,77,7,640.31,3,4,3,343,Champions
CUST001728,214,2,153.86,1,1,1,111,Lost
CUST001729,40,6,547.36,4,3,3,433,Champions
CUST001730,108,4,504.14000000000004,2,2,3,223,Need Attention
CUST001731,27,7,791.0,4,4,4,444,Champions
CUST001732,40,9,1152.45,4,4,4,444,Champions
CUST001733,17,7,608.5699999999999,4,4,3,443,Champions
CUST001734,420,3,317.17999999999995,1,1,1,111,Lost
CUST001735,227,6,607.5699999999999,1,3,3,133,Loyal Customers
CUST001736,93,6,490.05,3,3,3,333,Champions
CUST001737,291,3,304.01,1,1,1,111,Lost
CUST001738,142,5,521.46,2,2,3,223,Need Attention
CUST001739,106,2,120.14,3,1,1,311,Dormant
CUST001740,83,7,904.95,3,4,4,344,Champions
CUST001741,164,6,701.5,2,3,4,234,Loyal Customers
CUST001742,360,4,453.3,1,2,2,122,At Risk
CUST001743,39,1,145.04,4,1,1,411,Dormant
CUST001744,169,11,1154.6,2,4,4,244,Loyal Customers
CUST001745,36,7,773.5,4,4,4,444,Champions
CUST001746,52,4,358.01,3,2,2,322,Potential Loyalists
CUST001747,238,6,572.3199999999999,1,3,3,133,Loyal Customers
CUST001748,67,4,389.18,3,2,2,322,Potential Loyalists
CUST001749,99,6,597.82,3,3,3,333,Champions
CUST001750,19,3,338.25,4,1,1,411,Dormant
CUST001751,352,4,438.03,1,2,2,122,At Risk
CUST001752,237,7,791.5699999999999,1,4,4,144,Loyal Customers
CUST001753,101,4,330.27,3,2,1,321,Need Attention
CUST001754,167,5,508.16999999999996,2,2,3,223,Need Attention
CUST001755,519,3,333.83,1,1,1,111,Lost
CUST001756,95,2,130.81,3,1,1,311,Dormant
CUST001757,143,5,527.59,2,2,3,223,Need Attention
CUST001758,49,3,472.41,3,1,2,312,Dormant
CUST001759,296,2,182.15,1,1,1,111,Lost
CUST001760,127,8,653.97,2,4,3,243,Loyal Customers
CUST001761,234,5,503.65999999999997,1,2,3,123,At Risk
CUST001762,2,4,384.55,4,2,2,422,Potential Loyalists
CUST001763,375,2,241.36,1,1,1,111,Lost
CUST001764,23,6,575.98,4,3,3,433,Champions
CUST001765,74,6,689.1700000000001,3,3,4,334,Champions
CUST001766,186,4,388.86,2,2,2,222,Need Attention
CUST001767,28,3,220.32,4,1,1,411,Dormant
CUST001768,236,4,503.62,1,2,3,123,At Risk
CUST001769,43,5,652.3,4,2,3,423,Potential Loyalists
CUST001770,72,6,524.0699999999999,3,3,3,333,Champions
CUST001771,124,8,721.58,2,4,4,244,Loyal Customers
CUST001772,102,5,528.75,3,2,3,323,Potential Loyalists
CUST001773,23,3,254.53000000000003,4,1,1,411,Dormant
CUST001774,74,5,446.42999999999995,3,2,2,322,Potential Loyalists
CUST001775,2,8,993.31,4,4,4,444,Champions
CUST001776,56,6,572.87,3,3,3,333,Champions
CUST001777,33,13,1605.27,4,4,4,444,Champions
CUST001778,35,6,479.98999999999995,4,3,2,432,Potential Loyalists
CUST001779,130,7,669.85,2,4,4,244,Loyal Customers
CUST001780,49,7,793.72,3,4,4,344,Champions
CUST001781,65,4,383.59000000000003,3,2,2,322,Potential Loyalists
CUST001782,58,7,795.13,3,4,4,344,Champions
CUST001783,198,3,259.34000000000003,2,1,1,211,Dormant
CUST001784,46,6,685.09,4,3,4,434,Champions
CUST001785,499,2,199.29000000000002,1,1,1,111,Lost
CUST001786,220,6,619.47,1,3,3,133,Loyal Customers
CUST001787,151,6,676.43,2,3,4,234,Loyal Customers
CUST001788,192,4,445.51,2,2,2,222,Need Attention
CUST001789,106,5,536.53,3,2,3,323,Potential Loyalists
CUST001790,131,5,630.09,2,2,3,223,Need Attention
CUST001791,54,5,468.43,3,2,2,322,Potential Loyalists
CUST001792,36,10,895.17,4,4,4,444,Champions
CUST001793,41,4,396.49,4,2,2,422,Potential Loyalists
CUST001794,318,2,145.1,1,1,1,111,Lost
CUST001795,320,5,364.68,1,2,2,122,At Risk
CUST001796,121,10,1154.44,2,4,4,244,Loyal Customers
CUST001797,66,3,209.32999999999998,3,1,1,311,Dormant
CUST001798,209,6,678.99,2,3,4,234,Loyal Customers
CUST001799,79,3,404.16,3,1,2,312,Dormant
CUST001800,215,6,549.19,1,3,3,133,Loyal Customers
CUST001801,210,3,210.14,2,1,1,211,Dormant
CUST001802,196,4,388.94,2,2,2,222,Need Attention
CUST001803,336,6,724.04,1,3,4,134,Loyal Customers
CUST001804,121,7,699.42,2,4,4,244,Loyal Customers
CUST001805,114,3,288.15999999999997,2,1,1,211,Dormant
CUST001806,181,4,337.15,2,2,1,221,Need Attention
CUST001807,263,4,431.46000000000004,1,2,2,122,At Risk
CUST001808,154,6,659.93,2,3,3,233,Loyal Customers
CUST001809,2,6,543.84,4,3,3,433,Champions
CUST001810,166,4,366.83000000000004,2,2,2,222,Need Attention
CUST001811,149,2,150.19,2,1,1,211,Dormant
CUST001812,51,9,995.27,3,4,4,344,Champions
CUST001813,60,7,636.1600000000001,3,4,3,343,Champions
CUST001814,77,5,548.8,3,2,3,323,Potential Loyalists
CUST001815,565,3,364.57,1,1,2,112,Lost
CUST001816,58,2,159.93,3,1,1,311,Dormant
CUST001817,31,9,927.25,4,4,4,444,Champions
CUST001818,97,5,685.65,3,2,4,324,Potential Loyalists
CUST001819,21,6,645.61,4,3,3,433,Champions
CUST001820,288,6,683.0699999999999,1,3,4,134,Loyal Customers
CUST001821,281,8,720.88,1,4,4,144,Loyal Customers
CUST001822,157,4,368.43,2,2,2,222,Need Attention
CUST001823,201,2,164.78,2,1,1,211,Dormant
CUST001824,344,5,382.59000000000003,1,2,2,122,At Risk
CUST001825,158,5,615.5699999999999,2,2,3,223,Need Attention
CUST001826,119,6,514.12,2,3,3,233,Loyal Customers
CUST001827,53,4,480.08000000000004,3,2,2,322,Potential Loyalists
CUST001828,3,6,690.0699999999999,4,3,4,434,Champions
CUST001829,274,2,260.07,1,1,1,111,Lost
CUST001830,167,6,523.0,2,3,3,233,Loyal Customers
CUST001831,330,3,240.75,1,1,1,111,Lost
CUST001832,123,5,508.1,2,2,3,223,Need Attention
CUST001833,207,1,125.4,2,1,1,211,Dormant
CUST001834,44,4,354.0,4,2,2,422,Potential Loyalists
CUST001835,41,8,690.25,4,4,4,444,Champions
CUST001836,61,3,333.20000000000005,3,1,1,311,Dormant
CUST001837,6,4,326.15,4,2,1,421,Need Attention
CUST001838,78,7,636.31,3,4,3,343,Champions
CUST001839,323,2,231.4,1,1,1,111,Lost
CUST001840,71,7,813.87,3,4,4,344,Champions
CUST001841,126,5,444.92,2,2,2,222,Need Attention
CUST001842,75,5,568.09,3,2,3,323,Potential Loyalists
CUST001843,625,3,267.03,1,1,1,111,Lost
CUST001844,46,12,1191.06,4,4,4,444,Champions
CUST001845,6,9,800.49,4,4,4,444,Champions
CUST001846,107,7,796.41,2,4,4,244,Loyal Customers
CUST001847,227,7,695.31,1,4,4,144,Loyal Customers
CUST001848,162,5,546.52,2,2,3,223,Need Attention
CUST001849,193,3,213.62,2,1,1,211,Dormant
CUST001850,32,2,189.76,4,1,1,411,Dormant
CUST001851,157,4,366.05,2,2,2,222,Need Attention
CUST001852,200,5,582.94,2,2,3,223,Need Attention
CUST001853,265,2,212.54000000000002,1,1,1,111,Lost
CUST001854,263,3,489.09000000000003,1,1,2,112,Lost
CUST001855,253,7,738.27,1,4,4,144,Loyal Customers
CUST001856,190,12,1253.74,2,4,4,244,Loyal Customers
CUST001857,93,5,367.19,3,2,2,322,Potential Loyalists
CUST001858,235,6,571.92,1,3,3,133,Loyal Customers
CUST001859,42,7,678.05,4,4,4,444,Champions
CUST001860,426,1,141.23,1,1,1,111,Lost
CUST001861,38,8,927.5,4,4,4,444,Champions
CUST001862,14,3,392.6,4,1,2,412,Dormant
CUST001863,46,1,53.59,4,1,1,411,Dormant
CUST001864,578,3,453.78,1,1,2,112,Lost
CUST001865,58,11,1123.65,3,4,4,344,Champions
CUST001866,250,3,250.64,1,1,1,111,Lost
CUST001867,20,9,1122.47,4,4,4,444,Champions
CUST001868,79,5,426.05,3,2,2,322,Potential Loyalists
CUST001869,23,4,405.03,4,2,2,422,Potential Loyalists
CUST001870,139,5,508.77,2,2,3,223,Need Attention
CUST001871,234,5,544.3,1,2,3,123,At Risk
CUST001872,230,9,912.51,1,4,4,144,Loyal Customers
CUST001873,112,4,341.81,2,2,2,222,Need Attention
CUST001874,8,8,722.5799999999999,4,4,4,444,Champions
CUST001875,66,6,585.0600000000001,3,3,3,333,Champions
CUST001876,25,2,156.5,4,1,1,411,Dormant
CUST001877,108,11,989.9200000000001,2,4,4,244,Loyal Customers
CUST001878,6,7,707.1,4,4,4,444,Champions
CUST001879,70,6,519.89,3,3,3,333,Champions
CUST001880,509,3,323.89,1,1,1,111,Lost
CUST001881,16,6,614.4,4,3,3,433,Champions
CUST001882,5,7,634.49,4,4,3,443,Champions
CUST001883,98,8,883.8199999999999,3,4,4,344,Champions
CUST001884,208,3,267.57,2,1,1,211,Dormant
CUST001885,93,2,173.93,3,1,1,311,Dormant
CUST001886,332,2,235.72,1,1,1,111,Lost
CUST001887,5,13,1300.31,4,4,4,444,Champions
CUST001888,58,8,779.8199999999999,3,4,4,344,Champions
CUST001889,311,6,800.45,1,3,4,134,Loyal Customers
CUST001890,51,6,697.9200000000001,3,3,4,334,Champions
CUST001891,187,3,266.6,2,1,1,211,Dormant
CUST001892,24,6,510.15000000000003,4,3,3,433,Champions
CUST001893,69,4,436.55,3,2,2,322,Potential Loyalists
CUST001894,300,3,243.66,1,1,1,111,Lost
CUST001895,30,8,781.32,4,4,4,444,Champions
CUST001896,74,4,349.59000000000003,3,2,2,322,Potential Loyalists
CUST001897,17,7,594.4399999999999,4,4,3,443,Champions
CUST001898,189,4,437.54,2,2,2,222,Need Attention
CUST001899,102,5,568.53,3,2,3,323,Potential Loyalists
CUST001900,87,5,366.7,3,2,2,322,Potential Loyalists
CUST001901,260,4,324.29999999999995,1,2,1,121,Lost
CUST001902,565,1,79.95,1,1,1,111,Lost
CUST001903,42,8,844.87,4,4,4,444,Champions
CUST001904,155,3,249.45999999999998,2,1,1,211,Dormant
CUST001905,45,5,574.86,4,2,3,423,Potential Loyalists
CUST001906,87,3,297.41,3,1,1,311,Dormant
CUST001907,303,3,474.82,1,1,2,112,Lost
CUST001908,88,9,975.0,3,4,4,344,Champions
CUST001909,444,1,111.03,1,1,1,111,Lost
CUST001910,40,10,1131.62,4,4,4,444,Champions
CUST001911,69,5,348.07,3,2,2,322,Potential Loyalists
CUST001912,454,1,134.1,1,1,1,111,Lost
CUST001913,49,3,265.74,3,1,1,311,Dormant
CUST001914,44,5,517.26,4,2,3,423,Potential Loyalists
CUST001915,110,4,358.44,2,2,2,222,Need Attention
CUST001916,159,3,392.81,2,1,2,212,Dormant
CUST001917,238,4,416.11,1,2,2,122,At Risk
CUST001918,276,3,227.66,1,1,1,111,Lost
CUST001919,8,7,516.46,4,4,3,443,Champions
CUST001920,41,6,463.47,4,3,2,432,Potential Loyalists
CUST001921,36,6,650.14,4,3,3,433,Champions
CUST001922,199,5,501.6,2,2,3,223,Need Attention
CUST001923,33,8,550.72,4,4,3,443,Champions
CUST001924,50,4,359.2,3,2,2,322,Potential Loyalists
CUST001925,78,7,749.47,3,4,4,344,Champions
CUST001926,175,4,390.25,2,2,2,222,Need Attention
CUST001927,246,8,745.06,1,4,4,144,Loyal Customers
CUST001928,548,4,350.76,1,2,2,122,At Risk
CUST001929,187,7,655.52,2,4,3,243,Loyal Customers
CUST001930,346,5,523.0500000000001,1,2,3,123,At Risk
CUST001931,131,10,1044.27,2,4,4,244,Loyal Customers
CUST001932,103,6,690.82,3,3,4,334,Champions
CUST001933,450,3,273.52,1,1,1,111,Lost
CUST001934,26,4,440.88,4,2,2,422,Potential Loyalists
CUST001935,322,4,385.26,1,2,2,122,At Risk
CUST001936,15,7,644.05,4,4,3,443,Champions
CUST001937,307,2,129.38,1,1,1,111,Lost
CUST001938,199,2,209.85000000000002,2,1,1,211,Dormant
CUST001939,7,5,478.8,4,2,2,422,Potential Loyalists
CUST001940,63,3,418.29999999999995,3,1,2,312,Dormant
CUST001941,200,4,425.29,2,2,2,222,Need Attention
CUST001942,319,5,517.62,1,2,3,123,At Risk
CUST001943,7,9,802.2,4,4,4,444,Champions
CUST001944,148,5,485.58000000000004,2,2,2,222,Need Attention
CUST001945,69,6,757.88,3,3,4,334,Champions
CUST001946,471,4,467.8,1,2,2,122,At Risk
CUST001947,631,2,111.88,1,1,1,111,Lost
CUST001948,612,2,198.04,1,1,1,111,Lost
CUST001949,95,5,475.41,3,2,2,322,Potential Loyalists
CUST001950,1,8,734.4,4,4,4,444,Champions
CUST001951,464,4,307.27,1,2,1,121,Lost
CUST001952,158,3,328.67,2,1,1,211,Dormant
CUST001953,17,8,750.48,4,4,4,444,Champions
CUST001954,8,6,650.64,4,3,3,433,Champions
CUST001955,347,7,726.39,1,4,4,144,Loyal Customers
CUST001956,28,3,262.69,4,1,1,411,Dormant
CUST001957,298,3,192.64000000000001,1,1,1,111,Lost
CUST001958,366,3,277.33000000000004,1,1,1,111,Lost
CUST001959,41,7,562.9399999999999,4,4,3,443,Champions
CUST001960,165,6,625.75,2,3,3,233,Loyal Customers
CUST001961,32,3,307.78999999999996,4,1,1,411,Dormant
CUST001962,315,1,104.97,1,1,1,111,Lost
CUST001963,45,6,511.66,4,3,3,433,Champions
CUST001964,238,7,607.5699999999999,1,4,3,143,Loyal Customers
CUST001965,408,4,514.99,1,2,3,123,At Risk
CUST001966,26,1,137.79,4,1,1,411,Dormant
CUST001967,70,6,528.47,3,3,3,333,Champions
CUST001968,510,3,369.65999999999997,1,1,2,112,Lost
CUST001969,285,3,379.17,1,1,2,112,Lost
CUST001970,114,6,547.13,2,3,3,233,Loyal Customers
CUST001971,130,5,523.85,2,2,3,223,Need Attention
CUST001972,1,7,619.62,4,4,3,443,Champions
CUST001973,61,11,1259.2,3,4,4,344,Champions
CUST001974,99,9,986.41,3,4,4,344,Champions
CUST001975,186,4,425.74,2,2,2,222,Need Attention
CUST001976,132,6,712.28,2,3,4,234,Loyal Customers
CUST001977,81,7,750.28,3,4,4,344,Champions
CUST001978,10,7,591.0699999999999,4,4,3,443,Champions
CUST001979,99,7,612.88,3,4,3,343,Champions
CUST001980,96,4,315.89,3,2,1,321,Need Attention
CUST001981,11,9,1055.04,4,4,4,444,Champions
CUST001982,523,1,72.92,1,1,1,111,Lost
CUST001983,1,3,317.91,4,1,1,411,Dormant
CUST001984,210,2,218.29000000000002,2,1,1,211,Dormant
CUST001985,432,3,281.96000000000004,1,1,1,111,Lost
CUST001986,229,2,115.25,1,1,1,111,Lost
CUST001987,48,9,937.09,3,4,4,344,Champions
CUST001988,31,7,619.23,4,4,3,443,Champions
CUST001989,410,1,58.55,1,1,1,111,Lost
CUST001990,39,9,828.4200000000001,4,4,4,444,Champions
CUST001991,112,9,1020.62,2,4,4,244,Loyal Customers
CUST001992,57,9,930.0699999999999,3,4,4,344,Champions
CUST001993,232,6,664.57,1,3,4,134,Loyal Customers
CUST001994,169,5,558.66,2,2,3,223,Need Attention
CUST001995,118,5,430.93,2,2,2,222,Need Attention
CUST001996,238,7,594.13,1,4,3,143,Loyal Customers
CUST001997,536,2,230.05,1,1,1,111,Lost
CUST001998,120,5,526.13,2,2,3,223,Need Attention
CUST001999,273,2,192.95,1,1,1,111,Lost
CUST002000,79,4,285.28,3,2,1,321,Need Attention
CUST002001,275,5,499.76,1,2,3,123,At Risk
CUST002002,176,5,794.08,2,2,4,224,Need Attention
CUST002003,223,5,512.98,1,2,3,123,At Risk
CUST002004,163,6,589.03,2,3,3,233,Loyal Customers
CUST002005,54,7,611.61,3,4,3,343,Champions
CUST002006,139,4,423.76,2,2,2,222,Need Attention
CUST002007,35,7,618.07,4,4,3,443,Champions
CUST002008,85,6,430.71,3,3,2,332,Potential Loyalists
CUST002009,126,7,711.26,2,4,4,244,Loyal Customers
CUST002010,1,5,458.15000000000003,4,2,2,422,Potential Loyalists
CUST002011,81,7,743.6899999999999,3,4,4,344,Champions
CUST002012,6,11,1109.26,4,4,4,444,Champions
CUST002013,45,8,638.75,4,4,3,443,Champions
CUST002014,44,3,316.12,4,1,1,411,Dormant
CUST002015,123,5,578.9200000000001,2,2,3,223,Need Attention
CUST002016,8,7,907.22,4,4,4,444,Champions
CUST002017,461,3,414.61,1,1,2,112,Lost
CUST002018,82,8,839.76,3,4,4,344,Champions
CUST002019,268,6,600.84,1,3,3,133,Loyal Customers
CUST002020,16,5,399.81,4,2,2,422,Potential Loyalists
CUST002021,307,5,497.94,1,2,3,123,At Risk
CUST002022,325,2,96.12,1,1,1,111,Lost
CUST002023,38,5,553.98,4,2,3,423,Potential Loyalists
CUST002024,160,4,517.52,2,2,3,223,Need Attention
CUST002025,68,8,780.42,3,4,4,344,Champions
CUST002026,189,3,286.14,2,1,1,211,Dormant
CUST002027,174,9,790.68,2,4,4,244,Loyal Customers
CUST002028,313,6,731.87,1,3,4,134,Loyal Customers
CUST002029,428,2,195.39,1,1,1,111,Lost
CUST002030,43,4,369.49,4,2,2,422,Potential Loyalists
CUST002031,44,9,888.36,4,4,4,444,Champions
CUST002032,27,4,328.35,4,2,1,421,Need Attention
CUST002033,29,5,487.88,4,2,2,422,Potential Loyalists
CUST002034,68,6,756.2,3,3,4,334,Champions
CUST002035,39,4,328.78,4,2,1,421,Need Attention
CUST002036,19,11,938.6,4,4,4,444,Champions
CUST002037,26,5,452.71,4,2,2,422,Potential Loyalists
CUST002038,564,3,250.56,1,1,1,111,Lost
CUST002039,494,2,202.01,1,1,1,111,Lost
CUST002040,342,4,337.03000000000003,1,2,1,121,Lost
CUST002041,144,2,213.81,2,1,1,211,Dormant
CUST002042,19,6,458.67999999999995,4,3,2,432,Potential Loyalists
CUST002043,15,5,433.78999999999996,4,2,2,422,Potential Loyalists
CUST002044,482,4,354.94,1,2,2,122,At Risk
CUST002045,78,5,430.07,3,2,2,322,Potential Loyalists
CUST002046,112,8,697.19,2,4,4,244,Loyal Customers
CUST002047,1,15,1613.67,4,4,4,444,Champions
CUST002048,134,3,346.74,2,1,2,212,Dormant
CUST002049,20,6,654.61,4,3,3,433,Champions
CUST002050,215,9,903.83,1,4,4,144,Loyal Customers
CUST002051,618,2,155.48000000000002,1,1,1,111,Lost
CUST002052,171,3,526.03,2,1,3,213,Dormant
CUST002053,23,3,321.56,4,1,1,411,Dormant
CUST002054,139,2,225.69,2,1,1,211,Dormant
CUST002055,70,4,401.85,3,2,2,322,Potential Loyalists
CUST002056,102,4,313.78,3,2,1,321,Need Attention
CUST002057,92,3,429.42,3,1,2,312,Dormant
CUST002058,56,5,544.34,3,2,3,323,Potential Loyalists
CUST002059,135,6,437.71000000000004,2,3,2,232,Need Attention
CUST002060,32,2,120.12,4,1,1,411,Dormant
CUST002061,68,7,769.73,3,4,4,344,Champions
CUST002062,733,1,117.6,1,1,1,111,Lost
CUST002063,319,5,445.26,1,2,2,122,At Risk
CUST002064,95,3,193.94,3,1,1,311,Dormant
CUST002065,224,6,551.89,1,3,3,133,Loyal Customers
CUST002066,255,3,411.9,1,1,2,112,Lost
CUST002067,36,7,662.75,4,4,4,444,Champions
CUST002068,140,4,405.65,2,2,2,222,Need Attention
CUST002069,419,5,580.91,1,2,3,123,At Risk
CUST002070,126,4,458.48,2,2,2,222,Need Attention
CUST002071,57,4,475.1,3,2,2,322,Potential Loyalists
CUST002072,337,2,192.88,1,1,1,111,Lost
CUST002073,11,4,467.78,4,2,2,422,Potential Loyalists
CUST002074,40,6,626.32,4,3,3,433,Champions
CUST002075,142,10,800.53,2,4,4,244,Loyal Customers
CUST002076,132,7,827.74,2,4,4,244,Loyal Customers
CUST002077,8,4,375.5,4,2,2,422,Potential Loyalists
CUST002078,68,5,594.02,3,2,3,323,Potential Loyalists
CUST002079,6,6,536.97,4,3,3,433,Champions
CUST002080,33,6,463.64,4,3,2,432,Potential Loyalists
CUST002081,79,5,403.34000000000003,3,2,2,322,Potential Loyalists
CUST002082,125,9,966.35,2,4,4,244,Loyal Customers
CUST002083,12,7,710.59,4,4,4,444,Champions
CUST002084,19,5,681.64,4,2,4,424,Potential Loyalists
CUST002085,49,5,435.97,3,2,2,322,Potential Loyalists
CUST002086,32,2,175.05,4,1,1,411,Dormant
CUST002087,80,5,545.77,3,2,3,323,Potential Loyalists
CUST002088,332,4,302.81,1,2,1,121,Lost
CUST002089,367,2,172.98,1,1,1,111,Lost
CUST002090,94,7,480.9,3,4,2,342,Potential Loyalists
CUST002091,5,3,341.56,4,1,2,412,Dormant
CUST002092,75,4,267.06,3,2,1,321,Need Attention
CUST002093,16,3,345.93,4,1,2,412,Dormant
CUST002094,77,3,312.79,3,1,1,311,Dormant
CUST002095,107,3,277.98,2,1,1,211,Dormant
CUST002096,281,3,307.63,1,1,1,111,Lost
CUST002097,66,6,851.27,3,3,4,334,Champions
CUST002098,65,5,473.0,3,2,2,322,Potential Loyalists
CUST002099,27,7,644.0699999999999,4,4,3,443,Champions
CUST002100,18,3,337.99,4,1,1,411,Dormant
CUST002101,163,5,537.79,2,2,3,223,Need Attention
CUST002102,30,6,757.14,4,3,4,434,Champions
CUST002103,11,6,686.26,4,3,4,434,Champions
CUST002104,150,9,804.22,2,4,4,244,Loyal Customers
CUST002105,130,4,470.33000000000004,2,2,2,222,Need Attention
CUST002106,80,3,409.28,3,1,2,312,Dormant
CUST002107,20,5,467.78,4,2,2,422,Potential Loyalists
CUST002108,160,4,478.63,2,2,2,222,Need Attention
CUST002109,137,7,728.24,2,4,4,244,Loyal Customers
CUST002110,83,4,389.58,3,2,2,322,Potential Loyalists
CUST002111,354,1,83.64,1,1,1,111,Lost
CUST002112,264,3,452.49,1,1,2,112,Lost
CUST002113,1,3,349.52,4,1,2,412,Dormant
CUST002114,13,6,564.65,4,3,3,433,Champions
CUST002115,217,5,421.24,1,2,2,122,At Risk
CUST002116,3,8,880.77,4,4,4,444,Champions
CUST002117,99,2,234.55,3,1,1,311,Dormant
CUST002118,117,6,669.28,2,3,4,234,Loyal Customers
CUST002119,23,10,1141.24,4,4,4,444,Champions
CUST002120,394,5,396.26,1,2,2,122,At Risk
CUST002121,287,9,814.41,1,4,4,144,Loyal Customers
CUST002122,274,3,324.09000000000003,1,1,1,111,Lost
CUST002123,35,4,561.3299999999999,4,2,3,423,Potential Loyalists
CUST002124,467,3,369.23,1,1,2,112,Lost
CUST002125,171,5,511.06,2,2,3,223,Need Attention
CUST002126,38,3,337.71,4,1,1,411,Dormant
CUST002127,145,7,745.0600000000001,2,4,4,244,Loyal Customers
CUST002128,49,5,470.09,3,2,2,322,Potential Loyalists
CUST002129,5,5,514.3,4,2,3,423,Potential Loyalists
CUST002130,171,8,821.8199999999999,2,4,4,244,Loyal Customers
CUST002131,77,3,278.92,3,1,1,311,Dormant
CUST002132,31,6,459.05,4,3,2,432,Potential Loyalists
CUST002133,2,5,613.73,4,2,3,423,Potential Loyalists
CUST002134,269,6,492.51,1,3,3,133,Loyal Customers
CUST002135,254,6,613.76,1,3,3,133,Loyal Customers
CUST002136,75,7,509.06,3,4,3,343,Champions
CUST002137,69,5,525.45,3,2,3,323,Potential Loyalists
CUST002138,68,6,661.09,3,3,4,334,Champions
CUST002139,70,2,156.14,3,1,1,311,Dormant
CUST002140,76,4,383.89,3,2,2,322,Potential Loyalists
CUST002141,56,5,467.83,3,2,2,322,Potential Loyalists
CUST002142,478,4,377.51,1,2,2,122,At Risk
CUST002143,411,3,344.3,1,1,2,112,Lost
CUST002144,95,4,308.46999999999997,3,2,1,321,Need Attention
CUST002145,120,7,556.1700000000001,2,4,3,243,Loyal Customers
CUST002146,66,6,589.89,3,3,3,333,Champions
CUST002147,259,6,425.85,1,3,2,132,At Risk
CUST002148,5,2,256.9,4,1,1,411,Dormant
CUST002149,320,5,515.89,1,2,3,123,At Risk
CUST002150,111,4,356.05,2,2,2,222,Need Attention
CUST002151,323,6,665.54,1,3,4,134,Loyal Customers
CUST002152,28,7,539.38,4,4,3,443,Champions
CUST002153,170,6,597.5,2,3,3,233,Loyal Customers
CUST002154,112,3,371.69,2,1,2,212,Dormant
CUST002155,190,4,531.69,2,2,3,223,Need Attention
CUST002156,409,3,293.75,1,1,1,111,Lost
CUST002157,50,9,886.24,3,4,4,344,Champions
CUST002158,51,6,670.94,3,3,4,334,Champions
CUST002159,80,7,794.48,3,4,4,344,Champions
CUST002160,69,5,569.66,3,2,3,323,Potential Loyalists
CUST002161,161,6,668.3,2,3,4,234,Loyal Customers
CUST002162,103,9,864.3299999999999,3,4,4,344,Champions
CUST002163,143,3,354.22,2,1,2,212,Dormant
CUST002164,6,7,646.55,4,4,3,443,Champions
CUST002165,52,6,648.4,3,3,3,333,Champions
CUST002166,71,4,436.35,3,2,2,322,Potential Loyalists
CUST002167,85,7,757.15,3,4,4,344,Champions
CUST002168,118,6,759.37,2,3,4,234,Loyal Customers
CUST002169,218,4,282.1,1,2,1,121,Lost
CUST002170,94,6,573.14,3,3,3,333,Champions
CUST002171,64,5,632.0699999999999,3,2,3,323,Potential Loyalists
CUST002172,76,5,563.55,3,2,3,323,Potential Loyalists
CUST002173,66,7,731.76,3,4,4,344,Champions
CUST002174,33,8,920.04,4,4,4,444,Champions
CUST002175,28,6,613.4,4,3,3,433,Champions
CUST002176,114,4,394.9,2,2,2,222,Need Attention
CUST002177,212,6,517.9100000000001,1,3,3,133,Loyal Customers
CUST002178,116,4,455.71000000000004,2,2,2,222,Need Attention
CUST002179,45,3,278.09,4,1,1,411,Dormant
CUST002180,179,4,644.53,2,2,3,223,Need Attention
CUST002181,298,4,400.19,1,2,2,122,At Risk
CUST002182,150,3,306.40999999999997,2,1,1,211,Dormant
CUST002183,33,3,406.02,4,1,2,412,Dormant
CUST002184,43,7,654.39,4,4,3,443,Champions
CUST002185,19,5,399.07,4,2,2,422,Potential Loyalists
CUST002186,407,3,210.04000000000002,1,1,1,111,Lost
CUST002187,13,5,637.29,4,2,3,423,Potential Loyalists
CUST002188,51,5,531.59,3,2,3,323,Potential Loyalists
CUST002189,229,2,269.99,1,1,1,111,Lost
CUST002190,85,7,812.21,3,4,4,344,Champions
CUST002191,88,3,462.27,3,1,2,312,Dormant
CUST002192,115,4,561.12,2,2,3,223,Need Attention
CUST002193,77,5,480.08,3,2,2,322,Potential Loyalists
CUST002194,137,6,564.2900000000001,2,3,3,233,Loyal Customers
CUST002195,219,2,159.18,1,1,1,111,Lost
CUST002196,70,8,754.03,3,4,4,344,Champions
CUST002198,326,4,366.23,1,2,2,122,At Risk
CUST002199,76,6,639.38,3,3,3,333,Champions
CUST002200,424,4,426.98,1,2,2,122,At Risk
CUST002201,220,5,420.34,1,2,2,122,At Risk
CUST002202,86,4,439.65999999999997,3,2,2,322,Potential Loyalists
CUST002203,120,3,251.79,2,1,1,211,Dormant
CUST002204,98,5,562.97,3,2,3,323,Potential Loyalists
CUST002205,116,4,391.19,2,2,2,222,Need Attention
CUST002206,164,6,603.99,2,3,3,233,Loyal Customers
CUST002207,18,7,667.48,4,4,4,444,Champions
CUST002208,182,6,554.86,2,3,3,233,Loyal Customers
CUST002209,261,7,686.01,1,4,4,144,Loyal Customers
CUST002210,231,4,371.61,1,2,2,122,At Risk
CUST002211,45,4,439.48,4,2,2,422,Potential Loyalists
CUST002212,583,2,200.16000000000003,1,1,1,111,Lost
CUST002213,172,5,385.96,2,2,2,222,Need Attention
CUST002214,321,3,368.27,1,1,2,112,Lost
CUST002215,483,4,404.71000000000004,1,2,2,122,At Risk
CUST002216,204,5,486.99,2,2,2,222,Need Attention
CUST002217,15,3,229.52999999999997,4,1,1,411,Dormant
CUST002218,258,7,767.9300000000001,1,4,4,144,Loyal Customers
CUST002219,330,5,446.49,1,2,2,122,At Risk
CUST002220,206,5,423.35,2,2,2,222,Need Attention
CUST002221,50,5,590.67,3,2,3,323,Potential Loyalists
CUST002222,134,1,103.06,2,1,1,211,Dormant
CUST002223,35,3,250.92000000000002,4,1,1,411,Dormant
CUST002224,484,1,82.23,1,1,1,111,Lost
CUST002225,205,1,92.66,2,1,1,211,Dormant
CUST002226,74,14,1319.48,3,4,4,344,Champions
CUST002227,41,5,449.27,4,2,2,422,Potential Loyalists
CUST002228,11,8,744.84,4,4,4,444,Champions
CUST002229,85,4,356.25,3,2,2,322,Potential Loyalists
CUST002230,162,7,603.18,2,4,3,243,Loyal Customers
CUST002231,60,9,1045.59,3,4,4,344,Champions
CUST002232,86,4,396.21,3,2,2,322,Potential Loyalists
CUST002233,230,3,333.12,1,1,1,111,Lost
CUST002234,80,3,246.32999999999998,3,1,1,311,Dormant
CUST002235,130,5,409.06,2,2,2,222,Need Attention
CUST002236,252,3,264.98,1,1,1,111,Lost
CUST002237,62,8,838.0799999999999,3,4,4,344,Champions
CUST002238,45,7,746.81,4,4,4,444,Champions
CUST002239,219,5,487.53,1,2,2,122,At Risk
CUST002240,158,4,347.95,2,2,2,222,Need Attention
CUST002241,79,5,583.13,3,2,3,323,Potential Loyalists
CUST002242,92,8,699.29,3,4,4,344,Champions
CUST002243,17,6,704.92,4,3,4,434,Champions
CUST002244,303,7,700.52,1,4,4,144,Loyal Customers
CUST002245,75,9,947.41,3,4,4,344,Champions
CUST002246,434,2,199.93,1,1,1,111,Lost
CUST002247,233,4,448.32,1,2,2,122,At Risk
CUST002248,219,6,572.64,1,3,3,133,Loyal Customers
CUST002249,568,4,391.62,1,2,2,122,At Risk
CUST002250,12,9,848.81,4,4,4,444,Champions
CUST002251,86,5,380.20000000000005,3,2,2,322,Potential Loyalists
CUST002252,35,7,548.93,4,4,3,443,Champions
CUST002253,138,4,244.49,2,2,1,221,Need Attention
CUST002254,10,4,500.22,4,2,3,423,Potential Loyalists
CUST002255,134,8,911.2199999999999,2,4,4,244,Loyal Customers
CUST002256,171,3,361.16,2,1,2,212,Dormant
CUST002257,97,4,391.39,3,2,2,322,Potential Loyalists
CUST002258,26,9,874.29,4,4,4,444,Champions
CUST002259,62,7,804.3399999999999,3,4,4,344,Champions
CUST002260,32,7,834.17,4,4,4,444,Champions
CUST002261,58,6,593.98,3,3,3,333,Champions
CUST002262,140,8,883.01,2,4,4,244,Loyal Customers
CUST002263,11,6,604.21,4,3,3,433,Champions
CUST002264,65,2,202.45,3,1,1,311,Dormant
CUST002265,220,3,295.18,1,1,1,111,Lost
CUST002266,771,1,214.81,1,1,1,111,Lost
CUST002267,108,4,306.95,2,2,1,221,Need Attention
CUST002268,52,7,873.34,3,4,4,344,Champions
CUST002269,13,5,605.39,4,2,3,423,Potential Loyalists
CUST002270,132,9,848.8,2,4,4,244,Loyal Customers
CUST002271,332,4,506.8,1,2,3,123,At Risk
CUST002272,32,10,934.98,4,4,4,444,Champions
CUST002273,43,5,429.8,4,2,2,422,Potential Loyalists
CUST002274,54,7,735.4,3,4,4,344,Champions
CUST002275,64,6,599.86,3,3,3,333,Champions
CUST002276,141,5,401.56,2,2,2,222,Need Attention
CUST002277,129,4,475.43,2,2,2,222,Need Attention
CUST002278,89,4,408.57,3,2,2,322,Potential Loyalists
CUST002279,233,4,363.33,1,2,2,122,At Risk
CUST002280,20,4,439.22999999999996,4,2,2,422,Potential Loyalists
CUST002281,375,3,366.73,1,1,2,112,Lost
CUST002282,87,5,459.0,3,2,2,322,Potential Loyalists
CUST002283,30,3,304.34000000000003,4,1,1,411,Dormant
CUST002284,384,3,423.95,1,1,2,112,Lost
CUST002285,10,9,924.34,4,4,4,444,Champions
CUST002286,125,7,788.99,2,4,4,244,Loyal Customers
CUST002287,136,6,496.22,2,3,3,233,Loyal Customers
CUST002288,76,5,568.97,3,2,3,323,Potential Loyalists
CUST002289,186,6,684.51,2,3,4,234,Loyal Customers
CUST002290,682,1,126.86,1,1,1,111,Lost
CUST002291,245,4,316.39,1,2,1,121,Lost
CUST002292,257,2,171.31,1,1,1,111,Lost
CUST002293,39,6,563.62,4,3,3,433,Champions
CUST002294,266,8,763.0799999999999,1,4,4,144,Loyal Customers
CUST002295,193,4,451.47,2,2,2,222,Need Attention
CUST002296,6,6,721.6700000000001,4,3,4,434,Champions
CUST002297,115,7,678.65,2,4,4,244,Loyal Customers
CUST002298,169,3,382.39,2,1,2,212,Dormant
CUST002299,94,5,612.37,3,2,3,323,Potential Loyalists
CUST002300,160,7,658.73,2,4,3,243,Loyal Customers
CUST002301,142,7,695.88,2,4,4,244,Loyal Customers
CUST002302,61,5,538.81,3,2,3,323,Potential Loyalists
CUST002303,24,2,224.18,4,1,1,411,Dormant
CUST002304,112,5,643.46,2,2,3,223,Need Attention
CUST002305,74,4,514.8299999999999,3,2,3,323,Potential Loyalists
CUST002306,28,8,943.05,4,4,4,444,Champions
CUST002307,83,4,386.09000000000003,3,2,2,322,Potential Loyalists
CUST002308,646,1,70.81,1,1,1,111,Lost
CUST002309,76,5,443.82,3,2,2,322,Potential Loyalists
CUST002310,139,1,86.03,2,1,1,211,Dormant
CUST002311,240,4,365.81,1,2,2,122,At Risk
CUST002312,69,7,761.66,3,4,4,344,Champions
CUST002313,64,5,493.71,3,2,3,323,Potential Loyalists
CUST002314,52,5,638.44,3,2,3,323,Potential Loyalists
CUST002315,58,8,796.25,3,4,4,344,Champions
CUST002316,4,5,564.37,4,2,3,423,Potential Loyalists
CUST002317,282,3,296.36,1,1,1,111,Lost
CUST002318,22,5,524.46,4,2,3,423,Potential Loyalists
CUST002319,121,7,680.55,2,4,4,244,Loyal Customers
CUST002320,189,5,482.02,2,2,2,222,Need Attention
CUST002321,133,7,680.87,2,4,4,244,Loyal Customers
CUST002322,10,6,683.63,4,3,4,434,Champions
CUST002323,15,7,733.49,4,4,4,444,Champions
CUST002324,124,3,283.1,2,1,1,211,Dormant
CUST002325,653,1,89.99,1,1,1,111,Lost
CUST002326,8,7,753.67,4,4,4,444,Champions
CUST002327,10,5,544.37,4,2,3,423,Potential Loyalists
CUST002328,108,3,231.32999999999998,2,1,1,211,Dormant
CUST002329,102,5,555.8199999999999,3,2,3,323,Potential Loyalists
CUST002330,240,3,451.77,1,1,2,112,Lost
CUST002331,19,11,1042.65,4,4,4,444,Champions
CUST002332,72,7,759.99,3,4,4,344,Champions
CUST002333,4,5,546.9200000000001,4,2,3,423,Potential Loyalists
CUST002334,12,5,473.84000000000003,4,2,2,422,Potential Loyalists
CUST002335,140,7,593.54,2,4,3,243,Loyal Customers
CUST002336,34,10,913.57,4,4,4,444,Champions
CUST002337,9,4,326.6,4,2,1,421,Need Attention
CUST002338,224,10,898.09,1,4,4,144,Loyal Customers
CUST002339,65,6,523.64,3,3,3,333,Champions
CUST002340,67,5,528.82,3,2,3,323,Potential Loyalists
CUST002341,94,8,905.67,3,4,4,344,Champions
CUST002342,157,6,492.39,2,3,3,233,Loyal Customers
CUST002343,127,5,519.91,2,2,3,223,Need Attention
CUST002344,203,5,494.21,2,2,3,223,Need Attention
CUST002345,608,3,312.43,1,1,1,111,Lost
CUST002346,142,3,242.84,2,1,1,211,Dormant
CUST002347,270,4,529.22,1,2,3,123,At Risk
CUST002348,122,6,633.6700000000001,2,3,3,233,Loyal Customers
CUST002349,41,3,267.27,4,1,1,411,Dormant
CUST002350,144,6,509.08000000000004,2,3,3,233,Loyal Customers
CUST002351,84,5,527.31,3,2,3,323,Potential Loyalists
CUST002352,121,5,427.63,2,2,2,222,Need Attention
CUST002353,18,9,809.79,4,4,4,444,Champions
CUST002354,257,3,320.14,1,1,1,111,Lost
CUST002355,118,8,855.3,2,4,4,244,Loyal Customers
CUST002356,231,5,571.72,1,2,3,123,At Risk
CUST002357,208,2,217.56,2,1,1,211,Dormant
CUST002358,113,9,985.85,2,4,4,244,Loyal Customers
CUST002359,131,4,546.53,2,2,3,223,Need Attention
CUST002360,46,3,248.23000000000002,4,1,1,411,Dormant
CUST002361,55,4,283.20000000000005,3,2,1,321,Need Attention
CUST002362,51,3,380.63,3,1,2,312,Dormant
CUST002363,82,9,872.87,3,4,4,344,Champions
CUST002364,34,8,811.21,4,4,4,444,Champions
CUST002365,38,13,1336.86,4,4,4,444,Champions
CUST002366,238,6,834.08,1,3,4,134,Loyal Customers
CUST002367,27,6,543.27,4,3,3,433,Champions
CUST002368,96,13,1281.18,3,4,4,344,Champions
CUST002369,133,3,249.79,2,1,1,211,Dormant
CUST002370,82,11,1259.4,3,4,4,344,Champions
CUST002371,201,6,729.46,2,3,4,234,Loyal Customers
CUST002372,265,4,346.39,1,2,2,122,At Risk
CUST002373,44,5,446.65,4,2,2,422,Potential Loyalists
CUST002374,78,6,660.24,3,3,4,334,Champions
CUST002375,125,7,636.19,2,4,3,243,Loyal Customers
CUST002376,13,5,451.05,4,2,2,422,Potential Loyalists
CUST002377,82,4,368.53000000000003,3,2,2,322,Potential Loyalists
CUST002378,164,5,483.97,2,2,2,222,Need Attention
CUST002379,11,10,884.21,4,4,4,444,Champions
CUST002380,98,6,589.12,3,3,3,333,Champions
CUST002381,236,6,504.96000000000004,1,3,3,133,Loyal Customers
CUST002382,53,9,899.3199999999999,3,4,4,344,Champions
CUST002383,35,4,494.87,4,2,3,423,Potential Loyalists
CUST002384,33,5,529.18,4,2,3,423,Potential Loyalists
CUST002385,148,3,237.18,2,1,1,211,Dormant
CUST002386,70,3,276.36,3,1,1,311,Dormant
CUST002387,208,2,253.87,2,1,1,211,Dormant
CUST002388,138,3,345.02,2,1,2,212,Dormant
CUST002389,42,7,814.84,4,4,4,444,Champions
CUST002390,110,5,517.12,2,2,3,223,Need Attention
CUST002391,44,2,187.60000000000002,4,1,1,411,Dormant
CUST002392,137,7,696.37,2,4,4,244,Loyal Customers
CUST002393,38,3,327.65,4,1,1,411,Dormant
CUST002394,74,3,384.83000000000004,3,1,2,312,Dormant
CUST002395,452,2,223.81,1,1,1,111,Lost
CUST002396,109,3,329.78,2,1,1,211,Dormant
CUST002397,122,4,487.72,2,2,2,222,Need Attention
CUST002398,55,6,572.89,3,3,3,333,Champions
CUST002399,116,5,370.96000000000004,2,2,2,222,Need Attention
CUST002400,20,5,542.41,4,2,3,423,Potential Loyalists
CUST002401,26,7,671.86,4,4,4,444,Champions
CUST002402,221,5,700.16,1,2,4,124,At Risk
CUST002403,301,2,320.85,1,1,1,111,Lost
CUST002404,199,4,398.14,2,2,2,222,Need Attention
CUST002405,55,2,252.22,3,1,1,311,Dormant
CUST002406,354,4,356.42,1,2,2,122,At Risk
CUST002407,94,4,333.53,3,2,1,321,Need Attention
CUST002408,99,7,650.36,3,4,3,343,Champions
CUST002409,4,4,487.39,4,2,2,422,Potential Loyalists
CUST002410,20,6,563.06,4,3,3,433,Champions
CUST002411,88,6,639.64,3,3,3,333,Champions
CUST002412,498,4,344.81,1,2,2,122,At Risk
CUST002413,109,4,385.06,2,2,2,222,Need Attention
CUST002414,248,4,445.96,1,2,2,122,At Risk
CUST002415,265,3,215.57,1,1,1,111,Lost
CUST002416,22,6,625.76,4,3,3,433,Champions
CUST002417,6,5,464.88,4,2,2,422,Potential Loyalists
CUST002418,113,2,225.66,2,1,1,211,Dormant
CUST002419,84,4,442.32,3,2,2,322,Potential Loyalists
CUST002420,202,6,684.43,2,3,4,234,Loyal Customers
CUST002421,294,2,181.98000000000002,1,1,1,111,Lost
CUST002422,181,3,254.09,2,1,1,211,Dormant
CUST002423,626,2,253.96,1,1,1,111,Lost
CUST002424,504,3,287.8,1,1,1,111,Lost
CUST002425,249,6,605.95,1,3,3,133,Loyal Customers
CUST002426,109,8,728.83,2,4,4,244,Loyal Customers
CUST002427,105,4,424.16999999999996,3,2,2,322,Potential Loyalists
CUST002428,4,9,1048.85,4,4,4,444,Champions
CUST002429,767,1,63.11,1,1,1,111,Lost
CUST002430,7,3,311.31,4,1,1,411,Dormant
CUST002431,93,5,483.12,3,2,2,322,Potential Loyalists
CUST002432,22,8,785.06,4,4,4,444,Champions
CUST002433,203,6,580.12,2,3,3,233,Loyal Customers
CUST002434,24,9,834.52,4,4,4,444,Champions
CUST002435,36,1,34.66,4,1,1,411,Dormant
CUST002436,161,2,193.36,2,1,1,211,Dormant
CUST002437,240,7,736.09,1,4,4,144,Loyal Customers
CUST002438,289,3,212.56,1,1,1,111,Lost
CUST002439,540,2,224.73000000000002,1,1,1,111,Lost
CUST002440,324,5,371.24,1,2,2,122,At Risk
CUST002441,197,1,65.18,2,1,1,211,Dormant
CUST002442,83,1,189.8,3,1,1,311,Dormant
CUST002443,497,3,252.11,1,1,1,111,Lost
CUST002444,42,6,476.07,4,3,2,432,Potential Loyalists
CUST002445,46,4,325.32,4,2,1,421,Need Attention
CUST002446,110,4,407.1,2,2,2,222,Need Attention
CUST002447,39,3,214.03,4,1,1,411,Dormant
CUST002448,20,4,322.96,4,2,1,421,Need Attention
CUST002449,184,3,316.98,2,1,1,211,Dormant
CUST002450,148,8,936.65,2,4,4,244,Loyal Customers
CUST002451,113,5,529.36,2,2,3,223,Need Attention
CUST002452,166,1,131.11,2,1,1,211,Dormant
CUST002453,45,7,660.69,4,4,4,444,Champions
CUST002454,126,9,1232.09,2,4,4,244,Loyal Customers
CUST002455,54,7,982.66,3,4,4,344,Champions
CUST002456,283,5,386.28999999999996,1,2,2,122,At Risk
CUST002457,624,2,173.57999999999998,1,1,1,111,Lost
CUST002458,142,3,418.18,2,1,2,212,Dormant
CUST002459,53,8,907.68,3,4,4,344,Champions
CUST002460,400,3,259.46,1,1,1,111,Lost
CUST002461,250,2,188.62,1,1,1,111,Lost
CUST002462,138,4,393.37,2,2,2,222,Need Attention
CUST002463,169,4,471.44,2,2,2,222,Need Attention
CUST002464,255,5,518.61,1,2,3,123,At Risk
CUST002465,26,6,687.9300000000001,4,3,4,434,Champions
CUST002466,459,3,306.72,1,1,1,111,Lost
CUST002467,166,7,911.38,2,4,4,244,Loyal Customers
CUST002468,141,3,240.88,2,1,1,211,Dormant
CUST002469,5,3,276.54,4,1,1,411,Dormant
CUST002470,84,3,307.91,3,1,1,311,Dormant
CUST002471,189,7,658.15,2,4,3,243,Loyal Customers
CUST002472,48,6,647.5799999999999,3,3,3,333,Champions
CUST002473,254,4,318.72,1,2,1,121,Lost
CUST002474,224,2,188.32999999999998,1,1,1,111,Lost
CUST002475,285,1,118.42,1,1,1,111,Lost
CUST002476,316,4,443.31,1,2,2,122,At Risk
CUST002477,16,7,720.8199999999999,4,4,4,444,Champions
CUST002478,41,5,599.21,4,2,3,423,Potential Loyalists
CUST002479,327,6,488.58000000000004,1,3,2,132,At Risk
CUST002480,175,2,171.49,2,1,1,211,Dormant
CUST002481,415,3,407.97,1,1,2,112,Lost
CUST002482,149,4,391.74,2,2,2,222,Need Attention
CUST002483,63,2,121.91999999999999,3,1,1,311,Dormant
CUST002484,162,4,460.14,2,2,2,222,Need Attention
CUST002485,624,1,95.71,1,1,1,111,Lost
CUST002486,46,4,419.31,4,2,2,422,Potential Loyalists
CUST002487,265,4,346.58,1,2,2,122,At Risk
CUST002488,9,3,273.1,4,1,1,411,Dormant
CUST002489,4,6,726.98,4,3,4,434,Champions
CUST002490,92,2,220.38,3,1,1,311,Dormant
CUST002491,52,9,977.63,3,4,4,344,Champions
CUST002492,196,4,408.55,2,2,2,222,Need Attention
CUST002493,314,5,462.87,1,2,2,122,At Risk
CUST002494,78,7,764.65,3,4,4,344,Champions
CUST002495,95,2,182.76,3,1,1,311,Dormant
CUST002496,54,5,673.57,3,2,4,324,Potential Loyalists
CUST002497,75,8,879.94,3,4,4,344,Champions
CUST002498,77,6,498.73,3,3,3,333,Champions
CUST002499,78,5,501.44,3,2,3,323,Potential Loyalists
CUST002500,73,6,636.42,3,3,3,333,Champions
CUST002501,516,4,300.5,1,2,1,121,Lost
CUST002502,455,2,108.05000000000001,1,1,1,111,Lost
CUST002503,10,4,364.73,4,2,2,422,Potential Loyalists
CUST002504,87,4,340.25,3,2,2,322,Potential Loyalists
CUST002505,74,4,393.77,3,2,2,322,Potential Loyalists
CUST002506,378,3,401.88,1,1,2,112,Lost
CUST002507,392,1,143.15,1,1,1,111,Lost
CUST002508,14,6,582.97,4,3,3,433,Champions
CUST002509,16,6,617.53,4,3,3,433,Champions
CUST002510,362,6,611.32,1,3,3,133,Loyal Customers
CUST002511,36,4,366.48,4,2,2,422,Potential Loyalists
CUST002512,51,7,700.05,3,4,4,344,Champions
CUST002513,85,8,767.62,3,4,4,344,Champions
CUST002514,430,3,269.04,1,1,1,111,Lost
CUST002515,151,5,614.66,2,2,3,223,Need Attention
CUST002516,24,4,574.1800000000001,4,2,3,423,Potential Loyalists
CUST002517,258,6,634.05,1,3,3,133,Loyal Customers
CUST002518,553,4,375.16999999999996,1,2,2,122,At Risk
CUST002519,130,6,589.09,2,3,3,233,Loyal Customers
CUST002520,20,9,881.9200000000001,4,4,4,444,Champions
CUST002521,97,5,532.47,3,2,3,323,Potential Loyalists
CUST002522,37,5,461.7,4,2,2,422,Potential Loyalists
CUST002523,202,5,380.34,2,2,2,222,Need Attention
CUST002524,190,6,593.27,2,3,3,233,Loyal Customers
CUST002525,619,2,179.65,1,1,1,111,Lost
CUST002526,444,5,408.18,1,2,2,122,At Risk
CUST002527,53,6,471.03,3,3,2,332,Potential Loyalists
CUST002528,184,6,520.56,2,3,3,233,Loyal Customers
CUST002529,164,4,440.78999999999996,2,2,2,222,Need Attention
CUST002530,92,6,630.2900000000001,3,3,3,333,Champions
CUST002531,15,7,696.52,4,4,4,444,Champions
CUST002532,26,2,269.98,4,1,1,411,Dormant
CUST002533,18,7,606.41,4,4,3,443,Champions
CUST002534,9,9,822.46,4,4,4,444,Champions
CUST002535,536,2,134.47,1,1,1,111,Lost
CUST002536,265,4,479.78,1,2,2,122,At Risk
CUST002537,161,1,105.01,2,1,1,211,Dormant
CUST002538,199,6,516.78,2,3,3,233,Loyal Customers
CUST002539,226,5,436.79,1,2,2,122,At Risk
CUST002540,33,6,562.34,4,3,3,433,Champions
CUST002541,23,4,449.51,4,2,2,422,Potential Loyalists
CUST002542,111,5,376.31,2,2,2,222,Need Attention
CUST002543,324,2,202.34,1,1,1,111,Lost
CUST002544,102,2,240.1,3,1,1,311,Dormant
CUST002545,48,8,848.83,3,4,4,344,Champions
CUST002546,231,2,186.78,1,1,1,111,Lost
CUST002547,105,5,473.56,3,2,2,322,Potential Loyalists
CUST002548,124,6,629.4,2,3,3,233,Loyal Customers
CUST002549,182,7,713.66,2,4,4,244,Loyal Customers
CUST002550,45,3,312.46,4,1,1,411,Dormant
CUST002551,9,3,310.77,4,1,1,411,Dormant
CUST002552,254,7,793.56,1,4,4,144,Loyal Customers
CUST002553,83,5,516.21,3,2,3,323,Potential Loyalists
CUST002554,40,9,889.41,4,4,4,444,Champions
CUST002555,169,11,1057.14,2,4,4,244,Loyal Customers
CUST002556,270,3,331.29,1,1,1,111,Lost
CUST002557,105,6,583.4,3,3,3,333,Champions
CUST002558,100,3,289.52,3,1,1,311,Dormant
CUST002559,16,3,406.42,4,1,2,412,Dormant
CUST002560,310,5,584.98,1,2,3,123,At Risk
CUST002561,62,5,453.31,3,2,2,322,Potential Loyalists
CUST002562,27,6,604.5699999999999,4,3,3,433,Champions
CUST002563,78,5,396.23,3,2,2,322,Potential Loyalists
CUST002564,114,8,662.28,2,4,4,244,Loyal Customers
CUST002565,109,3,397.66,2,1,2,212,Dormant
CUST002566,91,4,271.07,3,2,1,321,Need Attention
CUST002567,317,6,582.58,1,3,3,133,Loyal Customers
CUST002568,143,3,266.44,2,1,1,211,Dormant
CUST002569,278,1,85.09,1,1,1,111,Lost
CUST002570,7,8,703.38,4,4,4,444,Champions
CUST002571,125,5,557.89,2,2,3,223,Need Attention
CUST002572,46,5,595.07,4,2,3,423,Potential Loyalists
CUST002573,93,2,90.74000000000001,3,1,1,311,Dormant
CUST002574,228,5,473.81,1,2,2,122,At Risk
CUST002575,51,5,520.86,3,2,3,323,Potential Loyalists
CUST002576,36,7,629.38,4,4,3,443,Champions
CUST002577,15,3,267.54,4,1,1,411,Dormant
CUST002578,175,3,298.22,2,1,1,211,Dormant
CUST002579,29,9,874.04,4,4,4,444,Champions
CUST002580,77,5,453.11,3,2,2,322,Potential Loyalists
CUST002581,111,9,1152.52,2,4,4,244,Loyal Customers
CUST002582,67,9,854.29,3,4,4,344,Champions
CUST002583,71,5,567.12,3,2,3,323,Potential Loyalists
CUST002584,112,1,82.39,2,1,1,211,Dormant
CUST002585,41,4,364.96,4,2,2,422,Potential Loyalists
CUST002586,125,4,490.01,2,2,3,223,Need Attention
CUST002587,160,4,382.86,2,2,2,222,Need Attention
CUST002588,28,10,921.11,4,4,4,444,Champions
CUST002589,92,4,431.44,3,2,2,322,Potential Loyalists
CUST002590,114,6,530.16,2,3,3,233,Loyal Customers
CUST002591,53,5,348.4,3,2,2,322,Potential Loyalists
CUST002592,37,6,682.66,4,3,4,434,Champions
CUST002593,172,2,218.18,2,1,1,211,Dormant
CUST002594,74,6,615.41,3,3,3,333,Champions
CUST002595,244,5,449.77000000000004,1,2,2,122,At Risk
CUST002596,52,5,625.51,3,2,3,323,Potential Loyalists
CUST002597,4,4,512.89,4,2,3,423,Potential Loyalists
CUST002598,180,11,1043.19,2,4,4,244,Loyal Customers
CUST002599,423,5,537.39,1,2,3,123,At Risk
CUST002600,65,8,919.63,3,4,4,344,Champions
CUST002601,187,4,414.0,2,2,2,222,Need Attention
CUST002602,6,4,490.7,4,2,3,423,Potential Loyalists
CUST002603,220,5,540.35,1,2,3,123,At Risk
CUST002604,267,2,126.28999999999999,1,1,1,111,Lost
CUST002605,36,7,573.4399999999999,4,4,3,443,Champions
CUST002606,19,4,339.28,4,2,2,422,Potential Loyalists
CUST002607,125,7,709.4200000000001,2,4,4,244,Loyal Customers
CUST002608,30,8,909.85,4,4,4,444,Champions
CUST002609,86,8,847.14,3,4,4,344,Champions
CUST002610,147,3,323.74,2,1,1,211,Dormant
CUST002611,294,1,165.02,1,1,1,111,Lost
CUST002612,99,3,282.4,3,1,1,311,Dormant
CUST002613,254,4,600.21,1,2,3,123,At Risk
CUST002614,21,5,492.73,4,2,3,423,Potential Loyalists
CUST002615,137,4,366.29,2,2,2,222,Need Attention
CUST002616,5,4,450.15999999999997,4,2,2,422,Potential Loyalists
CUST002617,21,3,335.05,4,1,1,411,Dormant
CUST002618,94,6,578.03,3,3,3,333,Champions
CUST002619,98,6,522.5899999999999,3,3,3,333,Champions
CUST002620,56,5,478.77000000000004,3,2,2,322,Potential Loyalists
CUST002621,228,7,741.03,1,4,4,144,Loyal Customers
CUST002622,117,6,710.24,2,3,4,234,Loyal Customers
CUST002623,204,5,550.86,2,2,3,223,Need Attention
CUST002624,14,10,987.16,4,4,4,444,Champions
CUST002625,143,2,217.29000000000002,2,1,1,211,Dormant
CUST002626,82,4,354.15999999999997,3,2,2,322,Potential Loyalists
CUST002627,614,1,62.98,1,1,1,111,Lost
CUST002628,132,5,494.53999999999996,2,2,3,223,Need Attention
CUST002629,296,5,482.65999999999997,1,2,2,122,At Risk
CUST002630,105,4,349.23,3,2,2,322,Potential Loyalists
CUST002631,46,8,799.6800000000001,4,4,4,444,Champions
CUST002632,91,4,432.34000000000003,3,2,2,322,Potential Loyalists
CUST002633,65,5,474.85,3,2,2,322,Potential Loyalists
CUST002634,47,5,634.53,3,2,3,323,Potential Loyalists
CUST002635,144,1,84.05,2,1,1,211,Dormant
CUST002636,2,6,523.79,4,3,3,433,Champions
CUST002637,183,2,185.18,2,1,1,211,Dormant
CUST002638,87,6,646.78,3,3,3,333,Champions
CUST002639,3,6,725.11,4,3,4,434,Champions
CUST002640,164,10,937.47,2,4,4,244,Loyal Customers
CUST002641,66,6,515.8,3,3,3,333,Champions
CUST002642,53,9,853.43,3,4,4,344,Champions
CUST002643,42,5,618.73,4,2,3,423,Potential Loyalists
CUST002644,77,6,473.76,3,3,2,332,Potential Loyalists
CUST002645,58,6,574.08,3,3,3,333,Champions
CUST002646,255,3,251.59,1,1,1,111,Lost
CUST002647,201,1,86.58,2,1,1,211,Dormant
CUST002648,175,3,295.95,2,1,1,211,Dormant
CUST002649,181,3,423.20000000000005,2,1,2,212,Dormant
CUST002650,49,9,837.9499999999999,3,4,4,344,Champions
CUST002651,128,4,312.53,2,2,1,221,Need Attention
CUST002652,38,7,580.19,4,4,3,443,Champions
CUST002653,421,2,300.57,1,1,1,111,Lost
CUST002654,131,5,510.42,2,2,3,223,Need Attention
CUST002655,63,5,587.19,3,2,3,323,Potential Loyalists
CUST002656,134,5,470.06,2,2,2,222,Need Attention
CUST002657,119,4,336.53,2,2,1,221,Need Attention
CUST002658,21,8,956.11,4,4,4,444,Champions
CUST002659,148,3,265.28999999999996,2,1,1,211,Dormant
CUST002660,227,6,593.16,1,3,3,133,Loyal Customers
CUST002661,15,6,541.6,4,3,3,433,Champions
CUST002662,66,6,719.31,3,3,4,334,Champions
CUST002663,172,4,381.51,2,2,2,222,Need Attention
CUST002664,172,7,874.63,2,4,4,244,Loyal Customers
CUST002665,75,3,363.88,3,1,2,312,Dormant
CUST002666,102,5,540.69,3,2,3,323,Potential Loyalists
CUST002667,180,6,542.47,2,3,3,233,Loyal Customers
CUST002668,511,2,155.19,1,1,1,111,Lost
CUST002669,136,6,748.65,2,3,4,234,Loyal Customers
CUST002670,15,5,522.7,4,2,3,423,Potential Loyalists
CUST002671,185,5,593.51,2,2,3,223,Need Attention
CUST002672,544,2,178.66,1,1,1,111,Lost
CUST002673,49,8,824.13,3,4,4,344,Champions
CUST002674,6,3,239.49,4,1,1,411,Dormant
CUST002675,44,5,591.53,4,2,3,423,Potential Loyalists
CUST002676,145,6,599.24,2,3,3,233,Loyal Customers
CUST002677,79,5,537.95,3,2,3,323,Potential Loyalists
CUST002678,122,4,385.56,2,2,2,222,Need Attention
CUST002679,416,6,705.36,1,3,4,134,Loyal Customers
CUST002680,30,7,895.36,4,4,4,444,Champions
CUST002681,127,2,142.48,2,1,1,211,Dormant
CUST002682,12,5,383.86,4,2,2,422,Potential Loyalists
CUST002683,162,2,208.57999999999998,2,1,1,211,Dormant
CUST002684,17,5,665.76,4,2,4,424,Potential Loyalists
CUST002685,224,5,461.16999999999996,1,2,2,122,At Risk
CUST002686,102,2,220.29999999999998,3,1,1,311,Dormant
CUST002687,421,2,185.14999999999998,1,1,1,111,Lost
CUST002688,76,4,350.20000000000005,3,2,2,322,Potential Loyalists
CUST002689,65,8,995.84,3,4,4,344,Champions
CUST002690,109,4,487.64,2,2,2,222,Need Attention
CUST002691,260,4,421.39,1,2,2,122,At Risk
CUST002692,68,4,364.90999999999997,3,2,2,322,Potential Loyalists
CUST002693,275,4,333.44,1,2,1,121,Lost
CUST002694,384,3,280.58000000000004,1,1,1,111,Lost
CUST002695,256,2,174.69,1,1,1,111,Lost
CUST002696,188,7,769.21,2,4,4,244,Loyal Customers
CUST002697,335,3,380.20000000000005,1,1,2,112,Lost
CUST002698,130,5,314.95,2,2,1,221,Need Attention
CUST002699,262,4,293.74,1,2,1,121,Lost
CUST002700,76,3,247.65,3,1,1,311,Dormant
CUST002701,106,5,535.46,3,2,3,323,Potential Loyalists
CUST002702,312,3,418.86,1,1,2,112,Lost
CUST002703,124,3,300.69,2,1,1,211,Dormant
CUST002704,159,5,532.4,2,2,3,223,Need Attention
CUST002705,77,2,161.44,3,1,1,311,Dormant
CUST002706,197,3,280.22,2,1,1,211,Dormant
CUST002707,146,4,281.86,2,2,1,221,Need Attention
CUST002708,1,8,830.47,4,4,4,444,Champions
CUST002709,336,5,510.35,1,2,3,123,At Risk
CUST002710,283,3,516.24,1,1,3,113,Dormant
CUST002711,194,2,217.47,2,1,1,211,Dormant
CUST002712,267,5,510.69,1,2,3,123,At Risk
CUST002713,58,4,410.61,3,2,2,322,Potential Loyalists
CUST002714,116,2,220.3,2,1,1,211,Dormant
CUST002715,512,2,222.86,1,1,1,111,Lost
CUST002716,310,8,780.11,1,4,4,144,Loyal Customers
CUST002717,154,3,256.88,2,1,1,211,Dormant
CUST002718,104,8,612.59,3,4,3,343,Champions
CUST002719,189,8,924.53,2,4,4,244,Loyal Customers
CUST002720,95,2,209.08999999999997,3,1,1,311,Dormant
CUST002721,2,7,720.54,4,4,4,444,Champions
CUST002722,99,4,260.65,3,2,1,321,Need Attention
CUST002723,100,6,599.31,3,3,3,333,Champions
CUST002724,77,4,417.13,3,2,2,322,Potential Loyalists
CUST002725,145,4,376.45000000000005,2,2,2,222,Need Attention
CUST002726,186,9,885.0699999999999,2,4,4,244,Loyal Customers
CUST002727,51,11,1178.48,3,4,4,344,Champions
CUST002728,95,3,400.79999999999995,3,1,2,312,Dormant
CUST002729,19,8,822.54,4,4,4,444,Champions
CUST002730,59,4,420.96,3,2,2,322,Potential Loyalists
CUST002731,75,7,598.36,3,4,3,343,Champions
CUST002732,154,3,299.21,2,1,1,211,Dormant
CUST002733,33,4,463.78,4,2,2,422,Potential Loyalists
CUST002734,97,10,1036.42,3,4,4,344,Champions
CUST002735,34,5,414.25,4,2,2,422,Potential Loyalists
CUST002736,98,2,233.34,3,1,1,311,Dormant
CUST002737,341,5,536.61,1,2,3,123,At Risk
CUST002738,92,3,335.46999999999997,3,1,1,311,Dormant
CUST002739,364,4,502.65999999999997,1,2,3,123,At Risk
CUST002740,71,4,420.18,3,2,2,322,Potential Loyalists
CUST002741,266,2,265.53999999999996,1,1,1,111,Lost
CUST002742,106,4,456.41999999999996,3,2,2,322,Potential Loyalists
CUST002743,287,3,234.51,1,1,1,111,Lost
CUST002744,7,6,599.1,4,3,3,433,Champions
CUST002745,12,7,753.2,4,4,4,444,Champions
CUST002746,131,2,224.3,2,1,1,211,Dormant
CUST002747,176,6,495.52,2,3,3,233,Loyal Customers
CUST002748,270,6,741.61,1,3,4,134,Loyal Customers
CUST002749,49,2,197.15,3,1,1,311,Dormant
CUST002750,32,6,701.9200000000001,4,3,4,434,Champions
CUST002751,44,8,884.49,4,4,4,444,Champions
CUST002752,32,1,119.61,4,1,1,411,Dormant
CUST002753,89,6,548.13,3,3,3,333,Champions
CUST002754,156,3,431.25,2,1,2,212,Dormant
CUST002755,210,4,374.43,2,2,2,222,Need Attention
CUST002756,19,8,821.54,4,4,4,444,Champions
CUST002757,192,3,293.65999999999997,2,1,1,211,Dormant
CUST002758,400,2,162.16,1,1,1,111,Lost
CUST002759,166,4,330.9,2,2,1,221,Need Attention
CUST002760,86,3,309.55,3,1,1,311,Dormant
CUST002761,13,7,608.69,4,4,3,443,Champions
CUST002762,179,8,761.1899999999999,2,4,4,244,Loyal Customers
CUST002763,64,6,493.45,3,3,3,333,Champions
CUST002764,141,7,703.12,2,4,4,244,Loyal Customers
CUST002765,22,2,139.03,4,1,1,411,Dormant
CUST002766,135,4,289.61,2,2,1,221,Need Attention
CUST002767,147,6,587.79,2,3,3,233,Loyal Customers
CUST002768,34,2,196.72,4,1,1,411,Dormant
CUST002769,35,4,503.44,4,2,3,423,Potential Loyalists
CUST002770,38,2,355.55,4,1,2,412,Dormant
CUST002771,83,7,599.72,3,4,3,343,Champions
CUST002772,502,3,206.81,1,1,1,111,Lost
CUST002773,710,1,86.52,1,1,1,111,Lost
CUST002774,81,4,387.01,3,2,2,322,Potential Loyalists
CUST002775,28,9,817.61,4,4,4,444,Champions
CUST002776,13,7,745.57,4,4,4,444,Champions
CUST002777,117,5,399.3,2,2,2,222,Need Attention
CUST002778,24,5,536.82,4,2,3,423,Potential Loyalists
CUST002779,77,6,594.13,3,3,3,333,Champions
CUST002780,167,4,311.73,2,2,1,221,Need Attention
CUST002781,68,3,307.2,3,1,1,311,Dormant
CUST002782,11,6,548.74,4,3,3,433,Champions
CUST002783,23,3,301.06,4,1,1,411,Dormant
CUST002784,131,3,271.49,2,1,1,211,Dormant
CUST002785,135,3,300.77,2,1,1,211,Dormant
CUST002786,6,3,347.86,4,1,2,412,Dormant
CUST002787,540,1,76.36,1,1,1,111,Lost
CUST002788,1,4,487.35,4,2,2,422,Potential Loyalists
CUST002789,37,6,601.8100000000001,4,3,3,433,Champions
CUST002790,2,4,368.59000000000003,4,2,2,422,Potential Loyalists
CUST002791,221,4,541.95,1,2,3,123,At Risk
CUST002792,116,2,222.25,2,1,1,211,Dormant
CUST002793,239,4,389.08000000000004,1,2,2,122,At Risk
CUST002794,18,8,730.47,4,4,4,444,Champions
CUST002795,391,3,248.60000000000002,1,1,1,111,Lost
CUST002796,103,4,457.68,3,2,2,322,Potential Loyalists
CUST002797,6,5,472.44,4,2,2,422,Potential Loyalists
CUST002798,513,2,200.1,1,1,1,111,Lost
CUST002799,109,8,653.94,2,4,3,243,Loyal Customers
CUST002800,118,4,435.28999999999996,2,2,2,222,Need Attention
CUST002801,512,2,217.78000000000003,1,1,1,111,Lost
CUST002802,172,6,552.3,2,3,3,233,Loyal Customers
CUST002803,86,6,636.37,3,3,3,333,Champions
CUST002804,516,4,375.55,1,2,2,122,At Risk
CUST002805,193,3,323.37,2,1,1,211,Dormant
CUST002806,94,2,233.59,3,1,1,311,Dormant
CUST002807,58,5,774.29,3,2,4,324,Potential Loyalists
CUST002808,81,4,434.81000000000006,3,2,2,322,Potential Loyalists
CUST002809,126,4,509.6,2,2,3,223,Need Attention
CUST002810,107,4,376.15,2,2,2,222,Need Attention
CUST002811,63,3,170.60000000000002,3,1,1,311,Dormant
CUST002812,137,5,543.35,2,2,3,223,Need Attention
CUST002813,97,7,728.21,3,4,4,344,Champions
CUST002814,148,4,376.8,2,2,2,222,Need Attention
CUST002815,162,8,770.89,2,4,4,244,Loyal Customers
CUST002816,98,7,782.63,3,4,4,344,Champions
CUST002817,80,10,1093.87,3,4,4,344,Champions
CUST002818,97,3,244.34,3,1,1,311,Dormant
CUST002819,93,3,318.75,3,1,1,311,Dormant
CUST002820,39,7,934.98,4,4,4,444,Champions
CUST002821,3,9,910.5600000000001,4,4,4,444,Champions
CUST002822,14,1,134.71,4,1,1,411,Dormant
CUST002823,64,6,616.56,3,3,3,333,Champions
CUST002824,17,3,224.78,4,1,1,411,Dormant
CUST002825,6,10,1095.44,4,4,4,444,Champions
CUST002826,164,7,745.8199999999999,2,4,4,244,Loyal Customers
CUST002827,6,6,639.97,4,3,3,433,Champions
CUST002828,162,2,212.19,2,1,1,211,Dormant
CUST002829,2,4,318.96,4,2,1,421,Need Attention
CUST002830,175,4,525.5,2,2,3,223,Need Attention
CUST002831,69,8,839.39,3,4,4,344,Champions
CUST002832,133,3,284.39,2,1,1,211,Dormant
CUST002833,172,4,406.57,2,2,2,222,Need Attention
CUST002834,182,4,416.6,2,2,2,222,Need Attention
CUST002835,180,7,727.26,2,4,4,244,Loyal Customers
CUST002836,55,5,699.65,3,2,4,324,Potential Loyalists
CUST002837,15,7,955.96,4,4,4,444,Champions
CUST002838,291,3,438.35,1,1,2,112,Lost
CUST002839,195,2,200.73,2,1,1,211,Dormant
CUST002840,23,3,234.59,4,1,1,411,Dormant
CUST002841,136,7,908.61,2,4,4,244,Loyal Customers
CUST002842,17,5,448.79,4,2,2,422,Potential Loyalists
CUST002843,9,5,464.08,4,2,2,422,Potential Loyalists
CUST002844,16,5,468.25,4,2,2,422,Potential Loyalists
CUST002845,209,6,672.78,2,3,4,234,Loyal Customers
CUST002846,138,5,662.38,2,2,4,224,Need Attention
CUST002847,259,5,383.36,1,2,2,122,At Risk
CUST002848,36,5,633.81,4,2,3,423,Potential Loyalists
CUST002849,102,3,387.76,3,1,2,312,Dormant
CUST002850,291,4,474.72,1,2,2,122,At Risk
CUST002851,98,4,594.6700000000001,3,2,3,323,Potential Loyalists
CUST002852,39,7,671.27,4,4,4,444,Champions
CUST002853,14,4,380.25,4,2,2,422,Potential Loyalists
CUST002854,46,5,523.8,4,2,3,423,Potential Loyalists
CUST002855,253,5,526.64,1,2,3,123,At Risk
CUST002856,193,3,247.07999999999998,2,1,1,211,Dormant
CUST002857,41,7,782.1600000000001,4,4,4,444,Champions
CUST002858,366,5,514.86,1,2,3,123,At Risk
CUST002859,63,5,488.15999999999997,3,2,2,322,Potential Loyalists
CUST002860,64,4,323.21000000000004,3,2,1,321,Need Attention
CUST002861,17,5,317.95,4,2,1,421,Need Attention
CUST002862,113,3,374.53,2,1,2,212,Dormant
CUST002863,129,5,414.53,2,2,2,222,Need Attention
CUST002864,209,5,506.14,2,2,3,223,Need Attention
CUST002865,83,3,225.74,3,1,1,311,Dormant
CUST002866,164,4,406.15999999999997,2,2,2,222,Need Attention
CUST002867,34,11,995.79,4,4,4,444,Champions
CUST002868,101,4,382.69,3,2,2,322,Potential Loyalists
CUST002869,361,6,610.77,1,3,3,133,Loyal Customers
CUST002870,16,4,394.87,4,2,2,422,Potential Loyalists
CUST002871,15,3,196.7,4,1,1,411,Dormant
CUST002872,328,2,137.75,1,1,1,111,Lost
CUST002873,17,5,624.29,4,2,3,423,Potential Loyalists
CUST002874,140,7,756.28,2,4,4,244,Loyal Customers
CUST002875,206,8,858.4,2,4,4,244,Loyal Customers
CUST002876,373,6,598.09,1,3,3,133,Loyal Customers
CUST002877,199,3,243.25,2,1,1,211,Dormant
CUST002878,128,2,334.76,2,1,1,211,Dormant
CUST002879,13,5,520.39,4,2,3,423,Potential Loyalists
CUST002880,6,4,319.94,4,2,1,421,Need Attention
CUST002881,17,6,807.03,4,3,4,434,Champions
CUST002882,130,10,1077.58,2,4,4,244,Loyal Customers
CUST002883,223,4,374.91,1,2,2,122,At Risk
CUST002884,14,3,225.09,4,1,1,411,Dormant
CUST002885,119,7,475.97999999999996,2,4,2,242,Need Attention
CUST002886,204,2,249.73,2,1,1,211,Dormant
CUST002887,332,3,353.82,1,1,2,112,Lost
CUST002888,209,2,244.32,2,1,1,211,Dormant
CUST002889,177,12,1324.86,2,4,4,244,Loyal Customers
CUST002890,291,5,402.23,1,2,2,122,At Risk
CUST002891,59,6,543.66,3,3,3,333,Champions
CUST002892,86,12,1529.87,3,4,4,344,Champions
CUST002893,19,8,872.56,4,4,4,444,Champions
CUST002894,132,8,794.46,2,4,4,244,Loyal Customers
CUST002895,63,8,854.64,3,4,4,344,Champions
CUST002896,59,6,569.81,3,3,3,333,Champions
CUST002897,27,10,849.19,4,4,4,444,Champions
CUST002898,64,8,952.4,3,4,4,344,Champions
CUST002899,75,2,142.64,3,1,1,311,Dormant
CUST002900,153,4,435.47,2,2,2,222,Need Attention
CUST002901,9,10,910.27,4,4,4,444,Champions
CUST002902,53,5,645.96,3,2,3,323,Potential Loyalists
CUST002903,252,4,370.39,1,2,2,122,At Risk
CUST002904,6,7,803.39,4,4,4,444,Champions
CUST002905,138,4,407.17,2,2,2,222,Need Attention
CUST002906,59,11,1141.22,3,4,4,344,Champions
CUST002907,11,5,406.22,4,2,2,422,Potential Loyalists
CUST002908,64,3,274.05,3,1,1,311,Dormant
CUST002909,61,8,877.73,3,4,4,344,Champions
CUST002910,53,3,392.09000000000003,3,1,2,312,Dormant
CUST002911,89,5,462.91,3,2,2,322,Potential Loyalists
CUST002912,164,7,786.27,2,4,4,244,Loyal Customers
CUST002913,187,6,506.27,2,3,3,233,Loyal Customers
CUST002914,98,2,130.73,3,1,1,311,Dormant
CUST002915,420,1,59.61,1,1,1,111,Lost
CUST002916,200,10,920.63,2,4,4,244,Loyal Customers
CUST002917,189,4,580.78,2,2,3,223,Need Attention
CUST002918,354,4,325.89,1,2,1,121,Lost
CUST002919,269,5,487.23,1,2,2,122,At Risk
CUST002920,84,4,482.8,3,2,2,322,Potential Loyalists
CUST002921,136,7,489.67999999999995,2,4,2,242,Need Attention
CUST002922,94,6,808.76,3,3,4,334,Champions
CUST002923,242,3,270.0,1,1,1,111,Lost
CUST002924,27,9,1074.25,4,4,4,444,Champions
CUST002925,193,9,898.97,2,4,4,244,Loyal Customers
CUST002926,45,5,493.86,4,2,3,423,Potential Loyalists
CUST002927,57,7,667.29,3,4,4,344,Champions
CUST002928,3,4,376.2,4,2,2,422,Potential Loyalists
CUST002929,461,1,54.76,1,1,1,111,Lost
CUST002930,3,3,391.79999999999995,4,1,2,412,Dormant
CUST002931,349,3,203.45,1,1,1,111,Lost
CUST002932,405,2,200.14,1,1,1,111,Lost
CUST002933,159,6,616.72,2,3,3,233,Loyal Customers
CUST002934,359,3,451.29,1,1,2,112,Lost
CUST002935,14,8,790.59,4,4,4,444,Champions
CUST002936,68,4,360.54,3,2,2,322,Potential Loyalists
CUST002937,50,7,683.7,3,4,4,344,Champions
CUST002938,68,7,724.54,3,4,4,344,Champions
CUST002939,105,3,296.19,3,1,1,311,Dormant
CUST002940,119,3,307.15999999999997,2,1,1,211,Dormant
CUST002941,241,11,1121.27,1,4,4,144,Loyal Customers
CUST002942,37,8,720.83,4,4,4,444,Champions
CUST002943,51,7,734.78,3,4,4,344,Champions
CUST002944,508,2,181.78,1,1,1,111,Lost
CUST002945,47,6,566.2,3,3,3,333,Champions
CUST002946,79,5,410.02,3,2,2,322,Potential Loyalists
CUST002947,96,9,953.49,3,4,4,344,Champions
CUST002948,284,4,458.47,1,2,2,122,At Risk
CUST002949,85,11,1359.93,3,4,4,344,Champions
CUST002950,9,8,816.61,4,4,4,444,Champions
CUST002951,76,7,656.14,3,4,3,343,Champions
CUST002953,62,3,257.53,3,1,1,311,Dormant
CUST002954,638,1,74.45,1,1,1,111,Lost
CUST002955,285,4,506.97999999999996,1,2,3,123,At Risk
CUST002956,213,3,229.17000000000002,1,1,1,111,Lost
CUST002957,59,4,581.73,3,2,3,323,Potential Loyalists
CUST002958,16,2,140.56,4,1,1,411,Dormant
CUST002959,262,5,444.58,1,2,2,122,At Risk
CUST002960,13,5,367.48,4,2,2,422,Potential Loyalists
CUST002961,13,5,459.55,4,2,2,422,Potential Loyalists
CUST002962,35,4,351.59000000000003,4,2,2,422,Potential Loyalists
CUST002963,245,6,543.27,1,3,3,133,Loyal Customers
CUST002964,69,7,734.94,3,4,4,344,Champions
CUST002965,98,7,742.74,3,4,4,344,Champions
CUST002966,76,6,615.4399999999999,3,3,3,333,Champions
CUST002967,246,9,669.21,1,4,4,144,Loyal Customers
CUST002968,64,6,678.28,3,3,4,334,Champions
CUST002969,88,5,559.58,3,2,3,323,Potential Loyalists
CUST002970,9,7,619.98,4,4,3,443,Champions
CUST002971,84,3,360.87,3,1,2,312,Dormant
CUST002972,196,6,657.05,2,3,3,233,Loyal Customers
CUST002973,25,7,930.15,4,4,4,444,Champions
CUST002974,86,4,463.89,3,2,2,322,Potential Loyalists
CUST002975,8,8,929.79,4,4,4,444,Champions
CUST002976,9,3,178.65,4,1,1,411,Dormant
CUST002977,246,3,322.82,1,1,1,111,Lost
CUST002979,89,6,441.67,3,3,2,332,Potential Loyalists
CUST002980,152,6,630.81,2,3,3,233,Loyal Customers
CUST002981,115,6,486.53999999999996,2,3,2,232,Need Attention
CUST002982,91,3,364.92,3,1,2,312,Dormant
CUST002983,32,9,763.66,4,4,4,444,Champions
CUST002984,112,3,234.20999999999998,2,1,1,211,Dormant
CUST002985,9,6,475.5,4,3,2,432,Potential Loyalists
CUST002986,562,2,161.75,1,1,1,111,Lost
CUST002987,369,7,774.58,1,4,4,144,Loyal Customers
CUST002988,111,1,190.89,2,1,1,211,Dormant
CUST002989,243,4,421.44,1,2,2,122,At Risk
CUST002990,681,2,242.04,1,1,1,111,Lost
CUST002991,152,5,476.28000000000003,2,2,2,222,Need Attention
CUST002992,151,5,658.61,2,2,3,223,Need Attention
CUST002993,288,4,500.40999999999997,1,2,3,123,At Risk
CUST002994,52,5,372.7,3,2,2,322,Potential Loyalists
CUST002995,18,6,623.53,4,3,3,433,Champions
CUST002996,47,7,722.71,3,4,4,344,Champions
CUST002997,64,9,971.54,3,4,4,344,Champions
CUST002998,216,1,58.09,1,1,1,111,Lost
CUST002999,188,4,425.3,2,2,2,222,Need Attention
CUST003000,568,3,280.48,1,1,1,111,Lost
CUST003001,328,3,346.98,1,1,2,112,Lost
CUST003002,29,6,814.11,4,3,4,434,Champions
CUST003003,191,6,758.46,2,3,4,234,Loyal Customers
CUST003004,141,3,212.01,2,1,1,211,Dormant
CUST003005,508,4,446.41999999999996,1,2,2,122,At Risk
CUST003006,62,4,423.34000000000003,3,2,2,322,Potential Loyalists
CUST003007,193,3,298.57,2,1,1,211,Dormant
CUST003008,68,3,369.92,3,1,2,312,Dormant
CUST003009,236,6,409.58,1,3,2,132,At Risk
CUST003010,29,3,450.9,4,1,2,412,Dormant
CUST003011,281,5,568.31,1,2,3,123,At Risk
CUST003012,59,6,642.97,3,3,3,333,Champions
CUST003013,71,1,123.09,3,1,1,311,Dormant
CUST003014,105,4,563.17,3,2,3,323,Potential Loyalists
CUST003015,36,6,629.5,4,3,3,433,Champions
CUST003016,128,10,960.6,2,4,4,244,Loyal Customers
CUST003017,108,5,475.62,2,2,2,222,Need Attention
CUST003018,275,8,838.88,1,4,4,144,Loyal Customers
CUST003019,202,5,670.03,2,2,4,224,Need Attention
CUST003020,203,7,799.5699999999999,2,4,4,244,Loyal Customers
CUST003021,13,5,392.01,4,2,2,422,Potential Loyalists
CUST003022,205,4,414.90999999999997,2,2,2,222,Need Attention
CUST003023,533,2,156.01999999999998,1,1,1,111,Lost
CUST003024,28,7,680.64,4,4,4,444,Champions
CUST003025,15,10,992.77,4,4,4,444,Champions
CUST003026,98,4,396.71000000000004,3,2,2,322,Potential Loyalists
CUST003027,37,8,894.32,4,4,4,444,Champions
CUST003028,1,9,864.1899999999999,4,4,4,444,Champions
CUST003029,258,9,1007.13,1,4,4,144,Loyal Customers
CUST003030,90,5,395.23,3,2,2,322,Potential Loyalists
CUST003031,22,10,1004.75,4,4,4,444,Champions
CUST003032,24,9,1115.96,4,4,4,444,Champions
CUST003033,243,5,601.02,1,2,3,123,At Risk
CUST003034,74,5,511.09000000000003,3,2,3,323,Potential Loyalists
CUST003035,202,4,492.45,2,2,3,223,Need Attention
CUST003036,25,6,549.09,4,3,3,433,Champions
CUST003037,28,4,432.38,4,2,2,422,Potential Loyalists
CUST003038,51,4,344.76,3,2,2,322,Potential Loyalists
CUST003039,122,6,438.97,2,3,2,232,Need Attention
CUST003040,133,5,474.67,2,2,2,222,Need Attention
CUST003041,13,5,661.86,4,2,4,424,Potential Loyalists
CUST003042,19,3,303.6,4,1,1,411,Dormant
CUST003043,427,3,391.55,1,1,2,112,Lost
CUST003044,19,6,743.38,4,3,4,434,Champions
CUST003045,4,9,1034.73,4,4,4,444,Champions
CUST003046,161,9,987.45,2,4,4,244,Loyal Customers
CUST003047,22,6,639.37,4,3,3,433,Champions
CUST003048,256,5,482.65999999999997,1,2,2,122,At Risk
CUST003049,323,2,188.63,1,1,1,111,Lost
CUST003050,191,4,404.13,2,2,2,222,Need Attention
CUST003051,3,9,736.25,4,4,4,444,Champions
CUST003052,151,8,714.65,2,4,4,244,Loyal Customers
CUST003053,173,4,396.58,2,2,2,222,Need Attention
CUST003054,134,5,380.81,2,2,2,222,Need Attention
CUST003055,5,5,429.87,4,2,2,422,Potential Loyalists
CUST003056,26,6,618.56,4,3,3,433,Champions
CUST003057,57,3,282.82,3,1,1,311,Dormant
CUST003058,310,4,436.59000000000003,1,2,2,122,At Risk
CUST003059,16,3,373.69,4,1,2,412,Dormant
CUST003060,425,4,552.99,1,2,3,123,At Risk
CUST003061,126,5,523.73,2,2,3,223,Need Attention
CUST003062,274,3,404.81,1,1,2,112,Lost
CUST003063,65,8,913.76,3,4,4,344,Champions
CUST003064,220,5,438.85,1,2,2,122,At Risk
CUST003065,86,8,787.43,3,4,4,344,Champions
CUST003066,43,6,596.65,4,3,3,433,Champions
CUST003067,136,8,973.4300000000001,2,4,4,244,Loyal Customers
CUST003068,171,3,362.55,2,1,2,212,Dormant
CUST003069,216,5,678.37,1,2,4,124,At Risk
CUST003070,54,10,904.09,3,4,4,344,Champions
CUST003071,17,2,294.01,4,1,1,411,Dormant
CUST003072,6,8,756.4,4,4,4,444,Champions
CUST003073,134,2,194.64,2,1,1,211,Dormant
CUST003074,223,2,170.8,1,1,1,111,Lost
CUST003075,6,10,1045.54,4,4,4,444,Champions
CUST003076,17,4,439.62,4,2,2,422,Potential Loyalists
CUST003077,179,5,417.09999999999997,2,2,2,222,Need Attention
CUST003078,84,7,694.7,3,4,4,344,Champions
CUST003079,74,4,392.27,3,2,2,322,Potential Loyalists
CUST003080,186,4,277.51,2,2,1,221,Need Attention
CUST003081,30,5,580.24,4,2,3,423,Potential Loyalists
CUST003082,29,6,581.06,4,3,3,433,Champions
CUST003083,79,4,477.46,3,2,2,322,Potential Loyalists
CUST003084,323,2,178.97000000000003,1,1,1,111,Lost
CUST003085,102,3,290.51,3,1,1,311,Dormant
CUST003086,714,1,152.17,1,1,1,111,Lost
CUST003087,85,4,384.31,3,2,2,322,Potential Loyalists
CUST003088,17,6,532.53,4,3,3,433,Champions
CUST003089,124,6,688.1800000000001,2,3,4,234,Loyal Customers
CUST003090,84,5,504.44,3,2,3,323,Potential Loyalists
CUST003091,69,6,765.98,3,3,4,334,Champions
CUST003092,186,6,652.4399999999999,2,3,3,233,Loyal Customers
CUST003093,344,4,343.64,1,2,2,122,At Risk
CUST003094,153,9,766.06,2,4,4,244,Loyal Customers
CUST003095,108,5,353.69,2,2,2,222,Need Attention
CUST003096,41,3,255.45,4,1,1,411,Dormant
CUST003097,50,7,840.45,3,4,4,344,Champions
CUST003098,20,7,681.8299999999999,4,4,4,444,Champions
CUST003099,94,5,486.12,3,2,2,322,Potential Loyalists
CUST003100,234,4,401.68,1,2,2,122,At Risk
CUST003101,32,3,372.87,4,1,2,412,Dormant
CUST003102,123,4,381.51,2,2,2,222,Need Attention
CUST003103,348,8,884.52,1,4,4,144,Loyal Customers
CUST003104,245,4,474.83000000000004,1,2,2,122,At Risk
CUST003105,190,4,633.76,2,2,3,223,Need Attention
CUST003106,78,7,801.36,3,4,4,344,Champions
CUST003107,500,2,220.70999999999998,1,1,1,111,Lost
CUST003108,199,4,464.82000000000005,2,2,2,222,Need Attention
CUST003109,40,5,396.44,4,2,2,422,Potential Loyalists
CUST003110,8,2,181.83999999999997,4,1,1,411,Dormant
CUST003111,98,6,630.76,3,3,3,333,Champions
CUST003112,202,6,570.1899999999999,2,3,3,233,Loyal Customers
CUST003113,256,5,462.19,1,2,2,122,At Risk
CUST003114,433,6,608.21,1,3,3,133,Loyal Customers
CUST003115,114,5,406.42,2,2,2,222,Need Attention
CUST003116,66,6,630.55,3,3,3,333,Champions
CUST003117,133,9,1039.17,2,4,4,244,Loyal Customers
CUST003118,83,5,436.6,3,2,2,322,Potential Loyalists
CUST003119,308,4,573.59,1,2,3,123,At Risk
CUST003120,74,8,783.4300000000001,3,4,4,344,Champions
CUST003121,66,4,525.83,3,2,3,323,Potential Loyalists
CUST003122,515,4,387.94,1,2,2,122,At Risk
CUST003123,36,9,835.96,4,4,4,444,Champions
CUST003124,9,5,514.45,4,2,3,423,Potential Loyalists
CUST003125,101,5,448.45,3,2,2,322,Potential Loyalists
CUST003126,434,5,414.03999999999996,1,2,2,122,At Risk
CUST003127,282,5,422.14,1,2,2,122,At Risk
CUST003128,36,6,606.74,4,3,3,433,Champions
CUST003129,77,5,479.51,3,2,2,322,Potential Loyalists
CUST003130,138,4,386.07,2,2,2,222,Need Attention
CUST003131,83,10,1274.82,3,4,4,344,Champions
CUST003132,125,4,510.05999999999995,2,2,3,223,Need Attention
CUST003133,24,4,357.41,4,2,2,422,Potential Loyalists
CUST003134,185,5,426.64,2,2,2,222,Need Attention
CUST003135,245,5,535.13,1,2,3,123,At Risk
CUST003136,119,4,395.32,2,2,2,222,Need Attention
CUST003137,149,6,667.22,2,3,4,234,Loyal Customers
CUST003138,113,9,847.91,2,4,4,244,Loyal Customers
CUST003139,246,3,250.96,1,1,1,111,Lost
CUST003140,29,6,542.61,4,3,3,433,Champions
CUST003141,229,3,282.44,1,1,1,111,Lost
CUST003142,497,2,252.3,1,1,1,111,Lost
CUST003143,84,5,417.75,3,2,2,322,Potential Loyalists
CUST003144,7,4,331.07,4,2,1,421,Need Attention
CUST003145,7,4,325.72,4,2,1,421,Need Attention
CUST003146,39,7,765.32,4,4,4,444,Champions
CUST003147,217,2,209.81,1,1,1,111,Lost
CUST003148,417,4,381.45,1,2,2,122,At Risk
CUST003149,81,4,411.67999999999995,3,2,2,322,Potential Loyalists
CUST003150,379,4,408.51,1,2,2,122,At Risk
CUST003151,160,8,693.9,2,4,4,244,Loyal Customers
CUST003152,172,7,609.74,2,4,3,243,Loyal Customers
CUST003153,310,3,203.98,1,1,1,111,Lost
CUST003154,67,3,240.29,3,1,1,311,Dormant
CUST003155,381,6,564.61,1,3,3,133,Loyal Customers
CUST003156,165,5,457.12,2,2,2,222,Need Attention
CUST003157,7,6,707.88,4,3,4,434,Champions
CUST003158,121,5,451.24,2,2,2,222,Need Attention
CUST003159,20,5,460.81,4,2,2,422,Potential Loyalists
CUST003160,161,6,714.63,2,3,4,234,Loyal Customers
CUST003161,201,7,663.95,2,4,4,244,Loyal Customers
CUST003162,251,4,376.21,1,2,2,122,At Risk
CUST003163,95,8,848.25,3,4,4,344,Champions
CUST003164,115,4,409.40999999999997,2,2,2,222,Need Attention
CUST003165,48,8,814.12,3,4,4,344,Champions
CUST003166,375,4,315.36,1,2,1,121,Lost
CUST003167,90,7,773.02,3,4,4,344,Champions
CUST003168,239,5,375.7,1,2,2,122,At Risk
CUST003169,50,8,645.46,3,4,3,343,Champions
CUST003170,106,6,613.23,3,3,3,333,Champions
CUST003171,99,8,718.4300000000001,3,4,4,344,Champions
CUST003172,2,8,863.0,4,4,4,444,Champions
CUST003173,30,4,319.96000000000004,4,2,1,421,Need Attention
CUST003174,211,6,552.89,2,3,3,233,Loyal Customers
CUST003175,68,3,287.14,3,1,1,311,Dormant
CUST003176,20,7,847.54,4,4,4,444,Champions
CUST003177,62,7,691.52,3,4,4,344,Champions
CUST003178,374,5,499.78999999999996,1,2,3,123,At Risk
CUST003179,120,5,575.5899999999999,2,2,3,223,Need Attention
CUST003180,66,6,608.65,3,3,3,333,Champions
CUST003181,170,4,356.78,2,2,2,222,Need Attention
CUST003183,156,3,352.49,2,1,2,212,Dormant
CUST003184,134,7,954.04,2,4,4,244,Loyal Customers
CUST003185,134,4,348.83,2,2,2,222,Need Attention
CUST003186,10,4,270.53999999999996,4,2,1,421,Need Attention
CUST003187,38,4,401.62,4,2,2,422,Potential Loyalists
CUST003188,133,4,400.03000000000003,2,2,2,222,Need Attention
CUST003189,28,7,583.45,4,4,3,443,Champions
CUST003190,419,6,549.0699999999999,1,3,3,133,Loyal Customers
CUST003191,1,7,663.1400000000001,4,4,4,444,Champions
CUST003192,90,5,433.96,3,2,2,322,Potential Loyalists
CUST003193,190,4,410.8,2,2,2,222,Need Attention
CUST003194,434,3,249.3,1,1,1,111,Lost
CUST003195,94,6,583.6899999999999,3,3,3,333,Champions
CUST003196,101,4,526.79,3,2,3,323,Potential Loyalists
CUST003197,159,3,308.79999999999995,2,1,1,211,Dormant
CUST003199,6,3,351.56,4,1,2,412,Dormant
CUST003200,49,5,438.49,3,2,2,322,Potential Loyalists
CUST003201,126,10,990.26,2,4,4,244,Loyal Customers
CUST003202,119,6,574.96,2,3,3,233,Loyal Customers
CUST003203,38,4,399.72,4,2,2,422,Potential Loyalists
CUST003204,461,2,195.84,1,1,1,111,Lost
CUST003205,224,3,415.72,1,1,2,112,Lost
CUST003206,93,7,686.46,3,4,4,344,Champions
CUST003207,275,5,575.48,1,2,3,123,At Risk
CUST003208,161,3,279.75,2,1,1,211,Dormant
CUST003209,33,6,603.8199999999999,4,3,3,433,Champions
CUST003210,24,5,514.13,4,2,3,423,Potential Loyalists
CUST003211,18,7,688.93,4,4,4,444,Champions
CUST003212,64,3,309.39,3,1,1,311,Dormant
CUST003213,18,8,1024.92,4,4,4,444,Champions
CUST003214,108,7,962.9,2,4,4,244,Loyal Customers
CUST003215,90,5,446.74,3,2,2,322,Potential Loyalists
CUST003216,53,4,366.32,3,2,2,322,Potential Loyalists
CUST003217,106,8,965.39,3,4,4,344,Champions
CUST003218,27,3,299.96000000000004,4,1,1,411,Dormant
CUST003219,238,3,393.36,1,1,2,112,Lost
CUST003220,110,4,400.28000000000003,2,2,2,222,Need Attention
CUST003221,76,4,345.40999999999997,3,2,2,322,Potential Loyalists
CUST003222,49,7,585.9,3,4,3,343,Champions
CUST003223,181,4,324.48,2,2,1,221,Need Attention
CUST003224,582,3,265.02,1,1,1,111,Lost
CUST003225,477,5,576.84,1,2,3,123,At Risk
CUST003226,136,6,608.2,2,3,3,233,Loyal Customers
CUST003227,268,3,251.79000000000002,1,1,1,111,Lost
CUST003228,296,3,273.21000000000004,1,1,1,111,Lost
CUST003229,214,5,449.78999999999996,1,2,2,122,At Risk
CUST003230,339,2,132.62,1,1,1,111,Lost
CUST003231,176,4,449.77,2,2,2,222,Need Attention
CUST003232,51,3,306.93,3,1,1,311,Dormant
CUST003233,97,5,498.8,3,2,3,323,Potential Loyalists
CUST003234,118,4,357.3,2,2,2,222,Need Attention
CUST003235,442,3,243.74,1,1,1,111,Lost
CUST003236,110,4,385.18,2,2,2,222,Need Attention
CUST003237,156,4,374.22999999999996,2,2,2,222,Need Attention
CUST003238,82,3,492.15999999999997,3,1,3,313,Dormant
CUST003239,229,3,240.82,1,1,1,111,Lost
CUST003240,20,8,895.69,4,4,4,444,Champions
CUST003241,197,7,555.01,2,4,3,243,Loyal Customers
CUST003242,103,4,345.4,3,2,2,322,Potential Loyalists
CUST003243,223,3,198.17000000000002,1,1,1,111,Lost
CUST003244,103,6,527.67,3,3,3,333,Champions
CUST003245,72,6,503.90999999999997,3,3,3,333,Champions
CUST003246,59,10,926.19,3,4,4,344,Champions
CUST003247,69,8,861.0799999999999,3,4,4,344,Champions
CUST003248,57,2,222.67000000000002,3,1,1,311,Dormant
CUST003249,330,5,458.13,1,2,2,122,At Risk
CUST003250,128,4,287.25,2,2,1,221,Need Attention
CUST003251,146,6,733.67,2,3,4,234,Loyal Customers
CUST003252,510,3,259.45,1,1,1,111,Lost
CUST003253,380,5,466.74,1,2,2,122,At Risk
CUST003254,48,3,232.8,3,1,1,311,Dormant
CUST003255,8,10,1047.75,4,4,4,444,Champions
CUST003256,15,4,399.93,4,2,2,422,Potential Loyalists
CUST003257,137,3,315.01,2,1,1,211,Dormant
CUST003258,234,11,1101.09,1,4,4,144,Loyal Customers
CUST003259,197,8,710.42,2,4,4,244,Loyal Customers
CUST003260,95,3,313.88,3,1,1,311,Dormant
CUST003261,152,5,443.88,2,2,2,222,Need Attention
CUST003262,129,3,260.56,2,1,1,211,Dormant
CUST003263,609,3,188.51999999999998,1,1,1,111,Lost
CUST003264,27,8,940.95,4,4,4,444,Champions
CUST003265,70,7,677.88,3,4,4,344,Champions
CUST003266,41,5,412.17,4,2,2,422,Potential Loyalists
CUST003267,7,8,900.57,4,4,4,444,Champions
CUST003268,21,4,459.95,4,2,2,422,Potential Loyalists
CUST003269,49,6,707.86,3,3,4,334,Champions
CUST003270,96,5,527.16,3,2,3,323,Potential Loyalists
CUST003271,35,5,556.81,4,2,3,423,Potential Loyalists
CUST003272,171,5,487.8,2,2,2,222,Need Attention
CUST003273,29,5,446.39,4,2,2,422,Potential Loyalists
CUST003274,122,3,540.4200000000001,2,1,3,213,Dormant
CUST003275,109,4,474.96,2,2,2,222,Need Attention
CUST003276,297,3,298.73,1,1,1,111,Lost
CUST003277,212,4,450.5,1,2,2,122,At Risk
CUST003278,76,7,592.86,3,4,3,343,Champions
CUST003279,38,8,672.71,4,4,4,444,Champions
CUST003280,95,4,296.12,3,2,1,321,Need Attention
CUST003281,507,3,289.95,1,1,1,111,Lost
CUST003282,537,3,300.62,1,1,1,111,Lost
CUST003283,7,3,287.77,4,1,1,411,Dormant
CUST003284,130,4,393.24,2,2,2,222,Need Attention
CUST003285,117,6,480.54,2,3,2,232,Need Attention
CUST003286,34,8,644.5699999999999,4,4,3,443,Champions
CUST003287,55,3,263.69000000000005,3,1,1,311,Dormant
CUST003288,122,3,296.65999999999997,2,1,1,211,Dormant
CUST003289,156,4,507.69,2,2,3,223,Need Attention
CUST003290,151,3,313.36,2,1,1,211,Dormant
CUST003291,88,5,583.11,3,2,3,323,Potential Loyalists
CUST003292,53,5,461.89,3,2,2,322,Potential Loyalists
CUST003293,196,5,584.48,2,2,3,223,Need Attention
CUST003294,149,6,657.85,2,3,3,233,Loyal Customers
CUST003295,215,6,473.56,1,3,2,132,At Risk
CUST003296,261,4,353.06,1,2,2,122,At Risk
CUST003297,59,3,257.03,3,1,1,311,Dormant
CUST003298,11,7,628.0,4,4,3,443,Champions
CUST003299,86,6,567.85,3,3,3,333,Champions
CUST003300,81,4,516.63,3,2,3,323,Potential Loyalists
CUST003301,196,5,533.54,2,2,3,223,Need Attention
CUST003302,376,1,56.39,1,1,1,111,Lost
CUST003303,47,4,342.18,3,2,2,322,Potential Loyalists
CUST003304,10,10,922.12,4,4,4,444,Champions
CUST003305,740,2,239.05,1,1,1,111,Lost
CUST003306,480,3,352.02,1,1,2,112,Lost
CUST003307,12,3,252.71,4,1,1,411,Dormant
CUST003308,416,6,573.1999999999999,1,3,3,133,Loyal Customers
CUST003309,42,5,420.0,4,2,2,422,Potential Loyalists
CUST003310,125,9,797.13,2,4,4,244,Loyal Customers
CUST003311,70,2,112.66,3,1,1,311,Dormant
CUST003312,55,7,701.32,3,4,4,344,Champions
CUST003313,391,3,310.03000000000003,1,1,1,111,Lost
CUST003314,103,3,228.64000000000001,3,1,1,311,Dormant
CUST003315,76,5,541.68,3,2,3,323,Potential Loyalists
CUST003316,187,1,93.7,2,1,1,211,Dormant
CUST003317,451,2,207.32999999999998,1,1,1,111,Lost
CUST003318,58,3,232.88,3,1,1,311,Dormant
CUST003319,108,5,444.64,2,2,2,222,Need Attention
CUST003320,94,5,303.8,3,2,1,321,Need Attention
CUST003321,3,4,474.67,4,2,2,422,Potential Loyalists
CUST003322,36,9,1115.37,4,4,4,444,Champions
CUST003323,89,4,452.18,3,2,2,322,Potential Loyalists
CUST003324,171,4,313.01,2,2,1,221,Need Attention
CUST003325,44,6,536.01,4,3,3,433,Champions
CUST003326,136,8,779.6,2,4,4,244,Loyal Customers
CUST003327,196,6,671.1899999999999,2,3,4,234,Loyal Customers
CUST003328,522,2,158.04,1,1,1,111,Lost
CUST003329,125,1,72.08,2,1,1,211,Dormant
CUST003330,229,4,556.79,1,2,3,123,At Risk
CUST003331,194,7,741.5,2,4,4,244,Loyal Customers
CUST003332,21,5,544.82,4,2,3,423,Potential Loyalists
CUST003333,281,2,196.07999999999998,1,1,1,111,Lost
CUST003334,93,6,731.17,3,3,4,334,Champions
CUST003335,159,3,236.38,2,1,1,211,Dormant
CUST003336,32,6,644.85,4,3,3,433,Champions
CUST003337,98,3,304.88,3,1,1,311,Dormant
CUST003338,690,3,354.81,1,1,2,112,Lost
CUST003339,21,6,576.4,4,3,3,433,Champions
CUST003341,119,9,827.3399999999999,2,4,4,244,Loyal Customers
CUST003342,272,6,596.79,1,3,3,133,Loyal Customers
CUST003343,97,7,574.9300000000001,3,4,3,343,Champions
CUST003344,29,2,176.05,4,1,1,411,Dormant
CUST003345,61,1,132.61,3,1,1,311,Dormant
CUST003346,60,4,561.87,3,2,3,323,Potential Loyalists
CUST003347,160,4,301.24,2,2,1,221,Need Attention
CUST003348,275,3,372.56,1,1,2,112,Lost
CUST003349,284,1,150.23,1,1,1,111,Lost
CUST003350,59,5,418.64,3,2,2,322,Potential Loyalists
CUST003351,641,3,355.9,1,1,2,112,Lost
CUST003352,166,7,605.25,2,4,3,243,Loyal Customers
CUST003353,48,2,185.17000000000002,3,1,1,311,Dormant
CUST003354,398,1,75.12,1,1,1,111,Lost
CUST003355,288,6,797.22,1,3,4,134,Loyal Customers
CUST003356,341,2,143.79,1,1,1,111,Lost
CUST003357,5,6,680.09,4,3,4,434,Champions
CUST003358,2,12,1525.33,4,4,4,444,Champions
CUST003359,157,6,613.25,2,3,3,233,Loyal Customers
CUST003360,293,7,773.71,1,4,4,144,Loyal Customers
CUST003361,353,5,572.26,1,2,3,123,At Risk
CUST003362,300,5,561.2099999999999,1,2,3,123,At Risk
CUST003363,182,8,781.19,2,4,4,244,Loyal Customers
CUST003364,213,2,286.04999999999995,1,1,1,111,Lost
CUST003365,349,3,280.55,1,1,1,111,Lost
CUST003366,127,9,972.89,2,4,4,244,Loyal Customers
CUST003367,93,8,783.61,3,4,4,344,Champions
CUST003368,27,8,868.78,4,4,4,444,Champions
CUST003370,53,5,608.0500000000001,3,2,3,323,Potential Loyalists
CUST003371,12,6,545.67,4,3,3,433,Champions
CUST003372,190,5,423.96000000000004,2,2,2,222,Need Attention
CUST003373,6,5,351.45,4,2,2,422,Potential Loyalists
CUST003374,176,5,632.25,2,2,3,223,Need Attention
CUST003375,34,7,798.67,4,4,4,444,Champions
CUST003376,213,3,264.9,1,1,1,111,Lost
CUST003377,19,7,568.25,4,4,3,443,Champions
CUST003378,128,5,612.48,2,2,3,223,Need Attention
CUST003379,536,3,252.23000000000002,1,1,1,111,Lost
CUST003380,372,5,522.54,1,2,3,123,At Risk
CUST003381,741,1,145.5,1,1,1,111,Lost
CUST003382,121,3,237.51999999999998,2,1,1,211,Dormant
CUST003383,105,7,764.23,3,4,4,344,Champions
CUST003384,57,6,490.37,3,3,3,333,Champions
CUST003385,144,4,339.11,2,2,2,222,Need Attention
CUST003386,33,6,507.77,4,3,3,433,Champions
CUST003387,90,3,350.78,3,1,2,312,Dormant
CUST003388,241,4,356.96,1,2,2,122,At Risk
CUST003389,137,5,448.86,2,2,2,222,Need Attention
CUST003390,44,6,676.9399999999999,4,3,4,434,Champions
CUST003391,78,5,651.2,3,2,3,323,Potential Loyalists
CUST003392,151,5,430.17,2,2,2,222,Need Attention
CUST003393,71,3,272.32,3,1,1,311,Dormant
CUST003394,110,6,651.71,2,3,3,233,Loyal Customers
CUST003395,192,6,575.61,2,3,3,233,Loyal Customers
CUST003396,9,9,827.69,4,4,4,444,Champions
CUST003397,126,4,402.49,2,2,2,222,Need Attention
CUST003398,137,6,512.9399999999999,2,3,3,233,Loyal Customers
CUST003399,129,6,514.81,2,3,3,233,Loyal Customers
CUST003400,108,4,530.29,2,2,3,223,Need Attention
CUST003401,226,5,643.61,1,2,3,123,At Risk
CUST003402,50,4,344.34,3,2,2,322,Potential Loyalists
CUST003403,184,7,699.28,2,4,4,244,Loyal Customers
CUST003404,52,6,775.66,3,3,4,334,Champions
CUST003405,155,3,353.0,2,1,2,212,Dormant
CUST003406,34,9,995.1,4,4,4,444,Champions
CUST003407,310,3,342.15999999999997,1,1,2,112,Lost
CUST003408,75,5,517.8199999999999,3,2,3,323,Potential Loyalists
CUST003409,171,4,571.5,2,2,3,223,Need Attention
CUST003410,218,8,676.49,1,4,4,144,Loyal Customers
CUST003411,20,7,896.73,4,4,4,444,Champions
CUST003412,142,11,1385.3,2,4,4,244,Loyal Customers
CUST003413,99,7,814.79,3,4,4,344,Champions
CUST003414,455,4,325.47,1,2,1,121,Lost
CUST003415,101,4,440.1,3,2,2,322,Potential Loyalists
CUST003416,50,3,309.73,3,1,1,311,Dormant
CUST003417,403,4,439.02,1,2,2,122,At Risk
CUST003418,198,10,1105.35,2,4,4,244,Loyal Customers
CUST003419,135,4,346.03,2,2,2,222,Need Attention
CUST003420,207,7,747.2,2,4,4,244,Loyal Customers
CUST003421,80,11,1279.15,3,4,4,344,Champions
CUST003422,18,11,1166.49,4,4,4,444,Champions
CUST003423,264,5,498.26,1,2,3,123,At Risk
CUST003424,40,7,964.63,4,4,4,444,Champions
CUST003425,22,3,296.35,4,1,1,411,Dormant
CUST003426,520,4,488.95000000000005,1,2,2,122,At Risk
CUST003427,139,5,661.47,2,2,4,224,Need Attention
CUST003428,283,2,176.56,1,1,1,111,Lost
CUST003429,231,2,306.22,1,1,1,111,Lost
CUST003430,82,6,593.75,3,3,3,333,Champions
CUST003431,22,4,353.87,4,2,2,422,Potential Loyalists
CUST003432,43,8,800.8299999999999,4,4,4,444,Champions
CUST003433,271,4,410.91999999999996,1,2,2,122,At Risk
CUST003434,1,5,474.59000000000003,4,2,2,422,Potential Loyalists
CUST003435,13,7,692.91,4,4,4,444,Champions
CUST003436,126,8,632.1,2,4,3,243,Loyal Customers
CUST003437,7,6,556.3,4,3,3,433,Champions
CUST003438,74,5,635.19,3,2,3,323,Potential Loyalists
CUST003439,13,5,441.90999999999997,4,2,2,422,Potential Loyalists
CUST003440,87,8,977.63,3,4,4,344,Champions
CUST003442,125,8,929.07,2,4,4,244,Loyal Customers
CUST003443,441,2,310.72,1,1,1,111,Lost
CUST003444,70,3,336.53,3,1,1,311,Dormant
CUST003445,79,5,371.11,3,2,2,322,Potential Loyalists
CUST003446,196,1,109.54,2,1,1,211,Dormant
CUST003447,160,4,458.01,2,2,2,222,Need Attention
CUST003448,337,3,344.23,1,1,2,112,Lost
CUST003449,4,11,1132.09,4,4,4,444,Champions
CUST003451,93,2,220.47,3,1,1,311,Dormant
CUST003452,41,13,1324.9,4,4,4,444,Champions
CUST003453,105,4,297.76,3,2,1,321,Need Attention
CUST003454,60,2,169.32999999999998,3,1,1,311,Dormant
CUST003455,123,4,448.48,2,2,2,222,Need Attention
CUST003456,286,5,547.09,1,2,3,123,At Risk
CUST003457,48,5,532.3,3,2,3,323,Potential Loyalists
CUST003458,371,6,601.9300000000001,1,3,3,133,Loyal Customers
CUST003459,240,4,364.19,1,2,2,122,At Risk
CUST003460,7,7,647.23,4,4,3,443,Champions
CUST003461,532,4,248.05,1,2,1,121,Lost
CUST003462,6,1,100.04,4,1,1,411,Dormant
CUST003463,123,4,492.14,2,2,3,223,Need Attention
CUST003464,174,3,396.96000000000004,2,1,2,212,Dormant
CUST003465,114,4,338.5,2,2,2,222,Need Attention
CUST003466,18,8,681.67,4,4,4,444,Champions
CUST003467,30,6,423.15999999999997,4,3,2,432,Potential Loyalists
CUST003468,23,6,597.8399999999999,4,3,3,433,Champions
CUST003469,341,1,92.52,1,1,1,111,Lost
CUST003470,536,2,138.6,1,1,1,111,Lost
CUST003471,525,4,307.02,1,2,1,121,Lost
CUST003472,85,7,633.5,3,4,3,343,Champions
CUST003473,352,3,343.25,1,1,2,112,Lost
CUST003474,135,8,770.34,2,4,4,244,Loyal Customers
CUST003475,90,5,384.16,3,2,2,322,Potential Loyalists
CUST003476,89,4,297.14,3,2,1,321,Need Attention
CUST003477,95,2,246.88,3,1,1,311,Dormant
CUST003478,18,5,380.45,4,2,2,422,Potential Loyalists
CUST003479,9,7,602.8399999999999,4,4,3,443,Champions
CUST003480,218,5,553.54,1,2,3,123,At Risk
CUST003481,78,6,534.27,3,3,3,333,Champions
CUST003482,63,6,536.99,3,3,3,333,Champions
CUST003483,9,5,527.95,4,2,3,423,Potential Loyalists
CUST003484,125,5,400.34000000000003,2,2,2,222,Need Attention
CUST003485,33,5,489.90999999999997,4,2,3,423,Potential Loyalists
CUST003486,198,3,275.22,2,1,1,211,Dormant
CUST003487,64,6,593.41,3,3,3,333,Champions
CUST003488,192,1,89.91,2,1,1,211,Dormant
CUST003489,69,2,244.24,3,1,1,311,Dormant
CUST003490,64,6,496.72,3,3,3,333,Champions
CUST003491,110,5,565.3,2,2,3,223,Need Attention
CUST003492,33,4,307.73,4,2,1,421,Need Attention
CUST003493,77,2,226.57999999999998,3,1,1,311,Dormant
CUST003494,145,4,301.89,2,2,1,221,Need Attention
CUST003495,21,1,75.99,4,1,1,411,Dormant
CUST003496,22,6,685.53,4,3,4,434,Champions
CUST003497,94,5,515.01,3,2,3,323,Potential Loyalists
CUST003498,13,4,361.99,4,2,2,422,Potential Loyalists
CUST003499,56,4,435.83000000000004,3,2,2,322,Potential Loyalists
CUST003500,63,4,358.15,3,2,2,322,Potential Loyalists
CUST003501,238,4,364.94,1,2,2,122,At Risk
CUST003502,88,2,119.03999999999999,3,1,1,311,Dormant
CUST003503,72,6,785.51,3,3,4,334,Champions
CUST003504,56,3,299.6,3,1,1,311,Dormant
CUST003505,95,6,601.46,3,3,3,333,Champions
CUST003506,34,4,409.73,4,2,2,422,Potential Loyalists
CUST003507,340,3,311.63,1,1,1,111,Lost
CUST003508,18,5,435.08,4,2,2,422,Potential Loyalists
CUST003509,71,5,710.91,3,2,4,324,Potential Loyalists
CUST003510,179,10,1006.88,2,4,4,244,Loyal Customers
CUST003511,409,3,242.55,1,1,1,111,Lost
CUST003512,3,5,544.94,4,2,3,423,Potential Loyalists
CUST003513,66,11,1195.86,3,4,4,344,Champions
CUST003514,30,7,575.8,4,4,3,443,Champions
CUST003515,11,6,559.55,4,3,3,433,Champions
CUST003516,95,6,684.24,3,3,4,334,Champions
CUST003517,195,6,544.0,2,3,3,233,Loyal Customers
CUST003518,74,5,547.9200000000001,3,2,3,323,Potential Loyalists
CUST003519,30,3,244.72,4,1,1,411,Dormant
CUST003520,29,5,686.52,4,2,4,424,Potential Loyalists
CUST003521,468,4,406.21000000000004,1,2,2,122,At Risk
CUST003522,172,5,580.13,2,2,3,223,Need Attention
CUST003523,162,4,368.09999999999997,2,2,2,222,Need Attention
CUST003524,462,4,510.08,1,2,3,123,At Risk
CUST003525,199,7,695.56,2,4,4,244,Loyal Customers
CUST003526,21,5,523.4399999999999,4,2,3,423,Potential Loyalists
CUST003527,188,1,96.32,2,1,1,211,Dormant
CUST003528,200,5,547.28,2,2,3,223,Need Attention
CUST003529,582,3,363.89,1,1,2,112,Lost
CUST003530,35,4,376.53999999999996,4,2,2,422,Potential Loyalists
CUST003531,103,6,604.0699999999999,3,3,3,333,Champions
CUST003532,9,4,394.87,4,2,2,422,Potential Loyalists
CUST003533,12,9,825.21,4,4,4,444,Champions
CUST003534,295,4,517.71,1,2,3,123,At Risk
CUST003535,279,4,465.24,1,2,2,122,At Risk
CUST003536,49,6,536.25,3,3,3,333,Champions
CUST003537,167,5,634.67,2,2,3,223,Need Attention
CUST003538,23,5,538.4200000000001,4,2,3,423,Potential Loyalists
CUST003539,30,6,528.39,4,3,3,433,Champions
CUST003540,208,4,351.55,2,2,2,222,Need Attention
CUST003541,230,6,687.58,1,3,4,134,Loyal Customers
CUST003542,193,3,387.7,2,1,2,212,Dormant
CUST003543,70,6,639.77,3,3,3,333,Champions
CUST003544,151,6,605.78,2,3,3,233,Loyal Customers
CUST003545,66,6,481.34000000000003,3,3,2,332,Potential Loyalists
CUST003546,68,4,312.56,3,2,1,321,Need Attention
CUST003547,67,9,877.91,3,4,4,344,Champions
CUST003548,137,5,521.8,2,2,3,223,Need Attention
CUST003549,83,8,804.03,3,4,4,344,Champions
CUST003550,76,5,426.34,3,2,2,322,Potential Loyalists
CUST003551,290,4,356.39,1,2,2,122,At Risk
CUST003552,49,8,736.1,3,4,4,344,Champions
CUST003553,177,6,562.12,2,3,3,233,Loyal Customers
CUST003554,251,4,506.33000000000004,1,2,3,123,At Risk
CUST003555,23,4,409.63,4,2,2,422,Potential Loyalists
CUST003556,3,5,453.29,4,2,2,422,Potential Loyalists
CUST003557,331,3,337.36,1,1,1,111,Lost
CUST003558,203,5,460.33,2,2,2,222,Need Attention
CUST003559,68,7,650.24,3,4,3,343,Champions
CUST003560,111,6,706.02,2,3,4,234,Loyal Customers
CUST003561,302,3,327.43,1,1,1,111,Lost
CUST003562,761,3,405.0,1,1,2,112,Lost
CUST003563,158,3,434.46000000000004,2,1,2,212,Dormant
CUST003564,362,2,226.88,1,1,1,111,Lost
CUST003565,151,5,505.5,2,2,3,223,Need Attention
CUST003566,74,5,552.0,3,2,3,323,Potential Loyalists
CUST003567,119,4,414.57,2,2,2,222,Need Attention
CUST003568,75,7,749.8800000000001,3,4,4,344,Champions
CUST003569,58,6,572.21,3,3,3,333,Champions
CUST003570,47,4,522.09,3,2,3,323,Potential Loyalists
CUST003571,39,3,240.74,4,1,1,411,Dormant
CUST003572,111,2,149.95999999999998,2,1,1,211,Dormant
CUST003573,15,8,813.74,4,4,4,444,Champions
CUST003574,332,4,385.5,1,2,2,122,At Risk
CUST003575,124,3,423.98,2,1,2,212,Dormant
CUST003576,56,7,714.39,3,4,4,344,Champions
CUST003577,157,6,545.69,2,3,3,233,Loyal Customers
CUST003578,70,7,803.33,3,4,4,344,Champions
CUST003579,285,2,224.39,1,1,1,111,Lost
CUST003580,490,2,174.09,1,1,1,111,Lost
CUST003581,220,4,355.75,1,2,2,122,At Risk
CUST003582,5,4,416.71,4,2,2,422,Potential Loyalists
CUST003583,263,4,438.44,1,2,2,122,At Risk
CUST003584,203,6,594.15,2,3,3,233,Loyal Customers
CUST003585,122,6,538.72,2,3,3,233,Loyal Customers
CUST003586,6,6,533.64,4,3,3,433,Champions
CUST003587,124,6,598.24,2,3,3,233,Loyal Customers
CUST003588,508,5,653.6899999999999,1,2,3,123,At Risk
CUST003589,66,6,465.06,3,3,2,332,Potential Loyalists
CUST003590,60,5,452.22,3,2,2,322,Potential Loyalists
CUST003591,30,7,679.56,4,4,4,444,Champions
CUST003592,429,3,246.4,1,1,1,111,Lost
CUST003593,127,2,283.37,2,1,1,211,Dormant
CUST003594,128,5,393.02,2,2,2,222,Need Attention
CUST003595,49,5,474.04,3,2,2,322,Potential Loyalists
CUST003596,57,9,846.4799999999999,3,4,4,344,Champions
CUST003597,34,11,1268.3500000000001,4,4,4,444,Champions
CUST003598,7,3,211.19,4,1,1,411,Dormant
CUST003599,38,7,923.26,4,4,4,444,Champions
CUST003600,250,5,531.84,1,2,3,123,At Risk
CUST003601,7,6,708.67,4,3,4,434,Champions
CUST003602,31,6,548.99,4,3,3,433,Champions
CUST003603,324,1,138.53,1,1,1,111,Lost
CUST003604,95,8,805.65,3,4,4,344,Champions
CUST003605,132,3,222.70000000000002,2,1,1,211,Dormant
CUST003606,41,6,668.39,4,3,4,434,Champions
CUST003607,67,11,1108.48,3,4,4,344,Champions
CUST003608,185,8,912.38,2,4,4,244,Loyal Customers
CUST003609,289,6,749.25,1,3,4,134,Loyal Customers
CUST003610,40,4,394.57,4,2,2,422,Potential Loyalists
CUST003611,374,1,152.59,1,1,1,111,Lost
CUST003612,95,4,362.42,3,2,2,322,Potential Loyalists
CUST003613,308,2,138.95,1,1,1,111,Lost
CUST003614,174,6,533.73,2,3,3,233,Loyal Customers
CUST003615,112,4,383.66,2,2,2,222,Need Attention
CUST003616,231,4,391.31,1,2,2,122,At Risk
CUST003617,54,6,586.9200000000001,3,3,3,333,Champions
CUST003618,100,9,896.3,3,4,4,344,Champions
CUST003619,312,5,470.86,1,2,2,122,At Risk
CUST003620,64,6,670.88,3,3,4,334,Champions
CUST003621,36,4,424.75,4,2,2,422,Potential Loyalists
CUST003622,55,4,549.34,3,2,3,323,Potential Loyalists
CUST003623,110,8,959.36,2,4,4,244,Loyal Customers
CUST003624,116,6,659.14,2,3,3,233,Loyal Customers
CUST003625,333,4,377.36,1,2,2,122,At Risk
CUST003626,15,3,309.61,4,1,1,411,Dormant
CUST003627,259,5,514.01,1,2,3,123,At Risk
CUST003628,73,5,508.95,3,2,3,323,Potential Loyalists
CUST003629,347,3,309.44,1,1,1,111,Lost
CUST003630,415,3,295.81,1,1,1,111,Lost
CUST003631,137,8,699.39,2,4,4,244,Loyal Customers
CUST003632,174,6,765.78,2,3,4,234,Loyal Customers
CUST003633,102,8,951.51,3,4,4,344,Champions
CUST003634,182,5,639.4100000000001,2,2,3,223,Need Attention
CUST003635,411,6,608.92,1,3,3,133,Loyal Customers
CUST003636,95,8,869.4,3,4,4,344,Champions
CUST003637,130,4,510.89,2,2,3,223,Need Attention
CUST003638,390,3,319.49,1,1,1,111,Lost
CUST003639,50,4,426.77,3,2,2,322,Potential Loyalists
CUST003640,275,4,317.21000000000004,1,2,1,121,Lost
CUST003641,112,5,414.17,2,2,2,222,Need Attention
CUST003642,142,4,427.03,2,2,2,222,Need Attention
CUST003643,102,4,494.14,3,2,3,323,Potential Loyalists
CUST003644,38,8,806.65,4,4,4,444,Champions
CUST003645,14,7,733.53,4,4,4,444,Champions
CUST003646,116,5,553.2099999999999,2,2,3,223,Need Attention
CUST003647,111,2,346.55,2,1,2,212,Dormant
CUST003648,178,8,863.24,2,4,4,244,Loyal Customers
CUST003649,105,5,505.24,3,3,3,333,Champions
CUST003650,59,5,491.70000000000005,3,3,3,333,Champions
CUST003651,10,4,357.88,4,2,2,422,Potential Loyalists
CUST003652,2,5,488.32,4,3,2,432,Potential Loyalists
CUST003653,386,1,196.79,1,1,1,111,Lost
CUST003654,392,2,220.12,1,1,1,111,Lost
CUST003655,12,4,373.51,4,2,2,422,Potential Loyalists
CUST003656,224,5,386.76,1,3,2,132,At Risk
CUST003657,158,8,858.38,2,4,4,244,Loyal Customers
CUST003658,74,6,697.6700000000001,3,3,4,334,Champions
CUST003659,128,4,328.90000000000003,2,2,1,221,Need Attention
CUST003660,66,7,745.37,3,4,4,344,Champions
CUST003661,38,7,686.3,4,4,4,444,Champions
CUST003662,95,3,305.63,3,1,1,311,Dormant
CUST003663,46,6,586.95,4,3,3,433,Champions
CUST003664,260,9,890.9100000000001,1,4,4,144,Loyal Customers
CUST003665,3,6,649.61,4,3,3,433,Champions
CUST003666,56,5,507.8,3,3,3,333,Champions
CUST003667,63,13,1322.46,3,4,4,344,Champions
CUST003668,61,11,1340.99,3,4,4,344,Champions
CUST003669,70,8,911.6700000000001,3,4,4,344,Champions
CUST003670,97,5,627.5600000000001,3,3,3,333,Champions
CUST003671,95,3,309.75,3,1,1,311,Dormant
CUST003672,101,4,299.59000000000003,3,2,1,321,Need Attention
CUST003673,20,4,413.18,4,2,2,422,Potential Loyalists
CUST003674,354,2,196.8,1,1,1,111,Lost
CUST003675,29,9,885.02,4,4,4,444,Champions
CUST003676,113,6,462.26,2,3,2,232,Need Attention
CUST003677,318,2,154.79,1,1,1,111,Lost
CUST003678,382,3,463.26,1,1,2,112,Lost
CUST003679,471,4,469.89,1,2,2,122,At Risk
CUST003680,103,5,502.89,3,3,3,333,Champions
CUST003681,85,2,194.95,3,1,1,311,Dormant
CUST003682,159,10,1000.32,2,4,4,244,Loyal Customers
CUST003683,244,5,431.27000000000004,1,3,2,132,At Risk
CUST003684,324,4,486.8,1,2,2,122,At Risk
CUST003685,583,3,322.26,1,1,1,111,Lost
CUST003686,46,12,1008.68,4,4,4,444,Champions
CUST003687,146,7,643.3299999999999,2,4,3,243,Loyal Customers
CUST003688,81,3,252.23000000000002,3,1,1,311,Dormant
CUST003689,121,4,432.81,2,2,2,222,Need Attention
CUST003690,364,4,414.77,1,2,2,122,At Risk
CUST003691,443,4,416.44,1,2,2,122,At Risk
CUST003692,47,2,304.93,3,1,1,311,Dormant
CUST003693,103,3,343.79999999999995,3,1,2,312,Dormant
CUST003694,322,6,566.72,1,3,3,133,Loyal Customers
CUST003695,24,7,702.8,4,4,4,444,Champions
CUST003696,291,4,435.35,1,2,2,122,At Risk
CUST003697,8,5,439.17,4,3,2,432,Potential Loyalists
CUST003698,271,4,489.0,1,2,2,122,At Risk
CUST003699,103,4,345.49,3,2,2,322,Potential Loyalists
CUST003700,29,7,620.6,4,4,3,443,Champions
CUST003701,186,4,451.3,2,2,2,222,Need Attention
CUST003702,91,5,591.5699999999999,3,3,3,333,Champions
CUST003703,10,6,767.06,4,3,4,434,Champions
CUST003704,7,2,214.51999999999998,4,1,1,411,Dormant
CUST003705,169,5,502.59,2,3,3,233,Loyal Customers
CUST003706,61,7,795.55,3,4,4,344,Champions
CUST003707,472,2,120.05,1,1,1,111,Lost
CUST003708,115,5,434.42,2,3,2,232,Need Attention
CUST003709,133,8,958.55,2,4,4,244,Loyal Customers
CUST003710,120,5,558.93,2,3,3,233,Loyal Customers
CUST003711,288,2,181.95,1,1,1,111,Lost
CUST003712,2,6,559.27,4,3,3,433,Champions
CUST003713,11,7,646.96,4,4,3,443,Champions
CUST003714,131,8,846.16,2,4,4,244,Loyal Customers
CUST003715,62,3,345.39,3,1,2,312,Dormant
CUST003716,226,4,481.26,1,2,2,122,At Risk
CUST003717,91,2,140.45,3,1,1,311,Dormant
CUST003718,257,4,471.93,1,2,2,122,At Risk
CUST003719,312,5,326.15,1,3,1,131,Can't Lose Them
CUST003720,101,8,739.79,3,4,4,344,Champions
CUST003721,110,6,660.88,2,3,4,234,Loyal Customers
CUST003722,353,5,469.91,1,3,2,132,At Risk
CUST003723,92,8,916.9,3,4,4,344,Champions
CUST003724,55,5,501.03,3,3,3,333,Champions
CUST003725,138,8,732.8299999999999,2,4,4,244,Loyal Customers
CUST003726,631,2,249.36,1,1,1,111,Lost
CUST003727,48,5,441.58,3,3,2,332,Potential Loyalists
CUST003728,1,4,454.31,4,2,2,422,Potential Loyalists
CUST003729,127,6,609.9300000000001,2,3,3,233,Loyal Customers
CUST003730,235,4,442.44,1,2,2,122,At Risk
CUST003731,251,7,680.18,1,4,4,144,Loyal Customers
CUST003732,110,6,725.58,2,3,4,234,Loyal Customers
CUST003733,54,6,630.09,3,3,3,333,Champions
CUST003734,21,5,546.28,4,3,3,433,Champions
CUST003735,48,2,218.82999999999998,3,1,1,311,Dormant
CUST003736,48,10,887.8199999999999,3,4,4,344,Champions
CUST003737,263,5,673.5,1,3,4,134,Loyal Customers
CUST003738,173,3,334.84,2,1,1,211,Dormant
CUST003739,189,5,566.24,2,3,3,233,Loyal Customers
CUST003740,180,7,676.01,2,4,4,244,Loyal Customers
CUST003741,125,6,615.37,2,3,3,233,Loyal Customers
CUST003742,23,3,376.55,4,1,2,412,Dormant
CUST003743,13,7,707.34,4,4,4,444,Champions
CUST003744,47,4,343.25,3,2,2,322,Potential Loyalists
CUST003745,167,10,1139.8700000000001,2,4,4,244,Loyal Customers
CUST003746,67,5,608.3,3,3,3,333,Champions
CUST003747,156,6,665.86,2,3,4,234,Loyal Customers
CUST003748,103,5,495.92,3,3,3,333,Champions
CUST003749,173,3,310.65999999999997,2,1,1,211,Dormant
CUST003750,52,5,462.41999999999996,3,3,2,332,Potential Loyalists
CUST003751,67,3,283.67,3,1,1,311,Dormant
CUST003752,396,2,209.1,1,1,1,111,Lost
CUST003753,739,1,96.02,1,1,1,111,Lost
CUST003755,69,8,819.23,3,4,4,344,Champions
CUST003756,36,4,333.77,4,2,1,421,Need Attention
CUST003757,106,8,965.94,3,4,4,344,Champions
CUST003758,145,5,586.94,2,3,3,233,Loyal Customers
CUST003759,23,3,315.19,4,1,1,411,Dormant
CUST003760,120,3,390.36,2,1,2,212,Dormant
CUST003761,49,8,891.5,3,4,4,344,Champions
CUST003762,369,2,232.65,1,1,1,111,Lost
CUST003763,136,3,383.95,2,1,2,212,Dormant
CUST003764,164,3,232.98000000000002,2,1,1,211,Dormant
CUST003765,115,4,402.89,2,2,2,222,Need Attention
CUST003766,20,13,1146.76,4,4,4,444,Champions
CUST003767,85,3,265.77,3,1,1,311,Dormant
CUST003768,75,2,252.5,3,1,1,311,Dormant
CUST003769,40,3,298.66999999999996,4,1,1,411,Dormant
CUST003770,340,2,192.33999999999997,1,1,1,111,Lost
CUST003771,110,5,556.22,2,3,3,233,Loyal Customers
CUST003772,62,9,835.65,3,4,4,344,Champions
CUST003773,209,4,506.31,2,2,3,223,Need Attention
CUST003774,32,5,492.61,4,3,3,433,Champions
CUST003775,141,3,297.7,2,1,1,211,Dormant
CUST003776,390,2,134.2,1,1,1,111,Lost
CUST003777,28,3,316.11,4,1,1,411,Dormant
CUST003778,81,6,508.48,3,3,3,333,Champions
CUST003779,207,6,825.34,2,3,4,234,Loyal Customers
CUST003780,272,3,253.35,1,1,1,111,Lost
CUST003781,119,5,390.67999999999995,2,3,2,232,Need Attention
CUST003782,169,4,365.47,2,2,2,222,Need Attention
CUST003783,77,11,1079.58,3,4,4,344,Champions
CUST003784,5,8,830.4100000000001,4,4,4,444,Champions
CUST003785,36,3,234.35000000000002,4,1,1,411,Dormant
CUST003786,9,5,426.2,4,3,2,432,Potential Loyalists
CUST003787,75,5,593.73,3,3,3,333,Champions
CUST003788,160,8,896.54,2,4,4,244,Loyal Customers
CUST003789,1,10,1119.27,4,4,4,444,Champions
CUST003790,71,9,749.73,3,4,4,344,Champions
CUST003791,116,5,354.48,2,3,2,232,Need Attention
CUST003792,471,1,148.9,1,1,1,111,Lost
CUST003793,126,2,209.68,2,1,1,211,Dormant
CUST003794,115,7,886.29,2,4,4,244,Loyal Customers
CUST003795,314,5,570.56,1,3,3,133,Loyal Customers
CUST003796,88,7,668.66,3,4,4,344,Champions
CUST003797,172,7,886.52,2,4,4,244,Loyal Customers
CUST003798,376,4,432.04,1,2,2,122,At Risk
CUST003799,82,5,405.1,3,3,2,332,Potential Loyalists
CUST003800,104,3,272.38,3,1,1,311,Dormant
CUST003801,256,4,435.99,1,2,2,122,At Risk
CUST003802,167,6,638.8900000000001,2,3,3,233,Loyal Customers
CUST003803,339,2,182.22000000000003,1,1,1,111,Lost
CUST003804,219,4,425.72,1,2,2,122,At Risk
CUST003805,231,7,877.1700000000001,1,4,4,144,Loyal Customers
CUST003806,182,7,731.25,2,4,4,244,Loyal Customers
CUST003807,78,7,614.26,3,4,3,343,Champions
CUST003808,236,6,519.44,1,3,3,133,Loyal Customers
CUST003809,215,6,475.19,1,3,2,132,At Risk
CUST003810,211,7,1025.78,2,4,4,244,Loyal Customers
CUST003811,52,6,541.68,3,3,3,333,Champions
CUST003812,4,11,1199.1100000000001,4,4,4,444,Champions
CUST003813,64,4,492.36,3,2,3,323,Potential Loyalists
CUST003814,73,5,440.46000000000004,3,3,2,332,Potential Loyalists
CUST003815,111,5,581.94,2,3,3,233,Loyal Customers
CUST003816,346,2,137.56,1,1,1,111,Lost
CUST003817,156,5,582.22,2,3,3,233,Loyal Customers
CUST003818,60,6,672.95,3,3,4,334,Champions
CUST003819,690,2,127.52,1,1,1,111,Lost
CUST003820,125,3,294.14,2,1,1,211,Dormant
CUST003821,32,5,423.94,4,3,2,432,Potential Loyalists
CUST003822,79,4,415.55,3,2,2,322,Potential Loyalists
CUST003823,16,6,450.03000000000003,4,3,2,432,Potential Loyalists
CUST003824,190,3,337.44,2,1,1,211,Dormant
CUST003825,111,5,440.45,2,3,2,232,Need Attention
CUST003826,21,4,301.53,4,2,1,421,Need Attention
CUST003827,91,4,313.28999999999996,3,2,1,321,Need Attention
CUST003828,307,5,433.13,1,3,2,132,At Risk
CUST003829,54,6,650.72,3,3,3,333,Champions
CUST003830,359,2,183.94,1,1,1,111,Lost
CUST003831,67,11,1271.01,3,4,4,344,Champions
CUST003832,112,3,181.12,2,1,1,211,Dormant
CUST003833,14,4,388.0,4,2,2,422,Potential Loyalists
CUST003834,116,6,630.4,2,3,3,233,Loyal Customers
CUST003835,30,6,587.94,4,3,3,433,Champions
CUST003836,147,2,119.34,2,1,1,211,Dormant
CUST003837,266,8,702.85,1,4,4,144,Loyal Customers
CUST003838,50,11,932.72,3,4,4,344,Champions
CUST003839,270,7,709.62,1,4,4,144,Loyal Customers
CUST003840,1,2,222.76,4,1,1,411,Dormant
CUST003841,527,1,64.67,1,1,1,111,Lost
CUST003842,223,7,845.4,1,4,4,144,Loyal Customers
CUST003843,65,7,554.73,3,4,3,343,Champions
CUST003844,146,7,531.58,2,4,3,243,Loyal Customers
CUST003845,144,6,583.85,2,3,3,233,Loyal Customers
CUST003846,463,4,477.75,1,2,2,122,At Risk
CUST003847,77,3,416.08,3,1,2,312,Dormant
CUST003848,7,6,746.97,4,3,4,434,Champions
CUST003849,404,3,343.31,1,1,2,112,Lost
CUST003850,127,6,507.38,2,3,3,233,Loyal Customers
CUST003851,450,4,324.65,1,2,1,121,Lost
CUST003852,120,6,531.61,2,3,3,233,Loyal Customers
CUST003853,187,9,966.61,2,4,4,244,Loyal Customers
CUST003854,53,5,717.74,3,3,4,334,Champions
CUST003855,299,9,818.3199999999999,1,4,4,144,Loyal Customers
CUST003856,31,6,650.92,4,3,3,433,Champions
CUST003857,382,1,79.68,1,1,1,111,Lost
CUST003858,129,5,454.0400000000001,2,3,2,232,Need Attention
CUST003859,89,4,389.04,3,2,2,322,Potential Loyalists
CUST003860,115,6,787.08,2,3,4,234,Loyal Customers
CUST003861,140,6,561.31,2,3,3,233,Loyal Customers
CUST003862,13,8,930.17,4,4,4,444,Champions
CUST003863,359,5,496.73,1,3,3,133,Loyal Customers
CUST003864,59,4,365.22,3,2,2,322,Potential Loyalists
CUST003865,110,6,617.4100000000001,2,3,3,233,Loyal Customers
CUST003866,181,5,451.28999999999996,2,3,2,232,Need Attention
CUST003867,45,7,774.12,4,4,4,444,Champions
CUST003868,117,4,462.67999999999995,2,2,2,222,Need Attention
CUST003869,50,10,898.55,3,4,4,344,Champions
CUST003870,11,7,835.62,4,4,4,444,Champions
CUST003871,513,2,234.85,1,1,1,111,Lost
CUST003872,337,5,695.8199999999999,1,3,4,134,Loyal Customers
CUST003873,98,4,318.75,3,2,1,321,Need Attention
CUST003874,234,4,462.39,1,2,2,122,At Risk
CUST003875,156,8,758.97,2,4,4,244,Loyal Customers
CUST003876,236,3,191.66000000000003,1,1,1,111,Lost
CUST003877,103,7,683.56,3,4,4,344,Champions
CUST003878,117,5,512.04,2,3,3,233,Loyal Customers
CUST003879,122,5,691.9100000000001,2,3,4,234,Loyal Customers
CUST003880,62,6,805.37,3,3,4,334,Champions
CUST003881,211,4,409.48,2,2,2,222,Need Attention
CUST003882,1,5,398.28999999999996,4,3,2,432,Potential Loyalists
CUST003883,81,5,593.54,3,3,3,333,Champions
CUST003884,17,5,549.73,4,3,3,433,Champions
CUST003885,414,1,136.53,1,1,1,111,Lost
CUST003886,25,9,868.54,4,4,4,444,Champions
CUST003887,27,13,1408.69,4,4,4,444,Champions
CUST003888,139,5,504.46,2,3,3,233,Loyal Customers
CUST003890,290,4,459.21000000000004,1,2,2,122,At Risk
CUST003891,303,3,279.65,1,1,1,111,Lost
CUST003892,324,5,538.54,1,3,3,133,Loyal Customers
CUST003893,90,4,414.56,3,2,2,322,Potential Loyalists
CUST003894,360,2,181.51,1,1,1,111,Lost
CUST003895,89,9,953.65,3,4,4,344,Champions
CUST003896,344,3,198.19,1,1,1,111,Lost
CUST003897,140,10,949.61,2,4,4,244,Loyal Customers
CUST003898,12,2,179.67000000000002,4,1,1,411,Dormant
CUST003899,217,5,395.08,1,3,2,132,At Risk
CUST003900,64,6,577.78,3,3,3,333,Champions
CUST003901,58,4,329.06,3,2,1,321,Need Attention
CUST003902,39,8,754.26,4,4,4,444,Champions
CUST003903,125,7,776.15,2,4,4,244,Loyal Customers
CUST003904,92,2,138.71,3,1,1,311,Dormant
CUST003905,24,6,495.87,4,3,3,433,Champions
CUST003906,595,2,188.24,1,1,1,111,Lost
CUST003907,11,3,363.98,4,1,2,412,Dormant
CUST003908,155,7,722.8199999999999,2,4,4,244,Loyal Customers
CUST003909,296,4,293.71,1,2,1,121,Lost
CUST003910,69,6,693.99,3,3,4,334,Champions
CUST003911,2,4,413.18,4,2,2,422,Potential Loyalists
CUST003912,135,5,470.55,2,3,2,232,Need Attention
CUST003913,133,6,665.64,2,3,4,234,Loyal Customers
CUST003914,102,10,1428.06,3,4,4,344,Champions
CUST003915,42,5,398.79999999999995,4,3,2,432,Potential Loyalists
CUST003916,29,6,468.0,4,3,2,432,Potential Loyalists
CUST003917,14,6,659.08,4,3,3,433,Champions
CUST003918,155,5,483.88,2,3,2,232,Need Attention
CUST003919,365,7,887.09,1,4,4,144,Loyal Customers
CUST003920,95,3,374.86,3,1,2,312,Dormant
CUST003921,397,3,358.68,1,1,2,112,Lost
CUST003922,283,5,488.41999999999996,1,3,2,132,At Risk
CUST003923,11,5,635.36,4,3,3,433,Champions
CUST003924,123,3,251.78000000000003,2,1,1,211,Dormant
CUST003925,348,4,441.61,1,2,2,122,At Risk
CUST003926,483,4,422.4,1,2,2,122,At Risk
CUST003928,180,3,225.91,2,1,1,211,Dormant
CUST003929,37,10,1032.8600000000001,4,4,4,444,Champions
CUST003931,12,10,1259.29,4,4,4,444,Champions
CUST003932,96,5,531.37,3,3,3,333,Champions
CUST003933,526,4,300.86,1,2,1,121,Lost
CUST003934,79,9,1086.83,3,4,4,344,Champions
CUST003935,480,3,231.51999999999998,1,1,1,111,Lost
CUST003936,171,1,87.71,2,1,1,211,Dormant
CUST003937,239,2,197.34,1,1,1,111,Lost
CUST003938,101,9,815.53,3,4,4,344,Champions
CUST003939,244,6,600.97,1,3,3,133,Loyal Customers
CUST003940,40,9,778.97,4,4,4,444,Champions
CUST003941,19,2,218.8,4,1,1,411,Dormant
CUST003942,497,3,247.71,1,1,1,111,Lost
CUST003943,379,2,145.84,1,1,1,111,Lost
CUST003944,52,4,434.57,3,2,2,322,Potential Loyalists
CUST003945,37,7,760.35,4,4,4,444,Champions
CUST003946,174,6,598.72,2,3,3,233,Loyal Customers
CUST003947,32,8,835.91,4,4,4,444,Champions
CUST003948,64,5,539.39,3,3,3,333,Champions
CUST003949,38,6,619.87,4,3,3,433,Champions
CUST003950,87,4,473.18,3,2,2,322,Potential Loyalists
CUST003951,175,6,732.12,2,3,4,234,Loyal Customers
CUST003952,12,7,713.24,4,4,4,444,Champions
CUST003953,91,6,545.4300000000001,3,3,3,333,Champions
CUST003954,40,8,983.37,4,4,4,444,Champions
CUST003955,324,5,517.36,1,3,3,133,Loyal Customers
CUST003956,35,6,708.11,4,3,4,434,Champions
CUST003957,111,5,556.0799999999999,2,3,3,233,Loyal Customers
CUST003958,15,7,688.35,4,4,4,444,Champions
CUST003959,7,6,645.99,4,3,3,433,Champions
CUST003960,40,10,1020.72,4,4,4,444,Champions
CUST003961,207,4,491.17,2,2,3,223,Need Attention
CUST003962,53,5,436.81,3,3,2,332,Potential Loyalists
CUST003963,177,9,968.06,2,4,4,244,Loyal Customers
CUST003964,105,3,333.53,3,1,1,311,Dormant
CUST003965,271,4,338.26,1,2,1,121,Lost
CUST003966,59,7,799.12,3,4,4,344,Champions
CUST003967,66,4,357.53999999999996,3,2,2,322,Potential Loyalists
CUST003968,34,5,427.45,4,3,2,432,Potential Loyalists
CUST003969,90,3,335.13,3,1,1,311,Dormant
CUST003970,126,4,451.77000000000004,2,2,2,222,Need Attention
CUST003971,140,3,250.41,2,1,1,211,Dormant
CUST003972,205,4,349.48,2,2,2,222,Need Attention
CUST003973,13,6,488.03999999999996,4,3,2,432,Potential Loyalists
CUST003974,113,5,348.47,2,3,2,232,Need Attention
CUST003975,232,5,392.48,1,3,2,132,At Risk
CUST003976,176,4,446.03999999999996,2,2,2,222,Need Attention
CUST003977,8,9,1004.82,4,4,4,444,Champions
CUST003978,237,3,343.12,1,1,2,112,Lost
CUST003979,27,5,551.0500000000001,4,3,3,433,Champions
CUST003980,61,5,510.29,3,3,3,333,Champions
CUST003981,335,3,399.54,1,1,2,112,Lost
CUST003982,16,7,564.48,4,4,3,443,Champions
CUST003983,517,4,593.78,1,2,3,123,At Risk
CUST003984,205,9,779.24,2,4,4,244,Loyal Customers
CUST003985,212,4,435.8,1,2,2,122,At Risk
CUST003986,8,4,520.0,4,2,3,423,Potential Loyalists
CUST003987,30,6,547.09,4,3,3,433,Champions
CUST003988,98,6,595.53,3,3,3,333,Champions
CUST003989,15,8,810.35,4,4,4,444,Champions
CUST003990,149,6,541.09,2,3,3,233,Loyal Customers
CUST003991,187,3,256.67,2,1,1,211,Dormant
CUST003992,282,4,366.25,1,2,2,122,At Risk
CUST003993,264,5,520.26,1,3,3,133,Loyal Customers
CUST003994,275,4,347.93,1,2,2,122,At Risk
CUST003995,62,5,469.75,3,3,2,332,Potential Loyalists
CUST003996,59,3,268.86,3,1,1,311,Dormant
CUST003997,30,8,597.46,4,4,3,443,Champions
CUST003998,48,4,364.6,3,2,2,322,Potential Loyalists
CUST003999,116,7,634.82,2,4,3,243,Loyal Customers
CUST004000,121,4,333.76,2,2,1,221,Need Attention
CUST004001,19,4,406.44,4,2,2,422,Potential Loyalists
CUST004002,52,7,824.5799999999999,3,4,4,344,Champions
CUST004003,150,3,357.09000000000003,2,1,2,212,Dormant
CUST004004,18,7,803.91,4,4,4,444,Champions
CUST004005,13,4,363.27,4,2,2,422,Potential Loyalists
CUST004006,222,5,518.2,1,3,3,133,Loyal Customers
CUST004007,84,4,373.04,3,2,2,322,Potential Loyalists
CUST004008,101,5,532.7,3,3,3,333,Champions
CUST004009,51,7,610.06,3,4,3,343,Champions
CUST004010,48,5,427.37,3,3,2,332,Potential Loyalists
CUST004011,22,3,228.12,4,1,1,411,Dormant
CUST004012,311,4,418.71000000000004,1,2,2,122,At Risk
CUST004013,59,6,590.63,3,3,3,333,Champions
CUST004014,31,6,623.85,4,3,3,433,Champions
CUST004015,466,1,205.28,1,1,1,111,Lost
CUST004016,78,7,553.47,3,4,3,343,Champions
CUST004017,324,3,318.11,1,1,1,111,Lost
CUST004018,396,8,800.56,1,4,4,144,Loyal Customers
CUST004019,6,5,515.79,4,3,3,433,Champions
CUST004020,90,5,536.05,3,3,3,333,Champions
CUST004021,30,4,376.56,4,2,2,422,Potential Loyalists
CUST004022,269,4,348.82,1,2,2,122,At Risk
CUST004023,163,3,282.36,2,1,1,211,Dormant
CUST004024,312,6,526.18,1,3,3,133,Loyal Customers
CUST004025,11,5,553.63,4,3,3,433,Champions
CUST004026,53,5,426.52,3,3,2,332,Potential Loyalists
CUST004027,162,6,569.6600000000001,2,3,3,233,Loyal Customers
CUST004028,38,4,372.12,4,2,2,422,Potential Loyalists
CUST004029,25,5,553.77,4,3,3,433,Champions
CUST004030,109,8,813.28,2,4,4,244,Loyal Customers
CUST004031,35,6,765.51,4,3,4,434,Champions
CUST004032,94,5,412.14,3,3,2,332,Potential Loyalists
CUST004033,38,6,708.04,4,3,4,434,Champions
CUST004034,103,6,517.28,3,3,3,333,Champions
CUST004035,30,6,578.04,4,3,3,433,Champions
CUST004036,509,1,119.08,1,1,1,111,Lost
CUST004037,153,7,867.62,2,4,4,244,Loyal Customers
CUST004038,26,8,676.36,4,4,4,444,Champions
CUST004039,349,1,53.41,1,1,1,111,Lost
CUST004040,18,4,435.43,4,2,2,422,Potential Loyalists
CUST004041,1,7,650.8,4,4,3,443,Champions
CUST004042,129,3,231.12,2,1,1,211,Dormant
CUST004043,359,3,234.66,1,1,1,111,Lost
CUST004044,101,3,192.03,3,1,1,311,Dormant
CUST004045,40,7,669.58,4,4,4,444,Champions
CUST004046,255,5,529.06,1,3,3,133,Loyal Customers
CUST004047,404,2,159.82999999999998,1,1,1,111,Lost
CUST004048,84,5,570.25,3,3,3,333,Champions
CUST004049,199,4,346.17,2,2,2,222,Need Attention
CUST004050,88,4,341.73,3,2,2,322,Potential Loyalists
CUST004051,15,8,741.25,4,4,4,444,Champions
CUST004052,195,8,963.52,2,4,4,244,Loyal Customers
CUST004053,205,4,465.84000000000003,2,2,2,222,Need Attention
CUST004054,96,6,533.96,3,3,3,333,Champions
CUST004055,68,8,875.44,3,4,4,344,Champions
CUST004056,183,4,322.95,2,2,1,221,Need Attention
CUST004057,126,4,425.68999999999994,2,2,2,222,Need Attention
CUST004058,39,4,353.27,4,2,2,422,Potential Loyalists
CUST004059,72,8,789.16,3,4,4,344,Champions
CUST004060,163,2,141.08,2,1,1,211,Dormant
CUST004061,124,6,626.87,2,3,3,233,Loyal Customers
CUST004062,8,8,760.05,4,4,4,444,Champions
CUST004063,231,3,285.57,1,1,1,111,Lost
CUST004064,194,7,539.23,2,4,3,243,Loyal Customers
CUST004065,160,2,138.53,2,1,1,211,Dormant
CUST004066,60,4,360.29,3,2,2,322,Potential Loyalists
CUST004067,82,4,348.82,3,2,2,322,Potential Loyalists
CUST004068,195,8,914.98,2,4,4,244,Loyal Customers
CUST004069,208,4,333.02,2,2,1,221,Need Attention
CUST004070,424,5,544.31,1,3,3,133,Loyal Customers
CUST004071,86,4,506.59,3,2,3,323,Potential Loyalists
CUST004072,32,8,837.6700000000001,4,4,4,444,Champions
CUST004073,116,8,933.4,2,4,4,244,Loyal Customers
CUST004074,6,5,443.8,4,3,2,432,Potential Loyalists
CUST004075,298,5,437.9,1,3,2,132,At Risk
CUST004076,126,9,1083.88,2,4,4,244,Loyal Customers
CUST004077,27,8,756.53,4,4,4,444,Champions
CUST004078,171,7,982.0,2,4,4,244,Loyal Customers
CUST004079,290,5,554.18,1,3,3,133,Loyal Customers
CUST004080,529,3,356.2,1,1,2,112,Lost
CUST004081,5,6,680.92,4,3,4,434,Champions
CUST004082,137,5,487.90999999999997,2,3,2,232,Need Attention
CUST004083,32,3,361.62,4,1,2,412,Dormant
CUST004084,301,6,555.07,1,3,3,133,Loyal Customers
CUST004085,38,6,558.98,4,3,3,433,Champions
CUST004086,11,5,435.13,4,3,2,432,Potential Loyalists
CUST004087,170,1,143.48,2,1,1,211,Dormant
CUST004088,29,3,270.58,4,1,1,411,Dormant
CUST004089,98,7,549.46,3,4,3,343,Champions
CUST004090,80,4,496.24,3,2,3,323,Potential Loyalists
CUST004091,152,6,508.54999999999995,2,3,3,233,Loyal Customers
CUST004092,20,3,292.94,4,1,1,411,Dormant
CUST004093,38,7,653.48,4,4,3,443,Champions
CUST004094,16,7,816.1,4,4,4,444,Champions
CUST004095,228,5,415.84,1,3,2,132,At Risk
CUST004096,139,6,513.41,2,3,3,233,Loyal Customers
CUST004097,79,1,99.25,3,1,1,311,Dormant
CUST004098,72,5,591.66,3,3,3,333,Champions
CUST004099,79,2,191.76,3,1,1,311,Dormant
CUST004100,126,4,423.32,2,2,2,222,Need Attention
CUST004101,230,2,163.41000000000003,1,1,1,111,Lost
CUST004102,88,9,716.87,3,4,4,344,Champions
CUST004103,67,4,497.38,3,2,3,323,Potential Loyalists
CUST004104,613,4,381.66,1,2,2,122,At Risk
CUST004105,94,5,502.11,3,3,3,333,Champions
CUST004106,5,4,372.95,4,2,2,422,Potential Loyalists
CUST004107,15,5,370.29,4,3,2,432,Potential Loyalists
CUST004108,217,5,461.15999999999997,1,3,2,132,At Risk
CUST004109,336,4,292.82,1,2,1,121,Lost
CUST004110,258,7,689.8299999999999,1,4,4,144,Loyal Customers
CUST004111,33,7,611.04,4,4,3,443,Champions
CUST004112,349,4,357.83000000000004,1,2,2,122,At Risk
CUST004113,443,4,499.0,1,2,3,123,At Risk
CUST004114,191,8,731.49,2,4,4,244,Loyal Customers
CUST004115,105,3,277.37,3,1,1,311,Dormant
CUST004116,42,5,379.38,4,3,2,432,Potential Loyalists
CUST004117,20,6,624.51,4,3,3,433,Champions
CUST004118,158,6,707.67,2,3,4,234,Loyal Customers
CUST004119,206,6,553.05,2,3,3,233,Loyal Customers
CUST004120,13,4,359.58000000000004,4,2,2,422,Potential Loyalists
CUST004121,65,11,1084.4,3,4,4,344,Champions
CUST004122,168,6,626.76,2,3,3,233,Loyal Customers
CUST004123,60,3,320.75,3,1,1,311,Dormant
CUST004124,599,1,133.11,1,1,1,111,Lost
CUST004125,123,3,322.13,2,1,1,211,Dormant
CUST004126,501,2,141.8,1,1,1,111,Lost
CUST004127,103,7,732.63,3,4,4,344,Champions
CUST004128,15,3,384.08,4,1,2,412,Dormant
CUST004129,41,6,583.65,4,3,3,433,Champions
CUST004130,20,3,304.86,4,1,1,411,Dormant
CUST004131,105,4,342.45,3,2,2,322,Potential Loyalists
CUST004132,99,3,258.78999999999996,3,1,1,311,Dormant
CUST004133,539,2,317.40999999999997,1,1,1,111,Lost
CUST004134,46,4,307.97,4,2,1,421,Need Attention
CUST004135,15,5,557.4,4,3,3,433,Champions
CUST004136,119,4,337.77,2,2,1,221,Need Attention
CUST004137,21,12,1146.0900000000001,4,4,4,444,Champions
CUST004138,153,6,653.51,2,3,3,233,Loyal Customers
CUST004139,26,7,767.73,4,4,4,444,Champions
CUST004140,313,5,465.01,1,3,2,132,At Risk
CUST004141,5,7,664.57,4,4,4,444,Champions
CUST004142,187,5,372.61,2,3,2,232,Need Attention
CUST004143,484,4,403.1,1,2,2,122,At Risk
CUST004144,148,5,487.47,2,3,2,232,Need Attention
CUST004145,51,6,846.39,3,3,4,334,Champions
CUST004146,40,8,881.19,4,4,4,444,Champions
CUST004147,41,4,379.78999999999996,4,2,2,422,Potential Loyalists
CUST004148,18,12,1174.41,4,4,4,444,Champions
CUST004149,8,3,246.73,4,1,1,411,Dormant
CUST004150,13,6,525.17,4,3,3,433,Champions
CUST004151,17,6,713.14,4,3,4,434,Champions
CUST004152,85,3,427.31,3,1,2,312,Dormant
CUST004153,500,3,251.29000000000002,1,1,1,111,Lost
CUST004154,19,6,593.68,4,3,3,433,Champions
CUST004155,3,7,557.0699999999999,4,4,3,443,Champions
CUST004156,183,3,259.63,2,1,1,211,Dormant
CUST004157,52,2,218.61,3,1,1,311,Dormant
CUST004158,87,6,575.44,3,3,3,333,Champions
CUST004159,272,2,220.37,1,1,1,111,Lost
CUST004160,37,3,280.3,4,1,1,411,Dormant
CUST004161,185,4,454.13,2,2,2,222,Need Attention
CUST004162,32,4,333.05,4,2,1,421,Need Attention
CUST004163,213,5,575.69,1,3,3,133,Loyal Customers
CUST004164,41,4,339.38,4,2,2,422,Potential Loyalists
CUST004165,86,3,229.86,3,1,1,311,Dormant
CUST004166,20,2,208.69,4,1,1,411,Dormant
CUST004167,63,5,345.44,3,3,2,332,Potential Loyalists
CUST004168,219,3,419.19,1,1,2,112,Lost
CUST004169,38,12,1084.8600000000001,4,4,4,444,Champions
CUST004170,92,6,642.44,3,3,3,333,Champions
CUST004171,89,7,675.11,3,4,4,344,Champions
CUST004172,134,3,298.98,2,1,1,211,Dormant
CUST004173,127,6,599.78,2,3,3,233,Loyal Customers
CUST004174,271,4,289.40999999999997,1,2,1,121,Lost
CUST004175,3,9,660.22,4,4,4,444,Champions
CUST004176,121,3,326.44,2,1,1,211,Dormant
CUST004177,105,4,438.02,3,2,2,322,Potential Loyalists
CUST004178,179,6,480.31,2,3,2,232,Need Attention
CUST004180,207,6,568.0600000000001,2,3,3,233,Loyal Customers
CUST004181,5,7,726.21,4,4,4,444,Champions
CUST004182,227,4,282.72,1,2,1,121,Lost
CUST004183,73,4,477.36,3,2,2,322,Potential Loyalists
CUST004184,189,5,513.74,2,3,3,233,Loyal Customers
CUST004185,43,6,495.75,4,3,3,433,Champions
CUST004186,47,7,542.1500000000001,3,4,3,343,Champions
CUST004187,37,5,426.07,4,3,2,432,Potential Loyalists
CUST004188,86,7,672.3499999999999,3,4,4,344,Champions
CUST004189,374,2,123.33,1,1,1,111,Lost
CUST004190,145,7,678.98,2,4,4,244,Loyal Customers
CUST004191,151,3,369.44,2,1,2,212,Dormant
CUST004192,44,5,383.69,4,3,2,432,Potential Loyalists
CUST004193,278,7,754.81,1,4,4,144,Loyal Customers
CUST004194,37,6,489.15999999999997,4,3,2,432,Potential Loyalists
CUST004195,16,3,260.9,4,1,1,411,Dormant
CUST004196,79,5,551.6300000000001,3,3,3,333,Champions
CUST004197,176,6,636.26,2,3,3,233,Loyal Customers
CUST004198,136,4,344.09000000000003,2,2,2,222,Need Attention
CUST004199,9,8,661.26,4,4,4,444,Champions
CUST004200,77,5,524.9,3,3,3,333,Champions
CUST004201,95,5,499.39,3,3,3,333,Champions
CUST004202,3,4,391.96000000000004,4,2,2,422,Potential Loyalists
CUST004203,285,5,505.53999999999996,1,3,3,133,Loyal Customers
CUST004204,64,5,513.4,3,3,3,333,Champions
CUST004205,288,5,488.01,1,3,2,132,At Risk
CUST004206,201,2,155.67,2,1,1,211,Dormant
CUST004207,103,5,506.27,3,3,3,333,Champions
CUST004208,38,3,256.43,4,1,1,411,Dormant
CUST004209,120,8,694.41,2,4,4,244,Loyal Customers
CUST004210,29,3,362.18,4,1,2,412,Dormant
CUST004211,27,3,386.67,4,1,2,412,Dormant
CUST004212,418,4,518.77,1,2,3,123,At Risk
CUST004213,71,4,380.24,3,2,2,322,Potential Loyalists
CUST004214,104,6,723.74,3,3,4,334,Champions
CUST004215,96,6,489.22,3,3,2,332,Potential Loyalists
CUST004216,181,7,524.74,2,4,3,243,Loyal Customers
CUST004217,183,1,80.59,2,1,1,211,Dormant
CUST004218,149,9,1106.8899999999999,2,4,4,244,Loyal Customers
CUST004219,256,4,433.47,1,2,2,122,At Risk
CUST004220,6,6,565.96,4,3,3,433,Champions
CUST004221,85,5,458.36,3,3,2,332,Potential Loyalists
CUST004222,393,2,305.9,1,1,1,111,Lost
CUST004223,15,3,364.45,4,1,2,412,Dormant
CUST004224,2,7,789.71,4,4,4,444,Champions
CUST004225,24,8,867.65,4,4,4,444,Champions
CUST004226,237,3,296.28999999999996,1,1,1,111,Lost
CUST004227,203,5,426.56,2,3,2,232,Need Attention
CUST004228,85,4,315.08,3,2,1,321,Need Attention
CUST004229,30,5,449.14,4,3,2,432,Potential Loyalists
CUST004230,62,4,369.13,3,2,2,322,Potential Loyalists
CUST004231,302,2,193.10000000000002,1,1,1,111,Lost
CUST004232,102,9,978.86,3,4,4,344,Champions
CUST004233,207,9,1260.67,2,4,4,244,Loyal Customers
CUST004234,68,2,237.22,3,1,1,311,Dormant
CUST004235,3,5,664.95,4,3,4,434,Champions
CUST004236,237,2,152.85000000000002,1,1,1,111,Lost
CUST004237,316,2,190.14,1,1,1,111,Lost
CUST004238,444,2,313.02,1,1,1,111,Lost
CUST004239,324,5,612.25,1,3,3,133,Loyal Customers
CUST004240,160,5,725.13,2,3,4,234,Loyal Customers
CUST004241,151,5,456.75,2,3,2,232,Need Attention
CUST004242,230,2,172.61,1,1,1,111,Lost
CUST004243,4,4,340.33000000000004,4,2,2,422,Potential Loyalists
CUST004244,413,6,739.0,1,3,4,134,Loyal Customers
CUST004245,58,1,65.18,3,1,1,311,Dormant
CUST004246,54,4,429.15,3,2,2,322,Potential Loyalists
CUST004247,94,3,333.22,3,1,1,311,Dormant
CUST004248,73,7,591.92,3,4,3,343,Champions
CUST004249,25,5,312.45,4,3,1,431,Need Attention
CUST004250,580,2,234.28,1,1,1,111,Lost
CUST004251,39,6,491.44,4,3,3,433,Champions
CUST004252,63,7,635.9300000000001,3,4,3,343,Champions
CUST004253,440,3,334.9,1,1,1,111,Lost
CUST004254,23,5,486.13000000000005,4,3,2,432,Potential Loyalists
CUST004255,118,6,562.69,2,3,3,233,Loyal Customers
CUST004256,49,7,629.51,3,4,3,343,Champions
CUST004257,26,8,982.23,4,4,4,444,Champions
CUST004258,41,8,930.64,4,4,4,444,Champions
CUST004259,514,3,301.51,1,1,1,111,Lost
CUST004260,133,8,678.22,2,4,4,244,Loyal Customers
CUST004261,60,7,751.76,3,4,4,344,Champions
CUST004262,34,7,887.4300000000001,4,4,4,444,Champions
CUST004263,227,5,490.31,1,3,3,133,Loyal Customers
CUST004264,183,3,176.23000000000002,2,1,1,211,Dormant
CUST004265,340,3,194.55,1,1,1,111,Lost
CUST004266,54,6,520.5,3,3,3,333,Champions
CUST004267,223,1,136.96,1,1,1,111,Lost
CUST004268,232,5,407.39,1,3,2,132,At Risk
CUST004269,11,8,801.62,4,4,4,444,Champions
CUST004270,140,6,621.92,2,3,3,233,Loyal Customers
CUST004271,108,5,437.54,2,3,2,232,Need Attention
CUST004272,1,7,784.25,4,4,4,444,Champions
CUST004273,109,2,153.87,2,1,1,211,Dormant
CUST004274,91,6,448.65,3,3,2,332,Potential Loyalists
CUST004275,158,5,592.38,2,3,3,233,Loyal Customers
CUST004276,168,7,664.52,2,4,4,244,Loyal Customers
CUST004277,13,8,694.79,4,4,4,444,Champions
CUST004278,266,7,706.64,1,4,4,144,Loyal Customers
CUST004279,122,4,346.73,2,2,2,222,Need Attention
CUST004280,48,5,512.19,3,3,3,333,Champions
CUST004281,299,3,376.27,1,1,2,112,Lost
CUST004282,376,4,311.15,1,2,1,121,Lost
CUST004283,64,5,858.72,3,3,4,334,Champions
CUST004284,206,6,540.74,2,3,3,233,Loyal Customers
CUST004285,250,6,603.57,1,3,3,133,Loyal Customers
CUST004286,68,8,903.5400000000001,3,4,4,344,Champions
CUST004287,228,4,362.41,1,2,2,122,At Risk
CUST004288,31,5,452.24999999999994,4,3,2,432,Potential Loyalists
CUST004289,15,6,640.04,4,3,3,433,Champions
CUST004290,27,10,1050.03,4,4,4,444,Champions
CUST004291,129,3,379.31,2,1,2,212,Dormant
CUST004292,60,2,154.48000000000002,3,1,1,311,Dormant
CUST004293,230,4,507.57,1,2,3,123,At Risk
CUST004294,9,10,1162.37,4,4,4,444,Champions
CUST004295,28,5,448.09000000000003,4,3,2,432,Potential Loyalists
CUST004296,10,6,714.27,4,3,4,434,Champions
CUST004297,85,6,611.45,3,3,3,333,Champions
CUST004298,141,3,356.28999999999996,2,1,2,212,Dormant
CUST004299,4,9,779.46,4,4,4,444,Champions
CUST004300,201,6,575.3299999999999,2,3,3,233,Loyal Customers
CUST004301,345,5,687.94,1,3,4,134,Loyal Customers
CUST004302,351,2,120.68,1,1,1,111,Lost
CUST004303,81,6,636.1800000000001,3,3,3,333,Champions
CUST004304,35,7,510.69,4,4,3,443,Champions
CUST004305,3,2,208.82,4,1,1,411,Dormant
CUST004306,179,3,329.04999999999995,2,1,1,211,Dormant
CUST004307,37,1,117.63,4,1,1,411,Dormant
CUST004308,30,3,300.68,4,1,1,411,Dormant
CUST004309,70,7,818.0,3,4,4,344,Champions
CUST004310,196,5,310.58,2,3,1,231,Need Attention
CUST004311,76,8,871.54,3,4,4,344,Champions
CUST004312,217,4,439.99,1,2,2,122,At Risk
CUST004313,383,7,794.9,1,4,4,144,Loyal Customers
CUST004314,184,3,259.34,2,1,1,211,Dormant
CUST004315,73,3,300.15999999999997,3,1,1,311,Dormant
CUST004316,71,3,351.58,3,1,2,312,Dormant
CUST004317,79,7,665.21,3,4,4,344,Champions
CUST004318,103,4,515.22,3,2,3,323,Potential Loyalists
CUST004319,437,2,174.78,1,1,1,111,Lost
CUST004320,24,4,332.88,4,2,1,421,Need Attention
CUST004321,327,5,541.4,1,3,3,133,Loyal Customers
CUST004322,96,2,169.21,3,1,1,311,Dormant
CUST004323,80,2,137.01999999999998,3,1,1,311,Dormant
CUST004324,57,4,425.68,3,2,2,322,Potential Loyalists
CUST004325,84,4,418.85,3,2,2,322,Potential Loyalists
CUST004326,49,4,582.59,3,2,3,323,Potential Loyalists
CUST004327,49,3,300.11,3,1,1,311,Dormant
CUST004328,67,8,837.06,3,4,4,344,Champions
CUST004329,32,11,1025.76,4,4,4,444,Champions
CUST004330,141,8,634.05,2,4,3,243,Loyal Customers
CUST004331,12,6,577.15,4,3,3,433,Champions
CUST004332,281,6,595.01,1,3,3,133,Loyal Customers
CUST004333,64,6,505.48,3,3,3,333,Champions
CUST004334,27,7,728.45,4,4,4,444,Champions
CUST004335,109,7,783.93,2,4,4,244,Loyal Customers
CUST004336,37,7,710.5799999999999,4,4,4,444,Champions
CUST004337,611,1,93.12,1,1,1,111,Lost
CUST004338,49,3,359.31,3,1,2,312,Dormant
CUST004339,73,7,734.3299999999999,3,4,4,344,Champions
CUST004340,162,7,892.73,2,4,4,244,Loyal Customers
CUST004341,244,4,445.80999999999995,1,2,2,122,At Risk
CUST004342,79,1,82.04,3,1,1,311,Dormant
CUST004343,253,2,246.14,1,1,1,111,Lost
CUST004344,42,6,544.21,4,3,3,433,Champions
CUST004345,135,7,607.1,2,4,3,243,Loyal Customers
CUST004346,64,5,613.44,3,3,3,333,Champions
CUST004347,127,3,490.30999999999995,2,1,3,213,Dormant
CUST004348,88,3,330.64,3,1,1,311,Dormant
CUST004349,83,3,279.57,3,1,1,311,Dormant
CUST004350,128,4,479.45,2,2,2,222,Need Attention
CUST004351,83,2,264.97,3,1,1,311,Dormant
CUST004352,384,6,446.1,1,3,2,132,At Risk
CUST004353,35,3,262.89,4,1,1,411,Dormant
CUST004354,91,5,393.23,3,3,2,332,Potential Loyalists
CUST004355,65,6,618.53,3,3,3,333,Champions
CUST004356,164,6,497.28000000000003,2,3,3,233,Loyal Customers
CUST004357,290,4,477.62,1,2,2,122,At Risk
CUST004358,454,3,300.37,1,1,1,111,Lost
CUST004359,506,1,84.77,1,1,1,111,Lost
CUST004360,97,5,504.86,3,3,3,333,Champions
CUST004361,71,9,782.1,3,4,4,344,Champions
CUST004362,153,5,372.83,2,3,2,232,Need Attention
CUST004363,15,5,505.87,4,3,3,433,Champions
CUST004364,122,8,794.02,2,4,4,244,Loyal Customers
CUST004365,265,1,88.71,1,1,1,111,Lost
CUST004366,25,5,426.5,4,3,2,432,Potential Loyalists
CUST004367,285,8,867.4,1,4,4,144,Loyal Customers
CUST004368,113,6,670.79,2,3,4,234,Loyal Customers
CUST004369,94,5,632.41,3,3,3,333,Champions
CUST004370,156,8,895.33,2,4,4,244,Loyal Customers
CUST004371,608,2,207.74,1,1,1,111,Lost
CUST004372,314,3,345.90999999999997,1,1,2,112,Lost
CUST004373,21,4,388.37,4,2,2,422,Potential Loyalists
CUST004374,19,8,687.2,4,4,4,444,Champions
CUST004375,99,5,625.63,3,3,3,333,Champions
CUST004376,44,3,284.72,4,1,1,411,Dormant
CUST004377,17,4,292.63,4,2,1,421,Need Attention
CUST004378,589,3,246.75,1,1,1,111,Lost
CUST004379,27,5,519.2,4,3,3,433,Champions
CUST004380,72,7,613.38,3,4,3,343,Champions
CUST004381,227,1,46.83,1,1,1,111,Lost
CUST004382,331,2,255.5,1,1,1,111,Lost
CUST004383,133,5,605.1700000000001,2,3,3,233,Loyal Customers
CUST004384,123,5,636.71,2,3,3,233,Loyal Customers
CUST004385,34,7,693.08,4,4,4,444,Champions
CUST004386,95,4,408.94,3,2,2,322,Potential Loyalists
CUST004387,107,4,550.52,2,2,3,223,Need Attention
CUST004388,288,3,411.85,1,1,2,112,Lost
CUST004389,33,8,669.05,4,4,4,444,Champions
CUST004390,164,5,435.44,2,3,2,232,Need Attention
CUST004391,222,9,863.26,1,4,4,144,Loyal Customers
CUST004392,75,6,525.8,3,3,3,333,Champions
CUST004393,6,6,602.12,4,3,3,433,Champions
CUST004394,570,2,183.45,1,1,1,111,Lost
CUST004395,26,3,256.5,4,1,1,411,Dormant
CUST004396,20,5,476.45,4,3,2,432,Potential Loyalists
CUST004397,68,7,553.47,3,4,3,343,Champions
CUST004398,14,5,566.56,4,3,3,433,Champions
CUST004399,190,4,344.69,2,2,2,222,Need Attention
CUST004400,72,9,872.39,3,4,4,344,Champions
CUST004401,50,6,571.64,3,3,3,333,Champions
CUST004402,33,8,693.4300000000001,4,4,4,444,Champions
CUST004403,72,8,759.78,3,4,4,344,Champions
CUST004404,259,4,360.19,1,2,2,122,At Risk
CUST004405,87,1,88.14,3,1,1,311,Dormant
CUST004406,80,3,295.75,3,1,1,311,Dormant
CUST004407,66,7,765.16,3,4,4,344,Champions
CUST004408,432,8,1019.5,1,4,4,144,Loyal Customers
CUST004409,11,4,295.35,4,2,1,421,Need Attention
CUST004410,143,4,297.5,2,2,1,221,Need Attention
CUST004411,58,6,743.43,3,3,4,334,Champions
CUST004412,128,5,528.77,2,3,3,233,Loyal Customers
CUST004413,541,1,95.29,1,1,1,111,Lost
CUST004414,87,10,1013.03,3,4,4,344,Champions
CUST004415,5,7,691.04,4,4,4,444,Champions
CUST004416,37,4,449.72,4,2,2,422,Potential Loyalists
CUST004417,71,2,143.01999999999998,3,1,1,311,Dormant
CUST004418,125,6,509.5,2,3,3,233,Loyal Customers
CUST004419,105,2,364.27,3,1,2,312,Dormant
CUST004420,275,3,309.53,1,1,1,111,Lost
CUST004421,93,5,563.69,3,3,3,333,Champions
CUST004422,205,5,369.14,2,3,2,232,Need Attention
CUST004423,394,2,280.89,1,1,1,111,Lost
CUST004424,273,3,490.49,1,1,3,113,Dormant
CUST004425,59,3,377.33000000000004,3,1,2,312,Dormant
CUST004426,364,5,550.17,1,3,3,133,Loyal Customers
CUST004427,3,11,1009.86,4,4,4,444,Champions
CUST004428,361,2,210.17000000000002,1,1,1,111,Lost
CUST004429,35,4,330.48,4,2,1,421,Need Attention
CUST004430,108,7,624.74,2,4,3,243,Loyal Customers
CUST004431,165,6,658.86,2,3,3,233,Loyal Customers
CUST004432,230,8,737.23,1,4,4,144,Loyal Customers
CUST004433,165,4,362.75,2,2,2,222,Need Attention
CUST004434,122,4,550.47,2,2,3,223,Need Attention
CUST004435,103,5,423.78999999999996,3,3,2,332,Potential Loyalists
CUST004436,84,1,123.17,3,1,1,311,Dormant
CUST004437,16,2,165.8,4,1,1,411,Dormant
CUST004438,40,5,466.6,4,3,2,432,Potential Loyalists
CUST004439,52,10,1210.51,3,4,4,344,Champions
CUST004440,63,6,731.87,3,3,4,334,Champions
CUST004441,3,8,710.8,4,4,4,444,Champions
CUST004442,139,2,151.76,2,1,1,211,Dormant
CUST004443,19,5,486.37,4,3,2,432,Potential Loyalists
CUST004444,98,7,627.37,3,4,3,343,Champions
CUST004445,419,2,204.15,1,1,1,111,Lost
CUST004446,72,8,654.67,3,4,3,343,Champions
CUST004447,234,3,220.0,1,1,1,111,Lost
CUST004448,1,3,300.02,4,1,1,411,Dormant
CUST004449,348,1,124.89,1,1,1,111,Lost
CUST004450,246,2,175.21,1,1,1,111,Lost
CUST004451,38,3,244.98000000000002,4,1,1,411,Dormant
CUST004452,699,1,44.3,1,1,1,111,Lost
CUST004454,127,5,779.03,2,3,4,234,Loyal Customers
CUST004455,73,4,507.21000000000004,3,2,3,323,Potential Loyalists
CUST004456,100,3,273.38,3,1,1,311,Dormant
CUST004457,128,5,461.03000000000003,2,3,2,232,Need Attention
CUST004458,520,3,197.32,1,1,1,111,Lost
CUST004459,41,4,414.47,4,2,2,422,Potential Loyalists
CUST004460,13,4,415.86,4,2,2,422,Potential Loyalists
CUST004461,63,8,792.38,3,4,4,344,Champions
CUST004462,138,4,365.8,2,2,2,222,Need Attention
CUST004463,192,1,97.03,2,1,1,211,Dormant
CUST004464,224,3,225.13,1,1,1,111,Lost
CUST004465,331,8,741.23,1,4,4,144,Loyal Customers
CUST004466,3,5,577.37,4,3,3,433,Champions
CUST004467,60,6,604.5,3,3,3,333,Champions
CUST004468,177,3,294.38,2,1,1,211,Dormant
CUST004469,201,10,1027.94,2,4,4,244,Loyal Customers
CUST004470,493,1,126.45,1,1,1,111,Lost
CUST004471,140,4,327.85,2,2,1,221,Need Attention
CUST004472,64,6,557.2,3,3,3,333,Champions
CUST004473,98,5,372.99,3,3,2,332,Potential Loyalists
CUST004474,20,8,638.6800000000001,4,4,3,443,Champions
CUST004475,687,2,198.57,1,1,1,111,Lost
CUST004476,172,3,342.03,2,1,2,212,Dormant
CUST004477,113,7,780.42,2,4,4,244,Loyal Customers
CUST004478,125,3,411.06,2,1,2,212,Dormant
CUST004479,170,3,366.05,2,1,2,212,Dormant
CUST004480,154,7,656.38,2,4,3,243,Loyal Customers
CUST004481,44,3,385.45,4,1,2,412,Dormant
CUST004483,30,7,670.15,4,4,4,444,Champions
CUST004484,434,2,114.65,1,1,1,111,Lost
CUST004485,3,4,397.46,4,2,2,422,Potential Loyalists
CUST004486,31,5,384.72,4,3,2,432,Potential Loyalists
CUST004487,310,4,309.42,1,2,1,121,Lost
CUST004488,88,3,282.74,3,1,1,311,Dormant
CUST004489,56,9,1077.61,3,4,4,344,Champions
CUST004490,29,5,637.55,4,3,3,433,Champions
CUST004491,164,3,238.87,2,1,1,211,Dormant
CUST004492,517,2,254.99,1,1,1,111,Lost
CUST004493,66,5,397.98,3,3,2,332,Potential Loyalists
CUST004494,12,5,457.93999999999994,4,3,2,432,Potential Loyalists
CUST004495,349,5,520.0,1,3,3,133,Loyal Customers
CUST004496,133,5,427.78999999999996,2,3,2,232,Need Attention
CUST004497,170,2,165.12,2,1,1,211,Dormant
CUST004498,85,2,162.74,3,1,1,311,Dormant
CUST004499,199,2,254.64000000000001,2,1,1,211,Dormant
CUST004500,94,5,514.42,3,3,3,333,Champions
CUST004501,20,8,768.84,4,4,4,444,Champions
CUST004502,49,5,425.54,3,3,2,332,Potential Loyalists
CUST004503,241,4,398.26,1,2,2,122,At Risk
CUST004504,94,1,61.39,3,1,1,311,Dormant
CUST004505,510,2,212.88,1,1,1,111,Lost
CUST004506,4,5,516.37,4,3,3,433,Champions
CUST004507,49,7,585.37,3,4,3,343,Champions
CUST004508,218,1,115.4,1,1,1,111,Lost
CUST004509,116,6,798.37,2,3,4,234,Loyal Customers
CUST004510,17,5,562.27,4,3,3,433,Champions
CUST004511,167,4,342.6,2,2,2,222,Need Attention
CUST004512,142,4,401.12,2,2,2,222,Need Attention
CUST004513,319,7,769.99,1,4,4,144,Loyal Customers
CUST004514,81,4,378.57,3,2,2,322,Potential Loyalists
CUST004515,26,7,635.0,4,4,3,443,Champions
CUST004516,406,3,266.82,1,1,1,111,Lost
CUST004517,19,5,386.76,4,3,2,432,Potential Loyalists
CUST004518,407,3,263.36,1,1,1,111,Lost
CUST004519,12,7,848.86,4,4,4,444,Champions
CUST004520,153,6,569.15,2,3,3,233,Loyal Customers
CUST004521,10,9,840.53,4,4,4,444,Champions
CUST004522,21,7,628.37,4,4,3,443,Champions
CUST004523,388,3,347.08,1,1,2,112,Lost
CUST004524,97,5,518.84,3,3,3,333,Champions
CUST004525,140,8,901.04,2,4,4,244,Loyal Customers
CUST004526,173,5,396.51,2,3,2,232,Need Attention
CUST004527,114,8,650.82,2,4,3,243,Loyal Customers
CUST004528,95,7,670.37,3,4,4,344,Champions
CUST004529,294,5,446.44,1,3,2,132,At Risk
CUST004530,89,5,403.0,3,3,2,332,Potential Loyalists
CUST004531,68,4,509.49,3,2,3,323,Potential Loyalists
CUST004532,1,9,904.2,4,4,4,444,Champions
CUST004533,13,4,581.63,4,2,3,423,Potential Loyalists
CUST004534,308,2,224.31,1,1,1,111,Lost
CUST004535,125,6,697.02,2,3,4,234,Loyal Customers
CUST004536,44,5,408.71000000000004,4,3,2,432,Potential Loyalists
CUST004537,165,6,539.9200000000001,2,3,3,233,Loyal Customers
CUST004538,91,4,362.28,3,2,2,322,Potential Loyalists
CUST004539,22,10,974.4,4,4,4,444,Champions
CUST004540,127,4,524.02,2,2,3,223,Need Attention
CUST004541,73,5,638.37,3,3,3,333,Champions
CUST004542,80,6,554.28,3,3,3,333,Champions
CUST004543,6,8,1015.5999999999999,4,4,4,444,Champions
CUST004544,6,6,636.72,4,3,3,433,Champions
CUST004545,173,7,818.53,2,4,4,244,Loyal Customers
CUST004546,13,5,478.92,4,3,2,432,Potential Loyalists
CUST004547,68,7,779.26,3,4,4,344,Champions
CUST004548,56,6,679.09,3,3,4,334,Champions
CUST004549,85,3,322.21,3,1,1,311,Dormant
CUST004550,152,6,455.95,2,3,2,232,Need Attention
CUST004551,450,4,388.66,1,2,2,122,At Risk
CUST004552,165,3,247.39,2,1,1,211,Dormant
CUST004553,324,3,279.73,1,1,1,111,Lost
CUST004554,120,7,624.1600000000001,2,4,3,243,Loyal Customers
CUST004555,136,5,560.12,2,3,3,233,Loyal Customers
CUST004556,139,5,529.9100000000001,2,3,3,233,Loyal Customers
CUST004557,35,9,878.03,4,4,4,444,Champions
CUST004558,45,6,899.61,4,3,4,434,Champions
CUST004559,477,2,222.32000000000002,1,1,1,111,Lost
CUST004560,131,5,502.92,2,3,3,233,Loyal Customers
CUST004561,20,6,509.97,4,3,3,433,Champions
CUST004562,336,3,339.56,1,1,2,112,Lost
CUST004563,230,8,1031.63,1,4,4,144,Loyal Customers
CUST004564,77,5,424.2,3,3,2,332,Potential Loyalists
CUST004565,229,8,914.19,1,4,4,144,Loyal Customers
CUST004566,34,5,502.75,4,3,3,433,Champions
CUST004567,34,6,549.88,4,3,3,433,Champions
CUST004568,261,2,167.29,1,1,1,111,Lost
CUST004569,308,3,227.76,1,1,1,111,Lost
CUST004570,50,6,529.11,3,3,3,333,Champions
CUST004571,135,7,825.13,2,4,4,244,Loyal Customers
CUST004572,116,2,286.12,2,1,1,211,Dormant
CUST004573,26,4,545.9,4,2,3,423,Potential Loyalists
CUST004574,170,5,651.25,2,3,3,233,Loyal Customers
CUST004575,152,7,673.11,2,4,4,244,Loyal Customers
CUST004576,17,6,615.8399999999999,4,3,3,433,Champions
CUST004577,53,5,482.54,3,3,2,332,Potential Loyalists
CUST004578,591,2,301.62,1,1,1,111,Lost
CUST004579,359,2,207.8,1,1,1,111,Lost
CUST004580,311,2,200.60000000000002,1,1,1,111,Lost
CUST004581,163,5,546.13,2,3,3,233,Loyal Customers
CUST004582,20,4,412.71000000000004,4,2,2,422,Potential Loyalists
CUST004583,10,7,814.63,4,4,4,444,Champions
CUST004584,265,9,983.0899999999999,1,4,4,144,Loyal Customers
CUST004585,9,12,1216.92,4,4,4,444,Champions
CUST004586,125,6,522.31,2,3,3,233,Loyal Customers
CUST004587,240,1,103.22,1,1,1,111,Lost
CUST004588,122,2,107.78,2,1,1,211,Dormant
CUST004589,34,4,427.35,4,2,2,422,Potential Loyalists
CUST004590,115,5,481.21000000000004,2,3,2,232,Need Attention
CUST004591,31,3,241.39,4,1,1,411,Dormant
CUST004592,57,6,636.28,3,3,3,333,Champions
CUST004593,33,5,569.16,4,3,3,433,Champions
CUST004594,20,5,574.15,4,3,3,433,Champions
CUST004595,79,4,492.51,3,2,3,323,Potential Loyalists
CUST004596,126,1,80.45,2,1,1,211,Dormant
CUST004597,103,9,941.53,3,4,4,344,Champions
CUST004598,58,5,404.58,3,3,2,332,Potential Loyalists
CUST004599,148,4,383.51,2,2,2,222,Need Attention
CUST004600,262,4,563.14,1,2,3,123,At Risk
CUST004601,12,6,735.53,4,3,4,434,Champions
CUST004602,189,5,473.72,2,3,2,232,Need Attention
CUST004603,261,8,676.4,1,4,4,144,Loyal Customers
CUST004604,238,5,544.85,1,3,3,133,Loyal Customers
CUST004605,312,4,377.61,1,2,2,122,At Risk
CUST004606,30,4,337.94,4,2,1,421,Need Attention
CUST004607,158,4,421.74,2,2,2,222,Need Attention
CUST004608,54,7,855.74,3,4,4,344,Champions
CUST004609,242,4,372.59000000000003,1,2,2,122,At Risk
CUST004610,25,6,638.1999999999999,4,3,3,433,Champions
CUST004611,137,3,237.38,2,1,1,211,Dormant
CUST004612,130,2,150.44,2,1,1,211,Dormant
CUST004613,3,6,582.38,4,3,3,433,Champions
CUST004614,45,8,701.59,4,4,4,444,Champions
CUST004615,573,3,286.63,1,1,1,111,Lost
CUST004616,33,5,442.54,4,3,2,432,Potential Loyalists
CUST004617,152,2,184.96,2,1,1,211,Dormant
CUST004618,3,10,1107.1399999999999,4,4,4,444,Champions
CUST004619,158,6,647.02,2,3,3,233,Loyal Customers
CUST004621,86,6,641.67,3,3,3,333,Champions
CUST004622,44,5,528.52,4,3,3,433,Champions
CUST004623,92,4,375.78999999999996,3,2,2,322,Potential Loyalists
CUST004624,387,2,183.87,1,1,1,111,Lost
CUST004625,436,3,244.11,1,1,1,111,Lost
CUST004626,1,9,745.04,4,4,4,444,Champions
CUST004627,404,2,278.99,1,1,1,111,Lost
CUST004628,8,8,892.72,4,4,4,444,Champions
CUST004629,50,5,455.76,3,3,2,332,Potential Loyalists
CUST004630,93,6,523.65,3,3,3,333,Champions
CUST004631,130,6,597.72,2,3,3,233,Loyal Customers
CUST004632,135,4,389.87,2,2,2,222,Need Attention
CUST004633,102,6,561.46,3,3,3,333,Champions
CUST004634,310,6,575.28,1,3,3,133,Loyal Customers
CUST004635,311,2,324.68,1,1,1,111,Lost
CUST004636,120,7,659.09,2,4,3,243,Loyal Customers
CUST004637,113,3,317.51,2,1,1,211,Dormant
CUST004638,73,8,611.61,3,4,3,343,Champions
CUST004639,82,9,892.85,3,4,4,344,Champions
CUST004640,78,3,336.75,3,1,1,311,Dormant
CUST004641,119,4,421.65,2,2,2,222,Need Attention
CUST004642,43,4,466.64,4,2,2,422,Potential Loyalists
CUST004643,92,9,938.85,3,4,4,344,Champions
CUST004644,191,2,151.88,2,1,1,211,Dormant
CUST004645,141,4,328.03,2,2,1,221,Need Attention
CUST004646,74,10,1058.22,3,4,4,344,Champions
CUST004647,394,2,245.56,1,1,1,111,Lost
CUST004648,408,2,160.88,1,1,1,111,Lost
CUST004649,47,4,393.27,3,2,2,322,Potential Loyalists
CUST004650,21,6,604.02,4,3,3,433,Champions
CUST004651,204,6,590.34,2,3,3,233,Loyal Customers
CUST004652,7,3,283.34,4,1,1,411,Dormant
CUST004653,93,7,704.94,3,4,4,344,Champions
CUST004654,248,2,179.52,1,1,1,111,Lost
CUST004655,149,5,551.59,2,3,3,233,Loyal Customers
CUST004656,72,3,386.33,3,1,2,312,Dormant
CUST004657,252,1,67.09,1,1,1,111,Lost
CUST004658,90,6,604.51,3,3,3,333,Champions
CUST004659,224,9,799.3199999999999,1,4,4,144,Loyal Customers
CUST004660,99,9,998.48,3,4,4,344,Champions
CUST004661,118,9,771.58,2,4,4,244,Loyal Customers
CUST004662,203,4,320.59,2,2,1,221,Need Attention
CUST004663,107,5,609.53,2,3,3,233,Loyal Customers
CUST004664,57,5,476.66999999999996,3,3,2,332,Potential Loyalists
CUST004665,54,4,306.71,3,2,1,321,Need Attention
CUST004666,99,6,586.66,3,3,3,333,Champions
CUST004667,83,5,362.78,3,3,2,332,Potential Loyalists
CUST004668,79,5,675.45,3,3,4,334,Champions
CUST004669,164,4,313.97,2,2,1,221,Need Attention
CUST004670,8,5,489.52,4,3,2,432,Potential Loyalists
CUST004671,151,6,637.31,2,3,3,233,Loyal Customers
CUST004672,25,7,634.05,4,4,3,443,Champions
CUST004673,240,5,535.21,1,3,3,133,Loyal Customers
CUST004674,330,8,791.01,1,4,4,144,Loyal Customers
CUST004675,50,6,573.33,3,3,3,333,Champions
CUST004676,12,8,918.8299999999999,4,4,4,444,Champions
CUST004677,72,1,169.32,3,1,1,311,Dormant
CUST004678,31,6,539.44,4,3,3,433,Champions
CUST004679,173,2,160.8,2,1,1,211,Dormant
CUST004680,194,1,111.27,2,1,1,211,Dormant
CUST004681,41,8,851.09,4,4,4,444,Champions
CUST004682,119,4,368.88,2,2,2,222,Need Attention
CUST004683,71,9,906.76,3,4,4,344,Champions
CUST004684,84,5,455.19,3,3,2,332,Potential Loyalists
CUST004685,56,5,536.51,3,3,3,333,Champions
CUST004686,3,2,255.77,4,1,1,411,Dormant
CUST004687,157,3,287.71,2,1,1,211,Dormant
CUST004688,268,3,298.53,1,1,1,111,Lost
CUST004689,48,4,440.11,3,2,2,322,Potential Loyalists
CUST004690,267,2,205.94,1,1,1,111,Lost
CUST004691,64,4,379.86,3,2,2,322,Potential Loyalists
CUST004692,4,11,1301.02,4,4,4,444,Champions
CUST004693,258,7,825.66,1,4,4,144,Loyal Customers
CUST004694,147,4,529.15,2,2,3,223,Need Attention
CUST004695,152,3,418.73,2,1,2,212,Dormant
CUST004696,301,5,387.81,1,3,2,132,At Risk
CUST004697,68,5,629.39,3,3,3,333,Champions
CUST004698,129,4,356.99,2,2,2,222,Need Attention
CUST004699,636,2,168.04,1,1,1,111,Lost
CUST004700,58,7,750.4,3,4,4,344,Champions
CUST004701,164,3,292.58,2,1,1,211,Dormant
CUST004702,55,6,485.2,3,3,2,332,Potential Loyalists
CUST004703,121,8,809.88,2,4,4,244,Loyal Customers
CUST004704,129,9,1045.01,2,4,4,244,Loyal Customers
CUST004705,42,5,546.71,4,3,3,433,Champions
CUST004706,164,4,421.51,2,2,2,222,Need Attention
CUST004707,64,6,766.73,3,3,4,334,Champions
CUST004708,101,5,535.31,3,3,3,333,Champions
CUST004709,72,3,423.40999999999997,3,1,2,312,Dormant
CUST004710,352,4,377.84,1,2,2,122,At Risk
CUST004711,104,5,557.86,3,3,3,333,Champions
CUST004712,268,1,56.97,1,1,1,111,Lost
CUST004713,250,4,537.29,1,2,3,123,At Risk
CUST004714,299,4,448.63,1,2,2,122,At Risk
CUST004715,447,1,125.2,1,1,1,111,Lost
CUST004716,106,5,607.53,3,3,3,333,Champions
CUST004717,414,4,433.96000000000004,1,2,2,122,At Risk
CUST004718,21,7,921.25,4,4,4,444,Champions
CUST004719,96,6,604.12,3,3,3,333,Champions
CUST004720,94,3,287.19,3,1,1,311,Dormant
CUST004721,127,8,822.7,2,4,4,244,Loyal Customers
CUST004722,95,5,447.23,3,3,2,332,Potential Loyalists
CUST004723,4,6,679.84,4,3,4,434,Champions
CUST004724,19,7,1022.6400000000001,4,4,4,444,Champions
CUST004725,232,4,257.08,1,2,1,121,Lost
CUST004726,2,6,602.17,4,3,3,433,Champions
CUST004727,230,4,477.09000000000003,1,2,2,122,At Risk
CUST004728,408,2,178.56,1,1,1,111,Lost
CUST004729,144,5,500.59999999999997,2,3,3,233,Loyal Customers
CUST004730,109,5,450.8,2,3,2,232,Need Attention
CUST004731,82,10,1005.01,3,4,4,344,Champions
CUST004732,110,1,104.22,2,1,1,211,Dormant
CUST004733,250,4,398.59,1,2,2,122,At Risk
CUST004734,213,2,215.57,1,1,1,111,Lost
CUST004735,40,4,220.28,4,2,1,421,Need Attention
CUST004736,106,7,831.71,3,4,4,344,Champions
CUST004737,313,2,371.53999999999996,1,1,2,112,Lost
CUST004738,84,5,405.07,3,3,2,332,Potential Loyalists
CUST004739,391,3,327.85,1,1,1,111,Lost
CUST004740,576,1,97.57,1,1,1,111,Lost
CUST004741,257,2,181.34,1,1,1,111,Lost
CUST004742,217,3,258.95,1,1,1,111,Lost
CUST004743,18,9,998.1700000000001,4,4,4,444,Champions
CUST004744,346,4,301.85,1,2,1,121,Lost
CUST004745,47,7,562.25,3,4,3,343,Champions
CUST004746,160,2,196.85,2,1,1,211,Dormant
CUST004747,138,5,494.15999999999997,2,3,3,233,Loyal Customers
CUST004748,20,9,879.35,4,4,4,444,Champions
CUST004749,99,4,495.93,3,2,3,323,Potential Loyalists
CUST004750,172,7,731.49,2,4,4,244,Loyal Customers
CUST004751,71,7,600.48,3,4,3,343,Champions
CUST004752,102,6,469.0,3,3,2,332,Potential Loyalists
CUST004753,84,9,1006.99,3,4,4,344,Champions
CUST004754,372,3,342.55,1,1,2,112,Lost
CUST004755,21,5,382.89,4,3,2,432,Potential Loyalists
CUST004756,26,6,522.58,4,3,3,433,Champions
CUST004757,120,2,267.27,2,1,1,211,Dormant
CUST004758,32,10,1007.86,4,4,4,444,Champions
CUST004759,86,5,418.69,3,3,2,332,Potential Loyalists
CUST004760,130,4,300.01,2,2,1,221,Need Attention
CUST004761,269,3,424.22,1,1,2,112,Lost
CUST004762,65,4,426.69,3,2,2,322,Potential Loyalists
CUST004763,24,9,825.14,4,4,4,444,Champions
CUST004764,240,3,278.7,1,1,1,111,Lost
CUST004765,143,5,421.14,2,3,2,232,Need Attention
CUST004766,57,8,740.8100000000001,3,4,4,344,Champions
CUST004767,31,9,857.89,4,4,4,444,Champions
CUST004768,194,4,428.71,2,2,2,222,Need Attention
CUST004769,38,3,303.86,4,1,1,411,Dormant
CUST004770,13,5,517.39,4,3,3,433,Champions
CUST004771,163,5,481.40999999999997,2,3,2,232,Need Attention
CUST004772,65,5,484.1,3,3,2,332,Potential Loyalists
CUST004773,201,3,271.69,2,1,1,211,Dormant
CUST004774,270,2,272.07,1,1,1,111,Lost
CUST004775,345,5,586.22,1,3,3,133,Loyal Customers
CUST004776,511,2,148.63,1,1,1,111,Lost
CUST004777,59,2,142.94,3,1,1,311,Dormant
CUST004778,84,7,628.1400000000001,3,4,3,343,Champions
CUST004779,26,5,594.69,4,3,3,433,Champions
CUST004780,160,6,525.14,2,3,3,233,Loyal Customers
CUST004781,600,3,363.44,1,1,2,112,Lost
CUST004782,12,8,971.27,4,4,4,444,Champions
CUST004783,424,2,159.37,1,1,1,111,Lost
CUST004784,9,6,812.05,4,3,4,434,Champions
CUST004785,2,6,570.88,4,3,3,433,Champions
CUST004786,6,2,162.17,4,1,1,411,Dormant
CUST004787,134,9,1169.82,2,4,4,244,Loyal Customers
CUST004788,82,2,215.5,3,1,1,311,Dormant
CUST004789,106,10,1132.22,3,4,4,344,Champions
CUST004790,64,3,233.2,3,1,1,311,Dormant
CUST004791,184,4,311.89,2,2,1,221,Need Attention
CUST004792,104,7,921.26,3,4,4,344,Champions
CUST004793,73,6,714.76,3,3,4,334,Champions
CUST004794,50,6,722.41,3,3,4,334,Champions
CUST004795,13,8,843.01,4,4,4,444,Champions
CUST004796,15,10,983.66,4,4,4,444,Champions
CUST004797,546,4,399.83,1,2,2,122,At Risk
CUST004798,1,10,911.12,4,4,4,444,Champions
CUST004799,151,4,458.54999999999995,2,2,2,222,Need Attention
CUST004800,35,7,854.01,4,4,4,444,Champions
CUST004801,73,5,461.16999999999996,3,3,2,332,Potential Loyalists
CUST004802,93,5,450.24,3,3,2,332,Potential Loyalists
CUST004803,9,9,874.3,4,4,4,444,Champions
CUST004804,204,6,692.65,2,3,4,234,Loyal Customers
CUST004805,146,3,398.58000000000004,2,1,2,212,Dormant
CUST004806,60,5,538.15,3,3,3,333,Champions
CUST004807,66,6,489.72,3,3,2,332,Potential Loyalists
CUST004808,325,5,629.39,1,3,3,133,Loyal Customers
CUST004809,87,6,586.94,3,3,3,333,Champions
CUST004810,20,4,378.18,4,2,2,422,Potential Loyalists
CUST004811,25,5,428.78,4,3,2,432,Potential Loyalists
CUST004812,67,2,186.23,3,1,1,311,Dormant
CUST004813,4,10,936.69,4,4,4,444,Champions
CUST004814,173,5,620.4,2,3,3,233,Loyal Customers
CUST004815,100,9,938.58,3,4,4,344,Champions
CUST004816,121,5,510.15,2,3,3,233,Loyal Customers
CUST004817,71,6,660.25,3,3,4,334,Champions
CUST004818,192,3,183.1,2,1,1,211,Dormant
CUST004819,83,2,175.71,3,1,1,311,Dormant
CUST004820,46,4,431.48,4,2,2,422,Potential Loyalists
CUST004821,9,4,451.95,4,2,2,422,Potential Loyalists
CUST004822,61,8,704.8,3,4,4,344,Champions
CUST004823,17,4,387.92,4,2,2,422,Potential Loyalists
CUST004824,29,10,1182.54,4,4,4,444,Champions
CUST004825,84,8,760.74,3,4,4,344,Champions
CUST004826,101,2,139.57999999999998,3,1,1,311,Dormant
CUST004827,140,5,365.47,2,3,2,232,Need Attention
CUST004828,195,1,171.33,2,1,1,211,Dormant
CUST004829,143,6,627.61,2,3,3,233,Loyal Customers
CUST004830,2,7,647.44,4,4,3,443,Champions
CUST004831,62,6,541.46,3,3,3,333,Champions
CUST004832,199,5,508.02,2,3,3,233,Loyal Customers
CUST004833,176,17,1911.77,2,4,4,244,Loyal Customers
CUST004834,83,3,277.09000000000003,3,1,1,311,Dormant
CUST004835,257,3,310.83,1,1,1,111,Lost
CUST004836,54,8,978.79,3,4,4,344,Champions
CUST004837,208,4,409.17,2,2,2,222,Need Attention
CUST004838,64,6,813.81,3,3,4,334,Champions
CUST004839,90,6,480.2,3,3,2,332,Potential Loyalists
CUST004840,254,2,154.81,1,1,1,111,Lost
CUST004841,133,7,565.37,2,4,3,243,Loyal Customers
CUST004842,71,3,284.9,3,1,1,311,Dormant
CUST004843,209,7,694.49,2,4,4,244,Loyal Customers
CUST004844,491,4,438.76,1,2,2,122,At Risk
CUST004845,28,5,419.09999999999997,4,3,2,432,Potential Loyalists
CUST004846,98,7,735.04,3,4,4,344,Champions
CUST004847,29,6,500.79,4,3,3,433,Champions
CUST004848,54,7,592.17,3,4,3,343,Champions
CUST004849,188,5,412.31,2,3,2,232,Need Attention
CUST004850,5,14,1271.31,4,4,4,444,Champions
CUST004851,35,6,577.15,4,3,3,433,Champions
CUST004852,249,1,147.37,1,1,1,111,Lost
CUST004853,54,8,819.3599999999999,3,4,4,344,Champions
CUST004854,122,9,613.6,2,4,3,243,Loyal Customers
CUST004855,68,6,770.34,3,3,4,334,Champions
CUST004856,376,1,123.96,1,1,1,111,Lost
CUST004858,246,5,492.03,1,3,3,133,Loyal Customers
CUST004859,103,5,543.47,3,3,3,333,Champions
CUST004860,152,8,780.88,2,4,4,244,Loyal Customers
CUST004861,54,9,830.61,3,4,4,344,Champions
CUST004862,53,6,713.63,3,3,4,334,Champions
CUST004863,23,7,666.71,4,4,4,444,Champions
CUST004864,12,7,646.0699999999999,4,4,3,443,Champions
CUST004865,69,5,452.25,3,3,2,332,Potential Loyalists
CUST004866,300,2,218.4,1,1,1,111,Lost
CUST004867,304,2,274.94,1,1,1,111,Lost
CUST004868,56,6,426.2,3,3,2,332,Potential Loyalists
CUST004869,329,4,371.4,1,2,2,122,At Risk
CUST004870,43,3,422.19,4,1,2,412,Dormant
CUST004871,113,6,557.8,2,3,3,233,Loyal Customers
CUST004872,477,1,90.26,1,1,1,111,Lost
CUST004873,188,4,432.26,2,2,2,222,Need Attention
CUST004874,59,5,443.72,3,3,2,332,Potential Loyalists
CUST004875,234,9,746.48,1,4,4,144,Loyal Customers
CUST004876,40,4,412.46,4,2,2,422,Potential Loyalists
CUST004877,144,5,514.97,2,3,3,233,Loyal Customers
CUST004878,54,3,239.77,3,1,1,311,Dormant
CUST004879,118,7,725.5899999999999,2,4,4,244,Loyal Customers
CUST004880,197,4,483.36,2,2,2,222,Need Attention
CUST004881,88,7,772.5,3,4,4,344,Champions
CUST004882,39,8,669.6600000000001,4,4,4,444,Champions
CUST004883,52,5,557.47,3,3,3,333,Champions
CUST004884,51,7,813.47,3,4,4,344,Champions
CUST004885,478,5,460.09,1,3,2,132,At Risk
CUST004886,26,4,388.32,4,2,2,422,Potential Loyalists
CUST004887,53,7,589.87,3,4,3,343,Champions
CUST004888,79,6,489.1,3,3,2,332,Potential Loyalists
CUST004889,34,7,561.26,4,4,3,443,Champions
CUST004890,144,10,1154.02,2,4,4,244,Loyal Customers
CUST004891,120,4,425.25,2,2,2,222,Need Attention
CUST004892,211,4,288.27,2,2,1,221,Need Attention
CUST004893,228,5,593.77,1,3,3,133,Loyal Customers
CUST004894,108,5,518.6700000000001,2,3,3,233,Loyal Customers
CUST004895,64,3,206.6,3,1,1,311,Dormant
CUST004896,327,2,196.87,1,1,1,111,Lost
CUST004897,69,6,738.99,3,3,4,334,Champions
CUST004898,172,7,588.04,2,4,3,243,Loyal Customers
CUST004899,261,8,761.72,1,4,4,144,Loyal Customers
CUST004900,48,6,457.59000000000003,3,3,2,332,Potential Loyalists
CUST004901,58,3,270.90999999999997,3,1,1,311,Dormant
CUST004902,169,6,588.01,2,3,3,233,Loyal Customers
CUST004903,5,4,505.56,4,2,3,423,Potential Loyalists
CUST004904,67,4,336.78999999999996,3,2,1,321,Need Attention
CUST004905,628,3,186.33999999999997,1,1,1,111,Lost
CUST004906,60,5,488.41999999999996,3,3,2,332,Potential Loyalists
CUST004907,171,3,280.01,2,1,1,211,Dormant
CUST004908,19,8,758.9200000000001,4,4,4,444,Champions
CUST004909,114,7,799.6600000000001,2,4,4,244,Loyal Customers
CUST004910,79,5,537.55,3,3,3,333,Champions
CUST004911,245,5,402.78,1,3,2,132,At Risk
CUST004912,343,6,540.97,1,3,3,133,Loyal Customers
CUST004913,76,2,139.24,3,1,1,311,Dormant
CUST004914,51,5,548.94,3,3,3,333,Champions
CUST004915,82,6,732.8299999999999,3,3,4,334,Champions
CUST004916,58,8,784.7,3,4,4,344,Champions
CUST004917,566,3,284.31,1,1,1,111,Lost
CUST004918,179,4,464.37,2,2,2,222,Need Attention
CUST004919,142,3,359.32,2,1,2,212,Dormant
CUST004920,46,5,442.24,4,3,2,432,Potential Loyalists
CUST004921,260,5,490.25,1,3,3,133,Loyal Customers
CUST004922,55,7,798.53,3,4,4,344,Champions
CUST004923,16,6,524.3,4,3,3,433,Champions
CUST004924,193,5,661.1700000000001,2,3,4,234,Loyal Customers
CUST004925,102,3,274.82,3,1,1,311,Dormant
CUST004926,7,3,321.84,4,1,1,411,Dormant
CUST004927,63,8,809.15,3,4,4,344,Champions
CUST004928,148,5,523.31,2,3,3,233,Loyal Customers
CUST004929,51,3,437.79999999999995,3,1,2,312,Dormant
CUST004930,68,10,1004.92,3,4,4,344,Champions
CUST004931,279,4,386.75,1,2,2,122,At Risk
CUST004932,57,5,517.73,3,3,3,333,Champions
CUST004933,72,4,290.57,3,2,1,321,Need Attention
CUST004934,101,6,683.15,3,3,4,334,Champions
CUST004935,79,4,318.94,3,2,1,321,Need Attention
CUST004936,263,3,211.54,1,1,1,111,Lost
CUST004937,45,2,204.97,4,1,1,411,Dormant
CUST004938,59,5,560.91,3,3,3,333,Champions
CUST004939,192,4,422.77,2,2,2,222,Need Attention
CUST004940,28,5,711.1800000000001,4,3,4,434,Champions
CUST004941,9,5,457.37,4,3,2,432,Potential Loyalists
CUST004942,149,4,415.58,2,2,2,222,Need Attention
CUST004943,189,2,230.2,2,1,1,211,Dormant
CUST004944,7,7,687.6,4,4,4,444,Champions
CUST004945,80,4,374.33000000000004,3,2,2,322,Potential Loyalists
CUST004946,53,7,661.3,3,4,4,344,Champions
CUST004947,62,7,699.5699999999999,3,4,4,344,Champions
CUST004948,81,4,377.04999999999995,3,2,2,322,Potential Loyalists
CUST004949,95,5,518.6,3,3,3,333,Champions
CUST004950,6,5,471.16,4,3,2,432,Potential Loyalists
CUST004951,25,7,665.47,4,4,4,444,Champions
CUST004952,219,6,531.21,1,3,3,133,Loyal Customers
CUST004953,144,5,398.96000000000004,2,3,2,232,Need Attention
CUST004954,41,4,416.49,4,2,2,422,Potential Loyalists
CUST004955,298,7,557.72,1,4,3,143,Loyal Customers
CUST004956,85,9,902.52,3,4,4,344,Champions
CUST004957,199,4,324.94,2,2,1,221,Need Attention
CUST004958,658,2,269.09000000000003,1,1,1,111,Lost
CUST004959,364,1,75.51,1,1,1,111,Lost
CUST004960,266,4,444.53,1,2,2,122,At Risk
CUST004961,34,8,776.63,4,4,4,444,Champions
CUST004962,334,5,520.14,1,3,3,133,Loyal Customers
CUST004963,113,6,615.64,2,3,3,233,Loyal Customers
CUST004964,104,6,776.96,3,3,4,334,Champions
CUST004965,184,6,621.1700000000001,2,3,3,233,Loyal Customers
CUST004966,32,4,446.08,4,2,2,422,Potential Loyalists
CUST004967,27,4,433.47,4,2,2,422,Potential Loyalists
CUST004968,273,2,178.07,1,1,1,111,Lost
CUST004969,192,6,512.83,2,3,3,233,Loyal Customers
CUST004970,214,4,389.02,1,2,2,122,At Risk
CUST004971,20,5,492.04,4,3,3,433,Champions
CUST004972,58,8,842.3,3,4,4,344,Champions
CUST004973,21,12,1510.5,4,4,4,444,Champions
CUST004974,48,5,502.57,3,3,3,333,Champions
CUST004975,8,3,239.58,4,1,1,411,Dormant
CUST004976,52,6,573.7,3,3,3,333,Champions
CUST004977,128,9,880.01,2,4,4,244,Loyal Customers
CUST004978,40,3,415.58,4,1,2,412,Dormant
CUST004979,172,3,265.89,2,1,1,211,Dormant
CUST004980,248,4,426.64,1,2,2,122,At Risk
CUST004981,7,4,424.38,4,2,2,422,Potential Loyalists
CUST004982,213,5,429.75,1,3,2,132,At Risk
CUST004983,4,7,638.02,4,4,3,443,Champions
CUST004984,358,5,464.90999999999997,1,3,2,132,At Risk
CUST004985,108,8,672.21,2,4,4,244,Loyal Customers
CUST004986,19,8,874.35,4,4,4,444,Champions
CUST004987,147,3,318.73,2,1,1,211,Dormant
CUST004988,147,3,311.81,2,1,1,211,Dormant
CUST004989,169,2,199.5,2,1,1,211,Dormant
CUST004990,104,5,615.93,3,3,3,333,Champions
CUST004991,183,4,519.54,2,2,3,223,Need Attention
CUST004992,36,12,1087.52,4,4,4,444,Champions
CUST004993,8,9,913.48,4,4,4,444,Champions
CUST004994,72,7,598.0600000000001,3,4,3,343,Champions
CUST004995,194,3,309.37,2,1,1,211,Dormant
CUST004996,22,9,878.88,4,4,4,444,Champions
CUST004997,261,4,417.02,1,2,2,122,At Risk
CUST004998,120,5,543.45,2,3,3,233,Loyal Customers
CUST004999,1,9,747.58,4,4,4,444,Champions
CUST005000,55,9,905.79,3,4,4,344,Champions
CUST005001,213,3,255.8,1,1,1,111,Lost
CUST005002,697,1,75.24,1,1,1,111,Lost
CUST005003,223,2,275.48,1,1,1,111,Lost
CUST005004,10,5,538.95,4,3,3,433,Champions
CUST005005,61,1,56.28,3,1,1,311,Dormant
CUST005006,107,7,615.53,2,4,3,243,Loyal Customers
CUST005007,76,8,875.27,3,4,4,344,Champions
CUST005008,186,10,1157.1200000000001,2,4,4,244,Loyal Customers
CUST005009,101,7,849.99,3,4,4,344,Champions
CUST005010,7,8,705.87,4,4,4,444,Champions
CUST005011,325,3,304.11,1,1,1,111,Lost
CUST005012,85,5,544.22,3,3,3,333,Champions
CUST005013,179,7,628.08,2,4,3,243,Loyal Customers
CUST005014,45,6,746.39,4,3,4,434,Champions
CUST005015,140,3,334.34,2,1,1,211,Dormant
CUST005016,122,4,330.37,2,2,1,221,Need Attention
CUST005017,231,4,330.13,1,2,1,121,Lost
CUST005018,56,2,174.08999999999997,3,1,1,311,Dormant
CUST005019,28,5,667.1600000000001,4,3,4,434,Champions
CUST005020,537,3,256.5,1,1,1,111,Lost
CUST005021,9,10,1128.74,4,4,4,444,Champions
CUST005022,146,2,164.37,2,1,1,211,Dormant
CUST005023,425,5,414.66,1,3,2,132,At Risk
CUST005024,224,2,182.26,1,1,1,111,Lost
CUST005025,125,5,499.65,2,3,3,233,Loyal Customers
CUST005026,60,5,523.1800000000001,3,3,3,333,Champions
CUST005027,75,5,382.03000000000003,3,3,2,332,Potential Loyalists
CUST005028,557,1,129.39,1,1,1,111,Lost
CUST005029,194,4,453.91999999999996,2,2,2,222,Need Attention
CUST005030,732,1,50.75,1,1,1,111,Lost
CUST005031,64,6,770.77,3,3,4,334,Champions
CUST005032,158,3,316.89,2,1,1,211,Dormant
CUST005033,10,6,564.11,4,3,3,433,Champions
CUST005034,46,5,530.69,4,3,3,433,Champions
CUST005035,55,3,292.28000000000003,3,1,1,311,Dormant
CUST005036,158,6,513.23,2,3,3,233,Loyal Customers
CUST005037,104,9,1021.03,3,4,4,344,Champions
CUST005038,64,6,492.76,3,3,3,333,Champions
CUST005039,103,4,370.94,3,2,2,322,Potential Loyalists
CUST005040,12,6,873.65,4,3,4,434,Champions
CUST005041,289,6,409.35,1,3,2,132,At Risk
CUST005042,46,5,465.75,4,3,2,432,Potential Loyalists
CUST005043,86,6,514.27,3,3,3,333,Champions
CUST005044,227,8,797.05,1,4,4,144,Loyal Customers
CUST005045,253,5,680.07,1,3,4,134,Loyal Customers
CUST005046,246,3,325.33,1,1,1,111,Lost
CUST005047,226,4,369.02,1,2,2,122,At Risk
CUST005048,143,7,620.79,2,4,3,243,Loyal Customers
CUST005049,48,7,543.96,3,4,3,343,Champions
CUST005050,429,4,433.41,1,2,2,122,At Risk
CUST005051,259,5,570.45,1,3,3,133,Loyal Customers
CUST005052,13,2,167.92000000000002,4,1,1,411,Dormant
CUST005053,56,6,663.86,3,3,4,334,Champions
CUST005054,208,6,437.58000000000004,2,3,2,232,Need Attention
CUST005055,50,2,197.85,3,1,1,311,Dormant
CUST005056,363,6,583.33,1,3,3,133,Loyal Customers
CUST005057,24,6,632.15,4,3,3,433,Champions
CUST005058,56,7,756.0699999999999,3,4,4,344,Champions
CUST005059,138,6,614.22,2,3,3,233,Loyal Customers
CUST005060,254,5,397.83,1,3,2,132,At Risk
CUST005061,185,6,527.16,2,3,3,233,Loyal Customers
CUST005062,318,8,867.88,1,4,4,144,Loyal Customers
CUST005063,155,2,224.26,2,1,1,211,Dormant
CUST005064,422,1,101.56,1,1,1,111,Lost
CUST005065,497,1,73.01,1,1,1,111,Lost
CUST005066,274,10,862.52,1,4,4,144,Loyal Customers
CUST005067,107,6,539.2,2,3,3,233,Loyal Customers
CUST005068,185,4,363.26,2,2,2,222,Need Attention
CUST005069,124,7,824.25,2,4,4,244,Loyal Customers
CUST005070,111,5,576.8000000000001,2,3,3,233,Loyal Customers
CUST005071,99,3,311.38,3,1,1,311,Dormant
CUST005072,28,4,477.13,4,2,2,422,Potential Loyalists
CUST005073,10,8,722.51,4,4,4,444,Champions
CUST005074,252,4,447.22,1,2,2,122,At Risk
CUST005075,59,2,161.47,3,1,1,311,Dormant
CUST005076,4,6,593.33,4,3,3,433,Champions
CUST005077,279,7,682.95,1,4,4,144,Loyal Customers
CUST005078,112,4,388.68,2,2,2,222,Need Attention
CUST005079,312,4,480.01,1,2,2,122,At Risk
CUST005080,103,4,340.96,3,2,2,322,Potential Loyalists
CUST005081,27,4,504.42,4,2,3,423,Potential Loyalists
CUST005082,298,3,414.81000000000006,1,1,2,112,Lost
CUST005083,276,4,613.74,1,2,3,123,At Risk
CUST005084,674,2,189.71,1,1,1,111,Lost
CUST005085,28,7,767.46,4,4,4,444,Champions
CUST005086,43,7,735.1700000000001,4,4,4,444,Champions
CUST005087,9,7,678.5699999999999,4,4,4,444,Champions
CUST005088,146,9,871.14,2,4,4,244,Loyal Customers
CUST005089,406,4,372.08,1,2,2,122,At Risk
CUST005090,258,4,505.20000000000005,1,2,3,123,At Risk
CUST005091,74,5,510.98,3,3,3,333,Champions
CUST005092,97,3,329.9,3,1,1,311,Dormant
CUST005093,158,3,327.23,2,1,1,211,Dormant
CUST005094,16,6,407.02,4,3,2,432,Potential Loyalists
CUST005095,341,5,534.0699999999999,1,3,3,133,Loyal Customers
CUST005096,370,5,621.9200000000001,1,3,3,133,Loyal Customers
CUST005097,323,5,661.16,1,3,4,134,Loyal Customers
CUST005098,199,5,653.91,2,3,3,233,Loyal Customers
CUST005099,356,3,396.77,1,1,2,112,Lost
CUST005100,36,8,819.73,4,4,4,444,Champions
CUST005101,24,5,427.72,4,3,2,432,Potential Loyalists
CUST005102,7,7,770.7,4,4,4,444,Champions
CUST005103,34,4,337.19,4,2,1,421,Need Attention
CUST005104,93,5,597.71,3,3,3,333,Champions
CUST005105,41,5,506.96000000000004,4,3,3,433,Champions
CUST005106,7,9,972.66,4,4,4,444,Champions
CUST005107,335,2,219.14,1,1,1,111,Lost
CUST005108,148,8,867.5,2,4,4,244,Loyal Customers
CUST005109,221,4,490.58,1,2,3,123,At Risk
CUST005110,81,1,79.85,3,1,1,311,Dormant
CUST005111,168,9,1011.49,2,4,4,244,Loyal Customers
CUST005112,411,1,59.6,1,1,1,111,Lost
CUST005113,28,8,937.45,4,4,4,444,Champions
CUST005114,39,5,565.16,4,3,3,433,Champions
CUST005115,145,8,756.0699999999999,2,4,4,244,Loyal Customers
CUST005116,383,2,128.52,1,1,1,111,Lost
CUST005117,100,5,455.47,3,3,2,332,Potential Loyalists
CUST005118,403,4,335.03000000000003,1,2,1,121,Lost
CUST005119,1,7,979.36,4,4,4,444,Champions
CUST005120,7,5,442.58,4,3,2,432,Potential Loyalists
CUST005121,159,4,448.76,2,2,2,222,Need Attention
CUST005122,266,2,223.1,1,1,1,111,Lost
CUST005123,104,6,478.26,3,3,2,332,Potential Loyalists
CUST005124,255,4,370.09000000000003,1,2,2,122,At Risk
CUST005125,12,2,317.23,4,1,1,411,Dormant
CUST005126,255,2,184.1,1,1,1,111,Lost
CUST005127,105,6,567.23,3,3,3,333,Champions
CUST005128,223,8,826.48,1,4,4,144,Loyal Customers
CUST005129,228,1,130.82,1,1,1,111,Lost
CUST005130,17,8,1184.25,4,4,4,444,Champions
CUST005131,38,7,848.2,4,4,4,444,Champions
CUST005132,119,3,355.4,2,1,2,212,Dormant
CUST005133,80,6,612.54,3,3,3,333,Champions
CUST005134,164,3,276.53999999999996,2,1,1,211,Dormant
CUST005135,83,8,881.2,3,4,4,344,Champions
CUST005136,94,4,464.18,3,2,2,322,Potential Loyalists
CUST005137,8,8,774.95,4,4,4,444,Champions
CUST005138,318,1,106.22,1,1,1,111,Lost
CUST005139,17,7,792.72,4,4,4,444,Champions
CUST005140,95,5,388.79,3,3,2,332,Potential Loyalists
CUST005141,19,7,982.39,4,4,4,444,Champions
CUST005142,4,5,549.47,4,3,3,433,Champions
CUST005143,382,6,629.21,1,3,3,133,Loyal Customers
CUST005144,84,5,359.33,3,3,2,332,Potential Loyalists
CUST005145,74,9,914.3,3,4,4,344,Champions
CUST005146,160,5,594.62,2,3,3,233,Loyal Customers
CUST005147,235,6,520.31,1,3,3,133,Loyal Customers
CUST005148,100,2,165.76999999999998,3,1,1,311,Dormant
CUST005149,230,6,551.95,1,3,3,133,Loyal Customers
CUST005150,384,4,320.37,1,2,1,121,Lost
CUST005151,212,6,515.12,1,3,3,133,Loyal Customers
CUST005152,191,7,809.52,2,4,4,244,Loyal Customers
CUST005153,26,7,581.9,4,4,3,443,Champions
CUST005154,54,4,387.59,3,2,2,322,Potential Loyalists
CUST005155,186,5,492.96000000000004,2,3,3,233,Loyal Customers
CUST005156,82,9,1012.4300000000001,3,4,4,344,Champions
CUST005157,18,6,635.96,4,3,3,433,Champions
CUST005158,84,8,747.4,3,4,4,344,Champions
CUST005159,257,7,926.37,1,4,4,144,Loyal Customers
CUST005160,21,7,828.73,4,4,4,444,Champions
CUST005161,106,9,963.56,3,4,4,344,Champions
CUST005162,47,6,471.13,3,3,2,332,Potential Loyalists
CUST005163,76,4,411.55,3,2,2,322,Potential Loyalists
CUST005164,90,5,496.17999999999995,3,3,3,333,Champions
CUST005165,112,6,541.59,2,3,3,233,Loyal Customers
CUST005166,71,6,625.04,3,3,3,333,Champions
CUST005167,10,6,662.3199999999999,4,3,4,434,Champions
CUST005168,171,6,531.36,2,3,3,233,Loyal Customers
CUST005169,179,2,307.01,2,1,1,211,Dormant
CUST005170,551,2,170.4,1,1,1,111,Lost
CUST005171,211,6,789.95,2,3,4,234,Loyal Customers
CUST005172,12,9,972.96,4,4,4,444,Champions
CUST005173,123,4,410.26,2,2,2,222,Need Attention
CUST005174,3,2,196.91,4,1,1,411,Dormant
CUST005175,22,7,712.16,4,4,4,444,Champions
CUST005176,75,6,493.29,3,3,3,333,Champions
CUST005177,14,7,611.0600000000001,4,4,3,443,Champions
CUST005178,34,5,530.61,4,3,3,433,Champions
CUST005180,78,8,825.32,3,4,4,344,Champions
CUST005181,1,9,1101.46,4,4,4,444,Champions
CUST005182,197,6,649.19,2,3,3,233,Loyal Customers
CUST005183,551,5,352.28000000000003,1,3,2,132,At Risk
CUST005184,274,3,315.26,1,1,1,111,Lost
CUST005185,26,6,587.65,4,3,3,433,Champions
CUST005186,121,4,454.65,2,2,2,222,Need Attention
CUST005187,105,8,928.64,3,4,4,344,Champions
CUST005188,206,3,316.21000000000004,2,1,1,211,Dormant
CUST005189,134,4,325.04,2,2,1,221,Need Attention
CUST005190,558,2,165.79000000000002,1,1,1,111,Lost
CUST005191,99,3,197.64,3,1,1,311,Dormant
CUST005192,82,4,335.36,3,2,1,321,Need Attention
CUST005193,43,5,666.25,4,3,4,434,Champions
CUST005194,83,3,232.35,3,1,1,311,Dormant
CUST005195,490,4,411.47,1,2,2,122,At Risk
CUST005196,100,9,854.8,3,4,4,344,Champions
CUST005197,53,3,326.3,3,1,1,311,Dormant
CUST005198,52,4,370.63,3,2,2,322,Potential Loyalists
CUST005199,100,4,605.5,3,2,3,323,Potential Loyalists
CUST005200,60,6,670.16,3,3,4,334,Champions
CUST005201,116,3,446.48,2,1,2,212,Dormant
CUST005202,39,5,503.23,4,3,3,433,Champions
CUST005203,57,2,230.12,3,1,1,311,Dormant
CUST005204,33,5,378.0,4,3,2,432,Potential Loyalists
CUST005205,58,6,578.04,3,3,3,333,Champions
CUST005206,32,6,539.85,4,3,3,433,Champions
CUST005207,77,6,710.35,3,3,4,334,Champions
CUST005208,304,5,523.19,1,3,3,133,Loyal Customers
CUST005209,50,8,904.12,3,4,4,344,Champions
CUST005210,114,4,502.47,2,2,3,223,Need Attention
CUST005211,14,9,1022.56,4,4,4,444,Champions
CUST005212,42,3,293.19,4,1,1,411,Dormant
CUST005213,174,9,813.1600000000001,2,4,4,244,Loyal Customers
CUST005214,48,8,789.24,3,4,4,344,Champions
CUST005215,309,5,544.44,1,3,3,133,Loyal Customers
CUST005216,39,6,526.54,4,3,3,433,Champions
CUST005217,199,3,222.92,2,1,1,211,Dormant
CUST005218,194,4,280.94,2,2,1,221,Need Attention
CUST005219,76,4,338.36,3,2,1,321,Need Attention
CUST005220,39,3,326.28999999999996,4,1,1,411,Dormant
CUST005221,28,9,1027.55,4,4,4,444,Champions
CUST005222,1,7,595.5600000000001,4,4,3,443,Champions
CUST005223,101,9,859.21,3,4,4,344,Champions
CUST005224,35,3,256.46,4,1,1,411,Dormant
CUST005225,216,6,519.94,1,3,3,133,Loyal Customers
CUST005226,362,3,257.78,1,1,1,111,Lost
CUST005227,27,7,786.3399999999999,4,4,4,444,Champions
CUST005228,82,3,237.7,3,1,1,311,Dormant
CUST005229,566,2,125.9,1,1,1,111,Lost
CUST005230,9,8,853.57,4,4,4,444,Champions
CUST005231,7,2,196.36,4,1,1,411,Dormant
CUST005232,232,6,527.3199999999999,1,3,3,133,Loyal Customers
CUST005233,62,5,512.19,3,3,3,333,Champions
CUST005234,313,6,740.85,1,3,4,134,Loyal Customers
CUST005235,2,8,750.21,4,4,4,444,Champions
CUST005236,77,12,1282.75,3,4,4,344,Champions
CUST005237,21,8,736.77,4,4,4,444,Champions
CUST005238,503,2,243.28,1,1,1,111,Lost
CUST005239,28,8,882.14,4,4,4,444,Champions
CUST005240,116,2,120.84,2,1,1,211,Dormant
CUST005241,13,10,1022.28,4,4,4,444,Champions
CUST005242,116,2,323.12,2,1,1,211,Dormant
CUST005243,38,5,555.45,4,3,3,433,Champions
CUST005244,13,6,560.55,4,3,3,433,Champions
CUST005245,38,2,264.03,4,1,1,411,Dormant
CUST005246,201,6,778.9300000000001,2,3,4,234,Loyal Customers
CUST005247,30,7,706.61,4,4,4,444,Champions
CUST005248,3,8,691.52,4,4,4,444,Champions
CUST005249,15,2,152.18,4,1,1,411,Dormant
CUST005250,5,4,332.16999999999996,4,2,1,421,Need Attention
CUST005251,18,7,722.87,4,4,4,444,Champions
CUST005252,50,6,535.09,3,3,3,333,Champions
CUST005253,124,6,670.5899999999999,2,3,4,234,Loyal Customers
CUST005254,112,7,716.12,2,4,4,244,Loyal Customers
CUST005255,135,4,397.33,2,2,2,222,Need Attention
CUST005256,206,8,771.49,2,4,4,244,Loyal Customers
CUST005257,145,6,825.77,2,3,4,234,Loyal Customers
CUST005258,55,6,783.4300000000001,3,3,4,334,Champions
CUST005259,107,6,514.66,2,3,3,233,Loyal Customers
CUST005260,18,5,615.4399999999999,4,3,3,433,Champions
CUST005261,280,5,523.6999999999999,1,3,3,133,Loyal Customers
CUST005262,113,6,495.28000000000003,2,3,3,233,Loyal Customers
CUST005263,212,4,358.77,1,2,2,122,At Risk
CUST005264,235,6,389.63,1,3,2,132,At Risk
CUST005265,27,5,518.01,4,3,3,433,Champions
CUST005266,288,6,610.97,1,3,3,133,Loyal Customers
CUST005267,249,6,679.0699999999999,1,3,4,134,Loyal Customers
CUST005268,51,7,692.6,3,4,4,344,Champions
CUST005269,550,5,476.4,1,3,2,132,At Risk
CUST005270,43,6,608.97,4,3,3,433,Champions
CUST005271,8,6,613.76,4,3,3,433,Champions
CUST005272,77,5,596.87,3,3,3,333,Champions
CUST005273,538,2,148.43,1,1,1,111,Lost
CUST005274,245,4,379.4,1,2,2,122,At Risk
CUST005275,117,11,1057.22,2,4,4,244,Loyal Customers
CUST005276,379,2,225.61,1,1,1,111,Lost
CUST005277,173,6,725.18,2,3,4,234,Loyal Customers
CUST005278,67,6,463.86,3,3,2,332,Potential Loyalists
CUST005279,68,6,552.0,3,3,3,333,Champions
CUST005280,41,11,1054.01,4,4,4,444,Champions
CUST005281,334,5,542.4,1,3,3,133,Loyal Customers
CUST005282,163,4,517.0,2,2,3,223,Need Attention
CUST005283,159,5,363.96,2,3,2,232,Need Attention
CUST005284,22,7,720.77,4,4,4,444,Champions
CUST005285,120,6,476.78,2,3,2,232,Need Attention
CUST005286,37,8,919.25,4,4,4,444,Champions
CUST005287,89,10,952.57,3,4,4,344,Champions
CUST005289,358,1,87.92,1,1,1,111,Lost
CUST005290,465,3,244.89,1,1,1,111,Lost
CUST005291,80,10,1043.9,3,4,4,344,Champions
CUST005292,248,3,420.90999999999997,1,1,2,112,Lost
CUST005293,92,5,647.6,3,3,3,333,Champions
CUST005294,41,4,289.52,4,2,1,421,Need Attention
CUST005295,63,11,1128.44,3,4,4,344,Champions
CUST005296,38,5,504.96,4,3,3,433,Champions
CUST005297,221,8,828.24,1,4,4,144,Loyal Customers
CUST005298,29,10,1103.54,4,4,4,444,Champions
CUST005299,241,4,336.56,1,2,1,121,Lost
CUST005300,43,7,652.47,4,4,3,443,Champions
CUST005301,120,5,580.76,2,3,3,233,Loyal Customers
CUST005302,17,5,406.3,4,3,2,432,Potential Loyalists
CUST005303,62,7,959.9,3,4,4,344,Champions
CUST005304,94,7,809.62,3,4,4,344,Champions
CUST005305,3,7,708.65,4,4,4,444,Champions
CUST005306,59,10,1139.1200000000001,3,4,4,344,Champions
CUST005307,251,4,419.89,1,2,2,122,At Risk
CUST005308,45,6,648.04,4,3,3,433,Champions
CUST005309,29,4,582.12,4,2,3,423,Potential Loyalists
CUST005310,12,8,700.55,4,4,4,444,Champions
CUST005311,294,3,390.46000000000004,1,1,2,112,Lost
CUST005312,58,6,531.0,3,3,3,333,Champions
CUST005313,4,5,690.28,4,3,4,434,Champions
CUST005314,124,8,805.69,2,4,4,244,Loyal Customers
CUST005315,312,3,307.29999999999995,1,1,1,111,Lost
CUST005316,79,5,546.51,3,3,3,333,Champions
CUST005317,36,7,590.91,4,4,3,443,Champions
CUST005318,313,3,281.70000000000005,1,1,1,111,Lost
CUST005319,18,8,804.06,4,4,4,444,Champions
CUST005320,44,5,438.71000000000004,4,3,2,432,Potential Loyalists
CUST005321,130,5,573.14,2,3,3,233,Loyal Customers
CUST005322,37,5,535.66,4,3,3,433,Champions
CUST005323,85,7,621.09,3,4,3,343,Champions
CUST005324,26,5,505.81,4,3,3,433,Champions
CUST005325,357,2,197.78,1,1,1,111,Lost
CUST005326,129,7,601.47,2,4,3,243,Loyal Customers
CUST005327,84,3,355.20000000000005,3,1,2,312,Dormant
CUST005328,86,5,507.0,3,3,3,333,Champions
CUST005329,17,4,415.19,4,2,2,422,Potential Loyalists
CUST005330,102,8,868.99,3,4,4,344,Champions
CUST005331,84,8,778.4100000000001,3,4,4,344,Champions
CUST005332,32,6,421.13,4,3,2,432,Potential Loyalists
CUST005333,83,9,884.3199999999999,3,4,4,344,Champions
CUST005334,133,6,484.34000000000003,2,3,2,232,Need Attention
CUST005335,105,4,513.51,3,2,3,323,Potential Loyalists
CUST005336,80,3,246.43,3,1,1,311,Dormant
CUST005337,43,5,665.21,4,3,4,434,Champions
CUST005338,149,7,690.05,2,4,4,244,Loyal Customers
CUST005339,115,4,396.12,2,2,2,222,Need Attention
CUST005340,126,6,654.63,2,3,3,233,Loyal Customers
CUST005341,151,4,445.03000000000003,2,2,2,222,Need Attention
CUST005342,539,2,180.48000000000002,1,1,1,111,Lost
CUST005343,174,10,734.83,2,4,4,244,Loyal Customers
CUST005344,660,2,146.12,1,1,1,111,Lost
CUST005345,207,5,418.97,2,3,2,232,Need Attention
CUST005346,70,9,979.65,3,4,4,344,Champions
CUST005347,531,4,385.68,1,2,2,122,At Risk
CUST005348,110,7,661.42,2,4,4,244,Loyal Customers
CUST005349,109,2,122.17,2,1,1,211,Dormant
CUST005350,143,5,513.15,2,3,3,233,Loyal Customers
CUST005351,379,5,551.0,1,3,3,133,Loyal Customers
CUST005352,1,6,558.6899999999999,4,3,3,433,Champions
CUST005353,174,2,306.90999999999997,2,1,1,211,Dormant
CUST005354,444,3,376.59000000000003,1,1,2,112,Lost
CUST005355,254,2,190.91000000000003,1,1,1,111,Lost
CUST005356,32,8,918.5400000000001,4,4,4,444,Champions
CUST005357,77,6,506.44,3,3,3,333,Champions
CUST005358,236,6,670.06,1,3,4,134,Loyal Customers
CUST005359,417,3,313.25,1,1,1,111,Lost
CUST005360,482,4,501.75,1,2,3,123,At Risk
CUST005361,179,4,425.15,2,2,2,222,Need Attention
CUST005362,115,9,957.44,2,4,4,244,Loyal Customers
CUST005363,67,6,959.08,3,3,4,334,Champions
CUST005364,56,2,180.76999999999998,3,1,1,311,Dormant
CUST005365,132,2,178.94,2,1,1,211,Dormant
CUST005366,106,9,741.95,3,4,4,344,Champions
CUST005367,473,4,319.56,1,2,1,121,Lost
CUST005368,179,11,1015.78,2,4,4,244,Loyal Customers
CUST005369,215,7,548.63,1,4,3,143,Loyal Customers
CUST005370,58,5,538.97,3,3,3,333,Champions
CUST005371,237,3,198.24,1,1,1,111,Lost
CUST005373,52,6,759.68,3,3,4,334,Champions
CUST005374,36,9,838.48,4,4,4,444,Champions
CUST005375,477,4,407.65999999999997,1,2,2,122,At Risk
CUST005376,221,4,490.62,1,2,3,123,At Risk
CUST005377,174,6,496.85,2,3,3,233,Loyal Customers
CUST005378,16,4,348.12,4,2,2,422,Potential Loyalists
CUST005379,41,9,833.6,4,4,4,444,Champions
CUST005380,168,5,671.38,2,3,4,234,Loyal Customers
CUST005381,132,3,314.42999999999995,2,1,1,211,Dormant
CUST005382,35,5,486.05,4,3,2,432,Potential Loyalists
CUST005383,117,3,346.78,2,1,2,212,Dormant
CUST005384,9,4,349.44,4,2,2,422,Potential Loyalists
CUST005385,89,4,426.29,3,2,2,322,Potential Loyalists
CUST005386,28,6,437.95,4,3,2,432,Potential Loyalists
CUST005387,309,3,238.13,1,1,1,111,Lost
CUST005388,193,5,460.23,2,3,2,232,Need Attention
CUST005389,48,6,527.99,3,3,3,333,Champions
CUST005390,14,10,1107.13,4,4,4,444,Champions
CUST005391,500,2,270.69,1,1,1,111,Lost
CUST005392,23,7,772.22,4,4,4,444,Champions
CUST005393,17,4,330.59000000000003,4,2,1,421,Need Attention
CUST005394,34,7,1108.41,4,4,4,444,Champions
CUST005395,2,6,622.34,4,3,3,433,Champions
CUST005396,241,4,412.68,1,2,2,122,At Risk
CUST005397,64,5,450.11,3,3,2,332,Potential Loyalists
CUST005398,130,5,674.8199999999999,2,3,4,234,Loyal Customers
CUST005399,90,4,326.21000000000004,3,2,1,321,Need Attention
CUST005400,135,2,186.26,2,1,1,211,Dormant
CUST005401,69,5,431.61,3,3,2,332,Potential Loyalists
CUST005402,53,5,541.66,3,3,3,333,Champions
CUST005403,210,8,833.8199999999999,2,4,4,244,Loyal Customers
CUST005404,124,4,434.28000000000003,2,2,2,222,Need Attention
CUST005405,3,6,531.81,4,3,3,433,Champions
CUST005406,241,5,397.68,1,3,2,132,At Risk
CUST005407,72,2,200.95,3,1,1,311,Dormant
CUST005408,63,7,596.65,3,4,3,343,Champions
CUST005409,10,3,415.09999999999997,4,1,2,412,Dormant
CUST005410,29,11,1057.6299999999999,4,4,4,444,Champions
CUST005411,53,4,345.33,3,2,2,322,Potential Loyalists
CUST005412,98,4,443.39,3,2,2,322,Potential Loyalists
CUST005413,159,6,487.11,2,3,2,232,Need Attention
CUST005414,114,4,343.89,2,2,2,222,Need Attention
CUST005415,508,3,487.55,1,1,2,112,Lost
CUST005416,52,4,414.14,3,2,2,322,Potential Loyalists
CUST005417,83,4,383.91,3,2,2,322,Potential Loyalists
CUST005418,28,5,440.37,4,3,2,432,Potential Loyalists
CUST005419,104,7,682.79,3,4,4,344,Champions
CUST005420,228,4,604.71,1,2,3,123,At Risk
CUST005421,197,3,187.78,2,1,1,211,Dormant
CUST005422,128,7,747.28,2,4,4,244,Loyal Customers
CUST005423,302,5,542.11,1,3,3,133,Loyal Customers
CUST005424,236,5,610.41,1,3,3,133,Loyal Customers
CUST005425,167,6,526.94,2,3,3,233,Loyal Customers
CUST005426,242,5,613.06,1,3,3,133,Loyal Customers
CUST005427,119,6,508.4,2,3,3,233,Loyal Customers
CUST005428,130,6,502.71000000000004,2,3,3,233,Loyal Customers
CUST005429,187,4,326.90999999999997,2,2,1,221,Need Attention
CUST005430,172,2,254.17000000000002,2,1,1,211,Dormant
CUST005431,222,5,587.06,1,3,3,133,Loyal Customers
CUST005432,11,5,586.73,4,3,3,433,Champions
CUST005433,24,5,513.8399999999999,4,3,3,433,Champions
CUST005434,7,6,741.1,4,3,4,434,Champions
CUST005435,511,2,192.87,1,1,1,111,Lost
CUST005436,126,2,226.20000000000002,2,1,1,211,Dormant
CUST005437,687,1,106.63,1,1,1,111,Lost
CUST005438,170,5,491.67,2,3,3,233,Loyal Customers
CUST005439,1,9,752.84,4,4,4,444,Champions
CUST005440,578,2,151.82,1,1,1,111,Lost
CUST005441,149,5,526.21,2,3,3,233,Loyal Customers
CUST005442,53,2,256.51,3,1,1,311,Dormant
CUST005443,94,4,425.94,3,2,2,322,Potential Loyalists
CUST005444,310,5,573.12,1,3,3,133,Loyal Customers
CUST005445,122,6,845.7,2,3,4,234,Loyal Customers
CUST005446,21,4,309.77,4,2,1,421,Need Attention
CUST005447,28,7,601.31,4,4,3,443,Champions
CUST005448,178,4,338.23,2,2,1,221,Need Attention
CUST005449,211,4,414.07,2,2,2,222,Need Attention
CUST005450,308,6,435.99,1,3,2,132,At Risk
CUST005451,1,7,749.06,4,4,4,444,Champions
CUST005452,221,4,608.21,1,2,3,123,At Risk
CUST005453,23,7,685.15,4,4,4,444,Champions
CUST005454,242,3,279.58,1,1,1,111,Lost
CUST005455,424,1,143.66,1,1,1,111,Lost
CUST005456,1,6,489.75,4,3,3,433,Champions
CUST005457,24,5,645.13,4,3,3,433,Champions
CUST005458,152,4,433.46,2,2,2,222,Need Attention
CUST005459,98,5,501.96000000000004,3,3,3,333,Champions
CUST005460,222,2,200.51,1,1,1,111,Lost
CUST005461,10,5,627.36,4,3,3,433,Champions
CUST005462,262,3,303.15,1,1,1,111,Lost
CUST005463,108,7,777.1600000000001,2,4,4,244,Loyal Customers
CUST005464,54,5,384.09000000000003,3,3,2,332,Potential Loyalists
CUST005465,576,1,80.81,1,1,1,111,Lost
CUST005466,264,7,640.84,1,4,3,143,Loyal Customers
CUST005467,144,6,660.1899999999999,2,3,3,233,Loyal Customers
CUST005468,150,6,436.12,2,3,2,232,Need Attention
CUST005469,114,6,885.46,2,3,4,234,Loyal Customers
CUST005470,80,4,316.58,3,2,1,321,Need Attention
CUST005471,46,7,699.66,4,4,4,444,Champions
CUST005472,21,6,548.73,4,3,3,433,Champions
CUST005473,113,2,143.55,2,1,1,211,Dormant
CUST005474,45,6,482.99,4,3,2,432,Potential Loyalists
CUST005475,94,6,464.0,3,3,2,332,Potential Loyalists
CUST005476,133,4,396.02,2,2,2,222,Need Attention
CUST005477,18,9,735.06,4,4,4,444,Champions
CUST005478,2,4,464.41999999999996,4,2,2,422,Potential Loyalists
CUST005479,44,4,467.49,4,2,2,422,Potential Loyalists
CUST005480,303,4,324.54,1,2,1,121,Lost
CUST005481,180,6,631.65,2,3,3,233,Loyal Customers
CUST005482,78,7,536.53,3,4,3,343,Champions
CUST005483,334,2,143.85999999999999,1,1,1,111,Lost
CUST005484,41,11,1262.38,4,4,4,444,Champions
CUST005485,330,2,159.98000000000002,1,1,1,111,Lost
CUST005486,30,3,386.38,4,1,2,412,Dormant
CUST005487,137,4,606.23,2,2,3,223,Need Attention
CUST005488,278,6,554.77,1,3,3,133,Loyal Customers
CUST005489,133,6,716.8,2,3,4,234,Loyal Customers
CUST005490,247,7,626.28,1,4,3,143,Loyal Customers
CUST005491,30,4,263.75,4,2,1,421,Need Attention
CUST005493,24,6,653.86,4,3,3,433,Champions
CUST005494,54,9,1198.43,3,4,4,344,Champions
CUST005495,107,8,914.98,2,4,4,244,Loyal Customers
CUST005496,285,4,359.66,1,2,2,122,At Risk
CUST005497,245,4,350.36,1,2,2,122,At Risk
CUST005498,218,4,347.55,1,2,2,122,At Risk
CUST005499,37,9,966.2,4,4,4,444,Champions
CUST005500,36,12,1520.84,4,4,4,444,Champions
CUST005501,59,5,623.9200000000001,3,3,3,333,Champions
CUST005502,333,5,509.92,1,3,3,133,Loyal Customers
CUST005503,128,6,601.54,2,3,3,233,Loyal Customers
CUST005504,59,5,504.54999999999995,3,3,3,333,Champions
CUST005505,32,9,829.26,4,4,4,444,Champions
CUST005506,179,1,50.21,2,1,1,211,Dormant
CUST005507,97,8,710.4499999999999,3,4,4,344,Champions
CUST005508,176,4,344.01,2,2,2,222,Need Attention
CUST005509,25,3,344.36,4,1,2,412,Dormant
CUST005510,259,3,329.54,1,1,1,111,Lost
CUST005511,25,7,852.66,4,4,4,444,Champions
CUST005512,40,5,589.52,4,3,3,433,Champions
CUST005513,307,3,214.97,1,1,1,111,Lost
CUST005514,65,5,422.75,3,3,2,332,Potential Loyalists
CUST005515,9,6,710.4,4,3,4,434,Champions
CUST005516,61,5,585.12,3,3,3,333,Champions
CUST005517,212,3,280.5,1,1,1,111,Lost
CUST005518,520,1,99.79,1,1,1,111,Lost
CUST005519,101,4,446.16,3,2,2,322,Potential Loyalists
CUST005520,267,4,432.40999999999997,1,2,2,122,At Risk
CUST005521,169,4,325.03,2,2,1,221,Need Attention
CUST005522,404,4,366.0,1,2,2,122,At Risk
CUST005523,12,10,1053.57,4,4,4,444,Champions
CUST005524,600,3,273.78,1,1,1,111,Lost
CUST005525,19,8,860.99,4,4,4,444,Champions
CUST005526,234,3,235.11,1,1,1,111,Lost
CUST005527,5,10,982.09,4,4,4,444,Champions
CUST005528,216,5,478.83,1,3,2,132,At Risk
CUST005529,42,4,464.75,4,2,2,422,Potential Loyalists
CUST005530,130,6,565.1,2,3,3,233,Loyal Customers
CUST005531,4,5,599.89,4,3,3,433,Champions
CUST005532,637,1,85.44,1,1,1,111,Lost
CUST005533,5,4,432.09000000000003,4,2,2,422,Potential Loyalists
CUST005534,9,5,445.64,4,3,2,432,Potential Loyalists
CUST005535,495,1,127.51,1,1,1,111,Lost
CUST005536,13,4,353.43,4,2,2,422,Potential Loyalists
CUST005537,46,7,743.2099999999999,4,4,4,444,Champions
CUST005538,31,5,590.6800000000001,4,3,3,433,Champions
CUST005539,28,5,535.82,4,3,3,433,Champions
CUST005540,40,5,645.27,4,3,3,433,Champions
CUST005541,14,3,358.52,4,1,2,412,Dormant
CUST005542,553,3,287.99,1,1,1,111,Lost
CUST005543,93,7,653.18,3,4,3,343,Champions
CUST005544,116,6,736.14,2,3,4,234,Loyal Customers
CUST005545,26,3,399.93,4,1,2,412,Dormant
CUST005546,143,3,270.03999999999996,2,1,1,211,Dormant
CUST005547,169,7,758.21,2,4,4,244,Loyal Customers
CUST005548,222,7,661.76,1,4,4,144,Loyal Customers
CUST005549,114,7,587.47,2,4,3,243,Loyal Customers
CUST005550,49,3,203.69,3,1,1,311,Dormant
CUST005551,209,4,321.09,2,2,1,221,Need Attention
CUST005552,36,3,427.36,4,1,2,412,Dormant
CUST005553,210,4,573.76,2,2,3,223,Need Attention
CUST005554,46,6,606.47,4,3,3,433,Champions
CUST005555,607,2,226.39,1,1,1,111,Lost
CUST005556,210,5,491.5,2,3,3,233,Loyal Customers
CUST005557,580,2,319.84,1,1,1,111,Lost
CUST005558,57,2,215.39,3,1,1,311,Dormant
CUST005559,58,3,329.26,3,1,1,311,Dormant
CUST005560,109,5,437.44,2,3,2,232,Need Attention
CUST005561,193,5,393.63,2,3,2,232,Need Attention
CUST005562,88,8,725.66,3,4,4,344,Champions
CUST005563,20,7,799.38,4,4,4,444,Champions
CUST005564,158,5,373.57,2,3,2,232,Need Attention
CUST005565,32,6,757.75,4,3,4,434,Champions
CUST005566,150,8,706.11,2,4,4,244,Loyal Customers
CUST005567,13,5,501.06,4,3,3,433,Champions
CUST005568,4,3,478.5,4,1,2,412,Dormant
CUST005569,106,5,432.98,3,3,2,332,Potential Loyalists
CUST005570,302,3,255.67,1,1,1,111,Lost
CUST005571,273,5,359.94,1,3,2,132,At Risk
CUST005572,42,2,219.68,4,1,1,411,Dormant
CUST005573,591,2,161.31,1,1,1,111,Lost
CUST005574,377,4,413.19,1,2,2,122,At Risk
CUST005575,90,2,220.41,3,1,1,311,Dormant
CUST005576,383,2,179.18,1,1,1,111,Lost
CUST005577,67,5,500.62,3,3,3,333,Champions
CUST005578,41,6,557.0699999999999,4,3,3,433,Champions
CUST005579,109,4,365.54,2,2,2,222,Need Attention
CUST005580,46,8,763.29,4,4,4,444,Champions
CUST005581,225,4,290.62,1,2,1,121,Lost
CUST005582,70,3,402.7,3,1,2,312,Dormant
CUST005583,248,2,207.62,1,1,1,111,Lost
CUST005584,36,4,452.75,4,2,2,422,Potential Loyalists
CUST005585,1,9,992.53,4,4,4,444,Champions
CUST005586,353,1,64.34,1,1,1,111,Lost
CUST005587,51,6,499.96999999999997,3,3,3,333,Champions
CUST005588,217,4,360.96000000000004,1,2,2,122,At Risk
CUST005589,4,7,743.27,4,4,4,444,Champions
CUST005590,119,6,765.88,2,3,4,234,Loyal Customers
CUST005591,34,5,626.66,4,3,3,433,Champions
CUST005592,264,5,435.25,1,3,2,132,At Risk
CUST005593,71,8,660.1700000000001,3,4,3,343,Champions
CUST005594,108,6,559.62,2,3,3,233,Loyal Customers
CUST005595,369,5,476.36,1,3,2,132,At Risk
CUST005596,41,7,834.9200000000001,4,4,4,444,Champions
CUST005597,251,7,711.07,1,4,4,144,Loyal Customers
CUST005598,613,2,197.01,1,1,1,111,Lost
CUST005599,764,1,90.48,1,1,1,111,Lost
CUST005600,43,6,864.66,4,3,4,434,Champions
CUST005601,25,5,429.12,4,3,2,432,Potential Loyalists
CUST005602,77,4,385.98,3,2,2,322,Potential Loyalists
CUST005603,65,5,413.5,3,3,2,332,Potential Loyalists
CUST005604,54,10,1199.54,3,4,4,344,Champions
CUST005605,169,6,564.67,2,3,3,233,Loyal Customers
CUST005606,347,4,415.56,1,2,2,122,At Risk
CUST005607,292,3,363.58000000000004,1,1,2,112,Lost
CUST005608,165,6,722.98,2,3,4,234,Loyal Customers
CUST005609,117,7,756.3299999999999,2,4,4,244,Loyal Customers
CUST005610,24,9,626.69,4,4,3,443,Champions
CUST005611,89,5,561.85,3,3,3,333,Champions
CUST005612,91,6,557.04,3,3,3,333,Champions
CUST005613,5,9,876.24,4,4,4,444,Champions
CUST005614,154,4,314.76,2,2,1,221,Need Attention
CUST005615,321,4,397.55,1,2,2,122,At Risk
CUST005616,209,3,223.76000000000002,2,1,1,211,Dormant
CUST005617,2,1,195.38,4,1,1,411,Dormant
CUST005618,27,6,483.87,4,3,2,432,Potential Loyalists
CUST005619,161,2,106.78,2,1,1,211,Dormant
CUST005620,270,3,316.98,1,1,1,111,Lost
CUST005621,586,2,122.28,1,1,1,111,Lost
CUST005622,201,7,733.0500000000001,2,4,4,244,Loyal Customers
CUST005623,79,3,282.69,3,1,1,311,Dormant
CUST005624,53,2,289.55,3,1,1,311,Dormant
CUST005625,82,4,450.4,3,2,2,322,Potential Loyalists
CUST005626,231,2,184.64,1,1,1,111,Lost
CUST005627,55,3,378.45,3,1,2,312,Dormant
CUST005628,260,1,138.93,1,1,1,111,Lost
CUST005629,307,4,316.12,1,2,1,121,Lost
CUST005630,110,5,557.23,2,3,3,233,Loyal Customers
CUST005631,628,2,143.74,1,1,1,111,Lost
CUST005632,256,3,300.84,1,1,1,111,Lost
CUST005633,42,9,1047.34,4,4,4,444,Champions
CUST005634,574,2,110.18,1,1,1,111,Lost
CUST005635,64,3,341.71000000000004,3,1,2,312,Dormant
CUST005636,78,9,776.4200000000001,3,4,4,344,Champions
CUST005637,15,4,463.21000000000004,4,2,2,422,Potential Loyalists
CUST005638,304,1,64.21000000000001,1,1,1,111,Lost
CUST005639,98,6,701.72,3,3,4,334,Champions
CUST005640,47,1,48.23,3,1,1,311,Dormant
CUST005641,3,8,792.16,4,4,4,444,Champions
CUST005642,425,2,204.57999999999998,1,1,1,111,Lost
CUST005643,53,7,791.47,3,4,4,344,Champions
CUST005644,22,10,1009.1700000000001,4,4,4,444,Champions
CUST005645,114,5,509.91,2,3,3,233,Loyal Customers
CUST005646,4,6,699.77,4,3,4,434,Champions
CUST005647,92,4,230.12,3,2,1,321,Need Attention
CUST005648,37,8,810.65,4,4,4,444,Champions
CUST005649,27,6,466.84000000000003,4,3,2,432,Potential Loyalists
CUST005650,50,7,645.89,3,4,3,343,Champions
CUST005651,21,3,342.91999999999996,4,1,2,412,Dormant
CUST005652,131,2,207.89,2,1,1,211,Dormant
CUST005653,26,4,535.97,4,2,3,423,Potential Loyalists
CUST005654,383,4,476.67,1,2,2,122,At Risk
CUST005655,21,6,559.97,4,3,3,433,Champions
CUST005656,214,3,325.72,1,1,1,111,Lost
CUST005657,53,5,436.28,3,3,2,332,Potential Loyalists
CUST005658,43,3,344.33,4,1,2,412,Dormant
CUST005659,14,7,699.2,4,4,4,444,Champions
CUST005660,681,1,103.48,1,1,1,111,Lost
CUST005661,372,4,423.52,1,2,2,122,At Risk
CUST005662,86,7,480.43,3,4,2,342,Potential Loyalists
CUST005663,280,3,310.87,1,1,1,111,Lost
CUST005664,162,2,149.54,2,1,1,211,Dormant
CUST005665,11,3,245.56,4,1,1,411,Dormant
CUST005666,241,4,401.13,1,2,2,122,At Risk
CUST005667,373,6,465.25,1,3,2,132,At Risk
CUST005668,9,6,655.94,4,3,3,433,Champions
CUST005669,157,3,224.42999999999998,2,1,1,211,Dormant
CUST005670,5,5,623.32,4,3,3,433,Champions
CUST005671,133,5,421.49,2,3,2,232,Need Attention
CUST005672,84,2,166.04,3,1,1,311,Dormant
CUST005673,146,6,567.03,2,3,3,233,Loyal Customers
CUST005674,320,6,710.66,1,3,4,134,Loyal Customers
CUST005675,111,6,600.0600000000001,2,3,3,233,Loyal Customers
CUST005676,30,6,596.35,4,3,3,433,Champions
CUST005677,300,3,294.5,1,1,1,111,Lost
CUST005678,156,6,801.48,2,3,4,234,Loyal Customers
CUST005679,13,9,840.58,4,4,4,444,Champions
CUST005680,19,4,361.54,4,2,2,422,Potential Loyalists
CUST005681,159,3,258.34000000000003,2,1,1,211,Dormant
CUST005682,87,3,262.93,3,1,1,311,Dormant
CUST005683,191,10,987.4200000000001,2,4,4,244,Loyal Customers
CUST005684,189,4,546.93,2,2,3,223,Need Attention
CUST005685,336,3,370.43000000000006,1,1,2,112,Lost
CUST005686,17,2,197.95,4,1,1,411,Dormant
CUST005687,19,8,892.55,4,4,4,444,Champions
CUST005688,81,7,703.4200000000001,3,4,4,344,Champions
CUST005689,22,6,548.4499999999999,4,3,3,433,Champions
CUST005690,31,4,523.47,4,2,3,423,Potential Loyalists
CUST005691,109,2,175.5,2,1,1,211,Dormant
CUST005692,7,7,782.66,4,4,4,444,Champions
CUST005693,109,6,509.21,2,3,3,233,Loyal Customers
CUST005694,243,2,161.95999999999998,1,1,1,111,Lost
CUST005695,238,4,339.46000000000004,1,2,2,122,At Risk
CUST005696,377,5,464.52,1,3,2,132,At Risk
CUST005697,142,5,534.9,2,3,3,233,Loyal Customers
CUST005698,602,2,187.93,1,1,1,111,Lost
CUST005699,59,10,835.26,3,4,4,344,Champions
CUST005700,54,3,329.82,3,1,1,311,Dormant
CUST005701,199,2,187.99,2,1,1,211,Dormant
CUST005702,127,4,388.20000000000005,2,2,2,222,Need Attention
CUST005703,184,9,942.0600000000001,2,4,4,244,Loyal Customers
CUST005704,55,4,372.47,3,2,2,322,Potential Loyalists
CUST005705,23,5,541.61,4,3,3,433,Champions
CUST005706,695,1,83.65,1,1,1,111,Lost
CUST005707,117,6,527.55,2,3,3,233,Loyal Customers
CUST005708,420,2,166.91000000000003,1,1,1,111,Lost
CUST005709,134,4,456.05999999999995,2,2,2,222,Need Attention
CUST005710,120,5,456.78,2,3,2,232,Need Attention
CUST005711,44,6,613.82,4,3,3,433,Champions
CUST005712,119,7,628.66,2,4,3,243,Loyal Customers
CUST005713,518,6,515.65,1,3,3,133,Loyal Customers
CUST005714,193,8,639.0799999999999,2,4,3,243,Loyal Customers
CUST005715,201,3,221.36,2,1,1,211,Dormant
CUST005716,148,6,587.02,2,3,3,233,Loyal Customers
CUST005717,95,6,665.14,3,3,4,334,Champions
CUST005718,59,4,502.29999999999995,3,2,3,323,Potential Loyalists
CUST005719,308,3,336.88,1,1,1,111,Lost
CUST005720,86,3,427.69,3,1,2,312,Dormant
CUST005721,273,5,556.89,1,3,3,133,Loyal Customers
CUST005722,16,5,487.03,4,3,2,432,Potential Loyalists
CUST005723,95,8,802.88,3,4,4,344,Champions
CUST005724,371,5,401.43,1,3,2,132,At Risk
CUST005725,108,9,866.09,2,4,4,244,Loyal Customers
CUST005726,1,5,404.21000000000004,4,3,2,432,Potential Loyalists
CUST005727,176,5,611.26,2,3,3,233,Loyal Customers
CUST005728,198,6,713.2,2,3,4,234,Loyal Customers
CUST005729,4,5,424.58,4,3,2,432,Potential Loyalists
CUST005730,68,10,912.53,3,4,4,344,Champions
CUST005731,169,2,188.32,2,1,1,211,Dormant
CUST005732,232,5,401.5,1,3,2,132,At Risk
CUST005733,48,3,351.72999999999996,3,1,2,312,Dormant
CUST005734,102,4,396.58,3,2,2,322,Potential Loyalists
CUST005735,53,4,409.11,3,2,2,322,Potential Loyalists
CUST005736,82,5,522.4000000000001,3,3,3,333,Champions
CUST005737,24,11,1052.12,4,4,4,444,Champions
CUST005738,26,8,891.02,4,4,4,444,Champions
CUST005739,114,5,457.13,2,3,2,232,Need Attention
CUST005740,257,2,148.56,1,1,1,111,Lost
CUST005741,72,6,546.23,3,3,3,333,Champions
CUST005742,43,7,718.1,4,4,4,444,Champions
CUST005743,236,1,84.03,1,1,1,111,Lost
CUST005744,142,5,420.51,2,3,2,232,Need Attention
CUST005745,33,6,652.73,4,3,3,433,Champions
CUST005746,85,6,596.41,3,3,3,333,Champions
CUST005747,271,1,149.21,1,1,1,111,Lost
CUST005748,167,5,422.96,2,3,2,232,Need Attention
CUST005749,345,3,282.7,1,1,1,111,Lost
CUST005750,173,3,309.63,2,1,1,211,Dormant
CUST005751,49,9,843.94,3,4,4,344,Champions
CUST005752,219,6,768.63,1,3,4,134,Loyal Customers
CUST005753,195,7,758.14,2,4,4,244,Loyal Customers
CUST005754,25,10,1347.77,4,4,4,444,Champions
CUST005755,10,8,718.79,4,4,4,444,Champions
CUST005756,6,7,890.5,4,4,4,444,Champions
CUST005757,46,5,625.75,4,3,3,433,Champions
CUST005758,44,8,718.89,4,4,4,444,Champions
CUST005759,114,6,462.34,2,3,2,232,Need Attention
CUST005760,100,9,733.6,3,4,4,344,Champions
CUST005761,140,5,471.32,2,3,2,232,Need Attention
CUST005762,76,6,736.15,3,3,4,334,Champions
CUST005763,300,3,342.48,1,1,2,112,Lost
CUST005764,91,6,528.2,3,3,3,333,Champions
CUST005765,403,1,77.71,1,1,1,111,Lost
CUST005766,360,6,884.5699999999999,1,3,4,134,Loyal Customers
CUST005767,78,7,851.23,3,4,4,344,Champions
CUST005768,474,2,212.95999999999998,1,1,1,111,Lost
CUST005769,19,11,1392.67,4,4,4,444,Champions
CUST005770,6,4,348.21000000000004,4,2,2,422,Potential Loyalists
CUST005771,171,4,364.37,2,2,2,222,Need Attention
CUST005772,32,5,548.75,4,3,3,433,Champions
CUST005773,404,5,684.79,1,3,4,134,Loyal Customers
CUST005774,69,4,385.19,3,2,2,322,Potential Loyalists
CUST005775,49,8,863.92,3,4,4,344,Champions
CUST005776,46,10,854.61,4,4,4,444,Champions
CUST005777,88,3,275.69,3,1,1,311,Dormant
CUST005778,45,3,339.86,4,1,2,412,Dormant
CUST005779,12,3,213.2,4,1,1,411,Dormant
CUST005780,368,5,578.67,1,3,3,133,Loyal Customers
CUST005781,122,4,564.66,2,2,3,223,Need Attention
CUST005782,35,10,960.76,4,4,4,444,Champions
CUST005783,123,3,207.9,2,1,1,211,Dormant
CUST005784,30,3,333.95000000000005,4,1,1,411,Dormant
CUST005785,8,7,584.56,4,4,3,443,Champions
CUST005786,110,2,179.72,2,1,1,211,Dormant
CUST005787,110,5,522.32,2,3,3,233,Loyal Customers
CUST005788,149,3,262.7,2,1,1,211,Dormant
CUST005789,102,5,369.12,3,3,2,332,Potential Loyalists
CUST005790,60,5,599.74,3,3,3,333,Champions
CUST005791,248,7,681.8,1,4,4,144,Loyal Customers
CUST005792,134,3,407.55,2,1,2,212,Dormant
CUST005793,9,6,622.36,4,3,3,433,Champions
CUST005794,151,5,461.14,2,3,2,232,Need Attention
CUST005795,26,6,530.99,4,3,3,433,Champions
CUST005796,463,2,227.13,1,1,1,111,Lost
CUST005797,283,5,422.01,1,3,2,132,At Risk
CUST005798,200,2,169.31,2,1,1,211,Dormant
CUST005799,376,4,454.9,1,2,2,122,At Risk
CUST005800,348,5,440.84,1,3,2,132,At Risk
CUST005801,122,11,846.26,2,4,4,244,Loyal Customers
CUST005802,16,3,302.6,4,1,1,411,Dormant
CUST005803,6,8,846.16,4,4,4,444,Champions
CUST005804,123,2,180.46,2,1,1,211,Dormant
CUST005805,208,1,224.82,2,1,1,211,Dormant
CUST005806,7,4,458.39,4,2,2,422,Potential Loyalists
CUST005807,46,7,866.52,4,4,4,444,Champions
CUST005808,65,2,238.5,3,1,1,311,Dormant
CUST005809,128,4,363.45,2,2,2,222,Need Attention
CUST005810,416,2,171.66,1,1,1,111,Lost
CUST005811,324,4,400.66,1,2,2,122,At Risk
CUST005812,480,1,60.27,1,1,1,111,Lost
CUST005813,68,7,820.66,3,4,4,344,Champions
CUST005814,75,9,923.22,3,4,4,344,Champions
CUST005815,144,2,164.39,2,1,1,211,Dormant
CUST005816,72,11,1054.81,3,4,4,344,Champions
CUST005817,182,3,335.52,2,1,1,211,Dormant
CUST005818,39,4,381.72,4,2,2,422,Potential Loyalists
CUST005819,258,10,1093.91,1,4,4,144,Loyal Customers
CUST005820,24,5,389.67999999999995,4,3,2,432,Potential Loyalists
CUST005821,127,11,1097.25,2,4,4,244,Loyal Customers
CUST005822,185,2,151.01999999999998,2,1,1,211,Dormant
CUST005823,556,3,313.96,1,1,1,111,Lost
CUST005824,661,3,352.83,1,1,2,112,Lost
CUST005825,38,4,320.25,4,2,1,421,Need Attention
CUST005826,235,5,559.3,1,3,3,133,Loyal Customers
CUST005827,261,3,296.19,1,1,1,111,Lost
CUST005828,68,4,472.26,3,2,2,322,Potential Loyalists
CUST005829,30,7,722.78,4,4,4,444,Champions
CUST005831,43,5,470.69,4,3,2,432,Potential Loyalists
CUST005832,237,8,1004.04,1,4,4,144,Loyal Customers
CUST005833,37,4,310.91,4,2,1,421,Need Attention
CUST005834,27,8,1009.98,4,4,4,444,Champions
CUST005835,14,7,638.15,4,4,3,443,Champions
CUST005836,64,9,844.12,3,4,4,344,Champions
CUST005837,265,4,388.03999999999996,1,2,2,122,At Risk
CUST005838,164,4,625.11,2,2,3,223,Need Attention
CUST005839,56,5,441.75,3,3,2,332,Potential Loyalists
CUST005840,163,4,320.08,2,2,1,221,Need Attention
CUST005841,62,5,622.13,3,3,3,333,Champions
CUST005842,93,12,1123.07,3,4,4,344,Champions
CUST005843,222,4,411.12,1,2,2,122,At Risk
CUST005844,168,4,428.02,2,2,2,222,Need Attention
CUST005845,229,4,454.93,1,2,2,122,At Risk
CUST005846,284,6,703.88,1,3,4,134,Loyal Customers
CUST005847,142,8,718.24,2,4,4,244,Loyal Customers
CUST005848,425,3,299.7,1,1,1,111,Lost
CUST005849,30,7,725.06,4,4,4,444,Champions
CUST005850,35,3,294.40999999999997,4,1,1,411,Dormant
CUST005851,14,2,258.96000000000004,4,1,1,411,Dormant
CUST005852,227,6,671.82,1,3,4,134,Loyal Customers
CUST005853,273,5,469.61,1,3,2,132,At Risk
CUST005854,53,8,882.27,3,4,4,344,Champions
CUST005855,228,2,163.77,1,1,1,111,Lost
CUST005856,170,6,604.94,2,3,3,233,Loyal Customers
CUST005857,59,10,1041.23,3,4,4,344,Champions
CUST005858,39,6,929.6800000000001,4,3,4,434,Champions
CUST005859,323,4,403.32,1,2,2,122,At Risk
CUST005860,43,5,394.67,4,3,2,432,Potential Loyalists
CUST005861,51,6,546.29,3,3,3,333,Champions
CUST005862,288,3,304.09000000000003,1,1,1,111,Lost
CUST005863,30,1,149.07,4,1,1,411,Dormant
CUST005864,51,7,639.26,3,4,3,343,Champions
CUST005865,671,1,104.98,1,1,1,111,Lost
CUST005866,26,7,757.97,4,4,4,444,Champions
CUST005867,124,5,489.72,2,3,2,232,Need Attention
CUST005868,49,5,587.9100000000001,3,3,3,333,Champions
CUST005869,14,5,533.6,4,3,3,433,Champions
CUST005870,37,10,883.08,4,4,4,444,Champions
CUST005871,649,2,128.32999999999998,1,1,1,111,Lost
CUST005872,15,9,1119.01,4,4,4,444,Champions
CUST005873,160,7,767.19,2,4,4,244,Loyal Customers
CUST005874,547,1,113.82,1,1,1,111,Lost
CUST005875,116,6,648.72,2,3,3,233,Loyal Customers
CUST005876,106,3,252.57,3,1,1,311,Dormant
CUST005877,341,9,948.98,1,4,4,144,Loyal Customers
CUST005878,42,8,979.84,4,4,4,444,Champions
CUST005879,34,7,603.61,4,4,3,443,Champions
CUST005880,56,9,712.98,3,4,4,344,Champions
CUST005881,320,1,54.18,1,1,1,111,Lost
CUST005882,269,8,819.9,1,4,4,144,Loyal Customers
CUST005883,155,3,332.57,2,1,1,211,Dormant
CUST005884,234,8,794.32,1,4,4,144,Loyal Customers
CUST005885,10,7,721.35,4,4,4,444,Champions
CUST005886,39,4,376.2,4,2,2,422,Potential Loyalists
CUST005887,481,1,73.1,1,1,1,111,Lost
CUST005888,1,10,1228.6100000000001,4,4,4,444,Champions
CUST005889,66,3,306.92,3,1,1,311,Dormant
CUST005890,88,4,427.25,3,2,2,322,Potential Loyalists
CUST005891,227,5,466.56,1,3,2,132,At Risk
CUST005892,52,3,368.03,3,1,2,312,Dormant
CUST005893,199,4,375.85,2,2,2,222,Need Attention
CUST005894,28,4,358.0,4,2,2,422,Potential Loyalists
CUST005895,490,4,539.1899999999999,1,2,3,123,At Risk
CUST005896,50,6,572.06,3,3,3,333,Champions
CUST005897,21,3,277.32,4,1,1,411,Dormant
CUST005898,91,3,345.97,3,1,2,312,Dormant
CUST005899,83,5,545.98,3,3,3,333,Champions
CUST005900,315,4,349.42,1,2,2,122,At Risk
CUST005901,735,1,59.510000000000005,1,1,1,111,Lost
CUST005902,327,4,535.5799999999999,1,2,3,123,At Risk
CUST005903,478,4,460.22,1,2,2,122,At Risk
CUST005904,141,3,312.89,2,1,1,211,Dormant
CUST005905,7,8,858.6,4,4,4,444,Champions
CUST005906,90,6,605.95,3,3,3,333,Champions
CUST005907,19,5,567.72,4,3,3,433,Champions
CUST005908,16,5,567.64,4,3,3,433,Champions
CUST005909,19,4,362.66,4,2,2,422,Potential Loyalists
CUST005910,13,8,849.86,4,4,4,444,Champions
CUST005911,273,2,177.89,1,1,1,111,Lost
CUST005912,88,8,1181.79,3,4,4,344,Champions
CUST005913,48,6,499.9,3,3,3,333,Champions
CUST005914,116,4,460.32,2,2,2,222,Need Attention
CUST005915,159,4,450.99999999999994,2,2,2,222,Need Attention
CUST005916,84,5,508.0,3,3,3,333,Champions
CUST005917,315,2,261.64,1,1,1,111,Lost
CUST005918,106,12,1204.69,3,4,4,344,Champions
CUST005919,11,6,572.75,4,3,3,433,Champions
CUST005920,232,7,787.4200000000001,1,4,4,144,Loyal Customers
CUST005921,126,2,363.03,2,1,2,212,Dormant
CUST005922,173,4,452.04999999999995,2,2,2,222,Need Attention
CUST005923,133,5,597.51,2,3,3,233,Loyal Customers
CUST005924,26,4,430.47999999999996,4,2,2,422,Potential Loyalists
CUST005925,46,7,627.0300000000001,4,4,3,443,Champions
CUST005926,72,8,790.5,3,4,4,344,Champions
CUST005927,63,5,620.48,3,3,3,333,Champions
CUST005928,164,4,346.02,2,2,2,222,Need Attention
CUST005929,31,5,509.84000000000003,4,3,3,433,Champions
CUST005930,173,3,340.75,2,1,2,212,Dormant
CUST005931,664,1,91.74,1,1,1,111,Lost
CUST005932,355,5,479.63,1,3,2,132,At Risk
CUST005933,544,1,90.43,1,1,1,111,Lost
CUST005934,1,6,691.73,4,3,4,434,Champions
CUST005935,179,5,515.0,2,3,3,233,Loyal Customers
CUST005936,37,6,511.55,4,3,3,433,Champions
CUST005937,2,6,619.58,4,3,3,433,Champions
CUST005938,165,3,219.29999999999998,2,1,1,211,Dormant
CUST005939,356,4,466.61,1,2,2,122,At Risk
CUST005940,149,5,557.98,2,3,3,233,Loyal Customers
CUST005941,26,7,682.7,4,4,4,444,Champions
CUST005942,269,5,464.11,1,3,2,132,At Risk
CUST005943,85,5,427.03,3,3,2,332,Potential Loyalists
CUST005944,81,6,687.83,3,3,4,334,Champions
CUST005945,309,4,369.70000000000005,1,2,2,122,At Risk
CUST005946,103,5,644.48,3,3,3,333,Champions
CUST005947,261,7,584.93,1,4,3,143,Loyal Customers
CUST005948,174,5,577.4,2,3,3,233,Loyal Customers
CUST005949,2,8,974.03,4,4,4,444,Champions
CUST005950,95,4,522.85,3,2,3,323,Potential Loyalists
CUST005951,16,7,755.77,4,4,4,444,Champions
CUST005952,7,7,769.31,4,4,4,444,Champions
CUST005953,38,8,855.04,4,4,4,444,Champions
CUST005954,37,6,727.22,4,3,4,434,Champions
CUST005955,20,4,407.25,4,2,2,422,Potential Loyalists
CUST005957,23,10,1023.78,4,4,4,444,Champions
CUST005958,402,2,288.91999999999996,1,1,1,111,Lost
CUST005959,179,8,697.4300000000001,2,4,4,244,Loyal Customers
CUST005960,417,1,74.06,1,1,1,111,Lost
CUST005961,334,3,324.0,1,1,1,111,Lost
CUST005962,353,6,690.5699999999999,1,3,4,134,Loyal Customers
CUST005963,49,5,725.33,3,3,4,334,Champions
CUST005964,139,2,242.07,2,1,1,211,Dormant
CUST005965,715,1,92.45,1,1,1,111,Lost
CUST005966,52,8,823.98,3,4,4,344,Champions
CUST005967,25,7,612.25,4,4,3,443,Champions
CUST005968,50,3,395.36,3,1,2,312,Dormant
CUST005969,93,4,299.09000000000003,3,2,1,321,Need Attention
CUST005970,558,1,124.01,1,1,1,111,Lost
CUST005971,306,5,436.90999999999997,1,3,2,132,At Risk
CUST005972,14,5,405.91,4,3,2,432,Potential Loyalists
CUST005973,45,5,577.8100000000001,4,3,3,433,Champions
CUST005974,42,7,804.63,4,4,4,444,Champions
CUST005975,75,5,432.21,3,3,2,332,Potential Loyalists
CUST005976,137,3,381.83,2,1,2,212,Dormant
CUST005977,59,5,549.04,3,3,3,333,Champions
CUST005978,323,8,921.0799999999999,1,4,4,144,Loyal Customers
CUST005979,86,4,376.42999999999995,3,2,2,322,Potential Loyalists
CUST005980,27,4,529.48,4,2,3,423,Potential Loyalists
CUST005981,662,1,63.57,1,1,1,111,Lost
CUST005982,487,3,389.40999999999997,1,1,2,112,Lost
CUST005983,128,6,650.06,2,3,3,233,Loyal Customers
CUST005984,131,8,743.78,2,4,4,244,Loyal Customers
CUST005985,139,7,643.46,2,4,3,243,Loyal Customers
CUST005986,2,7,766.73,4,4,4,444,Champions
CUST005987,316,2,197.82999999999998,1,1,1,111,Lost
CUST005988,5,7,698.11,4,4,4,444,Champions
CUST005989,168,6,639.77,2,3,3,233,Loyal Customers
CUST005990,103,5,451.65999999999997,3,3,2,332,Potential Loyalists
CUST005992,26,13,1276.15,4,4,4,444,Champions
CUST005993,411,3,284.84000000000003,1,1,1,111,Lost
CUST005994,6,8,613.74,4,4,3,443,Champions
CUST005995,97,4,285.62,3,2,1,321,Need Attention
CUST005996,692,1,71.97,1,1,1,111,Lost
CUST005997,115,6,624.4,2,3,3,233,Loyal Customers
CUST005998,54,6,522.41,3,3,3,333,Champions
CUST005999,79,5,558.04,3,3,3,333,Champions
CUST006000,67,3,284.40999999999997,3,1,1,311,Dormant
CUST006001,431,2,134.77,1,1,1,111,Lost
CUST006002,22,1,119.3,4,1,1,411,Dormant
CUST006003,484,3,319.23,1,1,1,111,Lost
CUST006004,178,4,397.65999999999997,2,2,2,222,Need Attention
CUST006005,39,4,323.98,4,2,1,421,Need Attention
CUST006006,245,8,892.8499999999999,1,4,4,144,Loyal Customers
CUST006007,77,2,120.57,3,1,1,311,Dormant
CUST006008,104,4,349.34,3,2,2,322,Potential Loyalists
CUST006009,94,3,357.47,3,1,2,312,Dormant
CUST006010,368,4,280.5,1,2,1,121,Lost
CUST006011,123,8,911.36,2,4,4,244,Loyal Customers
CUST006012,25,6,545.91,4,3,3,433,Champions
CUST006013,532,2,135.61,1,1,1,111,Lost
CUST006014,253,1,64.31,1,1,1,111,Lost
CUST006015,287,4,365.76,1,2,2,122,At Risk
CUST006016,200,8,1098.29,2,4,4,244,Loyal Customers
CUST006017,25,4,279.35,4,2,1,421,Need Attention
CUST006018,54,3,293.85,3,1,1,311,Dormant
CUST006019,69,7,736.1600000000001,3,4,4,344,Champions
CUST006020,142,6,615.88,2,3,3,233,Loyal Customers
CUST006021,49,3,249.26,3,1,1,311,Dormant
CUST006022,209,3,312.38,2,1,1,211,Dormant
CUST006023,50,5,479.17,3,3,2,332,Potential Loyalists
CUST006024,58,5,588.44,3,3,3,333,Champions
CUST006025,8,3,335.01,4,1,1,411,Dormant
CUST006026,167,6,667.26,2,3,4,234,Loyal Customers
CUST006028,368,7,613.44,1,4,3,143,Loyal Customers
CUST006029,624,3,248.35,1,1,1,111,Lost
CUST006030,156,5,615.39,2,3,3,233,Loyal Customers
CUST006031,37,6,701.05,4,3,4,434,Champions
CUST006032,72,9,997.15,3,4,4,344,Champions
CUST006033,298,4,378.3,1,2,2,122,At Risk
CUST006034,563,2,203.85000000000002,1,1,1,111,Lost
CUST006035,161,3,323.55,2,1,1,211,Dormant
CUST006036,108,8,867.2,2,4,4,244,Loyal Customers
CUST006037,371,3,243.66,1,1,1,111,Lost
CUST006038,112,3,396.81,2,1,2,212,Dormant
CUST006039,226,6,538.05,1,3,3,133,Loyal Customers
CUST006040,147,6,610.4,2,3,3,233,Loyal Customers
CUST006041,124,7,766.75,2,4,4,244,Loyal Customers
CUST006042,544,2,207.89999999999998,1,1,1,111,Lost
CUST006043,28,8,783.51,4,4,4,444,Champions
CUST006044,472,3,308.45,1,1,1,111,Lost
CUST006046,264,4,389.94,1,2,2,122,At Risk
CUST006047,277,1,50.52,1,1,1,111,Lost
CUST006048,109,6,855.0699999999999,2,3,4,234,Loyal Customers
CUST006049,62,2,190.5,3,1,1,311,Dormant
CUST006050,113,9,1260.27,2,4,4,244,Loyal Customers
CUST006051,85,8,1021.59,3,4,4,344,Champions
CUST006052,29,3,300.33,4,1,1,411,Dormant
CUST006053,230,4,547.13,1,2,3,123,At Risk
CUST006054,97,5,583.4,3,3,3,333,Champions
CUST006055,30,6,532.37,4,3,3,433,Champions
CUST006056,114,4,364.16999999999996,2,2,2,222,Need Attention
CUST006057,250,7,703.25,1,4,4,144,Loyal Customers
CUST006058,331,4,507.39,1,2,3,123,At Risk
CUST006059,146,4,368.49,2,2,2,222,Need Attention
CUST006060,164,2,313.85,2,1,1,211,Dormant
CUST006061,48,6,672.86,3,3,4,334,Champions
CUST006062,123,5,489.91999999999996,2,3,3,233,Loyal Customers
CUST006063,231,6,728.39,1,3,4,134,Loyal Customers
CUST006064,104,2,263.69,3,1,1,311,Dormant
CUST006065,16,7,723.16,4,4,4,444,Champions
CUST006066,39,5,676.02,4,3,4,434,Champions
CUST006067,44,6,700.9,4,3,4,434,Champions
CUST006068,120,3,347.73,2,1,2,212,Dormant
CUST006069,72,3,263.55,3,1,1,311,Dormant
CUST006070,87,3,370.96999999999997,3,1,2,312,Dormant
CUST006071,139,6,573.5699999999999,2,3,3,233,Loyal Customers
CUST006072,74,2,152.69,3,1,1,311,Dormant
CUST006073,168,5,481.77,2,3,2,232,Need Attention
CUST006074,117,6,545.91,2,3,3,233,Loyal Customers
CUST006075,424,4,338.57,1,2,2,122,At Risk
CUST006076,228,3,288.17,1,1,1,111,Lost
CUST006077,80,4,468.94,3,2,2,322,Potential Loyalists
CUST006078,22,6,587.71,4,3,3,433,Champions
CUST006079,117,3,233.8,2,1,1,211,Dormant
CUST006080,182,3,254.31,2,1,1,211,Dormant
CUST006081,167,5,657.5,2,3,3,233,Loyal Customers
CUST006082,219,3,358.23,1,1,2,112,Lost
CUST006083,96,4,473.12,3,2,2,322,Potential Loyalists
CUST006084,9,7,739.88,4,4,4,444,Champions
CUST006085,22,9,765.76,4,4,4,444,Champions
CUST006086,100,4,377.48999999999995,3,2,2,322,Potential Loyalists
CUST006087,153,11,1089.31,2,4,4,244,Loyal Customers
CUST006088,221,4,328.7,1,2,1,121,Lost
CUST006089,320,4,407.15999999999997,1,2,2,122,At Risk
CUST006090,47,5,528.23,3,3,3,333,Champions
CUST006091,83,9,946.3399999999999,3,4,4,344,Champions
CUST006092,139,6,733.5799999999999,2,3,4,234,Loyal Customers
CUST006093,218,9,781.46,1,4,4,144,Loyal Customers
CUST006094,75,4,487.71,3,2,2,322,Potential Loyalists
CUST006095,75,5,483.24,3,3,2,332,Potential Loyalists
CUST006096,157,4,490.45,2,2,3,223,Need Attention
CUST006097,345,4,424.0,1,2,2,122,At Risk
CUST006098,50,5,435.9,3,3,2,332,Potential Loyalists
CUST006099,16,9,789.3,4,4,4,444,Champions
CUST006100,121,6,571.46,2,3,3,233,Loyal Customers
CUST006101,76,3,254.76999999999998,3,1,1,311,Dormant
CUST006102,35,4,629.03,4,2,3,423,Potential Loyalists
CUST006103,26,5,434.18,4,3,2,432,Potential Loyalists
CUST006104,25,4,334.13,4,2,1,421,Need Attention
CUST006105,234,6,602.6999999999999,1,3,3,133,Loyal Customers
CUST006106,83,7,831.37,3,4,4,344,Champions
CUST006107,256,4,380.08,1,2,2,122,At Risk
CUST006108,123,6,543.31,2,3,3,233,Loyal Customers
CUST006109,261,3,274.17,1,1,1,111,Lost
CUST006110,45,4,342.07,4,2,2,422,Potential Loyalists
CUST006111,21,8,766.91,4,4,4,444,Champions
CUST006112,1,6,406.99,4,3,2,432,Potential Loyalists
CUST006113,55,5,422.97,3,3,2,332,Potential Loyalists
CUST006114,174,10,764.9,2,4,4,244,Loyal Customers
CUST006115,362,3,325.89,1,1,1,111,Lost
CUST006116,228,4,342.21000000000004,1,2,2,122,At Risk
CUST006117,1,8,690.89,4,4,4,444,Champions
CUST006118,257,4,373.87,1,2,2,122,At Risk
CUST006119,125,5,468.57,2,3,2,232,Need Attention
CUST006120,70,5,473.37,3,3,2,332,Potential Loyalists
CUST006121,318,3,265.73,1,1,1,111,Lost
CUST006122,658,2,232.60000000000002,1,1,1,111,Lost
CUST006123,344,4,400.0,1,2,2,122,At Risk
CUST006124,123,4,413.55,2,2,2,222,Need Attention
CUST006125,118,4,334.99,2,2,1,221,Need Attention
CUST006126,380,4,398.82,1,2,2,122,At Risk
CUST006127,160,10,1076.58,2,4,4,244,Loyal Customers
CUST006128,220,2,172.82999999999998,1,1,1,111,Lost
CUST006129,6,7,614.56,4,4,3,443,Champions
CUST006130,87,4,636.99,3,2,3,323,Potential Loyalists
CUST006131,97,5,436.27,3,3,2,332,Potential Loyalists
CUST006132,219,4,348.78,1,2,2,122,At Risk
CUST006133,115,7,592.25,2,4,3,243,Loyal Customers
CUST006134,11,8,812.65,4,4,4,444,Champions
CUST006135,41,6,510.21,4,3,3,433,Champions
CUST006136,155,3,278.09,2,1,1,211,Dormant
CUST006137,27,7,705.01,4,4,4,444,Champions
CUST006138,164,3,272.48,2,1,1,211,Dormant
CUST006139,211,5,493.24,2,3,3,233,Loyal Customers
CUST006140,273,3,257.84,1,1,1,111,Lost
CUST006141,235,3,353.42,1,1,2,112,Lost
CUST006142,66,6,676.74,3,3,4,334,Champions
CUST006143,134,6,656.48,2,3,3,233,Loyal Customers
CUST006144,329,2,177.14000000000001,1,1,1,111,Lost
CUST006145,234,3,237.51999999999998,1,1,1,111,Lost
CUST006146,358,3,357.71000000000004,1,1,2,112,Lost
CUST006147,275,2,176.36,1,1,1,111,Lost
CUST006148,27,4,444.63,4,2,2,422,Potential Loyalists
CUST006149,266,5,464.16999999999996,1,3,2,132,At Risk
CUST006150,183,2,137.56,2,1,1,211,Dormant
CUST006151,66,5,601.13,3,3,3,333,Champions
CUST006152,126,7,826.18,2,4,4,244,Loyal Customers
CUST006153,48,5,496.58000000000004,3,3,3,333,Champions
CUST006154,54,1,96.32,3,1,1,311,Dormant
CUST006155,26,4,432.43,4,2,2,422,Potential Loyalists
CUST006156,330,5,460.09000000000003,1,3,2,132,At Risk
CUST006157,38,3,239.32999999999998,4,1,1,411,Dormant
CUST006158,64,8,782.78,3,4,4,344,Champions
CUST006159,57,5,508.66,3,3,3,333,Champions
CUST006160,41,3,227.10000000000002,4,1,1,411,Dormant
CUST006161,225,9,871.78,1,4,4,144,Loyal Customers
CUST006162,203,5,628.15,2,3,3,233,Loyal Customers
CUST006163,216,3,246.88,1,1,1,111,Lost
CUST006164,141,3,290.05,2,1,1,211,Dormant
CUST006165,71,6,757.26,3,3,4,334,Champions
CUST006166,69,5,643.75,3,3,3,333,Champions
CUST006167,85,7,811.27,3,4,4,344,Champions
CUST006168,108,3,454.55,2,1,2,212,Dormant
CUST006169,356,4,298.78999999999996,1,2,1,121,Lost
CUST006170,89,10,1239.8,3,4,4,344,Champions
CUST006171,181,2,192.61,2,1,1,211,Dormant
CUST006172,144,8,837.9,2,4,4,244,Loyal Customers
CUST006173,53,4,353.62,3,2,2,322,Potential Loyalists
CUST006174,218,6,654.63,1,3,3,133,Loyal Customers
CUST006175,200,6,692.41,2,3,4,234,Loyal Customers
CUST006176,17,4,393.24,4,2,2,422,Potential Loyalists
CUST006177,235,7,587.4300000000001,1,4,3,143,Loyal Customers
CUST006178,42,5,614.42,4,3,3,433,Champions
CUST006179,205,4,478.56,2,2,2,222,Need Attention
CUST006180,60,3,235.15,3,1,1,311,Dormant
CUST006181,133,6,663.8299999999999,2,3,4,234,Loyal Customers
CUST006182,13,6,598.92,4,3,3,433,Champions
CUST006183,25,5,502.09000000000003,4,3,3,433,Champions
CUST006184,300,6,721.0899999999999,1,3,4,134,Loyal Customers
CUST006185,68,6,663.66,3,3,4,334,Champions
CUST006186,43,4,476.89,4,2,2,422,Potential Loyalists
CUST006187,253,5,480.04999999999995,1,3,2,132,At Risk
CUST006188,117,7,688.37,2,4,4,244,Loyal Customers
CUST006189,68,7,597.04,3,4,3,343,Champions
CUST006190,288,4,554.37,1,2,3,123,At Risk
CUST006191,83,3,257.13,3,1,1,311,Dormant
CUST006192,248,3,305.4,1,1,1,111,Lost
CUST006193,255,4,333.87,1,2,1,121,Lost
CUST006194,160,9,982.3,2,4,4,244,Loyal Customers
CUST006195,48,8,524.73,3,4,3,343,Champions
CUST006196,62,7,776.61,3,4,4,344,Champions
CUST006197,240,4,427.14,1,2,2,122,At Risk
CUST006198,207,8,934.8199999999999,2,4,4,244,Loyal Customers
CUST006199,8,7,774.31,4,4,4,444,Champions
CUST006200,200,5,424.15,2,3,2,232,Need Attention
CUST006201,94,4,376.78,3,2,2,322,Potential Loyalists
CUST006202,201,5,423.24,2,3,2,232,Need Attention
CUST006203,114,3,298.61,2,1,1,211,Dormant
CUST006204,227,5,315.75,1,3,1,131,Can't Lose Them
CUST006205,172,7,832.1,2,4,4,244,Loyal Customers
CUST006206,412,4,583.28,1,2,3,123,At Risk
CUST006207,134,8,970.87,2,4,4,244,Loyal Customers
CUST006208,115,9,957.8,2,4,4,244,Loyal Customers
CUST006209,1,11,955.72,4,4,4,444,Champions
CUST006210,100,6,597.3,3,3,3,333,Champions
CUST006211,18,9,865.01,4,4,4,444,Champions
CUST006212,70,6,543.33,3,3,3,333,Champions
CUST006213,263,5,647.77,1,3,3,133,Loyal Customers
CUST006214,91,5,511.82,3,3,3,333,Champions
CUST006215,99,4,487.9,3,2,2,322,Potential Loyalists
CUST006216,216,4,344.04,1,2,2,122,At Risk
CUST006217,49,3,226.28,3,1,1,311,Dormant
CUST006218,470,1,81.41,1,1,1,111,Lost
CUST006219,16,6,541.63,4,3,3,433,Champions
CUST006220,40,4,328.86,4,2,1,421,Need Attention
CUST006221,270,4,303.53999999999996,1,2,1,121,Lost
CUST006222,247,6,641.26,1,3,3,133,Loyal Customers
CUST006223,52,5,505.14,3,3,3,333,Champions
CUST006224,7,7,687.75,4,4,4,444,Champions
CUST006225,109,8,952.84,2,4,4,244,Loyal Customers
CUST006226,203,5,363.48,2,3,2,232,Need Attention
CUST006227,5,3,368.67,4,1,2,412,Dormant
CUST006228,89,6,585.97,3,3,3,333,Champions
CUST006229,79,7,660.66,3,4,4,344,Champions
CUST006230,549,2,221.39,1,1,1,111,Lost
CUST006231,265,2,195.08,1,1,1,111,Lost
CUST006232,7,6,796.24,4,3,4,434,Champions
CUST006233,189,4,573.95,2,2,3,223,Need Attention
CUST006234,239,4,397.32,1,2,2,122,At Risk
CUST006235,35,6,715.18,4,3,4,434,Champions
CUST006236,31,11,1041.8700000000001,4,4,4,444,Champions
CUST006237,34,5,377.52,4,3,2,432,Potential Loyalists
CUST006238,109,5,562.87,2,3,3,233,Loyal Customers
CUST006239,291,3,261.15,1,1,1,111,Lost
CUST006240,100,6,626.64,3,3,3,333,Champions
CUST006241,222,1,83.47,1,1,1,111,Lost
CUST006242,531,1,93.39,1,1,1,111,Lost
CUST006243,142,4,487.62,2,2,2,222,Need Attention
CUST006244,157,5,325.32,2,3,1,231,Need Attention
CUST006245,183,8,873.98,2,4,4,244,Loyal Customers
CUST006246,8,4,423.48,4,2,2,422,Potential Loyalists
CUST006247,420,3,243.33,1,1,1,111,Lost
CUST006248,146,3,277.2,2,1,1,211,Dormant
CUST006249,75,3,325.7,3,1,1,311,Dormant
CUST006250,349,3,352.94,1,1,2,112,Lost
CUST006251,224,6,641.8599999999999,1,3,3,133,Loyal Customers
CUST006252,102,2,244.04000000000002,3,1,1,311,Dormant
CUST006253,165,5,530.06,2,3,3,233,Loyal Customers
CUST006254,11,7,620.3,4,4,3,443,Champions
CUST006255,68,7,651.05,3,4,3,343,Champions
CUST006256,278,5,374.15,1,3,2,132,At Risk
CUST006257,181,3,331.64,2,1,1,211,Dormant
CUST006258,560,3,341.94,1,1,2,112,Lost
CUST006259,61,11,944.49,3,4,4,344,Champions
CUST006260,81,5,644.0,3,3,3,333,Champions
CUST006261,226,3,259.33,1,1,1,111,Lost
CUST006262,20,7,803.66,4,4,4,444,Champions
CUST006263,242,6,742.46,1,3,4,134,Loyal Customers
CUST006264,309,3,410.54999999999995,1,1,2,112,Lost
CUST006265,1,5,463.69,4,3,2,432,Potential Loyalists
CUST006266,100,7,847.29,3,4,4,344,Champions
CUST006267,116,5,430.09,2,3,2,232,Need Attention
CUST006268,91,5,626.48,3,3,3,333,Champions
CUST006269,33,3,437.48,4,1,2,412,Dormant
CUST006270,20,5,533.85,4,3,3,433,Champions
CUST006271,154,3,308.44,2,1,1,211,Dormant
CUST006272,16,5,453.85,4,3,2,432,Potential Loyalists
CUST006273,425,1,136.14,1,1,1,111,Lost
CUST006274,22,6,567.32,4,3,3,433,Champions
CUST006275,6,5,609.73,4,3,3,433,Champions
CUST006276,82,6,795.47,3,3,4,334,Champions
CUST006277,222,5,546.21,1,3,3,133,Loyal Customers
CUST006278,98,5,493.88,3,3,3,333,Champions
CUST006279,11,1,60.85,4,1,1,411,Dormant
CUST006280,139,11,1120.6299999999999,2,4,4,244,Loyal Customers
CUST006281,463,2,189.97,1,1,1,111,Lost
CUST006282,119,6,641.31,2,3,3,233,Loyal Customers
CUST006283,53,8,741.26,3,4,4,344,Champions
CUST006284,188,5,492.94,2,3,3,233,Loyal Customers
CUST006285,472,2,182.86,1,1,1,111,Lost
CUST006286,7,8,794.36,4,4,4,444,Champions
CUST006287,172,3,399.62,2,1,2,212,Dormant
CUST006288,40,4,386.98,4,2,2,422,Potential Loyalists
CUST006289,122,6,680.4100000000001,2,3,4,234,Loyal Customers
CUST006290,394,4,379.18,1,2,2,122,At Risk
CUST006291,104,6,569.1,3,3,3,333,Champions
CUST006292,168,4,510.29,2,2,3,223,Need Attention
CUST006293,24,12,1138.2,4,4,4,444,Champions
CUST006294,117,8,874.25,2,4,4,244,Loyal Customers
CUST006295,3,4,493.39,4,2,3,423,Potential Loyalists
CUST006296,79,4,460.31,3,2,2,322,Potential Loyalists
CUST006297,277,2,163.32,1,1,1,111,Lost
CUST006298,250,8,763.65,1,4,4,144,Loyal Customers
CUST006299,323,3,263.40999999999997,1,1,1,111,Lost
CUST006300,61,3,250.11,3,1,1,311,Dormant
CUST006301,141,8,705.52,2,4,4,244,Loyal Customers
CUST006302,114,6,590.57,2,3,3,233,Loyal Customers
CUST006303,52,7,710.68,3,4,4,344,Champions
CUST006304,82,3,240.09,3,1,1,311,Dormant
CUST006305,81,6,578.63,3,3,3,333,Champions
CUST006306,130,8,671.1,2,4,4,244,Loyal Customers
CUST006307,60,5,382.65,3,3,2,332,Potential Loyalists
CUST006308,82,8,809.19,3,4,4,344,Champions
CUST006309,4,6,603.71,4,3,3,433,Champions
CUST006310,336,5,550.52,1,3,3,133,Loyal Customers
CUST006311,31,6,783.5600000000001,4,3,4,434,Champions
CUST006312,52,3,267.7,3,1,1,311,Dormant
CUST006313,24,7,935.74,4,4,4,444,Champions
CUST006314,153,4,449.53,2,2,2,222,Need Attention
CUST006315,151,2,213.70999999999998,2,1,1,211,Dormant
CUST006316,4,10,917.59,4,4,4,444,Champions
CUST006317,206,4,339.94,2,2,2,222,Need Attention
CUST006318,52,10,1148.67,3,4,4,344,Champions
CUST006319,57,9,708.65,3,4,4,344,Champions
CUST006320,43,10,976.47,4,4,4,444,Champions
CUST006321,72,2,179.71,3,1,1,311,Dormant
CUST006322,201,2,161.59,2,1,1,211,Dormant
CUST006323,188,10,1069.1100000000001,2,4,4,244,Loyal Customers
CUST006324,134,6,468.46000000000004,2,3,2,232,Need Attention
CUST006325,230,3,359.42999999999995,1,1,2,112,Lost
CUST006326,46,5,575.95,4,3,3,433,Champions
CUST006327,67,5,506.18,3,3,3,333,Champions
CUST006328,54,6,659.81,3,3,3,333,Champions
CUST006329,60,3,396.34999999999997,3,1,2,312,Dormant
CUST006330,94,5,515.55,3,3,3,333,Champions
CUST006331,107,8,844.8199999999999,2,4,4,244,Loyal Customers
CUST006332,376,3,238.32999999999998,1,1,1,111,Lost
CUST006333,211,6,590.31,2,3,3,233,Loyal Customers
CUST006334,345,3,264.57,1,1,1,111,Lost
CUST006335,21,4,427.56,4,2,2,422,Potential Loyalists
CUST006336,74,5,518.4,3,3,3,333,Champions
CUST006337,76,5,512.78,3,3,3,333,Champions
CUST006338,47,5,493.78,3,3,3,333,Champions
CUST006339,82,3,265.78999999999996,3,1,1,311,Dormant
CUST006340,1,5,493.79,4,3,3,433,Champions
CUST006341,1,5,711.94,4,3,4,434,Champions
CUST006342,293,3,359.51,1,1,2,112,Lost
CUST006343,80,3,327.35,3,1,1,311,Dormant
CUST006344,206,6,619.23,2,3,3,233,Loyal Customers
CUST006345,368,5,477.14,1,3,2,132,At Risk
CUST006346,317,4,396.94,1,2,2,122,At Risk
CUST006347,57,5,549.22,3,3,3,333,Champions
CUST006348,347,3,218.57999999999998,1,1,1,111,Lost
CUST006349,300,7,673.41,1,4,4,144,Loyal Customers
CUST006350,134,6,644.25,2,3,3,233,Loyal Customers
CUST006351,195,6,599.51,2,3,3,233,Loyal Customers
CUST006352,13,6,562.13,4,3,3,433,Champions
CUST006353,44,2,321.31,4,1,1,411,Dormant
CUST006354,118,4,423.43,2,2,2,222,Need Attention
CUST006355,3,4,299.72,4,2,1,421,Need Attention
CUST006356,481,3,275.42,1,1,1,111,Lost
CUST006357,89,7,697.55,3,4,4,344,Champions
CUST006358,92,4,420.59000000000003,3,2,2,322,Potential Loyalists
CUST006359,80,4,461.57,3,2,2,322,Potential Loyalists
CUST006360,13,2,179.32,4,1,1,411,Dormant
CUST006361,153,7,651.93,2,4,3,243,Loyal Customers
CUST006362,22,7,618.15,4,4,3,443,Champions
CUST006363,1,6,899.76,4,3,4,434,Champions
CUST006364,196,3,313.03,2,1,1,211,Dormant
CUST006365,572,3,248.48,1,1,1,111,Lost
CUST006366,112,10,1077.63,2,4,4,244,Loyal Customers
CUST006367,32,4,401.35,4,2,2,422,Potential Loyalists
CUST006368,108,4,484.29,2,2,2,222,Need Attention
CUST006369,532,4,374.77,1,2,2,122,At Risk
CUST006370,1,5,543.01,4,3,3,433,Champions
CUST006371,61,6,689.02,3,3,4,334,Champions
CUST006372,274,4,499.88,1,2,3,123,At Risk
CUST006373,180,6,684.65,2,3,4,234,Loyal Customers
CUST006374,76,6,686.62,3,3,4,334,Champions
CUST006375,21,6,748.83,4,3,4,434,Champions
CUST006376,35,4,345.83000000000004,4,2,2,422,Potential Loyalists
CUST006377,464,3,422.47,1,1,2,112,Lost
CUST006378,50,5,654.26,3,3,3,333,Champions
CUST006379,200,2,199.46,2,1,1,211,Dormant
CUST006380,132,5,405.3,2,3,2,232,Need Attention
CUST006381,24,7,746.76,4,4,4,444,Champions
CUST006382,107,7,680.86,2,4,4,244,Loyal Customers
CUST006383,362,1,124.19,1,1,1,111,Lost
CUST006384,160,5,645.06,2,3,3,233,Loyal Customers
CUST006385,14,6,784.27,4,3,4,434,Champions
CUST006386,168,2,166.24,2,1,1,211,Dormant
CUST006387,101,5,540.1,3,3,3,333,Champions
CUST006388,33,7,744.5699999999999,4,4,4,444,Champions
CUST006389,42,8,680.85,4,4,4,444,Champions
CUST006390,616,1,64.16,1,1,1,111,Lost
CUST006391,276,2,136.60999999999999,1,1,1,111,Lost
CUST006392,94,7,560.03,3,4,3,343,Champions
CUST006393,147,5,434.52,2,3,2,232,Need Attention
CUST006394,24,10,1217.45,4,4,4,444,Champions
CUST006395,23,6,514.91,4,3,3,433,Champions
CUST006396,42,7,771.04,4,4,4,444,Champions
CUST006397,57,3,329.67,3,1,1,311,Dormant
CUST006398,4,5,545.14,4,3,3,433,Champions
CUST006399,37,9,860.64,4,4,4,444,Champions
CUST006400,49,2,121.33,3,1,1,311,Dormant
CUST006401,18,6,762.34,4,3,4,434,Champions
CUST006402,81,8,849.03,3,4,4,344,Champions
CUST006403,80,4,417.0,3,2,2,322,Potential Loyalists
CUST006404,327,3,355.01,1,1,2,112,Lost
CUST006405,80,3,279.85,3,1,1,311,Dormant
CUST006406,220,5,592.63,1,3,3,133,Loyal Customers
CUST006407,275,2,153.0,1,1,1,111,Lost
CUST006408,63,5,504.52,3,3,3,333,Champions
CUST006409,94,10,1243.8600000000001,3,4,4,344,Champions
CUST006410,80,5,429.52,3,3,2,332,Potential Loyalists
CUST006411,1,5,494.43,4,3,3,433,Champions
CUST006412,392,4,309.87,1,2,1,121,Lost
CUST006413,101,6,594.62,3,3,3,333,Champions
CUST006414,41,8,716.48,4,4,4,444,Champions
CUST006415,194,7,776.83,2,4,4,244,Loyal Customers
CUST006416,26,7,590.66,4,4,3,443,Champions
CUST006417,88,12,1186.89,3,4,4,344,Champions
CUST006418,54,6,641.5699999999999,3,3,3,333,Champions
CUST006419,57,8,858.15,3,4,4,344,Champions
CUST006420,76,4,447.44,3,2,2,322,Potential Loyalists
CUST006421,164,4,330.85,2,2,1,221,Need Attention
CUST006422,176,5,551.89,2,3,3,233,Loyal Customers
CUST006423,11,3,221.37,4,1,1,411,Dormant
CUST006424,502,3,461.35,1,1,2,112,Lost
CUST006425,336,3,252.10999999999999,1,1,1,111,Lost
CUST006426,181,5,510.65,2,3,3,233,Loyal Customers
CUST006427,72,7,717.42,3,4,4,344,Champions
CUST006428,283,6,675.58,1,3,4,134,Loyal Customers
CUST006429,232,2,150.73000000000002,1,1,1,111,Lost
CUST006430,222,3,292.99,1,1,1,111,Lost
CUST006431,247,6,669.15,1,3,4,134,Loyal Customers
CUST006432,270,4,355.9,1,2,2,122,At Risk
CUST006433,45,8,830.85,4,4,4,444,Champions
CUST006434,267,7,861.23,1,4,4,144,Loyal Customers
CUST006435,29,6,619.75,4,3,3,433,Champions
CUST006436,20,4,298.98,4,2,1,421,Need Attention
CUST006437,202,3,430.46999999999997,2,1,2,212,Dormant
CUST006438,169,5,524.98,2,3,3,233,Loyal Customers
CUST006439,234,3,260.76,1,1,1,111,Lost
CUST006440,131,8,652.3299999999999,2,4,3,243,Loyal Customers
CUST006441,156,4,288.98,2,2,1,221,Need Attention
CUST006442,90,6,640.47,3,3,3,333,Champions
CUST006443,61,7,651.74,3,4,3,343,Champions
CUST006444,592,3,567.3,1,1,3,113,Dormant
CUST006445,7,1,145.06,4,1,1,411,Dormant
CUST006446,61,7,683.4,3,4,4,344,Champions
CUST006447,111,4,265.02,2,2,1,221,Need Attention
CUST006448,8,5,492.82,4,3,3,433,Champions
CUST006449,161,4,402.85,2,2,2,222,Need Attention
CUST006450,56,3,231.23,3,1,1,311,Dormant
CUST006451,143,6,573.77,2,3,3,233,Loyal Customers
CUST006452,139,6,700.29,2,3,4,234,Loyal Customers
CUST006453,199,6,832.62,2,3,4,234,Loyal Customers
CUST006454,11,7,734.1400000000001,4,4,4,444,Champions
CUST006455,13,8,892.48,4,4,4,444,Champions
CUST006456,268,4,411.62,1,2,2,122,At Risk
CUST006457,37,5,449.81,4,3,2,432,Potential Loyalists
CUST006458,402,1,73.45,1,1,1,111,Lost
CUST006459,11,4,350.85,4,2,2,422,Potential Loyalists
CUST006460,740,1,168.69,1,1,1,111,Lost
CUST006461,20,10,878.43,4,4,4,444,Champions
CUST006462,165,5,488.03999999999996,2,3,2,232,Need Attention
CUST006463,78,8,780.03,3,4,4,344,Champions
CUST006464,28,6,726.04,4,3,4,434,Champions
CUST006465,12,5,502.35,4,3,3,433,Champions
CUST006466,78,6,793.08,3,3,4,334,Champions
CUST006467,118,3,265.6,2,1,1,211,Dormant
CUST006469,161,7,754.62,2,4,4,244,Loyal Customers
CUST006470,38,6,705.45,4,3,4,434,Champions
CUST006471,431,4,423.27,1,2,2,122,At Risk
CUST006472,2,7,710.56,4,4,4,444,Champions
CUST006473,450,4,413.23,1,2,2,122,At Risk
CUST006474,61,3,261.98,3,1,1,311,Dormant
CUST006475,171,6,684.59,2,3,4,234,Loyal Customers
CUST006476,202,5,474.49,2,3,2,232,Need Attention
CUST006477,35,6,515.06,4,3,3,433,Champions
CUST006478,147,3,258.09000000000003,2,1,1,211,Dormant
CUST006479,73,7,783.0,3,4,4,344,Champions
CUST006480,106,6,603.05,3,3,3,333,Champions
CUST006481,88,2,120.22999999999999,3,1,1,311,Dormant
CUST006482,46,8,606.49,4,4,3,443,Champions
CUST006483,141,6,610.9300000000001,2,3,3,233,Loyal Customers
CUST006484,65,6,650.22,3,3,3,333,Champions
CUST006485,65,6,616.35,3,3,3,333,Champions
CUST006486,124,5,472.28999999999996,2,3,2,232,Need Attention
CUST006487,33,7,702.14,4,4,4,444,Champions
CUST006488,81,6,627.1,3,3,3,333,Champions
CUST006489,66,4,278.32,3,2,1,321,Need Attention
CUST006490,312,2,281.28,1,1,1,111,Lost
CUST006491,79,8,792.64,3,4,4,344,Champions
CUST006492,31,7,686.63,4,4,4,444,Champions
CUST006493,9,6,515.01,4,3,3,433,Champions
CUST006494,250,3,298.78999999999996,1,1,1,111,Lost
CUST006495,4,6,548.85,4,3,3,433,Champions
CUST006496,25,4,417.97,4,2,2,422,Potential Loyalists
CUST006497,3,10,1108.82,4,4,4,444,Champions
CUST006498,24,7,706.31,4,4,4,444,Champions
CUST006500,40,8,706.02,4,4,4,444,Champions
CUST006501,85,4,306.99,3,2,1,321,Need Attention
CUST006502,13,4,386.32,4,2,2,422,Potential Loyalists
CUST006503,35,5,494.77,4,3,3,433,Champions
CUST006504,75,6,746.05,3,3,4,334,Champions
CUST006505,290,4,381.0,1,2,2,122,At Risk
CUST006506,160,5,605.1,2,3,3,233,Loyal Customers
CUST006507,7,4,540.1600000000001,4,2,3,423,Potential Loyalists
CUST006508,82,5,494.07,3,3,3,333,Champions
CUST006509,200,4,283.5,2,2,1,221,Need Attention
CUST006510,50,7,770.39,3,4,4,344,Champions
CUST006511,343,5,545.73,1,3,3,133,Loyal Customers
CUST006512,55,6,517.8,3,3,3,333,Champions
CUST006513,69,3,186.99,3,1,1,311,Dormant
CUST006514,110,5,424.32,2,3,2,232,Need Attention
CUST006515,2,5,437.94,4,3,2,432,Potential Loyalists
CUST006516,212,6,489.03,1,3,2,132,At Risk
CUST006517,207,7,675.7,2,4,4,244,Loyal Customers
CUST006518,52,5,469.23,3,3,2,332,Potential Loyalists
CUST006519,359,4,246.1,1,2,1,121,Lost
CUST006520,162,3,327.40999999999997,2,1,1,211,Dormant
CUST006521,150,3,326.22,2,1,1,211,Dormant
CUST006522,18,7,933.75,4,4,4,444,Champions
CUST006523,120,7,542.4200000000001,2,4,3,243,Loyal Customers
CUST006524,51,3,394.21,3,1,2,312,Dormant
CUST006525,273,7,775.54,1,4,4,144,Loyal Customers
CUST006526,569,1,64.9,1,1,1,111,Lost
CUST006527,392,2,188.74,1,1,1,111,Lost
CUST006528,82,4,349.48,3,2,2,322,Potential Loyalists
CUST006529,214,7,696.82,1,4,4,144,Loyal Customers
CUST006530,25,4,304.67,4,2,1,421,Need Attention
CUST006531,1,5,738.9100000000001,4,3,4,434,Champions
CUST006532,5,3,358.61,4,1,2,412,Dormant
CUST006533,218,5,570.2,1,3,3,133,Loyal Customers
CUST006534,153,5,352.14,2,3,2,232,Need Attention
CUST006535,35,9,1174.88,4,4,4,444,Champions
CUST006536,102,1,81.12,3,1,1,311,Dormant
CUST006537,176,4,418.51,2,2,2,222,Need Attention
CUST006538,21,14,1693.14,4,4,4,444,Champions
CUST006539,389,2,210.16,1,1,1,111,Lost
CUST006540,200,7,547.9,2,4,3,243,Loyal Customers
CUST006541,9,10,997.36,4,4,4,444,Champions
CUST006542,107,6,669.5899999999999,2,3,4,234,Loyal Customers
CUST006543,66,5,435.27,3,3,2,332,Potential Loyalists
CUST006544,112,7,564.45,2,4,3,243,Loyal Customers
CUST006545,93,6,551.51,3,3,3,333,Champions
CUST006546,260,1,184.37,1,1,1,111,Lost
CUST006547,94,3,321.81,3,1,1,311,Dormant
CUST006548,117,4,439.70000000000005,2,2,2,222,Need Attention
CUST006549,10,5,624.39,4,3,3,433,Champions
CUST006550,262,3,298.69,1,1,1,111,Lost
CUST006551,17,6,694.3,4,3,4,434,Champions
CUST006552,307,4,493.03,1,2,3,123,At Risk
CUST006553,95,8,935.45,3,4,4,344,Champions
CUST006554,85,7,766.59,3,4,4,344,Champions
CUST006555,445,7,716.3100000000001,1,4,4,144,Loyal Customers
CUST006556,297,4,344.44,1,2,2,122,At Risk
CUST006558,211,1,123.59,2,1,1,211,Dormant
CUST006559,243,3,259.47,1,1,1,111,Lost
CUST006560,47,7,753.34,3,4,4,344,Champions
CUST006561,173,5,500.42,2,3,3,233,Loyal Customers
CUST006562,74,9,851.45,3,4,4,344,Champions
CUST006563,133,2,203.12,2,1,1,211,Dormant
CUST006564,507,4,456.75,1,2,2,122,At Risk
CUST006565,70,5,471.83,3,3,2,332,Potential Loyalists
CUST006566,101,8,707.09,3,4,4,344,Champions
CUST006567,268,3,377.05,1,1,2,112,Lost
CUST006568,132,8,714.85,2,4,4,244,Loyal Customers
CUST006569,128,6,608.5899999999999,2,3,3,233,Loyal Customers
CUST006570,283,2,172.63,1,1,1,111,Lost
CUST006571,11,6,585.47,4,3,3,433,Champions
CUST006572,561,3,326.81999999999994,1,1,1,111,Lost
CUST006573,11,5,597.84,4,3,3,433,Champions
CUST006574,409,6,573.08,1,3,3,133,Loyal Customers
CUST006575,23,7,579.1700000000001,4,4,3,443,Champions
CUST006576,68,4,247.92000000000002,3,2,1,321,Need Attention
CUST006577,495,2,190.82,1,1,1,111,Lost
CUST006578,570,3,285.54,1,1,1,111,Lost
CUST006579,306,2,243.38,1,1,1,111,Lost
CUST006580,126,4,357.0,2,2,2,222,Need Attention
CUST006581,218,9,886.4,1,4,4,144,Loyal Customers
CUST006582,128,6,591.6500000000001,2,3,3,233,Loyal Customers
CUST006583,323,4,382.95,1,2,2,122,At Risk
CUST006584,64,6,687.71,3,3,4,334,Champions
CUST006585,42,3,238.25,4,1,1,411,Dormant
CUST006587,75,6,544.95,3,3,3,333,Champions
CUST006588,119,2,229.87,2,1,1,211,Dormant
CUST006589,54,8,935.57,3,4,4,344,Champions
CUST006590,192,5,493.43,2,3,3,233,Loyal Customers
CUST006591,173,2,163.2,2,1,1,211,Dormant
CUST006593,121,5,395.35,2,3,2,232,Need Attention
CUST006594,14,3,261.15,4,1,1,411,Dormant
CUST006595,14,2,209.07999999999998,4,1,1,411,Dormant
CUST006596,276,5,440.32,1,3,2,132,At Risk
CUST006597,290,1,121.71,1,1,1,111,Lost
CUST006598,58,4,437.62,3,2,2,322,Potential Loyalists
CUST006599,269,6,532.3100000000001,1,3,3,133,Loyal Customers
CUST006600,32,2,194.68,4,1,1,411,Dormant
CUST006601,200,6,742.21,2,3,4,234,Loyal Customers
CUST006602,101,6,671.22,3,3,4,334,Champions
CUST006603,1,4,494.9,4,2,3,423,Potential Loyalists
CUST006604,29,3,255.07000000000002,4,1,1,411,Dormant
CUST006605,2,8,917.04,4,4,4,444,Champions
CUST006606,46,9,847.42,4,4,4,444,Champions
CUST006607,98,8,903.13,3,4,4,344,Champions
CUST006608,9,4,390.65999999999997,4,2,2,422,Potential Loyalists
CUST006609,38,5,530.8399999999999,4,3,3,433,Champions
CUST006610,37,6,674.59,4,3,4,434,Champions
CUST006611,73,5,617.56,3,3,3,333,Champions
CUST006612,127,2,201.2,2,1,1,211,Dormant
CUST006613,43,2,214.65,4,1,1,411,Dormant
CUST006614,564,2,251.89,1,1,1,111,Lost
CUST006615,83,7,797.54,3,4,4,344,Champions
CUST006616,15,7,713.45,4,4,4,444,Champions
CUST006617,98,3,253.41000000000003,3,1,1,311,Dormant
CUST006618,73,2,132.53,3,1,1,311,Dormant
CUST006619,34,6,698.8,4,3,4,434,Champions
CUST006620,227,4,413.18,1,2,2,122,At Risk
CUST006621,32,6,573.63,4,3,3,433,Champions
CUST006622,92,6,511.29,3,3,3,333,Champions
CUST006623,5,6,606.17,4,3,3,433,Champions
CUST006624,304,8,1244.98,1,4,4,144,Loyal Customers
CUST006625,233,6,558.55,1,3,3,133,Loyal Customers
CUST006626,85,4,351.0,3,2,2,322,Potential Loyalists
CUST006627,99,7,574.45,3,4,3,343,Champions
CUST006628,21,9,950.6800000000001,4,4,4,444,Champions
CUST006629,407,4,386.48,1,2,2,122,At Risk
CUST006630,157,5,605.15,2,3,3,233,Loyal Customers
CUST006631,220,3,313.48,1,1,1,111,Lost
CUST006632,148,2,134.16,2,1,1,211,Dormant
CUST006633,309,4,356.86,1,2,2,122,At Risk
CUST006634,104,6,664.0799999999999,3,3,4,334,Champions
CUST006635,179,9,883.1099999999999,2,4,4,244,Loyal Customers
CUST006636,183,6,518.9100000000001,2,3,3,233,Loyal Customers
CUST006637,289,4,316.28999999999996,1,2,1,121,Lost
CUST006638,276,6,625.25,1,3,3,133,Loyal Customers
CUST006639,326,3,297.15,1,1,1,111,Lost
CUST006640,176,4,457.85,2,2,2,222,Need Attention
CUST006641,33,11,993.98,4,4,4,444,Champions
CUST006642,189,5,436.12,2,3,2,232,Need Attention
CUST006643,13,5,416.99,4,3,2,432,Potential Loyalists
CUST006644,59,6,562.65,3,3,3,333,Champions
CUST006645,5,2,351.92,4,1,2,412,Dormant
CUST006646,84,8,775.36,3,4,4,344,Champions
CUST006647,186,6,547.66,2,3,3,233,Loyal Customers
CUST006648,61,4,372.05,3,2,2,322,Potential Loyalists
CUST006649,331,6,819.5899999999999,1,3,4,134,Loyal Customers
CUST006650,669,1,57.64,1,1,1,111,Lost
CUST006651,45,6,634.02,4,3,3,433,Champions
CUST006652,207,6,780.86,2,3,4,234,Loyal Customers
CUST006653,80,9,1078.84,3,4,4,344,Champions
CUST006654,71,7,657.87,3,4,3,343,Champions
CUST006655,300,3,287.35,1,1,1,111,Lost
CUST006656,77,5,442.33,3,3,2,332,Potential Loyalists
CUST006657,192,7,902.26,2,4,4,244,Loyal Customers
CUST006658,443,2,201.0,1,1,1,111,Lost
CUST006659,126,4,319.62,2,2,1,221,Need Attention
CUST006660,303,6,619.54,1,3,3,133,Loyal Customers
CUST006661,35,7,722.35,4,4,4,444,Champions
CUST006662,70,6,541.71,3,3,3,333,Champions
CUST006663,66,3,236.99,3,1,1,311,Dormant
CUST006664,216,9,962.25,1,4,4,144,Loyal Customers
CUST006665,106,8,1056.65,3,4,4,344,Champions
CUST006666,52,6,581.24,3,3,3,333,Champions
CUST006667,99,6,432.71000000000004,3,3,2,332,Potential Loyalists
CUST006668,137,7,620.5699999999999,2,4,3,243,Loyal Customers
CUST006669,184,5,374.33,2,3,2,232,Need Attention
CUST006670,474,2,280.02,1,1,1,111,Lost
CUST006671,231,5,504.08000000000004,1,3,3,133,Loyal Customers
CUST006672,306,7,686.6,1,4,4,144,Loyal Customers
CUST006673,338,7,693.05,1,4,4,144,Loyal Customers
CUST006674,186,6,785.32,2,3,4,234,Loyal Customers
CUST006675,441,2,237.60000000000002,1,1,1,111,Lost
CUST006676,55,5,404.58,3,3,2,332,Potential Loyalists
CUST006677,101,4,356.64,3,2,2,322,Potential Loyalists
CUST006678,143,3,296.72,2,1,1,211,Dormant
CUST006679,108,8,942.66,2,4,4,244,Loyal Customers
CUST006680,42,11,1107.64,4,4,4,444,Champions
CUST006681,87,7,771.7,3,4,4,344,Champions
CUST006682,10,6,768.99,4,3,4,434,Champions
CUST006683,83,7,889.21,3,4,4,344,Champions
CUST006684,2,6,555.9,4,3,3,433,Champions
CUST006685,44,9,835.53,4,4,4,444,Champions
CUST006686,95,2,215.62,3,1,1,311,Dormant
CUST006687,484,2,185.11,1,1,1,111,Lost
CUST006688,30,4,351.29,4,2,2,422,Potential Loyalists
CUST006689,149,4,487.25,2,2,2,222,Need Attention
CUST006690,115,7,894.22,2,4,4,244,Loyal Customers
CUST006691,71,4,497.3,3,2,3,323,Potential Loyalists
CUST006692,25,4,378.57,4,2,2,422,Potential Loyalists
CUST006693,26,4,382.65,4,2,2,422,Potential Loyalists
CUST006694,24,5,399.91999999999996,4,3,2,432,Potential Loyalists
CUST006695,9,9,837.09,4,4,4,444,Champions
CUST006696,137,6,595.32,2,3,3,233,Loyal Customers
CUST006697,134,6,519.33,2,3,3,233,Loyal Customers
CUST006698,83,3,245.38,3,1,1,311,Dormant
CUST006699,113,3,179.54,2,1,1,211,Dormant
CUST006700,65,6,668.9300000000001,3,3,4,334,Champions
CUST006701,48,4,420.23,3,2,2,322,Potential Loyalists
CUST006702,264,6,561.11,1,3,3,133,Loyal Customers
CUST006703,112,6,629.12,2,3,3,233,Loyal Customers
CUST006704,3,7,676.42,4,4,4,444,Champions
CUST006705,597,2,202.61,1,1,1,111,Lost
CUST006706,544,3,294.48,1,1,1,111,Lost
CUST006707,38,7,648.51,4,4,3,443,Champions
CUST006708,361,6,589.48,1,3,3,133,Loyal Customers
CUST006709,42,4,453.61,4,2,2,422,Potential Loyalists
CUST006710,162,5,715.04,2,3,4,234,Loyal Customers
CUST006712,107,5,307.01,2,3,1,231,Need Attention
CUST006713,60,9,848.6700000000001,3,4,4,344,Champions
CUST006714,85,7,736.62,3,4,4,344,Champions
CUST006715,147,4,492.34,2,2,3,223,Need Attention
CUST006716,93,7,921.61,3,4,4,344,Champions
CUST006717,10,3,349.25,4,1,2,412,Dormant
CUST006718,83,3,413.28,3,1,2,312,Dormant
CUST006719,31,7,760.74,4,4,4,444,Champions
CUST006720,91,3,336.29,3,1,1,311,Dormant
CUST006721,194,6,583.43,2,3,3,233,Loyal Customers
CUST006722,223,5,404.8,1,3,2,132,At Risk
CUST006723,205,4,394.71000000000004,2,2,2,222,Need Attention
CUST006724,21,6,499.39,4,3,3,433,Champions
CUST006725,230,9,872.1800000000001,1,4,4,144,Loyal Customers
CUST006726,199,3,266.31,2,1,1,211,Dormant
CUST006727,30,9,778.95,4,4,4,444,Champions
CUST006728,259,3,368.99,1,1,2,112,Lost
CUST006729,276,6,558.77,1,3,3,133,Loyal Customers
CUST006730,216,3,278.40999999999997,1,1,1,111,Lost
CUST006731,47,3,238.42000000000002,3,1,1,311,Dormant
CUST006732,126,7,676.48,2,4,4,244,Loyal Customers
CUST006733,37,7,683.21,4,4,4,444,Champions
CUST006734,3,5,601.79,4,3,3,433,Champions
CUST006735,79,3,336.8,3,1,1,311,Dormant
CUST006736,531,3,292.6,1,1,1,111,Lost
CUST006737,46,7,806.35,4,4,4,444,Champions
CUST006738,64,6,812.38,3,3,4,334,Champions
CUST006739,29,5,546.64,4,3,3,433,Champions
CUST006740,86,5,460.86,3,3,2,332,Potential Loyalists
CUST006741,244,5,519.16,1,3,3,133,Loyal Customers
CUST006742,110,4,547.15,2,2,3,223,Need Attention
CUST006743,13,4,513.77,4,2,3,423,Potential Loyalists
CUST006744,72,6,565.07,3,3,3,333,Champions
CUST006745,145,2,152.22,2,1,1,211,Dormant
CUST006746,199,5,477.0,2,3,2,232,Need Attention
CUST006747,42,4,371.62,4,2,2,422,Potential Loyalists
CUST006748,28,8,745.16,4,4,4,444,Champions
CUST006749,114,3,296.28,2,1,1,211,Dormant
CUST006750,13,6,675.3499999999999,4,3,4,434,Champions
CUST006751,308,4,403.52,1,2,2,122,At Risk
CUST006752,113,6,620.1899999999999,2,3,3,233,Loyal Customers
CUST006753,353,8,777.3199999999999,1,4,4,144,Loyal Customers
CUST006754,281,4,431.24,1,2,2,122,At Risk
CUST006755,570,2,160.0,1,1,1,111,Lost
CUST006756,144,4,409.36,2,2,2,222,Need Attention
CUST006757,124,4,343.11,2,2,2,222,Need Attention
CUST006758,21,4,382.05,4,2,2,422,Potential Loyalists
CUST006759,141,5,461.55,2,3,2,232,Need Attention
CUST006760,112,5,619.47,2,3,3,233,Loyal Customers
CUST006761,160,6,980.52,2,3,4,234,Loyal Customers
CUST006762,149,7,684.66,2,4,4,244,Loyal Customers
CUST006763,307,4,452.24,1,2,2,122,At Risk
CUST006764,183,6,557.76,2,3,3,233,Loyal Customers
CUST006765,605,1,77.01,1,1,1,111,Lost
CUST006766,325,6,742.04,1,3,4,134,Loyal Customers
CUST006767,114,5,552.6899999999999,2,3,3,233,Loyal Customers
CUST006768,73,7,620.2,3,4,3,343,Champions
CUST006769,19,3,295.76,4,1,1,411,Dormant
CUST006770,9,5,511.85,4,3,3,433,Champions
CUST006771,89,7,653.44,3,4,3,343,Champions
CUST006772,146,9,882.1600000000001,2,4,4,244,Loyal Customers
CUST006773,90,4,348.81,3,2,2,322,Potential Loyalists
CUST006774,135,5,450.83000000000004,2,3,2,232,Need Attention
CUST006775,5,4,418.38,4,2,2,422,Potential Loyalists
CUST006776,272,2,150.88,1,1,1,111,Lost
CUST006777,84,7,773.1899999999999,3,4,4,344,Champions
CUST006778,171,6,381.28,2,3,2,232,Need Attention
CUST006779,52,5,430.83000000000004,3,3,2,332,Potential Loyalists
CUST006780,33,3,303.46,4,1,1,411,Dormant
CUST006781,112,3,343.78999999999996,2,1,2,212,Dormant
CUST006782,227,3,267.43,1,1,1,111,Lost
CUST006783,70,3,249.67000000000002,3,1,1,311,Dormant
CUST006784,103,6,637.98,3,3,3,333,Champions
CUST006785,221,4,287.83,1,2,1,121,Lost
CUST006786,89,1,96.21,3,1,1,311,Dormant
CUST006787,20,4,416.89,4,2,2,422,Potential Loyalists
CUST006788,131,4,456.73999999999995,2,2,2,222,Need Attention
CUST006789,75,7,783.5699999999999,3,4,4,344,Champions
CUST006790,45,10,1121.98,4,4,4,444,Champions
CUST006791,239,4,351.57,1,2,2,122,At Risk
CUST006792,26,5,651.08,4,3,3,433,Champions
CUST006793,29,4,506.94,4,2,3,423,Potential Loyalists
CUST006794,111,5,390.62,2,3,2,232,Need Attention
CUST006795,29,9,877.12,4,4,4,444,Champions
CUST006796,242,5,453.94,1,3,2,132,At Risk
CUST006797,326,7,603.09,1,4,3,143,Loyal Customers
CUST006798,213,6,545.36,1,3,3,133,Loyal Customers
CUST006799,147,4,460.01,2,2,2,222,Need Attention
CUST006800,19,7,709.45,4,4,4,444,Champions
CUST006801,4,5,388.87,4,3,2,432,Potential Loyalists
CUST006802,194,5,484.64,2,3,2,232,Need Attention
CUST006803,106,7,725.5699999999999,3,4,4,344,Champions
CUST006804,74,8,771.42,3,4,4,344,Champions
CUST006805,49,5,501.14,3,3,3,333,Champions
CUST006806,451,4,321.3,1,2,1,121,Lost
CUST006807,18,5,513.02,4,3,3,433,Champions
CUST006808,265,3,297.38,1,1,1,111,Lost
CUST006809,83,7,827.19,3,4,4,344,Champions
CUST006810,109,6,647.34,2,3,3,233,Loyal Customers
CUST006811,307,2,122.53,1,1,1,111,Lost
CUST006812,291,6,674.82,1,3,4,134,Loyal Customers
CUST006813,94,4,371.24,3,2,2,322,Potential Loyalists
CUST006814,660,2,285.21000000000004,1,1,1,111,Lost
CUST006815,297,4,418.08000000000004,1,2,2,122,At Risk
CUST006816,20,3,386.43,4,1,2,412,Dormant
CUST006817,19,6,594.17,4,3,3,433,Champions
CUST006818,116,5,623.49,2,3,3,233,Loyal Customers
CUST006819,176,6,615.7,2,3,3,233,Loyal Customers
CUST006820,411,3,260.89,1,1,1,111,Lost
CUST006821,272,3,210.18,1,1,1,111,Lost
CUST006822,20,8,859.1899999999999,4,4,4,444,Champions
CUST006823,186,11,1026.31,2,4,4,244,Loyal Customers
CUST006824,49,6,721.07,3,3,4,334,Champions
CUST006825,179,5,552.5,2,3,3,233,Loyal Customers
CUST006826,74,5,533.6800000000001,3,3,3,333,Champions
CUST006827,195,2,108.38000000000001,2,1,1,211,Dormant
CUST006828,85,4,363.11,3,2,2,322,Potential Loyalists
CUST006829,239,2,153.69,1,1,1,111,Lost
CUST006830,79,6,569.07,3,3,3,333,Champions
CUST006831,72,2,129.2,3,1,1,311,Dormant
CUST006832,469,5,435.47,1,3,2,132,At Risk
CUST006833,115,7,792.72,2,4,4,244,Loyal Customers
CUST006834,101,4,315.38,3,2,1,321,Need Attention
CUST006836,2,6,692.25,4,3,4,434,Champions
CUST006837,74,6,555.01,3,3,3,333,Champions
CUST006838,213,3,256.28999999999996,1,1,1,111,Lost
CUST006839,238,3,274.67999999999995,1,1,1,111,Lost
CUST006840,163,5,738.75,2,3,4,234,Loyal Customers
CUST006841,368,1,113.04,1,1,1,111,Lost
CUST006842,196,5,430.73,2,3,2,232,Need Attention
CUST006843,75,9,886.25,3,4,4,344,Champions
CUST006844,4,7,755.91,4,4,4,444,Champions
CUST006845,23,5,424.47,4,3,2,432,Potential Loyalists
CUST006846,127,5,364.56,2,3,2,232,Need Attention
CUST006847,83,3,274.75,3,1,1,311,Dormant
CUST006848,119,4,464.18,2,2,2,222,Need Attention
CUST006849,28,7,642.0,4,4,3,443,Champions
CUST006850,5,10,1156.6599999999999,4,4,4,444,Champions
CUST006851,178,6,543.11,2,3,3,233,Loyal Customers
CUST006852,23,2,365.9,4,1,2,412,Dormant
CUST006853,114,5,450.33,2,3,2,232,Need Attention
CUST006854,18,8,786.8100000000001,4,4,4,444,Champions
CUST006855,759,1,117.92,1,1,1,111,Lost
CUST006856,519,3,339.78999999999996,1,1,2,112,Lost
CUST006857,18,6,606.1800000000001,4,3,3,433,Champions
CUST006858,104,4,419.97,3,2,2,322,Potential Loyalists
CUST006859,65,8,836.45,3,4,4,344,Champions
CUST006860,63,4,430.28000000000003,3,2,2,322,Potential Loyalists
CUST006861,2,6,521.47,4,3,3,433,Champions
CUST006862,116,7,762.17,2,4,4,244,Loyal Customers
CUST006863,56,8,755.54,3,4,4,344,Champions
CUST006864,35,6,531.15,4,3,3,433,Champions
CUST006865,317,4,304.96,1,2,1,121,Lost
CUST006866,33,8,816.48,4,4,4,444,Champions
CUST006867,3,6,687.37,4,3,4,434,Champions
CUST006868,6,5,438.24,4,3,2,432,Potential Loyalists
CUST006869,198,5,445.96,2,3,2,232,Need Attention
CUST006870,70,7,627.01,3,4,3,343,Champions
CUST006871,117,3,271.36,2,1,1,211,Dormant
CUST006872,171,8,1053.46,2,4,4,244,Loyal Customers
CUST006873,165,8,1073.3,2,4,4,244,Loyal Customers
CUST006874,39,9,962.39,4,4,4,444,Champions
CUST006875,73,5,467.39,3,3,2,332,Potential Loyalists
CUST006876,122,6,634.97,2,3,3,233,Loyal Customers
CUST006877,237,3,317.1,1,1,1,111,Lost
CUST006878,20,5,539.32,4,3,3,433,Champions
CUST006880,19,5,747.33,4,3,4,434,Champions
CUST006881,81,2,213.49,3,1,1,311,Dormant
CUST006882,73,7,679.69,3,4,4,344,Champions
CUST006883,466,5,530.19,1,3,3,133,Loyal Customers
CUST006884,64,7,593.87,3,4,3,343,Champions
CUST006885,3,3,368.12,4,1,2,412,Dormant
CUST006886,124,5,611.87,2,3,3,233,Loyal Customers
CUST006887,7,5,593.97,4,3,3,433,Champions
CUST006888,459,2,301.46000000000004,1,1,1,111,Lost
CUST006889,138,5,520.57,2,3,3,233,Loyal Customers
CUST006890,30,7,834.27,4,4,4,444,Champions
CUST006891,36,4,406.27,4,2,2,422,Potential Loyalists
CUST006892,40,4,269.01,4,2,1,421,Need Attention
CUST006893,40,4,467.21000000000004,4,2,2,422,Potential Loyalists
CUST006894,37,6,662.88,4,3,4,434,Champions
CUST006895,107,10,982.54,2,4,4,244,Loyal Customers
CUST006896,166,6,680.69,2,3,4,234,Loyal Customers
CUST006897,81,5,481.71,3,3,2,332,Potential Loyalists
CUST006898,270,2,221.51999999999998,1,1,1,111,Lost
CUST006899,29,3,246.0,4,1,1,411,Dormant
CUST006900,170,4,380.44,2,2,2,222,Need Attention
CUST006901,319,9,1103.86,1,4,4,144,Loyal Customers
CUST006902,250,7,730.34,1,4,4,144,Loyal Customers
CUST006903,136,7,839.54,2,4,4,244,Loyal Customers
CUST006904,57,5,462.8,3,3,2,332,Potential Loyalists
CUST006905,192,2,186.14,2,1,1,211,Dormant
CUST006906,104,8,915.83,3,4,4,344,Champions
CUST006907,80,7,813.77,3,4,4,344,Champions
CUST006908,94,3,171.67,3,1,1,311,Dormant
CUST006909,11,9,917.49,4,4,4,444,Champions
CUST006910,62,7,762.2,3,4,4,344,Champions
CUST006911,17,5,504.49,4,3,3,433,Champions
CUST006912,91,6,505.77,3,3,3,333,Champions
CUST006913,54,6,551.0,3,3,3,333,Champions
CUST006914,79,5,518.38,3,3,3,333,Champions
CUST006915,35,5,472.7,4,3,2,432,Potential Loyalists
CUST006916,123,6,651.62,2,3,3,233,Loyal Customers
CUST006917,288,2,234.48000000000002,1,1,1,111,Lost
CUST006918,37,7,787.66,4,4,4,444,Champions
CUST006919,80,5,433.59,3,3,2,332,Potential Loyalists
CUST006920,263,3,340.28000000000003,1,1,2,112,Lost
CUST006921,151,6,689.47,2,3,4,234,Loyal Customers
CUST006922,38,4,548.5,4,2,3,423,Potential Loyalists
CUST006923,398,4,384.36999999999995,1,2,2,122,At Risk
CUST006924,91,5,512.84,3,3,3,333,Champions
CUST006925,6,4,529.12,4,2,3,423,Potential Loyalists
CUST006926,41,6,686.13,4,3,4,434,Champions
CUST006927,32,9,809.31,4,4,4,444,Champions
CUST006928,61,4,361.09000000000003,3,2,2,322,Potential Loyalists
CUST006929,203,4,349.78,2,2,2,222,Need Attention
CUST006930,81,7,722.26,3,4,4,344,Champions
CUST006931,66,3,311.43,3,1,1,311,Dormant
CUST006932,221,5,529.12,1,3,3,133,Loyal Customers
CUST006933,35,6,619.99,4,3,3,433,Champions
CUST006934,96,4,465.12,3,2,2,322,Potential Loyalists
CUST006935,6,9,984.59,4,4,4,444,Champions
CUST006936,11,6,779.01,4,3,4,434,Champions
CUST006937,58,8,918.53,3,4,4,344,Champions
CUST006938,63,7,581.34,3,4,3,343,Champions
CUST006939,167,6,792.72,2,3,4,234,Loyal Customers
CUST006940,72,5,768.37,3,3,4,334,Champions
CUST006941,143,4,652.04,2,2,3,223,Need Attention
CUST006942,137,4,530.83,2,2,3,223,Need Attention
CUST006943,120,3,334.15,2,1,1,211,Dormant
CUST006944,529,4,408.43,1,2,2,122,At Risk
CUST006945,75,4,265.71,3,2,1,321,Need Attention
CUST006946,6,6,764.94,4,3,4,434,Champions
CUST006947,74,7,748.9,3,4,4,344,Champions
CUST006948,51,3,248.26999999999998,3,1,1,311,Dormant
CUST006949,530,3,210.45999999999998,1,1,1,111,Lost
CUST006950,388,5,466.45,1,3,2,132,At Risk
CUST006951,34,5,332.08,4,3,1,431,Need Attention
CUST006952,46,2,289.11,4,1,1,411,Dormant
CUST006953,274,3,373.36,1,1,2,112,Lost
CUST006954,300,4,347.21,1,2,2,122,At Risk
CUST006955,90,4,261.39,3,2,1,321,Need Attention
CUST006956,30,7,772.26,4,4,4,444,Champions
CUST006957,65,7,608.46,3,4,3,343,Champions
CUST006958,103,4,437.74,3,2,2,322,Potential Loyalists
CUST006959,271,3,243.82,1,1,1,111,Lost
CUST006960,18,4,535.99,4,2,3,423,Potential Loyalists
CUST006961,4,4,340.61,4,2,2,422,Potential Loyalists
CUST006962,483,5,568.29,1,3,3,133,Loyal Customers
CUST006963,64,5,639.12,3,3,3,333,Champions
CUST006964,57,6,619.07,3,3,3,333,Champions
CUST006965,23,3,342.46,4,1,2,412,Dormant
CUST006966,85,3,228.76999999999998,3,1,1,311,Dormant
CUST006967,200,4,271.8,2,2,1,221,Need Attention
CUST006968,97,5,657.06,3,3,3,333,Champions
CUST006969,94,3,186.51,3,1,1,311,Dormant
CUST006970,41,8,786.01,4,4,4,444,Champions
CUST006971,128,8,831.27,2,4,4,244,Loyal Customers
CUST006972,251,6,678.72,1,3,4,134,Loyal Customers
CUST006973,117,4,538.46,2,2,3,223,Need Attention
CUST006974,135,2,193.55,2,1,1,211,Dormant
CUST006975,91,6,615.39,3,3,3,333,Champions
CUST006976,65,11,1077.08,3,4,4,344,Champions
CUST006977,73,2,215.27999999999997,3,1,1,311,Dormant
CUST006978,94,8,693.28,3,4,4,344,Champions
CUST006979,65,4,467.93,3,2,2,322,Potential Loyalists
CUST006980,269,5,462.19,1,3,2,132,At Risk
CUST006981,71,5,368.21,3,3,2,332,Potential Loyalists
CUST006982,401,1,70.85,1,1,1,111,Lost
CUST006983,408,1,153.76,1,1,1,111,Lost
CUST006984,34,9,856.62,4,4,4,444,Champions
CUST006985,53,4,321.22,3,2,1,321,Need Attention
CUST006986,433,2,221.16,1,1,1,111,Lost
CUST006987,21,10,1048.09,4,4,4,444,Champions
CUST006988,14,4,451.25,4,2,2,422,Potential Loyalists
CUST006989,337,2,130.99,1,1,1,111,Lost
CUST006990,89,5,473.97999999999996,3,3,2,332,Potential Loyalists
CUST006991,199,5,540.79,2,3,3,233,Loyal Customers
CUST006992,90,5,565.56,3,3,3,333,Champions
CUST006993,288,5,429.85,1,3,2,132,At Risk
CUST006994,45,4,545.52,4,2,3,423,Potential Loyalists
CUST006995,15,3,209.6,4,1,1,411,Dormant
CUST006996,166,5,539.97,2,3,3,233,Loyal Customers
CUST006997,50,5,631.55,3,3,3,333,Champions
CUST006998,92,7,598.5,3,4,3,343,Champions
CUST006999,260,5,680.77,1,3,4,134,Loyal Customers
CUST007000,71,3,323.40999999999997,3,1,1,311,Dormant
CUST007001,141,7,709.93,2,4,4,244,Loyal Customers
CUST007002,135,5,423.93,2,3,2,232,Need Attention
CUST007003,53,2,217.18,3,1,1,311,Dormant
CUST007004,531,3,466.29999999999995,1,1,2,112,Lost
CUST007005,31,5,495.08,4,3,3,433,Champions
CUST007006,119,5,427.99,2,3,2,232,Need Attention
CUST007007,61,6,887.74,3,3,4,334,Champions
CUST007008,16,4,478.25,4,2,2,422,Potential Loyalists
CUST007009,262,3,328.87,1,1,1,111,Lost
CUST007010,40,4,338.69000000000005,4,2,2,422,Potential Loyalists
CUST007011,215,5,493.24,1,3,3,133,Loyal Customers
CUST007012,93,10,864.29,3,4,4,344,Champions
CUST007013,58,5,439.68,3,3,2,332,Potential Loyalists
CUST007014,195,8,706.0699999999999,2,4,4,244,Loyal Customers
CUST007015,104,5,635.34,3,3,3,333,Champions
CUST007016,174,3,350.09000000000003,2,1,2,212,Dormant
CUST007017,159,4,436.21000000000004,2,2,2,222,Need Attention
CUST007018,33,6,714.96,4,3,4,434,Champions
CUST007019,207,9,991.32,2,4,4,244,Loyal Customers
CUST007020,32,4,462.59000000000003,4,2,2,422,Potential Loyalists
CUST007021,229,6,726.52,1,3,4,134,Loyal Customers
CUST007022,15,7,655.83,4,4,3,443,Champions
CUST007023,658,4,399.28999999999996,1,2,2,122,At Risk
CUST007024,242,8,912.95,1,4,4,144,Loyal Customers
CUST007026,62,4,348.44,3,2,2,322,Potential Loyalists
CUST007027,84,5,446.37,3,3,2,332,Potential Loyalists
CUST007028,116,3,245.25,2,1,1,211,Dormant
CUST007029,17,9,1121.87,4,4,4,444,Champions
CUST007030,11,8,988.53,4,4,4,444,Champions
CUST007031,188,3,235.76999999999998,2,1,1,211,Dormant
CUST007032,290,10,905.14,1,4,4,144,Loyal Customers
CUST007033,6,6,519.74,4,3,3,433,Champions
CUST007034,145,4,493.89,2,2,3,223,Need Attention
CUST007035,66,5,431.92,3,3,2,332,Potential Loyalists
CUST007036,19,9,752.17,4,4,4,444,Champions
CUST007037,203,5,508.96000000000004,2,3,3,233,Loyal Customers
CUST007038,4,8,1064.58,4,4,4,444,Champions
CUST007039,118,7,704.51,2,4,4,244,Loyal Customers
CUST007040,91,6,689.11,3,3,4,334,Champions
CUST007041,13,5,482.95,4,3,2,432,Potential Loyalists
CUST007042,50,5,457.12,3,3,2,332,Potential Loyalists
CUST007043,48,5,471.62,3,3,2,332,Potential Loyalists
CUST007044,8,5,336.21,4,3,1,431,Need Attention
CUST007045,30,5,508.19,4,3,3,433,Champions
CUST007046,411,2,236.01999999999998,1,1,1,111,Lost
CUST007047,12,6,531.97,4,3,3,433,Champions
CUST007048,207,6,712.9,2,3,4,234,Loyal Customers
CUST007049,75,5,354.1,3,3,2,332,Potential Loyalists
CUST007050,62,4,326.45,3,2,1,321,Need Attention
CUST007051,23,4,378.5,4,2,2,422,Potential Loyalists
CUST007052,55,4,358.21,3,2,2,322,Potential Loyalists
CUST007053,41,7,712.11,4,4,4,444,Champions
CUST007054,106,3,305.89,3,1,1,311,Dormant
CUST007055,249,4,569.66,1,2,3,123,At Risk
CUST007056,495,4,482.78,1,2,2,122,At Risk
CUST007057,208,5,502.75,2,3,3,233,Loyal Customers
CUST007058,326,5,526.45,1,3,3,133,Loyal Customers
CUST007059,163,5,411.99,2,3,2,232,Need Attention
CUST007060,615,3,422.8,1,1,2,112,Lost
CUST007061,36,2,174.35000000000002,4,1,1,411,Dormant
CUST007062,191,3,224.21,2,1,1,211,Dormant
CUST007063,4,4,373.21,4,2,2,422,Potential Loyalists
CUST007064,16,7,788.94,4,4,4,444,Champions
CUST007065,281,2,210.06,1,1,1,111,Lost
CUST007066,166,2,121.51,2,1,1,211,Dormant
CUST007067,256,3,280.94,1,1,1,111,Lost
CUST007068,164,3,361.96000000000004,2,1,2,212,Dormant
CUST007069,26,6,761.48,4,3,4,434,Champions
CUST007070,457,2,141.86,1,1,1,111,Lost
CUST007071,90,4,453.45000000000005,3,2,2,322,Potential Loyalists
CUST007072,204,5,558.27,2,3,3,233,Loyal Customers
CUST007073,24,6,604.23,4,3,3,433,Champions
CUST007074,341,4,464.5,1,2,2,122,At Risk
CUST007075,66,5,698.3,3,3,4,334,Champions
CUST007076,35,7,770.8,4,4,4,444,Champions
CUST007077,221,5,521.96,1,3,3,133,Loyal Customers
CUST007078,1,2,233.51,4,1,1,411,Dormant
CUST007079,6,2,222.89,4,1,1,411,Dormant
CUST007080,216,7,772.26,1,4,4,144,Loyal Customers
CUST007081,98,3,343.1,3,1,2,312,Dormant
CUST007082,543,1,81.58000000000001,1,1,1,111,Lost
CUST007083,145,6,559.8299999999999,2,3,3,233,Loyal Customers
CUST007084,130,2,162.97,2,1,1,211,Dormant
CUST007085,111,9,874.0,2,4,4,244,Loyal Customers
CUST007086,128,6,663.7,2,3,4,234,Loyal Customers
CUST007087,136,5,568.84,2,3,3,233,Loyal Customers
CUST007088,44,5,502.35,4,3,3,433,Champions
CUST007089,90,6,619.12,3,3,3,333,Champions
CUST007090,87,6,650.35,3,3,3,333,Champions
CUST007091,154,2,228.58999999999997,2,1,1,211,Dormant
CUST007092,110,9,1067.5,2,4,4,244,Loyal Customers
CUST007093,46,6,656.6700000000001,4,3,3,433,Champions
CUST007094,185,5,446.36,2,3,2,232,Need Attention
CUST007095,54,2,209.7,3,1,1,311,Dormant
CUST007096,46,5,564.44,4,3,3,433,Champions
CUST007097,81,7,787.89,3,4,4,344,Champions
CUST007098,175,5,647.77,2,3,3,233,Loyal Customers
CUST007099,180,4,487.68,2,2,2,222,Need Attention
CUST007100,480,3,315.16999999999996,1,1,1,111,Lost
CUST007101,171,5,412.29999999999995,2,3,2,232,Need Attention
CUST007102,46,6,594.71,4,3,3,433,Champions
CUST007103,359,8,758.22,1,4,4,144,Loyal Customers
CUST007104,113,8,894.52,2,4,4,244,Loyal Customers
CUST007105,81,2,182.13,3,1,1,311,Dormant
CUST007106,17,4,310.35,4,2,1,421,Need Attention
CUST007107,85,8,628.97,3,4,3,343,Champions
CUST007108,72,4,691.97,3,2,4,324,Potential Loyalists
CUST007109,7,4,418.56,4,2,2,422,Potential Loyalists
CUST007110,233,1,88.29,1,1,1,111,Lost
CUST007111,73,5,409.51,3,3,2,332,Potential Loyalists
CUST007112,58,4,387.49,3,2,2,322,Potential Loyalists
CUST007113,71,5,518.15,3,3,3,333,Champions
CUST007114,24,5,395.62,4,3,2,432,Potential Loyalists
CUST007115,123,2,211.95,2,1,1,211,Dormant
CUST007116,7,4,347.62,4,2,2,422,Potential Loyalists
CUST007117,57,11,1173.27,3,4,4,344,Champions
CUST007118,250,4,426.35,1,2,2,122,At Risk
CUST007119,158,4,415.73,2,2,2,222,Need Attention
CUST007120,18,5,510.09999999999997,4,3,3,433,Champions
CUST007121,149,4,589.41,2,2,3,223,Need Attention
CUST007122,141,6,697.22,2,3,4,234,Loyal Customers
CUST007123,12,2,163.41,4,1,1,411,Dormant
CUST007124,9,7,692.4000000000001,4,4,4,444,Champions
CUST007125,130,10,806.59,2,4,4,244,Loyal Customers
CUST007126,311,2,143.25,1,1,1,111,Lost
CUST007127,192,5,623.96,2,3,3,233,Loyal Customers
CUST007128,30,9,850.17,4,4,4,444,Champions
CUST007129,135,6,502.67,2,3,3,233,Loyal Customers
CUST007130,73,7,760.24,3,4,4,344,Champions
CUST007131,117,6,827.29,2,3,4,234,Loyal Customers
CUST007132,188,3,321.55,2,1,1,211,Dormant
CUST007133,87,3,319.29999999999995,3,1,1,311,Dormant
CUST007134,190,4,243.44,2,2,1,221,Need Attention
CUST007135,55,2,221.04,3,1,1,311,Dormant
CUST007136,306,2,214.5,1,1,1,111,Lost
CUST007137,264,8,743.75,1,4,4,144,Loyal Customers
CUST007138,219,3,235.25,1,1,1,111,Lost
CUST007139,152,6,528.73,2,3,3,233,Loyal Customers
CUST007140,350,3,242.11,1,1,1,111,Lost
CUST007141,719,1,88.83,1,1,1,111,Lost
CUST007142,443,2,214.89999999999998,1,1,1,111,Lost
CUST007143,27,7,820.53,4,4,4,444,Champions
CUST007144,235,3,236.47,1,1,1,111,Lost
CUST007145,91,7,692.89,3,4,4,344,Champions
CUST007146,304,6,760.15,1,3,4,134,Loyal Customers
CUST007147,72,5,378.57,3,3,2,332,Potential Loyalists
CUST007148,219,6,681.59,1,3,4,134,Loyal Customers
CUST007149,15,4,489.43,4,2,2,422,Potential Loyalists
CUST007150,233,6,544.9499999999999,1,3,3,133,Loyal Customers
CUST007151,214,7,616.77,1,4,3,143,Loyal Customers
CUST007152,416,4,518.35,1,2,3,123,At Risk
CUST007153,34,7,663.0,4,4,4,444,Champions
CUST007154,420,3,281.45,1,1,1,111,Lost
CUST007155,32,6,760.3,4,3,4,434,Champions
CUST007156,201,3,299.74,2,1,1,211,Dormant
CUST007157,370,5,587.58,1,3,3,133,Loyal Customers
CUST007158,506,4,476.70000000000005,1,2,2,122,At Risk
CUST007159,418,3,347.85,1,1,2,112,Lost
CUST007160,12,6,647.91,4,3,3,433,Champions
CUST007161,39,4,337.78999999999996,4,2,1,421,Need Attention
CUST007162,359,2,180.57,1,1,1,111,Lost
CUST007163,503,3,265.93,1,1,1,111,Lost
CUST007164,107,2,194.95,2,1,1,211,Dormant
CUST007165,156,3,192.84,2,1,1,211,Dormant
CUST007166,50,6,735.3,3,3,4,334,Champions
CUST007167,10,6,506.72,4,3,3,433,Champions
CUST007168,57,5,464.21,3,3,2,332,Potential Loyalists
CUST007169,363,3,234.97,1,1,1,111,Lost
CUST007170,44,11,1155.98,4,4,4,444,Champions
CUST007171,267,6,698.39,1,3,4,134,Loyal Customers
CUST007172,674,2,226.08999999999997,1,1,1,111,Lost
CUST007173,142,4,418.49,2,2,2,222,Need Attention
CUST007174,65,5,361.85,3,3,2,332,Potential Loyalists
CUST007175,124,2,204.96999999999997,2,1,1,211,Dormant
CUST007176,121,2,228.08999999999997,2,1,1,211,Dormant
CUST007177,32,5,475.09000000000003,4,3,2,432,Potential Loyalists
CUST007178,328,6,521.89,1,3,3,133,Loyal Customers
CUST007179,165,7,724.74,2,4,4,244,Loyal Customers
CUST007180,168,6,546.22,2,3,3,233,Loyal Customers
CUST007181,30,4,253.92000000000002,4,2,1,421,Need Attention
CUST007182,25,6,640.66,4,3,3,433,Champions
CUST007183,61,3,372.1,3,1,2,312,Dormant
CUST007184,274,3,311.53999999999996,1,1,1,111,Lost
CUST007185,524,4,316.04,1,2,1,121,Lost
CUST007186,71,4,410.72,3,2,2,322,Potential Loyalists
CUST007187,264,6,675.67,1,3,4,134,Loyal Customers
CUST007188,192,6,768.13,2,3,4,234,Loyal Customers
CUST007189,125,2,180.57999999999998,2,1,1,211,Dormant
CUST007190,240,2,251.13,1,1,1,111,Lost
CUST007191,49,5,454.62,3,3,2,332,Potential Loyalists
CUST007192,42,2,231.06,4,1,1,411,Dormant
CUST007193,2,5,541.14,4,3,3,433,Champions
CUST007194,79,6,603.9100000000001,3,3,3,333,Champions
CUST007195,244,6,627.22,1,3,3,133,Loyal Customers
CUST007196,359,3,279.08,1,1,1,111,Lost
CUST007197,253,2,231.02999999999997,1,1,1,111,Lost
CUST007198,33,8,755.0600000000001,4,4,4,444,Champions
CUST007199,314,7,845.6800000000001,1,4,4,144,Loyal Customers
CUST007200,275,4,496.7,1,2,3,123,At Risk
CUST007201,20,5,552.9100000000001,4,3,3,433,Champions
CUST007202,3,4,328.22999999999996,4,2,1,421,Need Attention
CUST007203,361,3,317.74,1,1,1,111,Lost
CUST007204,110,3,326.47,2,1,1,211,Dormant
CUST007205,283,2,210.29,1,1,1,111,Lost
CUST007206,72,9,776.4,3,4,4,344,Champions
CUST007207,245,3,451.73,1,1,2,112,Lost
CUST007208,41,5,430.59,4,3,2,432,Potential Loyalists
CUST007209,269,6,713.44,1,3,4,134,Loyal Customers
CUST007210,65,3,340.56,3,1,2,312,Dormant
CUST007211,205,3,446.25,2,1,2,212,Dormant
CUST007212,64,5,637.16,3,3,3,333,Champions
CUST007213,95,7,721.66,3,4,4,344,Champions
CUST007214,263,5,489.53999999999996,1,3,2,132,At Risk
CUST007215,79,8,841.9300000000001,3,4,4,344,Champions
CUST007216,27,4,550.04,4,2,3,423,Potential Loyalists
CUST007217,28,7,757.75,4,4,4,444,Champions
CUST007218,324,6,594.62,1,3,3,133,Loyal Customers
CUST007219,167,4,373.87,2,2,2,222,Need Attention
CUST007220,100,7,640.91,3,4,3,343,Champions
CUST007221,75,6,833.43,3,3,4,334,Champions
CUST007222,12,9,873.87,4,4,4,444,Champions
CUST007223,540,2,205.45999999999998,1,1,1,111,Lost
CUST007224,9,7,704.88,4,4,4,444,Champions
CUST007225,382,4,322.96999999999997,1,2,1,121,Lost
CUST007226,313,1,91.37,1,1,1,111,Lost
CUST007227,515,4,524.1700000000001,1,2,3,123,At Risk
CUST007228,55,5,533.21,3,3,3,333,Champions
CUST007229,669,1,134.19,1,1,1,111,Lost
CUST007230,60,7,627.07,3,4,3,343,Champions
CUST007231,452,2,211.74,1,1,1,111,Lost
CUST007232,474,6,697.85,1,3,4,134,Loyal Customers
CUST007233,133,6,591.67,2,3,3,233,Loyal Customers
CUST007234,40,8,932.79,4,4,4,444,Champions
CUST007235,18,6,514.2,4,3,3,433,Champions
CUST007236,257,6,563.12,1,3,3,133,Loyal Customers
CUST007237,367,4,396.81,1,2,2,122,At Risk
CUST007238,389,4,357.14,1,2,2,122,At Risk
CUST007239,16,5,471.49,4,3,2,432,Potential Loyalists
CUST007240,122,2,133.45,2,1,1,211,Dormant
CUST007241,22,8,625.39,4,4,3,443,Champions
CUST007242,136,1,84.58999999999999,2,1,1,211,Dormant
CUST007243,76,6,732.84,3,3,4,334,Champions
CUST007244,147,4,474.77,2,2,2,222,Need Attention
CUST007245,189,4,540.5,2,2,3,223,Need Attention
CUST007246,371,4,348.14,1,2,2,122,At Risk
CUST007247,74,5,411.26,3,3,2,332,Potential Loyalists
CUST007248,22,6,565.57,4,3,3,433,Champions
CUST007249,69,8,755.98,3,4,4,344,Champions
CUST007250,193,6,506.86,2,3,3,233,Loyal Customers
CUST007251,471,3,361.37,1,1,2,112,Lost
CUST007252,142,4,425.61,2,2,2,222,Need Attention
CUST007253,108,5,551.5,2,3,3,233,Loyal Customers
CUST007254,413,4,564.72,1,2,3,123,At Risk
CUST007255,266,4,546.72,1,2,3,123,At Risk
CUST007256,99,6,469.7,3,3,2,332,Potential Loyalists
CUST007257,3,4,389.05,4,2,2,422,Potential Loyalists
CUST007258,6,8,703.84,4,4,4,444,Champions
CUST007259,258,3,334.04,1,1,1,111,Lost
CUST007260,74,5,471.97,3,3,2,332,Potential Loyalists
CUST007261,60,9,736.64,3,4,4,344,Champions
CUST007262,236,5,600.84,1,3,3,133,Loyal Customers
CUST007263,164,5,699.01,2,3,4,234,Loyal Customers
CUST007264,24,7,591.4,4,4,3,443,Champions
CUST007265,147,3,448.7,2,1,2,212,Dormant
CUST007266,274,5,587.3000000000001,1,3,3,133,Loyal Customers
CUST007267,100,3,196.19,3,1,1,311,Dormant
CUST007268,40,8,802.39,4,4,4,444,Champions
CUST007269,9,6,740.29,4,3,4,434,Champions
CUST007270,155,3,273.86,2,1,1,211,Dormant
CUST007271,675,1,136.87,1,1,1,111,Lost
CUST007272,143,3,341.88,2,1,2,212,Dormant
CUST007273,118,4,514.04,2,2,3,223,Need Attention
CUST007274,348,6,813.18,1,3,4,134,Loyal Customers
CUST007275,15,6,698.54,4,3,4,434,Champions
CUST007276,459,1,114.24,1,1,1,111,Lost
CUST007277,169,9,975.26,2,4,4,244,Loyal Customers
CUST007278,117,4,462.68,2,2,2,222,Need Attention
CUST007279,83,5,479.3,3,3,2,332,Potential Loyalists
CUST007280,127,5,492.09,2,3,3,233,Loyal Customers
CUST007281,85,7,654.7,3,4,3,343,Champions
CUST007282,121,5,586.45,2,3,3,233,Loyal Customers
CUST007283,6,3,372.52,4,1,2,412,Dormant
CUST007284,392,4,319.66999999999996,1,2,1,121,Lost
CUST007285,20,6,513.54,4,3,3,433,Champions
CUST007286,149,4,341.11,2,2,2,222,Need Attention
CUST007287,144,2,147.49,2,1,1,211,Dormant
CUST007288,243,6,732.38,1,3,4,134,Loyal Customers
CUST007289,253,8,795.8100000000001,1,4,4,144,Loyal Customers
CUST007290,120,9,746.63,2,4,4,244,Loyal Customers
CUST007291,358,3,276.37,1,1,1,111,Lost
CUST007292,283,4,359.69,1,2,2,122,At Risk
CUST007293,64,5,525.35,3,3,3,333,Champions
CUST007294,136,5,439.05,2,3,2,232,Need Attention
CUST007295,159,3,335.63,2,1,1,211,Dormant
CUST007296,339,2,226.46,1,1,1,111,Lost
CUST007297,551,2,181.63,1,1,1,111,Lost
CUST007298,17,5,567.53,4,3,3,433,Champions
CUST007299,355,2,281.65999999999997,1,1,1,111,Lost
CUST007300,479,3,351.55,1,1,2,112,Lost
CUST007301,323,7,582.78,1,4,3,143,Loyal Customers
CUST007302,96,5,524.18,3,3,3,333,Champions
CUST007303,90,6,602.41,3,3,3,333,Champions
CUST007304,141,1,38.18,2,1,1,211,Dormant
CUST007305,317,4,445.23,1,2,2,122,At Risk
CUST007306,8,4,403.99,4,2,2,422,Potential Loyalists
CUST007307,383,2,211.49,1,1,1,111,Lost
CUST007308,191,3,480.15,2,1,2,212,Dormant
CUST007309,185,4,549.55,2,2,3,223,Need Attention
CUST007310,53,5,610.42,3,3,3,333,Champions
CUST007311,143,6,532.97,2,3,3,233,Loyal Customers
CUST007312,71,17,1913.98,3,4,4,344,Champions
CUST007313,27,4,665.64,4,2,4,424,Potential Loyalists
CUST007314,4,9,1115.75,4,4,4,444,Champions
CUST007315,280,3,373.03999999999996,1,1,2,112,Lost
CUST007316,356,11,937.7,1,4,4,144,Loyal Customers
CUST007317,18,7,748.9399999999999,4,4,4,444,Champions
CUST007318,29,12,1038.48,4,4,4,444,Champions
CUST007319,159,6,561.27,2,3,3,233,Loyal Customers
CUST007320,211,7,825.1600000000001,2,4,4,244,Loyal Customers
CUST007321,91,6,735.8199999999999,3,3,4,334,Champions
CUST007322,41,3,208.16,4,1,1,411,Dormant
CUST007323,42,7,920.83,4,4,4,444,Champions
CUST007324,136,5,357.2,2,3,2,232,Need Attention
CUST007325,99,4,292.14,3,2,1,321,Need Attention
CUST007326,156,4,566.35,2,2,3,223,Need Attention
CUST007327,312,5,563.91,1,3,3,133,Loyal Customers
CUST007328,337,4,460.14,1,2,2,122,At Risk
CUST007329,374,3,354.19,1,1,2,112,Lost
CUST007330,465,2,230.54000000000002,1,1,1,111,Lost
CUST007331,107,7,760.4300000000001,2,4,4,244,Loyal Customers
CUST007332,197,5,466.26,2,3,2,232,Need Attention
CUST007333,155,5,513.94,2,3,3,233,Loyal Customers
CUST007334,79,7,731.04,3,4,4,344,Champions
CUST007335,62,4,388.14,3,2,2,322,Potential Loyalists
CUST007336,207,6,643.1,2,3,3,233,Loyal Customers
CUST007337,236,4,390.29,1,2,2,122,At Risk
CUST007338,536,3,335.75,1,1,1,111,Lost
CUST007339,261,4,364.62,1,2,2,122,At Risk
CUST007340,130,10,1004.87,2,4,4,244,Loyal Customers
CUST007342,157,3,192.13,2,1,1,211,Dormant
CUST007343,17,4,495.71999999999997,4,2,3,423,Potential Loyalists
CUST007344,30,5,637.71,4,3,3,433,Champions
CUST007345,263,7,774.38,1,4,4,144,Loyal Customers
CUST007346,117,5,462.46999999999997,2,3,2,232,Need Attention
CUST007347,87,6,726.14,3,3,4,334,Champions
CUST007348,35,7,845.51,4,4,4,444,Champions
CUST007349,237,5,681.13,1,3,4,134,Loyal Customers
CUST007350,132,9,1034.93,2,4,4,244,Loyal Customers
CUST007351,49,3,372.75,3,1,2,312,Dormant
CUST007352,71,9,968.93,3,4,4,344,Champions
CUST007353,12,7,654.24,4,4,3,443,Champions
CUST007354,45,5,516.74,4,3,3,433,Champions
CUST007355,448,2,180.75,1,1,1,111,Lost
CUST007356,261,4,352.81,1,2,2,122,At Risk
CUST007357,104,6,786.23,3,3,4,334,Champions
CUST007358,110,6,512.4300000000001,2,3,3,233,Loyal Customers
CUST007359,137,4,412.43,2,2,2,222,Need Attention
CUST007360,518,5,481.79,1,3,2,132,At Risk
CUST007361,206,6,530.6,2,3,3,233,Loyal Customers
CUST007362,19,3,308.97,4,1,1,411,Dormant
CUST007363,24,8,838.34,4,4,4,444,Champions
CUST007364,186,4,493.32,2,2,3,223,Need Attention
CUST007365,197,3,357.0,2,1,2,212,Dormant
CUST007366,43,7,677.19,4,4,4,444,Champions
CUST007367,410,2,129.15,1,1,1,111,Lost
CUST007368,15,6,741.5899999999999,4,3,4,434,Champions
CUST007369,171,7,901.76,2,4,4,244,Loyal Customers
CUST007370,585,3,280.95,1,1,1,111,Lost
CUST007371,7,7,611.87,4,4,3,443,Champions
CUST007372,38,7,786.82,4,4,4,444,Champions
CUST007373,100,6,594.84,3,3,3,333,Champions
CUST007374,74,5,460.96,3,3,2,332,Potential Loyalists
CUST007375,111,12,1061.56,2,4,4,244,Loyal Customers
CUST007376,125,4,403.41,2,2,2,222,Need Attention
CUST007377,202,4,492.1,2,2,3,223,Need Attention
CUST007378,520,1,69.11,1,1,1,111,Lost
CUST007379,69,6,713.38,3,3,4,334,Champions
CUST007380,140,12,1175.98,2,4,4,244,Loyal Customers
CUST007381,114,3,321.54,2,1,1,211,Dormant
CUST007382,340,5,474.40999999999997,1,3,2,132,At Risk
CUST007383,101,4,299.85,3,2,1,321,Need Attention
CUST007384,263,3,309.01,1,1,1,111,Lost
CUST007385,291,3,335.37,1,1,1,111,Lost
CUST007386,43,8,760.8000000000001,4,4,4,444,Champions
CUST007387,42,8,753.63,4,4,4,444,Champions
CUST007388,14,2,222.95,4,1,1,411,Dormant
CUST007389,38,7,589.4200000000001,4,4,3,443,Champions
CUST007390,178,9,761.1700000000001,2,4,4,244,Loyal Customers
CUST007391,46,2,173.14,4,1,1,411,Dormant
CUST007392,154,5,465.06,2,3,2,232,Need Attention
CUST007393,13,9,976.21,4,4,4,444,Champions
CUST007394,259,5,431.70000000000005,1,3,2,132,At Risk
CUST007395,183,7,715.89,2,4,4,244,Loyal Customers
CUST007396,379,3,247.93,1,1,1,111,Lost
CUST007397,80,4,392.12,3,2,2,322,Potential Loyalists
CUST007398,679,2,142.9,1,1,1,111,Lost
CUST007399,117,7,675.14,2,4,4,244,Loyal Customers
CUST007400,209,2,169.82999999999998,2,1,1,211,Dormant
CUST007401,163,3,311.23,2,1,1,211,Dormant
CUST007402,55,9,1028.3600000000001,3,4,4,344,Champions
CUST007403,38,5,567.8499999999999,4,3,3,433,Champions
CUST007404,11,5,488.03000000000003,4,3,2,432,Potential Loyalists
CUST007405,44,5,549.42,4,3,3,433,Champions
CUST007406,335,2,208.98000000000002,1,1,1,111,Lost
CUST007407,444,1,133.87,1,1,1,111,Lost
CUST007408,258,1,80.32,1,1,1,111,Lost
CUST007409,86,3,361.01,3,1,2,312,Dormant
CUST007410,224,7,854.5,1,4,4,144,Loyal Customers
CUST007411,213,6,825.63,1,3,4,134,Loyal Customers
CUST007412,292,5,516.14,1,3,3,133,Loyal Customers
CUST007413,58,5,499.24,3,3,3,333,Champions
CUST007414,18,4,503.34000000000003,4,2,3,423,Potential Loyalists
CUST007415,37,9,930.4,4,4,4,444,Champions
CUST007416,19,8,1002.94,4,4,4,444,Champions
CUST007417,113,6,610.05,2,3,3,233,Loyal Customers
CUST007418,557,5,543.11,1,3,3,133,Loyal Customers
CUST007419,232,6,709.1,1,3,4,134,Loyal Customers
CUST007420,80,7,743.75,3,4,4,344,Champions
CUST007421,15,5,585.44,4,3,3,433,Champions
CUST007422,134,4,296.74,2,2,1,221,Need Attention
CUST007423,103,5,664.52,3,3,4,334,Champions
CUST007424,106,7,757.12,3,4,4,344,Champions
CUST007425,221,4,368.09,1,2,2,122,At Risk
CUST007426,28,2,163.41,4,1,1,411,Dormant
CUST007427,115,8,834.83,2,4,4,244,Loyal Customers
CUST007428,33,5,524.4,4,3,3,433,Champions
CUST007429,289,3,334.16999999999996,1,1,1,111,Lost
CUST007430,79,5,346.11,3,3,2,332,Potential Loyalists
CUST007431,177,5,547.69,2,3,3,233,Loyal Customers
CUST007432,60,5,459.9,3,3,2,332,Potential Loyalists
CUST007433,86,7,675.36,3,4,4,344,Champions
CUST007434,76,2,132.05,3,1,1,311,Dormant
CUST007435,198,5,371.73,2,3,2,232,Need Attention
CUST007436,1,6,610.26,4,3,3,433,Champions
CUST007437,422,3,547.59,1,1,3,113,Dormant
CUST007438,66,5,491.3,3,3,3,333,Champions
CUST007439,35,6,644.85,4,3,3,433,Champions
CUST007440,27,5,417.2,4,3,2,432,Potential Loyalists
CUST007441,63,11,1294.45,3,4,4,344,Champions
CUST007442,37,4,342.61,4,2,2,422,Potential Loyalists
CUST007443,150,5,592.01,2,3,3,233,Loyal Customers
CUST007444,31,6,610.97,4,3,3,433,Champions
CUST007445,154,6,654.33,2,3,3,233,Loyal Customers
CUST007446,107,4,332.76,2,2,1,221,Need Attention
CUST007447,265,3,239.03,1,1,1,111,Lost
CUST007448,109,7,761.36,2,4,4,244,Loyal Customers
CUST007449,488,4,346.25,1,2,2,122,At Risk
CUST007450,100,7,689.23,3,4,4,344,Champions
CUST007451,195,2,162.81,2,1,1,211,Dormant
CUST007452,59,5,489.21999999999997,3,3,2,332,Potential Loyalists
CUST007453,328,6,546.36,1,3,3,133,Loyal Customers
CUST007454,101,4,576.89,3,2,3,323,Potential Loyalists
CUST007455,23,5,568.16,4,3,3,433,Champions
CUST007456,127,6,606.8199999999999,2,3,3,233,Loyal Customers
CUST007457,443,5,511.15,1,3,3,133,Loyal Customers
CUST007458,87,4,346.35,3,2,2,322,Potential Loyalists
CUST007459,20,6,652.5799999999999,4,3,3,433,Champions
CUST007460,676,2,112.72,1,1,1,111,Lost
CUST007461,38,6,587.8000000000001,4,3,3,433,Champions
CUST007462,82,9,965.65,3,4,4,344,Champions
CUST007463,40,7,582.5,4,4,3,443,Champions
CUST007464,12,5,433.08,4,3,2,432,Potential Loyalists
CUST007465,1,9,1079.33,4,4,4,444,Champions
CUST007466,286,5,421.65,1,3,2,132,At Risk
CUST007467,173,3,184.95,2,1,1,211,Dormant
CUST007468,39,5,554.98,4,3,3,433,Champions
CUST007469,85,4,255.70999999999998,3,2,1,321,Need Attention
CUST007470,95,7,683.0600000000001,3,4,4,344,Champions
CUST007471,20,3,250.05,4,1,1,411,Dormant
CUST007472,89,4,380.86,3,2,2,322,Potential Loyalists
CUST007473,378,2,181.23000000000002,1,1,1,111,Lost
CUST007474,124,4,442.85,2,2,2,222,Need Attention
CUST007475,131,4,338.76,2,2,2,222,Need Attention
CUST007476,314,3,264.77,1,1,1,111,Lost
CUST007477,100,7,621.41,3,4,3,343,Champions
CUST007478,159,5,444.61,2,3,2,232,Need Attention
CUST007479,24,10,1046.83,4,4,4,444,Champions
CUST007480,198,5,449.49,2,3,2,232,Need Attention
CUST007481,236,3,390.02,1,1,2,112,Lost
CUST007482,129,10,816.27,2,4,4,244,Loyal Customers
CUST007483,565,3,351.83,1,1,2,112,Lost
CUST007484,120,1,127.61,2,1,1,211,Dormant
CUST007485,326,9,1163.17,1,4,4,144,Loyal Customers
CUST007487,19,11,1166.8600000000001,4,4,4,444,Champions
CUST007488,151,5,430.56,2,3,2,232,Need Attention
CUST007489,389,3,347.51,1,1,2,112,Lost
CUST007490,49,8,848.98,3,4,4,344,Champions
CUST007491,119,6,604.35,2,3,3,233,Loyal Customers
CUST007492,44,9,1230.1,4,4,4,444,Champions
CUST007493,94,7,787.1700000000001,3,4,4,344,Champions
CUST007494,280,6,549.28,1,3,3,133,Loyal Customers
CUST007495,80,7,853.18,3,4,4,344,Champions
CUST007496,67,7,762.09,3,4,4,344,Champions
CUST007497,360,3,233.5,1,1,1,111,Lost
CUST007498,48,6,591.36,3,3,3,333,Champions
CUST007499,139,8,817.63,2,4,4,244,Loyal Customers
CUST007500,189,7,624.12,2,4,3,243,Loyal Customers
CUST007501,259,4,359.03,1,2,2,122,At Risk
CUST007502,563,1,112.86,1,1,1,111,Lost
CUST007503,161,6,525.41,2,3,3,233,Loyal Customers
CUST007504,80,5,509.11,3,3,3,333,Champions
CUST007505,5,10,991.88,4,4,4,444,Champions
CUST007506,177,3,286.22,2,1,1,211,Dormant
CUST007507,33,8,839.5899999999999,4,4,4,444,Champions
CUST007508,5,10,1068.63,4,4,4,444,Champions
CUST007509,26,6,545.13,4,3,3,433,Champions
CUST007510,173,2,170.74,2,1,1,211,Dormant
CUST007511,152,4,363.71999999999997,2,2,2,222,Need Attention
CUST007512,24,8,773.6,4,4,4,444,Champions
CUST007513,28,7,901.71,4,4,4,444,Champions
CUST007514,84,3,198.84,3,1,1,311,Dormant
CUST007515,83,7,537.51,3,4,3,343,Champions
CUST007516,322,1,88.9,1,1,1,111,Lost
CUST007517,52,3,410.51,3,1,2,312,Dormant
CUST007518,21,6,599.19,4,3,3,433,Champions
CUST007519,177,4,469.14,2,2,2,222,Need Attention
CUST007520,30,5,471.77,4,3,2,432,Potential Loyalists
CUST007521,218,3,253.73,1,1,1,111,Lost
CUST007522,141,4,538.77,2,2,3,223,Need Attention
CUST007523,14,7,567.28,4,4,3,443,Champions
CUST007524,4,7,734.41,4,4,4,444,Champions
CUST007525,81,4,416.8,3,2,2,322,Potential Loyalists
CUST007526,24,6,578.3499999999999,4,3,3,433,Champions
CUST007527,71,10,889.77,3,4,4,344,Champions
CUST007528,120,2,217.63,2,1,1,211,Dormant
CUST007529,480,2,229.14,1,1,1,111,Lost
CUST007530,61,8,837.06,3,4,4,344,Champions
CUST007531,264,6,718.89,1,3,4,134,Loyal Customers
CUST007532,31,2,113.74000000000001,4,1,1,411,Dormant
CUST007533,65,3,247.05,3,1,1,311,Dormant
CUST007534,338,6,563.98,1,3,3,133,Loyal Customers
CUST007535,685,2,216.82999999999998,1,1,1,111,Lost
CUST007536,20,5,499.17,4,3,3,433,Champions
CUST007537,288,2,252.14,1,1,1,111,Lost
CUST007538,53,6,518.54,3,3,3,333,Champions
CUST007539,1,7,676.98,4,4,4,444,Champions
CUST007540,214,9,1077.1200000000001,1,4,4,144,Loyal Customers
CUST007541,29,3,251.75,4,1,1,411,Dormant
CUST007542,32,2,154.99,4,1,1,411,Dormant
CUST007543,415,2,225.7,1,1,1,111,Lost
CUST007544,380,5,589.55,1,3,3,133,Loyal Customers
CUST007545,343,3,409.45,1,1,2,112,Lost
CUST007546,216,4,401.46,1,2,2,122,At Risk
CUST007547,121,6,673.4000000000001,2,3,4,234,Loyal Customers
CUST007548,321,2,124.85,1,1,1,111,Lost
CUST007549,97,9,912.69,3,4,4,344,Champions
CUST007550,231,3,235.03,1,1,1,111,Lost
CUST007551,65,9,842.81,3,4,4,344,Champions
CUST007552,128,5,471.64,2,3,2,232,Need Attention
CUST007553,26,6,605.35,4,3,3,433,Champions
CUST007554,58,6,698.14,3,3,4,334,Champions
CUST007555,370,3,202.51999999999998,1,1,1,111,Lost
CUST007556,89,7,543.24,3,4,3,343,Champions
CUST007557,12,5,560.06,4,3,3,433,Champions
CUST007558,410,2,233.59,1,1,1,111,Lost
CUST007559,109,12,1266.52,2,4,4,244,Loyal Customers
CUST007560,155,5,380.23,2,3,2,232,Need Attention
CUST007561,166,7,782.71,2,4,4,244,Loyal Customers
CUST007562,23,4,544.84,4,2,3,423,Potential Loyalists
CUST007563,415,3,219.95,1,1,1,111,Lost
CUST007564,135,2,165.86,2,1,1,211,Dormant
CUST007565,187,6,668.75,2,3,4,234,Loyal Customers
CUST007566,44,4,442.86,4,2,2,422,Potential Loyalists
CUST007567,672,1,90.17,1,1,1,111,Lost
CUST007568,529,2,148.99,1,1,1,111,Lost
CUST007569,13,8,623.39,4,4,3,443,Champions
CUST007570,27,5,507.74,4,3,3,433,Champions
CUST007571,63,6,615.03,3,3,3,333,Champions
CUST007572,48,4,401.78,3,2,2,322,Potential Loyalists
CUST007573,79,4,295.63,3,2,1,321,Need Attention
CUST007574,154,6,733.12,2,3,4,234,Loyal Customers
CUST007575,255,1,137.01,1,1,1,111,Lost
CUST007576,192,5,564.29,2,3,3,233,Loyal Customers
CUST007577,93,6,589.02,3,3,3,333,Champions
CUST007578,189,3,319.96,2,1,1,211,Dormant
CUST007579,72,3,310.84,3,1,1,311,Dormant
CUST007580,148,3,195.8,2,1,1,211,Dormant
CUST007581,36,7,631.71,4,4,3,443,Champions
CUST007582,139,4,482.38,2,2,2,222,Need Attention
CUST007583,1,5,533.19,4,3,3,433,Champions
CUST007584,44,5,461.39,4,3,2,432,Potential Loyalists
CUST007585,59,5,446.7,3,3,2,332,Potential Loyalists
CUST007586,146,4,305.61,2,2,1,221,Need Attention
CUST007587,30,3,368.13,4,1,2,412,Dormant
CUST007588,216,3,374.16,1,1,2,112,Lost
CUST007589,177,4,349.51,2,2,2,222,Need Attention
CUST007590,184,5,466.64,2,3,2,232,Need Attention
CUST007591,182,5,687.51,2,3,4,234,Loyal Customers
CUST007592,89,4,349.1,3,2,2,322,Potential Loyalists
CUST007593,37,8,787.1700000000001,4,4,4,444,Champions
CUST007594,305,3,404.27,1,1,2,112,Lost
CUST007595,48,9,946.9200000000001,3,4,4,344,Champions
CUST007596,333,2,243.61,1,1,1,111,Lost
CUST007597,74,11,1136.0900000000001,3,4,4,344,Champions
CUST007598,97,3,211.51,3,1,1,311,Dormant
CUST007599,37,4,630.73,4,2,3,423,Potential Loyalists
CUST007600,181,3,331.53,2,1,1,211,Dormant
CUST007601,147,5,496.17,2,3,3,233,Loyal Customers
CUST007602,26,3,339.55,4,1,2,412,Dormant
CUST007603,129,6,685.0,2,3,4,234,Loyal Customers
CUST007604,9,6,641.88,4,3,3,433,Champions
CUST007605,61,7,831.75,3,4,4,344,Champions
CUST007606,127,5,414.1,2,3,2,232,Need Attention
CUST007607,70,4,348.73,3,2,2,322,Potential Loyalists
CUST007608,242,1,78.61,1,1,1,111,Lost
CUST007610,492,3,373.38,1,1,2,112,Lost
CUST007611,22,8,714.55,4,4,4,444,Champions
CUST007612,167,4,441.72,2,2,2,222,Need Attention
CUST007613,249,5,511.75,1,3,3,133,Loyal Customers
CUST007614,98,6,481.95000000000005,3,3,2,332,Potential Loyalists
CUST007615,27,6,636.38,4,3,3,433,Champions
CUST007616,156,5,467.96000000000004,2,3,2,232,Need Attention
CUST007617,85,4,348.7,3,2,2,322,Potential Loyalists
CUST007618,66,7,746.39,3,4,4,344,Champions
CUST007619,420,2,190.70999999999998,1,1,1,111,Lost
CUST007620,170,6,477.7,2,3,2,232,Need Attention
CUST007621,201,9,861.36,2,4,4,244,Loyal Customers
CUST007622,436,4,384.82,1,2,2,122,At Risk
CUST007623,209,5,528.13,2,3,3,233,Loyal Customers
CUST007624,464,4,509.61,1,2,3,123,At Risk
CUST007625,3,5,434.95,4,3,2,432,Potential Loyalists
CUST007626,18,3,260.14,4,1,1,411,Dormant
CUST007627,73,5,533.4200000000001,3,3,3,333,Champions
CUST007628,362,8,712.91,1,4,4,144,Loyal Customers
CUST007629,4,8,924.87,4,4,4,444,Champions
CUST007630,4,4,332.91999999999996,4,2,1,421,Need Attention
CUST007631,93,1,82.63,3,1,1,311,Dormant
CUST007632,183,6,681.95,2,3,4,234,Loyal Customers
CUST007633,13,6,424.7,4,3,2,432,Potential Loyalists
CUST007634,451,4,394.13,1,2,2,122,At Risk
CUST007635,169,7,946.16,2,4,4,244,Loyal Customers
CUST007636,103,3,327.25,3,1,1,311,Dormant
CUST007637,87,7,829.7,3,4,4,344,Champions
CUST007638,31,5,479.05,4,3,2,432,Potential Loyalists
CUST007639,523,2,186.07999999999998,1,1,1,111,Lost
CUST007640,292,7,686.9399999999999,1,4,4,144,Loyal Customers
CUST007641,74,4,302.99,3,2,1,321,Need Attention
CUST007642,242,4,412.83,1,2,2,122,At Risk
CUST007643,521,1,111.15,1,1,1,111,Lost
CUST007644,452,7,715.4300000000001,1,4,4,144,Loyal Customers
CUST007645,17,6,785.81,4,3,4,434,Champions
CUST007646,339,3,432.15999999999997,1,1,2,112,Lost
CUST007647,263,2,88.86,1,1,1,111,Lost
CUST007648,9,5,495.27,4,3,3,433,Champions
CUST007649,414,3,333.40999999999997,1,1,1,111,Lost
CUST007650,90,8,816.8299999999999,3,4,4,344,Champions
CUST007651,106,2,152.29,3,1,1,311,Dormant
CUST007652,57,4,319.23,3,2,1,321,Need Attention
CUST007653,13,3,287.86,4,1,1,411,Dormant
CUST007654,159,4,394.96000000000004,2,2,2,222,Need Attention
CUST007655,37,4,298.23,4,2,1,421,Need Attention
CUST007656,25,6,756.85,4,3,4,434,Champions
CUST007657,74,6,896.99,3,3,4,334,Champions
CUST007658,251,8,919.23,1,4,4,144,Loyal Customers
CUST007659,446,2,196.24,1,1,1,111,Lost
CUST007660,6,9,808.74,4,4,4,444,Champions
CUST007661,92,6,477.87,3,3,2,332,Potential Loyalists
CUST007662,31,12,1047.33,4,4,4,444,Champions
CUST007663,136,3,381.94,2,1,2,212,Dormant
CUST007664,101,6,681.79,3,3,4,334,Champions
CUST007665,108,3,250.91000000000003,2,1,1,211,Dormant
CUST007666,17,2,194.4,4,1,1,411,Dormant
CUST007667,75,4,353.52,3,2,2,322,Potential Loyalists
CUST007668,252,5,591.35,1,3,3,133,Loyal Customers
CUST007669,4,4,366.78,4,2,2,422,Potential Loyalists
CUST007670,337,3,238.92000000000002,1,1,1,111,Lost
CUST007671,344,4,342.72,1,2,2,122,At Risk
CUST007672,92,8,825.59,3,4,4,344,Champions
CUST007673,18,5,550.31,4,3,3,433,Champions
CUST007675,194,7,985.16,2,4,4,244,Loyal Customers
CUST007676,8,3,195.29000000000002,4,1,1,411,Dormant
CUST007677,106,8,850.36,3,4,4,344,Champions
CUST007678,78,6,612.81,3,3,3,333,Champions
CUST007679,22,5,459.06,4,3,2,432,Potential Loyalists
CUST007680,22,5,493.36,4,3,3,433,Champions
CUST007681,103,4,546.71,3,2,3,323,Potential Loyalists
CUST007682,32,5,628.86,4,3,3,433,Champions
CUST007683,294,4,454.8,1,2,2,122,At Risk
CUST007684,59,4,361.22,3,2,2,322,Potential Loyalists
CUST007685,343,2,177.42000000000002,1,1,1,111,Lost
CUST007686,39,3,221.63,4,1,1,411,Dormant
CUST007687,140,3,267.64,2,1,1,211,Dormant
CUST007688,23,5,595.29,4,3,3,433,Champions
CUST007689,199,6,599.13,2,3,3,233,Loyal Customers
CUST007690,64,6,587.0699999999999,3,3,3,333,Champions
CUST007691,304,4,332.90999999999997,1,2,1,121,Lost
CUST007692,1,6,648.5899999999999,4,3,3,433,Champions
CUST007693,48,6,620.23,3,3,3,333,Champions
CUST007694,307,5,467.43,1,3,2,132,At Risk
CUST007695,142,5,529.91,2,3,3,233,Loyal Customers
CUST007696,282,5,584.29,1,3,3,133,Loyal Customers
CUST007697,319,7,639.5699999999999,1,4,3,143,Loyal Customers
CUST007698,60,6,596.95,3,3,3,333,Champions
CUST007699,142,7,734.86,2,4,4,244,Loyal Customers
CUST007700,57,4,489.42,3,2,2,322,Potential Loyalists
CUST007701,145,5,418.3,2,3,2,232,Need Attention
CUST007702,7,2,293.0,4,1,1,411,Dormant
CUST007703,250,2,178.91,1,1,1,111,Lost
CUST007704,9,6,703.37,4,3,4,434,Champions
CUST007705,165,8,701.73,2,4,4,244,Loyal Customers
CUST007706,5,8,732.31,4,4,4,444,Champions
CUST007707,13,5,349.77,4,3,2,432,Potential Loyalists
CUST007708,5,6,513.9,4,3,3,433,Champions
CUST007709,75,5,384.58000000000004,3,3,2,332,Potential Loyalists
CUST007710,76,3,479.77,3,1,2,312,Dormant
CUST007711,57,10,958.8299999999999,3,4,4,344,Champions
CUST007712,52,10,1248.78,3,4,4,344,Champions
CUST007713,115,4,590.35,2,2,3,223,Need Attention
CUST007714,36,4,438.09999999999997,4,2,2,422,Potential Loyalists
CUST007715,11,4,420.20000000000005,4,2,2,422,Potential Loyalists
CUST007716,80,5,634.95,3,3,3,333,Champions
CUST007717,73,5,552.23,3,3,3,333,Champions
CUST007718,15,5,386.11,4,3,2,432,Potential Loyalists
CUST007719,724,1,147.85,1,1,1,111,Lost
CUST007720,114,7,769.01,2,4,4,244,Loyal Customers
CUST007721,169,3,319.74,2,1,1,211,Dormant
CUST007722,160,5,428.69,2,3,2,232,Need Attention
CUST007723,303,5,658.6800000000001,1,3,3,133,Loyal Customers
CUST007724,302,7,722.4,1,4,4,144,Loyal Customers
CUST007725,113,2,146.89,2,1,1,211,Dormant
CUST007726,11,4,593.27,4,2,3,423,Potential Loyalists
CUST007727,38,8,850.5,4,4,4,444,Champions
CUST007728,339,4,370.78999999999996,1,2,2,122,At Risk
CUST007729,30,6,636.75,4,3,3,433,Champions
CUST007730,233,3,270.68,1,1,1,111,Lost
CUST007731,149,4,433.51,2,2,2,222,Need Attention
CUST007732,39,4,503.08,4,2,3,423,Potential Loyalists
CUST007733,45,5,420.06,4,3,2,432,Potential Loyalists
CUST007734,56,6,556.5,3,3,3,333,Champions
CUST007735,45,7,643.14,4,4,3,443,Champions
CUST007736,290,3,452.23,1,1,2,112,Lost
CUST007737,20,3,329.13,4,1,1,411,Dormant
CUST007738,71,1,122.38,3,1,1,311,Dormant
CUST007739,60,4,334.13,3,2,1,321,Need Attention
CUST007740,188,6,502.01,2,3,3,233,Loyal Customers
CUST007741,171,5,478.2,2,3,2,232,Need Attention
CUST007742,13,8,848.38,4,4,4,444,Champions
CUST007743,328,2,203.07999999999998,1,1,1,111,Lost
CUST007744,459,1,87.33,1,1,1,111,Lost
CUST007745,359,3,371.04999999999995,1,1,2,112,Lost
CUST007746,250,8,998.58,1,4,4,144,Loyal Customers
CUST007747,138,5,381.06,2,3,2,232,Need Attention
CUST007748,159,5,436.0,2,3,2,232,Need Attention
CUST007749,317,4,327.27,1,2,1,121,Lost
CUST007750,65,6,594.96,3,3,3,333,Champions
CUST007751,57,4,463.53,3,2,2,322,Potential Loyalists
CUST007752,11,7,796.49,4,4,4,444,Champions
CUST007753,13,9,1006.76,4,4,4,444,Champions
CUST007754,114,3,271.61,2,1,1,211,Dormant
CUST007755,98,3,367.48,3,1,2,312,Dormant
CUST007756,406,4,329.31,1,2,1,121,Lost
CUST007757,147,3,414.56,2,1,2,212,Dormant
CUST007758,381,2,299.64,1,1,1,111,Lost
CUST007759,43,8,669.75,4,4,4,444,Champions
CUST007760,46,6,528.4,4,3,3,433,Champions
CUST007761,8,4,511.41999999999996,4,2,3,423,Potential Loyalists
CUST007762,461,2,320.46,1,1,1,111,Lost
CUST007763,33,15,1528.98,4,4,4,444,Champions
CUST007764,57,4,399.57,3,2,2,322,Potential Loyalists
CUST007765,71,5,581.17,3,3,3,333,Champions
CUST007766,116,5,571.21,2,3,3,233,Loyal Customers
CUST007767,105,4,352.46999999999997,3,2,2,322,Potential Loyalists
CUST007768,25,4,344.03,4,2,2,422,Potential Loyalists
CUST007769,28,9,1206.43,4,4,4,444,Champions
CUST007770,92,5,398.85,3,3,2,332,Potential Loyalists
CUST007771,78,5,407.15,3,3,2,332,Potential Loyalists
CUST007772,227,4,390.31,1,2,2,122,At Risk
CUST007773,239,5,489.15999999999997,1,3,2,132,At Risk
CUST007774,144,8,910.6,2,4,4,244,Loyal Customers
CUST007775,27,5,410.73,4,3,2,432,Potential Loyalists
CUST007776,274,5,571.8,1,3,3,133,Loyal Customers
CUST007777,306,4,464.02,1,2,2,122,At Risk
CUST007779,164,7,715.73,2,4,4,244,Loyal Customers
CUST007780,98,7,669.1,3,4,4,344,Champions
CUST007781,184,4,301.87,2,2,1,221,Need Attention
CUST007782,6,9,743.74,4,4,4,444,Champions
CUST007783,68,5,387.2,3,3,2,332,Potential Loyalists
CUST007784,62,4,388.01,3,2,2,322,Potential Loyalists
CUST007785,135,5,605.25,2,3,3,233,Loyal Customers
CUST007786,22,5,397.07,4,3,2,432,Potential Loyalists
CUST007787,47,10,1137.73,3,4,4,344,Champions
CUST007788,359,3,278.55,1,1,1,111,Lost
CUST007789,175,9,929.1800000000001,2,4,4,244,Loyal Customers
CUST007790,309,3,246.16,1,1,1,111,Lost
CUST007791,101,4,308.75,3,2,1,321,Need Attention
CUST007792,1,4,410.48,4,2,2,422,Potential Loyalists
CUST007793,21,7,912.3399999999999,4,4,4,444,Champions
CUST007794,77,4,506.2,3,2,3,323,Potential Loyalists
CUST007795,70,4,392.3,3,2,2,322,Potential Loyalists
CUST007796,3,5,453.44,4,3,2,432,Potential Loyalists
CUST007797,151,4,339.07,2,2,2,222,Need Attention
CUST007798,113,4,350.38,2,2,2,222,Need Attention
CUST007799,148,4,491.07,2,2,3,223,Need Attention
CUST007800,141,4,383.22,2,2,2,222,Need Attention
CUST007801,133,7,955.11,2,4,4,244,Loyal Customers
CUST007802,205,6,435.93,2,3,2,232,Need Attention
CUST007803,164,6,626.41,2,3,3,233,Loyal Customers
CUST007804,323,4,345.58,1,2,2,122,At Risk
CUST007805,61,7,682.43,3,4,4,344,Champions
CUST007806,41,5,417.91999999999996,4,3,2,432,Potential Loyalists
CUST007807,192,6,616.79,2,3,3,233,Loyal Customers
CUST007808,50,4,356.15,3,2,2,322,Potential Loyalists
CUST007809,316,5,375.87,1,3,2,132,At Risk
CUST007810,5,4,324.49,4,2,1,421,Need Attention
CUST007811,277,5,479.55,1,3,2,132,At Risk
CUST007812,3,6,572.88,4,3,3,433,Champions
CUST007813,223,6,632.78,1,3,3,133,Loyal Customers
CUST007814,26,6,664.76,4,3,4,434,Champions
CUST007815,59,8,844.54,3,4,4,344,Champions
CUST007816,186,2,150.43,2,1,1,211,Dormant
CUST007817,299,2,164.73000000000002,1,1,1,111,Lost
CUST007818,113,4,480.6,2,2,2,222,Need Attention
CUST007819,149,5,600.74,2,3,3,233,Loyal Customers
CUST007820,47,3,383.53999999999996,3,1,2,312,Dormant
CUST007821,31,3,294.44,4,1,1,411,Dormant
CUST007822,156,3,285.45,2,1,1,211,Dormant
CUST007823,198,7,623.3199999999999,2,4,3,243,Loyal Customers
CUST007824,139,4,533.8100000000001,2,2,3,223,Need Attention
CUST007825,67,4,412.29,3,2,2,322,Potential Loyalists
CUST007826,116,7,661.55,2,4,4,244,Loyal Customers
CUST007827,299,5,485.65,1,3,2,132,At Risk
CUST007828,50,6,832.06,3,3,4,334,Champions
CUST007829,138,8,782.26,2,4,4,244,Loyal Customers
CUST007830,146,5,478.15999999999997,2,3,2,232,Need Attention
CUST007831,12,4,362.0,4,2,2,422,Potential Loyalists
CUST007832,110,4,453.67,2,2,2,222,Need Attention
CUST007833,480,3,383.35,1,1,2,112,Lost
CUST007834,130,5,532.09,2,3,3,233,Loyal Customers
CUST007835,280,4,354.33,1,2,2,122,At Risk
CUST007836,239,4,315.16,1,2,1,121,Lost
CUST007837,3,5,521.8199999999999,4,3,3,433,Champions
CUST007838,104,4,354.09999999999997,3,2,2,322,Potential Loyalists
CUST007839,311,1,115.26,1,1,1,111,Lost
CUST007840,657,2,146.88,1,1,1,111,Lost
CUST007841,5,4,547.85,4,2,3,423,Potential Loyalists
CUST007842,106,2,156.7,3,1,1,311,Dormant
CUST007843,68,7,772.0400000000001,3,4,4,344,Champions
CUST007844,139,6,594.13,2,3,3,233,Loyal Customers
CUST007845,17,2,276.72,4,1,1,411,Dormant
CUST007846,54,6,477.77,3,3,2,332,Potential Loyalists
CUST007847,44,5,553.96,4,3,3,433,Champions
CUST007848,170,5,474.62,2,3,2,232,Need Attention
CUST007849,258,6,667.95,1,3,4,134,Loyal Customers
CUST007850,88,4,460.02,3,2,2,322,Potential Loyalists
CUST007851,94,5,423.12,3,3,2,332,Potential Loyalists
CUST007852,301,4,392.37,1,2,2,122,At Risk
CUST007853,246,4,477.21999999999997,1,2,2,122,At Risk
CUST007854,176,6,524.94,2,3,3,233,Loyal Customers
CUST007855,61,5,568.4200000000001,3,3,3,333,Champions
CUST007856,144,4,300.73,2,2,1,221,Need Attention
CUST007857,142,7,819.04,2,4,4,244,Loyal Customers
CUST007858,194,2,199.16,2,1,1,211,Dormant
CUST007859,276,5,621.13,1,3,3,133,Loyal Customers
CUST007860,370,6,582.55,1,3,3,133,Loyal Customers
CUST007861,33,8,517.5,4,4,3,443,Champions
CUST007862,144,4,383.81,2,2,2,222,Need Attention
CUST007863,36,6,631.94,4,3,3,433,Champions
CUST007864,198,4,366.58,2,2,2,222,Need Attention
CUST007865,172,8,959.98,2,4,4,244,Loyal Customers
CUST007866,87,4,343.54,3,2,2,322,Potential Loyalists
CUST007867,104,1,71.95,3,1,1,311,Dormant
CUST007868,280,1,147.58,1,1,1,111,Lost
CUST007869,406,5,617.21,1,3,3,133,Loyal Customers
CUST007870,249,5,447.6,1,3,2,132,At Risk
CUST007871,32,9,986.48,4,4,4,444,Champions
CUST007872,204,4,376.61,2,2,2,222,Need Attention
CUST007873,278,7,521.79,1,4,3,143,Loyal Customers
CUST007874,210,9,1111.26,2,4,4,244,Loyal Customers
CUST007875,327,2,216.63,1,1,1,111,Lost
CUST007876,11,1,71.25,4,1,1,411,Dormant
CUST007877,413,5,537.3,1,3,3,133,Loyal Customers
CUST007878,31,10,1339.52,4,4,4,444,Champions
CUST007879,219,4,442.32,1,2,2,122,At Risk
CUST007880,62,8,1036.5,3,4,4,344,Champions
CUST007881,17,7,642.9,4,4,3,443,Champions
CUST007882,76,9,972.5899999999999,3,4,4,344,Champions
CUST007883,388,3,345.76,1,1,2,112,Lost
CUST007884,1,5,448.83,4,3,2,432,Potential Loyalists
CUST007885,165,6,749.52,2,3,4,234,Loyal Customers
CUST007886,175,3,312.45,2,1,1,211,Dormant
CUST007887,122,7,624.9399999999999,2,4,3,243,Loyal Customers
CUST007888,10,7,779.36,4,4,4,444,Champions
CUST007889,104,4,320.15,3,2,1,321,Need Attention
CUST007890,12,7,602.17,4,4,3,443,Champions
CUST007891,27,6,566.02,4,3,3,433,Champions
CUST007892,181,4,360.06,2,2,2,222,Need Attention
CUST007893,156,7,916.71,2,4,4,244,Loyal Customers
CUST007894,28,5,568.96,4,3,3,433,Champions
CUST007895,70,5,498.23,3,3,3,333,Champions
CUST007896,205,3,402.65999999999997,2,1,2,212,Dormant
CUST007897,79,5,487.1,3,3,2,332,Potential Loyalists
CUST007899,26,9,848.68,4,4,4,444,Champions
CUST007900,9,6,644.39,4,3,3,433,Champions
CUST007901,212,1,82.93,1,1,1,111,Lost
CUST007902,31,8,796.91,4,4,4,444,Champions
CUST007903,265,5,589.65,1,3,3,133,Loyal Customers
CUST007904,50,4,503.6,3,2,3,323,Potential Loyalists
CUST007905,111,4,334.84000000000003,2,2,1,221,Need Attention
CUST007906,1,7,821.96,4,4,4,444,Champions
CUST007907,197,6,662.0,2,3,4,234,Loyal Customers
CUST007908,271,4,531.7,1,2,3,123,At Risk
CUST007909,16,7,749.04,4,4,4,444,Champions
CUST007910,104,5,493.49,3,3,3,333,Champions
CUST007911,122,2,280.25,2,1,1,211,Dormant
CUST007912,584,2,172.86,1,1,1,111,Lost
CUST007913,8,4,361.4,4,2,2,422,Potential Loyalists
CUST007914,172,9,869.0600000000001,2,4,4,244,Loyal Customers
CUST007915,7,3,251.58999999999997,4,1,1,411,Dormant
CUST007916,305,3,267.26,1,1,1,111,Lost
CUST007917,89,7,856.6,3,4,4,344,Champions
CUST007918,151,6,585.29,2,3,3,233,Loyal Customers
CUST007919,2,3,259.95,4,1,1,411,Dormant
CUST007920,74,2,129.81,3,1,1,311,Dormant
CUST007921,290,2,203.63,1,1,1,111,Lost
CUST007922,372,4,521.37,1,2,3,123,At Risk
CUST007923,85,6,578.9200000000001,3,3,3,333,Champions
CUST007924,56,4,559.3199999999999,3,2,3,323,Potential Loyalists
CUST007925,53,4,372.37,3,2,2,322,Potential Loyalists
CUST007926,85,7,634.15,3,4,3,343,Champions
CUST007927,142,3,503.37,2,1,3,213,Dormant
CUST007928,97,8,876.15,3,4,4,344,Champions
CUST007929,118,8,1050.12,2,4,4,244,Loyal Customers
CUST007930,227,8,700.05,1,4,4,144,Loyal Customers
CUST007931,117,3,327.28,2,1,1,211,Dormant
CUST007932,141,6,559.35,2,3,3,233,Loyal Customers
CUST007933,42,5,473.74,4,3,2,432,Potential Loyalists
CUST007934,14,8,837.93,4,4,4,444,Champions
CUST007935,625,3,295.89,1,1,1,111,Lost
CUST007936,31,2,239.23,4,1,1,411,Dormant
CUST007937,280,2,214.22000000000003,1,1,1,111,Lost
CUST007938,18,10,969.94,4,4,4,444,Champions
CUST007939,93,8,749.94,3,4,4,344,Champions
CUST007940,98,4,343.42,3,2,2,322,Potential Loyalists
CUST007941,21,4,433.02,4,2,2,422,Potential Loyalists
CUST007942,49,3,238.91,3,1,1,311,Dormant
CUST007943,132,3,255.57999999999998,2,1,1,211,Dormant
CUST007944,14,5,540.47,4,3,3,433,Champions
CUST007945,6,8,850.87,4,4,4,444,Champions
CUST007946,245,3,216.7,1,1,1,111,Lost
CUST007947,369,4,344.68,1,2,2,122,At Risk
CUST007948,166,9,971.55,2,4,4,244,Loyal Customers
CUST007949,64,5,450.26,3,3,2,332,Potential Loyalists
CUST007950,104,6,546.21,3,3,3,333,Champions
CUST007951,234,7,656.51,1,4,3,143,Loyal Customers
CUST007952,25,4,409.24,4,2,2,422,Potential Loyalists
CUST007953,139,4,336.34,2,2,1,221,Need Attention
CUST007954,472,2,144.98000000000002,1,1,1,111,Lost
CUST007955,285,4,547.5500000000001,1,2,3,123,At Risk
CUST007956,106,5,595.15,3,3,3,333,Champions
CUST007957,638,3,379.67,1,1,2,112,Lost
CUST007958,198,7,869.21,2,4,4,244,Loyal Customers
CUST007959,376,3,456.12,1,1,2,112,Lost
CUST007960,451,3,238.89999999999998,1,1,1,111,Lost
CUST007961,67,7,627.47,3,4,3,343,Champions
CUST007962,269,2,188.46,1,1,1,111,Lost
CUST007963,657,1,77.4,1,1,1,111,Lost
CUST007964,111,6,657.38,2,3,3,233,Loyal Customers
CUST007965,72,9,880.29,3,4,4,344,Champions
CUST007966,176,7,957.54,2,4,4,244,Loyal Customers
CUST007967,26,8,748.79,4,4,4,444,Champions
CUST007968,116,5,440.66999999999996,2,3,2,232,Need Attention
CUST007969,46,5,492.65000000000003,4,3,3,433,Champions
CUST007970,233,5,563.87,1,3,3,133,Loyal Customers
CUST007971,712,1,78.11,1,1,1,111,Lost
CUST007972,67,5,442.73,3,3,2,332,Potential Loyalists
CUST007973,231,8,684.72,1,4,4,144,Loyal Customers
CUST007974,58,5,478.53999999999996,3,3,2,332,Potential Loyalists
CUST007975,71,7,875.46,3,4,4,344,Champions
CUST007976,230,3,350.29999999999995,1,1,2,112,Lost
CUST007977,230,9,844.44,1,4,4,144,Loyal Customers
CUST007978,34,5,496.9,4,3,3,433,Champions
CUST007979,179,2,225.35,2,1,1,211,Dormant
CUST007980,17,3,414.59,4,1,2,412,Dormant
CUST007981,691,1,76.58,1,1,1,111,Lost
CUST007982,254,7,550.3,1,4,3,143,Loyal Customers
CUST007983,208,3,291.35,2,1,1,211,Dormant
CUST007984,228,1,65.4,1,1,1,111,Lost
CUST007985,209,2,301.7,2,1,1,211,Dormant
CUST007986,26,6,500.7,4,3,3,433,Champions
CUST007987,105,4,451.02,3,2,2,322,Potential Loyalists
CUST007988,191,3,284.64,2,1,1,211,Dormant
CUST007989,12,4,442.23,4,2,2,422,Potential Loyalists
CUST007990,28,7,796.8,4,4,4,444,Champions
CUST007991,72,5,477.87,3,3,2,332,Potential Loyalists
CUST007992,65,6,735.53,3,3,4,334,Champions
CUST007993,158,6,675.3,2,3,4,234,Loyal Customers
CUST007994,211,5,402.55,2,3,2,232,Need Attention
CUST007995,180,8,908.4300000000001,2,4,4,244,Loyal Customers
CUST007996,5,5,530.89,4,3,3,433,Champions
CUST007997,32,5,445.01,4,3,2,432,Potential Loyalists
CUST007998,71,5,574.14,3,3,3,333,Champions
CUST007999,72,7,800.79,3,4,4,344,Champions
CUST008000,221,2,203.60000000000002,1,1,1,111,Lost
CUST008001,600,2,205.04000000000002,1,1,1,111,Lost
CUST008002,227,5,485.12,1,3,2,132,At Risk
CUST008003,48,4,435.08000000000004,3,2,2,322,Potential Loyalists
CUST008004,14,6,645.69,4,3,3,433,Champions
CUST008005,174,4,307.9,2,2,1,221,Need Attention
CUST008006,121,3,324.25,2,1,1,211,Dormant
CUST008007,2,5,476.93,4,3,2,432,Potential Loyalists
CUST008008,20,6,577.69,4,3,3,433,Champions
CUST008009,106,6,736.99,3,3,4,334,Champions
CUST008010,104,7,624.79,3,4,3,343,Champions
CUST008011,220,7,680.35,1,4,4,144,Loyal Customers
CUST008012,234,4,362.77,1,2,2,122,At Risk
CUST008013,184,3,295.3,2,1,1,211,Dormant
CUST008014,131,3,295.75,2,1,1,211,Dormant
CUST008015,242,6,593.54,1,3,3,133,Loyal Customers
CUST008016,94,2,119.78999999999999,3,1,1,311,Dormant
CUST008017,215,5,506.18,1,3,3,133,Loyal Customers
CUST008018,152,6,745.12,2,3,4,234,Loyal Customers
CUST008019,587,2,159.31,1,1,1,111,Lost
CUST008020,51,6,492.05,3,3,3,333,Champions
CUST008021,25,4,310.82,4,2,1,421,Need Attention
CUST008022,21,5,675.31,4,3,4,434,Champions
CUST008023,58,7,842.94,3,4,4,344,Champions
CUST008024,328,11,1071.8700000000001,1,4,4,144,Loyal Customers
CUST008025,161,4,294.19,2,2,1,221,Need Attention
CUST008026,140,6,832.84,2,3,4,234,Loyal Customers
CUST008027,45,3,288.85,4,1,1,411,Dormant
CUST008028,39,5,491.08000000000004,4,3,3,433,Champions
CUST008029,45,5,536.66,4,3,3,433,Champions
CUST008030,299,3,304.92,1,1,1,111,Lost
CUST008031,27,3,381.28,4,1,2,412,Dormant
CUST008032,138,5,502.96,2,3,3,233,Loyal Customers
CUST008033,68,3,421.41999999999996,3,1,2,312,Dormant
CUST008034,63,4,277.21,3,2,1,321,Need Attention
CUST008035,82,6,557.65,3,3,3,333,Champions
CUST008036,46,6,606.46,4,3,3,433,Champions
CUST008037,17,7,670.32,4,4,4,444,Champions
CUST008038,108,7,561.38,2,4,3,243,Loyal Customers
CUST008039,56,5,665.82,3,3,4,334,Champions
CUST008040,77,5,493.4,3,3,3,333,Champions
CUST008041,4,4,533.26,4,2,3,423,Potential Loyalists
CUST008042,11,6,586.21,4,3,3,433,Champions
CUST008043,110,3,181.55,2,1,1,211,Dormant
CUST008044,147,6,546.1,2,3,3,233,Loyal Customers
CUST008045,213,2,218.2,1,1,1,111,Lost
CUST008046,9,9,833.73,4,4,4,444,Champions
CUST008047,296,6,632.22,1,3,3,133,Loyal Customers
CUST008048,67,4,364.55,3,2,2,322,Potential Loyalists
CUST008049,287,6,538.85,1,3,3,133,Loyal Customers
CUST008050,21,4,399.45000000000005,4,2,2,422,Potential Loyalists
CUST008051,149,3,328.3,2,1,1,211,Dormant
CUST008052,294,3,334.15999999999997,1,1,1,111,Lost
CUST008053,123,2,266.52,2,1,1,211,Dormant
CUST008054,9,3,312.21000000000004,4,1,1,411,Dormant
CUST008055,198,2,178.41000000000003,2,1,1,211,Dormant
CUST008056,49,2,152.76,3,1,1,311,Dormant
CUST008057,48,6,622.75,3,3,3,333,Champions
CUST008058,27,3,302.5,4,1,1,411,Dormant
CUST008059,137,5,400.15,2,3,2,232,Need Attention
CUST008060,138,3,360.73,2,1,2,212,Dormant
CUST008061,93,3,286.14,3,1,1,311,Dormant
CUST008062,164,5,531.97,2,3,3,233,Loyal Customers
CUST008063,177,7,752.39,2,4,4,244,Loyal Customers
CUST008064,743,1,75.06,1,1,1,111,Lost
CUST008065,223,5,432.3,1,3,2,132,At Risk
CUST008066,120,6,659.5699999999999,2,3,3,233,Loyal Customers
CUST008067,150,4,290.96,2,2,1,221,Need Attention
CUST008068,261,4,453.21,1,2,2,122,At Risk
CUST008069,15,5,525.27,4,3,3,433,Champions
CUST008070,64,7,755.15,3,4,4,344,Champions
CUST008071,63,5,480.33000000000004,3,3,2,332,Potential Loyalists
CUST008072,140,10,991.63,2,4,4,244,Loyal Customers
CUST008073,358,1,210.62,1,1,1,111,Lost
CUST008074,198,6,810.68,2,3,4,234,Loyal Customers
CUST008075,63,4,299.45,3,2,1,321,Need Attention
CUST008076,394,2,211.36,1,1,1,111,Lost
CUST008077,20,5,394.04,4,3,2,432,Potential Loyalists
CUST008078,2,6,710.99,4,3,4,434,Champions
CUST008079,118,4,449.58000000000004,2,2,2,222,Need Attention
CUST008080,60,5,814.11,3,3,4,334,Champions
CUST008081,258,4,335.68,1,2,1,121,Lost
CUST008082,61,4,382.07,3,2,2,322,Potential Loyalists
CUST008083,47,3,296.69,3,1,1,311,Dormant
CUST008084,89,4,422.78,3,2,2,322,Potential Loyalists
CUST008085,163,4,408.71000000000004,2,2,2,222,Need Attention
CUST008086,103,2,157.05,3,1,1,311,Dormant
CUST008087,130,3,396.84000000000003,2,1,2,212,Dormant
CUST008088,34,7,562.16,4,4,3,443,Champions
CUST008089,22,3,184.07999999999998,4,1,1,411,Dormant
CUST008090,346,7,747.51,1,4,4,144,Loyal Customers
CUST008091,196,4,374.72,2,2,2,222,Need Attention
CUST008092,169,5,511.82,2,3,3,233,Loyal Customers
CUST008093,338,4,335.58,1,2,1,121,Lost
CUST008094,331,5,587.38,1,3,3,133,Loyal Customers
CUST008095,283,1,91.81,1,1,1,111,Lost
CUST008096,184,8,718.14,2,4,4,244,Loyal Customers
CUST008097,15,6,604.24,4,3,3,433,Champions
CUST008098,8,8,775.18,4,4,4,444,Champions
CUST008099,37,10,1188.8799999999999,4,4,4,444,Champions
CUST008100,49,7,831.45,3,4,4,344,Champions
CUST008101,28,7,804.24,4,4,4,444,Champions
CUST008102,40,4,627.08,4,2,3,423,Potential Loyalists
CUST008103,36,4,501.02,4,2,3,423,Potential Loyalists
CUST008104,266,6,628.9200000000001,1,3,3,133,Loyal Customers
CUST008105,299,2,144.97,1,1,1,111,Lost
CUST008106,407,2,164.3,1,1,1,111,Lost
CUST008107,36,5,438.26,4,3,2,432,Potential Loyalists
CUST008108,202,3,411.09,2,1,2,212,Dormant
CUST008109,179,6,513.0,2,3,3,233,Loyal Customers
CUST008110,33,8,786.38,4,4,4,444,Champions
CUST008111,322,5,430.93,1,3,2,132,At Risk
CUST008112,370,3,354.52,1,1,2,112,Lost
CUST008113,108,4,320.11,2,2,1,221,Need Attention
CUST008114,125,6,547.59,2,3,3,233,Loyal Customers
CUST008115,5,4,406.27,4,2,2,422,Potential Loyalists
CUST008117,618,4,339.4,1,2,2,122,At Risk
CUST008118,20,5,568.46,4,3,3,433,Champions
CUST008119,23,4,357.41,4,2,2,422,Potential Loyalists
CUST008120,224,4,396.86,1,2,2,122,At Risk
CUST008121,157,4,458.52,2,2,2,222,Need Attention
CUST008123,113,11,1248.1799999999998,2,4,4,244,Loyal Customers
CUST008124,106,3,238.99,3,1,1,311,Dormant
CUST008125,175,4,325.83,2,2,1,221,Need Attention
CUST008126,76,6,653.4,3,3,3,333,Champions
CUST008127,167,4,439.44,2,2,2,222,Need Attention
CUST008128,144,6,741.21,2,3,4,234,Loyal Customers
CUST008129,337,4,277.51,1,2,1,121,Lost
CUST008130,95,4,396.0,3,2,2,322,Potential Loyalists
CUST008131,171,5,480.23,2,3,2,232,Need Attention
CUST008132,483,1,120.25,1,1,1,111,Lost
CUST008133,367,1,59.82,1,1,1,111,Lost
CUST008134,29,4,417.12,4,2,2,422,Potential Loyalists
CUST008135,4,7,741.7,4,4,4,444,Champions
CUST008136,31,6,649.01,4,3,3,433,Champions
CUST008137,33,7,768.47,4,4,4,444,Champions
CUST008138,82,5,496.09000000000003,3,3,3,333,Champions
CUST008139,8,2,160.73000000000002,4,1,1,411,Dormant
CUST008140,21,7,749.74,4,4,4,444,Champions
CUST008141,37,3,342.39,4,1,2,412,Dormant
CUST008142,5,5,495.86,4,3,3,433,Champions
CUST008143,43,2,180.28,4,1,1,411,Dormant
CUST008144,173,3,395.29,2,1,2,212,Dormant
CUST008145,535,3,276.48,1,1,1,111,Lost
CUST008146,206,6,707.01,2,3,4,234,Loyal Customers
CUST008147,193,6,651.6800000000001,2,3,3,233,Loyal Customers
CUST008148,16,5,501.34,4,3,3,433,Champions
CUST008149,119,5,577.4,2,3,3,233,Loyal Customers
CUST008150,205,3,232.68,2,1,1,211,Dormant
CUST008151,45,5,539.43,4,3,3,433,Champions
CUST008152,94,5,505.94,3,3,3,333,Champions
CUST008153,91,9,989.97,3,4,4,344,Champions
CUST008154,314,5,456.72,1,3,2,132,At Risk
CUST008155,162,5,462.19,2,3,2,232,Need Attention
CUST008156,62,9,880.61,3,4,4,344,Champions
CUST008157,255,4,462.08000000000004,1,2,2,122,At Risk
CUST008158,138,3,455.1,2,1,2,212,Dormant
CUST008159,131,6,658.5,2,3,3,233,Loyal Customers
CUST008160,317,2,174.83,1,1,1,111,Lost
CUST008161,3,6,613.13,4,3,3,433,Champions
CUST008162,89,3,247.78,3,1,1,311,Dormant
CUST008163,30,6,586.67,4,3,3,433,Champions
CUST008164,184,6,625.6700000000001,2,3,3,233,Loyal Customers
CUST008165,53,7,607.4,3,4,3,343,Champions
CUST008166,80,3,261.62,3,1,1,311,Dormant
CUST008167,280,4,439.40000000000003,1,2,2,122,At Risk
CUST008168,109,6,746.36,2,3,4,234,Loyal Customers
CUST008169,12,6,573.89,4,3,3,433,Champions
CUST008170,13,4,391.19,4,2,2,422,Potential Loyalists
CUST008171,153,8,722.5,2,4,4,244,Loyal Customers
CUST008172,111,4,382.48,2,2,2,222,Need Attention
CUST008173,45,4,406.27,4,2,2,422,Potential Loyalists
CUST008174,62,4,523.24,3,2,3,323,Potential Loyalists
CUST008175,18,4,357.88,4,2,2,422,Potential Loyalists
CUST008176,195,10,1039.9099999999999,2,4,4,244,Loyal Customers
CUST008177,77,11,1178.53,3,4,4,344,Champions
CUST008178,135,7,781.38,2,4,4,244,Loyal Customers
CUST008179,148,4,288.81,2,2,1,221,Need Attention
CUST008180,271,4,391.35,1,2,2,122,At Risk
CUST008181,35,3,282.21,4,1,1,411,Dormant
CUST008182,110,5,468.89,2,3,2,232,Need Attention
CUST008183,70,5,560.79,3,3,3,333,Champions
CUST008184,171,7,735.72,2,4,4,244,Loyal Customers
CUST008185,51,3,254.57999999999998,3,1,1,311,Dormant
CUST008186,7,3,441.01,4,1,2,412,Dormant
CUST008187,184,5,640.33,2,3,3,233,Loyal Customers
CUST008188,7,4,367.69,4,2,2,422,Potential Loyalists
CUST008189,125,7,708.59,2,4,4,244,Loyal Customers
CUST008190,160,4,362.91999999999996,2,2,2,222,Need Attention
CUST008191,146,4,524.6,2,2,3,223,Need Attention
CUST008192,111,5,483.5,2,3,2,232,Need Attention
CUST008193,24,7,728.63,4,4,4,444,Champions
CUST008194,148,7,778.13,2,4,4,244,Loyal Customers
CUST008195,195,4,468.88,2,2,2,222,Need Attention
CUST008196,185,5,339.16,2,3,2,232,Need Attention
CUST008197,380,3,340.26,1,1,2,112,Lost
CUST008198,585,3,426.45,1,1,2,112,Lost
CUST008199,241,9,1008.28,1,4,4,144,Loyal Customers
CUST008200,586,3,300.43,1,1,1,111,Lost
CUST008201,24,11,1107.19,4,4,4,444,Champions
CUST008202,359,2,182.62,1,1,1,111,Lost
CUST008203,80,6,760.58,3,3,4,334,Champions
CUST008204,52,6,763.6600000000001,3,3,4,334,Champions
CUST008205,235,5,509.86,1,3,3,133,Loyal Customers
CUST008206,233,3,241.11,1,1,1,111,Lost
CUST008207,36,6,582.38,4,3,3,433,Champions
CUST008208,70,5,549.09,3,3,3,333,Champions
CUST008209,46,6,758.6500000000001,4,3,4,434,Champions
CUST008210,12,3,294.23,4,1,1,411,Dormant
CUST008211,435,3,396.36,1,1,2,112,Lost
CUST008212,15,6,647.1700000000001,4,3,3,433,Champions
CUST008213,45,4,463.1,4,2,2,422,Potential Loyalists
CUST008214,90,8,839.46,3,4,4,344,Champions
CUST008215,87,3,289.29,3,1,1,311,Dormant
CUST008216,16,4,397.26,4,2,2,422,Potential Loyalists
CUST008217,210,4,547.39,2,2,3,223,Need Attention
CUST008218,126,6,669.0600000000001,2,3,4,234,Loyal Customers
CUST008219,204,7,672.65,2,4,4,244,Loyal Customers
CUST008220,502,1,96.5,1,1,1,111,Lost
CUST008221,286,5,516.9,1,3,3,133,Loyal Customers
CUST008222,111,3,311.45,2,1,1,211,Dormant
CUST008223,66,5,463.39,3,3,2,332,Potential Loyalists
CUST008224,136,8,945.04,2,4,4,244,Loyal Customers
CUST008225,7,5,484.52,4,3,2,432,Potential Loyalists
CUST008226,292,2,249.76,1,1,1,111,Lost
CUST008227,420,2,194.82999999999998,1,1,1,111,Lost
CUST008228,44,5,692.41,4,3,4,434,Champions
CUST008229,193,3,365.32,2,1,2,212,Dormant
CUST008230,17,6,582.5,4,3,3,433,Champions
CUST008231,312,4,311.51,1,2,1,121,Lost
CUST008232,79,5,528.69,3,3,3,333,Champions
CUST008233,36,3,292.61,4,1,1,411,Dormant
CUST008234,24,7,636.63,4,4,3,443,Champions
CUST008235,21,4,353.61,4,2,2,422,Potential Loyalists
CUST008236,268,5,429.48,1,3,2,132,At Risk
CUST008237,64,6,591.13,3,3,3,333,Champions
CUST008238,88,9,1138.48,3,4,4,344,Champions
CUST008239,132,8,867.66,2,4,4,244,Loyal Customers
CUST008240,150,3,238.15,2,1,1,211,Dormant
CUST008241,89,4,469.09000000000003,3,2,2,322,Potential Loyalists
CUST008242,57,4,493.65999999999997,3,2,3,323,Potential Loyalists
CUST008243,28,6,473.94,4,3,2,432,Potential Loyalists
CUST008244,129,4,276.49,2,2,1,221,Need Attention
CUST008245,100,4,484.57,3,2,2,322,Potential Loyalists
CUST008246,141,4,386.62,2,2,2,222,Need Attention
CUST008247,54,9,1166.6200000000001,3,4,4,344,Champions
CUST008248,37,7,571.0,4,4,3,443,Champions
CUST008249,202,4,371.76,2,2,2,222,Need Attention
CUST008250,46,6,687.12,4,3,4,434,Champions
CUST008251,116,8,822.22,2,4,4,244,Loyal Customers
CUST008252,322,8,831.85,1,4,4,144,Loyal Customers
CUST008253,129,5,474.14,2,3,2,232,Need Attention
CUST008254,41,3,245.04000000000002,4,1,1,411,Dormant
CUST008255,45,4,475.67,4,2,2,422,Potential Loyalists
CUST008256,11,7,594.47,4,4,3,443,Champions
CUST008257,129,5,458.98,2,3,2,232,Need Attention
CUST008258,85,6,785.05,3,3,4,334,Champions
CUST008259,107,3,427.06,2,1,2,212,Dormant
CUST008260,240,6,852.99,1,3,4,134,Loyal Customers
CUST008261,115,5,527.4300000000001,2,3,3,233,Loyal Customers
CUST008262,295,2,185.45,1,1,1,111,Lost
CUST008263,16,7,617.37,4,4,3,443,Champions
CUST008264,467,3,308.62,1,1,1,111,Lost
CUST008265,33,7,723.1,4,4,4,444,Champions
CUST008266,16,6,642.02,4,3,3,433,Champions
CUST008267,9,8,695.9,4,4,4,444,Champions
CUST008268,2,4,353.53999999999996,4,2,2,422,Potential Loyalists
CUST008269,349,5,643.4300000000001,1,3,3,133,Loyal Customers
CUST008271,242,2,154.11,1,1,1,111,Lost
CUST008272,157,2,268.65,2,1,1,211,Dormant
CUST008273,238,3,303.8,1,1,1,111,Lost
CUST008274,501,1,132.47,1,1,1,111,Lost
CUST008275,150,2,270.78,2,1,1,211,Dormant
CUST008276,327,2,237.18,1,1,1,111,Lost
CUST008277,40,8,665.64,4,4,4,444,Champions
CUST008278,149,4,346.64,2,2,2,222,Need Attention
CUST008279,65,8,848.28,3,4,4,344,Champions
CUST008280,29,7,742.62,4,4,4,444,Champions
CUST008281,192,6,605.75,2,3,3,233,Loyal Customers
CUST008282,40,5,590.25,4,3,3,433,Champions
CUST008283,178,5,549.96,2,3,3,233,Loyal Customers
CUST008284,185,3,223.26,2,1,1,211,Dormant
CUST008285,101,6,512.79,3,3,3,333,Champions
CUST008286,43,4,523.14,4,2,3,423,Potential Loyalists
CUST008287,41,4,408.89,4,2,2,422,Potential Loyalists
CUST008288,218,4,431.63,1,2,2,122,At Risk
CUST008289,225,7,801.6800000000001,1,4,4,144,Loyal Customers
CUST008290,9,6,643.65,4,3,3,433,Champions
CUST008291,73,4,384.18,3,2,2,322,Potential Loyalists
CUST008292,107,8,910.3599999999999,2,4,4,244,Loyal Customers
CUST008293,161,5,522.65,2,3,3,233,Loyal Customers
CUST008294,317,4,505.86,1,2,3,123,At Risk
CUST008295,189,3,308.48,2,1,1,211,Dormant
CUST008296,37,3,270.35,4,1,1,411,Dormant
CUST008297,25,6,717.3,4,3,4,434,Champions
CUST008298,92,3,417.12,3,1,2,312,Dormant
CUST008299,118,3,264.87,2,1,1,211,Dormant
CUST008300,182,4,393.21000000000004,2,2,2,222,Need Attention
CUST008301,236,5,446.54999999999995,1,3,2,132,At Risk
CUST008302,33,6,576.69,4,3,3,433,Champions
CUST008303,343,4,421.67,1,2,2,122,At Risk
CUST008304,28,8,755.22,4,4,4,444,Champions
CUST008305,120,4,325.75,2,2,1,221,Need Attention
CUST008306,74,7,759.14,3,4,4,344,Champions
CUST008307,501,5,474.57,1,3,2,132,At Risk
CUST008308,10,5,438.97,4,3,2,432,Potential Loyalists
CUST008309,88,11,941.72,3,4,4,344,Champions
CUST008310,91,6,699.39,3,3,4,334,Champions
CUST008311,16,5,463.55,4,3,2,432,Potential Loyalists
CUST008312,190,5,400.1,2,3,2,232,Need Attention
CUST008313,172,9,994.02,2,4,4,244,Loyal Customers
CUST008314,314,3,354.12,1,1,2,112,Lost
CUST008315,43,5,522.97,4,3,3,433,Champions
CUST008316,68,5,507.67,3,3,3,333,Champions
CUST008317,382,2,302.88,1,1,1,111,Lost
CUST008318,156,4,375.83000000000004,2,2,2,222,Need Attention
CUST008319,174,8,776.51,2,4,4,244,Loyal Customers
CUST008320,108,2,179.16,2,1,1,211,Dormant
CUST008321,128,3,271.13,2,1,1,211,Dormant
CUST008322,47,7,589.52,3,4,3,343,Champions
CUST008323,331,8,653.8100000000001,1,4,3,143,Loyal Customers
CUST008324,266,5,442.28,1,3,2,132,At Risk
CUST008325,46,2,228.10000000000002,4,1,1,411,Dormant
CUST008326,70,7,563.87,3,4,3,343,Champions
CUST008327,20,6,670.91,4,3,4,434,Champions
CUST008328,170,5,559.21,2,3,3,233,Loyal Customers
CUST008329,209,4,349.76,2,2,2,222,Need Attention
CUST008330,158,4,314.09000000000003,2,2,1,221,Need Attention
CUST008331,44,2,162.08,4,1,1,411,Dormant
CUST008332,142,4,363.12,2,2,2,222,Need Attention
CUST008333,90,3,225.24,3,1,1,311,Dormant
CUST008334,83,7,608.22,3,4,3,343,Champions
CUST008335,257,3,195.94,1,1,1,111,Lost
CUST008336,104,5,624.89,3,3,3,333,Champions
CUST008337,77,7,707.45,3,4,4,344,Champions
CUST008338,273,5,644.33,1,3,3,133,Loyal Customers
CUST008339,438,4,490.63,1,2,3,123,At Risk
CUST008340,209,5,628.35,2,3,3,233,Loyal Customers
CUST008341,162,8,856.68,2,4,4,244,Loyal Customers
CUST008342,74,6,673.73,3,3,4,334,Champions
CUST008343,7,4,383.27,4,2,2,422,Potential Loyalists
CUST008344,48,6,583.88,3,3,3,333,Champions
CUST008345,205,6,519.88,2,3,3,233,Loyal Customers
CUST008346,115,9,911.82,2,4,4,244,Loyal Customers
CUST008347,43,3,281.71999999999997,4,1,1,411,Dormant
CUST008348,78,5,508.35,3,3,3,333,Champions
CUST008349,606,2,211.15999999999997,1,1,1,111,Lost
CUST008350,101,12,1384.0,3,4,4,344,Champions
CUST008351,675,1,73.99,1,1,1,111,Lost
CUST008352,465,2,197.26,1,1,1,111,Lost
CUST008353,83,5,523.87,3,3,3,333,Champions
CUST008354,11,8,754.65,4,4,4,444,Champions
CUST008355,24,4,367.63,4,2,2,422,Potential Loyalists
CUST008356,198,3,541.28,2,1,3,213,Dormant
CUST008357,65,10,970.74,3,4,4,344,Champions
CUST008358,235,3,265.15999999999997,1,1,1,111,Lost
CUST008359,81,2,249.91,3,1,1,311,Dormant
CUST008360,83,5,598.47,3,3,3,333,Champions
CUST008361,105,6,591.72,3,3,3,333,Champions
CUST008362,51,8,929.19,3,4,4,344,Champions
CUST008363,218,5,494.31,1,3,3,133,Loyal Customers
CUST008364,270,5,487.58000000000004,1,3,2,132,At Risk
CUST008365,74,3,359.04,3,1,2,312,Dormant
CUST008366,111,5,494.36,2,3,3,233,Loyal Customers
CUST008367,36,5,511.84999999999997,4,3,3,433,Champions
CUST008368,258,5,531.73,1,3,3,133,Loyal Customers
CUST008369,129,2,288.65,2,1,1,211,Dormant
CUST008370,45,4,313.24,4,2,1,421,Need Attention
CUST008371,157,5,596.2,2,3,3,233,Loyal Customers
CUST008372,515,3,258.07,1,1,1,111,Lost
CUST008373,32,6,671.05,4,3,4,434,Champions
CUST008374,213,3,236.94,1,1,1,111,Lost
CUST008375,25,4,353.28999999999996,4,2,2,422,Potential Loyalists
CUST008376,80,6,688.74,3,3,4,334,Champions
CUST008377,259,3,299.94,1,1,1,111,Lost
CUST008378,348,6,609.32,1,3,3,133,Loyal Customers
CUST008379,22,9,843.8000000000001,4,4,4,444,Champions
CUST008380,138,4,362.68,2,2,2,222,Need Attention
CUST008381,163,6,631.88,2,3,3,233,Loyal Customers
CUST008382,69,8,832.55,3,4,4,344,Champions
CUST008383,26,6,461.97999999999996,4,3,2,432,Potential Loyalists
CUST008384,10,7,703.62,4,4,4,444,Champions
CUST008385,170,10,987.74,2,4,4,244,Loyal Customers
CUST008386,86,5,410.61,3,3,2,332,Potential Loyalists
CUST008387,233,4,401.39,1,2,2,122,At Risk
CUST008388,141,4,396.55,2,2,2,222,Need Attention
CUST008389,245,5,558.83,1,3,3,133,Loyal Customers
CUST008390,4,10,891.47,4,4,4,444,Champions
CUST008391,271,3,389.32000000000005,1,1,2,112,Lost
CUST008392,149,8,784.67,2,4,4,244,Loyal Customers
CUST008393,16,6,743.99,4,3,4,434,Champions
CUST008394,40,4,446.82,4,2,2,422,Potential Loyalists
CUST008395,67,7,723.09,3,4,4,344,Champions
CUST008396,493,3,306.75,1,1,1,111,Lost
CUST008397,62,10,895.15,3,4,4,344,Champions
CUST008398,50,4,430.48,3,2,2,322,Potential Loyalists
CUST008399,175,4,409.38,2,2,2,222,Need Attention
CUST008400,242,5,529.97,1,3,3,133,Loyal Customers
CUST008401,274,4,321.24,1,2,1,121,Lost
CUST008402,476,2,202.71999999999997,1,1,1,111,Lost
CUST008403,183,5,549.66,2,3,3,233,Loyal Customers
CUST008404,651,1,82.58,1,1,1,111,Lost
CUST008405,195,4,426.32,2,2,2,222,Need Attention
CUST008406,246,4,418.67,1,2,2,122,At Risk
CUST008407,246,5,449.25,1,3,2,132,At Risk
CUST008408,228,6,573.95,1,3,3,133,Loyal Customers
CUST008409,49,7,843.64,3,4,4,344,Champions
CUST008410,73,4,418.12,3,2,2,322,Potential Loyalists
CUST008411,43,9,1153.04,4,4,4,444,Champions
CUST008412,291,5,457.89,1,3,2,132,At Risk
CUST008413,124,6,705.81,2,3,4,234,Loyal Customers
CUST008414,154,1,62.75,2,1,1,211,Dormant
CUST008415,4,6,523.79,4,3,3,433,Champions
CUST008416,90,9,881.96,3,4,4,344,Champions
CUST008417,299,10,1027.11,1,4,4,144,Loyal Customers
CUST008418,254,3,343.98,1,1,2,112,Lost
CUST008419,42,9,1091.6299999999999,4,4,4,444,Champions
CUST008420,125,6,586.4,2,3,3,233,Loyal Customers
CUST008421,205,3,217.69,2,1,1,211,Dormant
CUST008422,410,3,422.99,1,1,2,112,Lost
CUST008423,27,6,707.78,4,3,4,434,Champions
CUST008424,1,5,590.3199999999999,4,3,3,433,Champions
CUST008425,190,4,332.97,2,2,1,221,Need Attention
CUST008426,57,5,423.67,3,3,2,332,Potential Loyalists
CUST008427,303,1,79.32,1,1,1,111,Lost
CUST008428,389,4,386.90999999999997,1,2,2,122,At Risk
CUST008429,114,8,813.68,2,4,4,244,Loyal Customers
CUST008430,44,6,540.79,4,3,3,433,Champions
CUST008431,404,4,443.62,1,2,2,122,At Risk
CUST008432,240,2,200.8,1,1,1,111,Lost
CUST008433,11,6,522.26,4,3,3,433,Champions
CUST008434,41,4,306.28000000000003,4,2,1,421,Need Attention
CUST008435,460,2,188.45000000000002,1,1,1,111,Lost
CUST008436,109,2,289.90999999999997,2,1,1,211,Dormant
CUST008437,12,5,426.65999999999997,4,3,2,432,Potential Loyalists
CUST008438,23,6,634.06,4,3,3,433,Champions
CUST008439,123,7,521.71,2,4,3,243,Loyal Customers
CUST008440,6,4,414.11,4,2,2,422,Potential Loyalists
CUST008441,25,3,381.12,4,1,2,412,Dormant
CUST008442,239,7,813.75,1,4,4,144,Loyal Customers
CUST008443,395,2,186.0,1,1,1,111,Lost
CUST008444,75,7,542.44,3,4,3,343,Champions
CUST008445,130,3,416.90000000000003,2,1,2,212,Dormant
CUST008446,209,3,390.85,2,1,2,212,Dormant
CUST008447,45,11,1142.44,4,4,4,444,Champions
CUST008448,365,3,388.89,1,1,2,112,Lost
CUST008449,297,5,611.99,1,3,3,133,Loyal Customers
CUST008450,159,6,516.35,2,3,3,233,Loyal Customers
CUST008451,51,3,255.76999999999998,3,1,1,311,Dormant
CUST008452,397,3,219.73999999999998,1,1,1,111,Lost
CUST008453,113,5,434.58000000000004,2,3,2,232,Need Attention
CUST008454,78,7,707.27,3,4,4,344,Champions
CUST008455,36,10,1006.1700000000001,4,4,4,444,Champions
CUST008456,4,10,1127.72,4,4,4,444,Champions
CUST008457,20,7,641.16,4,4,3,443,Champions
CUST008458,75,3,278.11,3,1,1,311,Dormant
CUST008459,54,7,583.1,3,4,3,343,Champions
CUST008460,35,7,698.25,4,4,4,444,Champions
CUST008461,136,3,260.07,2,1,1,211,Dormant
CUST008462,304,3,243.31,1,1,1,111,Lost
CUST008463,327,7,590.04,1,4,3,143,Loyal Customers
CUST008464,150,5,621.55,2,3,3,233,Loyal Customers
CUST008465,56,5,455.08,3,3,2,332,Potential Loyalists
CUST008466,461,1,134.64,1,1,1,111,Lost
CUST008467,267,8,768.27,1,4,4,144,Loyal Customers
CUST008468,90,6,488.61,3,3,2,332,Potential Loyalists
CUST008469,310,3,312.84,1,1,1,111,Lost
CUST008470,57,5,459.0,3,3,2,332,Potential Loyalists
CUST008471,213,3,282.40999999999997,1,1,1,111,Lost
CUST008472,7,4,293.21000000000004,4,2,1,421,Need Attention
CUST008473,84,6,480.32,3,3,2,332,Potential Loyalists
CUST008474,96,3,359.53,3,1,2,312,Dormant
CUST008476,37,5,462.52,4,3,2,432,Potential Loyalists
CUST008477,55,4,399.09000000000003,3,2,2,322,Potential Loyalists
CUST008478,552,2,244.51999999999998,1,1,1,111,Lost
CUST008479,92,5,463.68,3,3,2,332,Potential Loyalists
CUST008480,224,5,442.52,1,3,2,132,At Risk
CUST008481,207,5,474.73,2,3,2,232,Need Attention
CUST008482,34,3,344.26,4,1,2,412,Dormant
CUST008483,375,2,135.74,1,1,1,111,Lost
CUST008484,219,6,585.05,1,3,3,133,Loyal Customers
CUST008485,31,3,268.67,4,1,1,411,Dormant
CUST008486,87,5,517.38,3,3,3,333,Champions
CUST008487,66,2,219.58,3,1,1,311,Dormant
CUST008488,8,5,438.61,4,3,2,432,Potential Loyalists
CUST008489,192,7,698.47,2,4,4,244,Loyal Customers
CUST008490,423,3,223.93,1,1,1,111,Lost
CUST008491,114,6,549.8199999999999,2,3,3,233,Loyal Customers
CUST008492,82,5,562.2,3,3,3,333,Champions
CUST008493,86,4,488.08000000000004,3,2,2,322,Potential Loyalists
CUST008494,17,4,372.59000000000003,4,2,2,422,Potential Loyalists
CUST008495,157,6,696.9300000000001,2,3,4,234,Loyal Customers
CUST008496,31,5,432.69,4,3,2,432,Potential Loyalists
CUST008497,104,2,242.22,3,1,1,311,Dormant
CUST008498,233,7,724.6999999999999,1,4,4,144,Loyal Customers
CUST008499,4,9,894.04,4,4,4,444,Champions
CUST008500,24,9,837.77,4,4,4,444,Champions
CUST008501,76,2,151.18,3,1,1,311,Dormant
CUST008502,15,4,472.05,4,2,2,422,Potential Loyalists
CUST008503,124,4,342.53,2,2,2,222,Need Attention
CUST008504,43,5,503.53,4,3,3,433,Champions
CUST008505,243,6,549.26,1,3,3,133,Loyal Customers
CUST008506,91,5,594.0600000000001,3,3,3,333,Champions
CUST008507,51,1,90.98,3,1,1,311,Dormant
CUST008508,101,3,184.35,3,1,1,311,Dormant
CUST008509,58,3,347.24,3,1,2,312,Dormant
CUST008510,54,6,768.53,3,3,4,334,Champions
CUST008511,214,4,290.89,1,2,1,121,Lost
CUST008512,80,10,950.13,3,4,4,344,Champions
CUST008513,80,4,357.42,3,2,2,322,Potential Loyalists
CUST008514,248,5,424.28000000000003,1,3,2,132,At Risk
CUST008515,211,2,169.54000000000002,2,1,1,211,Dormant
CUST008516,654,1,85.27,1,1,1,111,Lost
CUST008517,12,7,576.12,4,4,3,443,Champions
CUST008518,90,3,394.14,3,1,2,312,Dormant
CUST008519,12,6,728.88,4,3,4,434,Champions
CUST008520,62,11,1187.16,3,4,4,344,Champions
CUST008521,141,5,505.18,2,3,3,233,Loyal Customers
CUST008522,153,4,348.56,2,2,2,222,Need Attention
CUST008523,90,4,432.89,3,2,2,322,Potential Loyalists
CUST008524,71,7,561.03,3,4,3,343,Champions
CUST008525,159,8,838.74,2,4,4,244,Loyal Customers
CUST008526,142,6,749.59,2,3,4,234,Loyal Customers
CUST008527,123,3,322.72,2,1,1,211,Dormant
CUST008528,7,7,788.5400000000001,4,4,4,444,Champions
CUST008529,70,10,1105.6299999999999,3,4,4,344,Champions
CUST008530,31,7,688.72,4,4,4,444,Champions
CUST008531,69,9,888.03,3,4,4,344,Champions
CUST008532,57,5,500.04,3,3,3,333,Champions
CUST008533,25,5,369.93,4,3,2,432,Potential Loyalists
CUST008534,118,9,859.75,2,4,4,244,Loyal Customers
CUST008535,187,5,618.1600000000001,2,3,3,233,Loyal Customers
CUST008536,668,3,330.47,1,1,1,111,Lost
CUST008537,385,4,457.12,1,2,2,122,At Risk
CUST008538,15,3,276.38,4,1,1,411,Dormant
CUST008539,79,10,1003.4,3,4,4,344,Champions
CUST008540,416,4,312.73,1,2,1,121,Lost
CUST008541,153,7,610.82,2,4,3,243,Loyal Customers
CUST008542,55,5,374.33,3,3,2,332,Potential Loyalists
CUST008543,11,4,394.41,4,2,2,422,Potential Loyalists
CUST008544,421,5,390.46,1,3,2,132,At Risk
CUST008545,88,6,511.07,3,3,3,333,Champions
CUST008546,320,6,529.42,1,3,3,133,Loyal Customers
CUST008547,92,5,425.17,3,3,2,332,Potential Loyalists
CUST008548,194,10,1077.1100000000001,2,4,4,244,Loyal Customers
CUST008549,135,5,516.8299999999999,2,3,3,233,Loyal Customers
CUST008550,289,3,195.64999999999998,1,1,1,111,Lost
CUST008551,6,2,156.95,4,1,1,411,Dormant
CUST008552,136,3,288.46,2,1,1,211,Dormant
CUST008553,76,4,524.1,3,2,3,323,Potential Loyalists
CUST008554,216,7,732.69,1,4,4,144,Loyal Customers
CUST008555,88,4,293.1,3,2,1,321,Need Attention
CUST008556,33,4,381.08,4,2,2,422,Potential Loyalists
CUST008557,90,6,586.26,3,3,3,333,Champions
CUST008558,2,4,437.53999999999996,4,2,2,422,Potential Loyalists
CUST008559,225,3,322.39,1,1,1,111,Lost
CUST008560,75,7,847.51,3,4,4,344,Champions
CUST008561,4,5,452.15999999999997,4,3,2,432,Potential Loyalists
CUST008562,4,7,851.96,4,4,4,444,Champions
CUST008563,72,7,743.5699999999999,3,4,4,344,Champions
CUST008564,6,7,765.39,4,4,4,444,Champions
CUST008565,211,6,532.52,2,3,3,233,Loyal Customers
CUST008566,569,2,353.68,1,1,2,112,Lost
CUST008567,7,7,595.95,4,4,3,443,Champions
CUST008568,71,4,466.59000000000003,3,2,2,322,Potential Loyalists
CUST008569,4,4,471.03,4,2,2,422,Potential Loyalists
CUST008570,127,3,353.93,2,1,2,212,Dormant
CUST008571,45,9,965.35,4,4,4,444,Champions
CUST008572,3,11,1141.54,4,4,4,444,Champions
CUST008573,20,3,419.01,4,1,2,412,Dormant
CUST008574,3,5,576.6,4,3,3,433,Champions
CUST008575,153,7,696.07,2,4,4,244,Loyal Customers
CUST008576,136,3,307.23,2,1,1,211,Dormant
CUST008577,135,2,212.74,2,1,1,211,Dormant
CUST008578,69,9,1038.29,3,4,4,344,Champions
CUST008579,556,2,189.44,1,1,1,111,Lost
CUST008580,68,10,1171.9,3,4,4,344,Champions
CUST008581,166,2,192.59,2,1,1,211,Dormant
CUST008582,131,3,312.94,2,1,1,211,Dormant
CUST008583,264,6,482.45,1,3,2,132,At Risk
CUST008584,40,2,150.83999999999997,4,1,1,411,Dormant
CUST008585,3,3,259.56,4,1,1,411,Dormant
CUST008586,58,7,840.36,3,4,4,344,Champions
CUST008587,8,4,387.81,4,2,2,422,Potential Loyalists
CUST008588,15,6,586.03,4,3,3,433,Champions
CUST008589,88,6,589.17,3,3,3,333,Champions
CUST008590,4,5,488.91,4,3,2,432,Potential Loyalists
CUST008591,85,4,414.47,3,2,2,322,Potential Loyalists
CUST008592,237,8,815.23,1,4,4,144,Loyal Customers
CUST008593,40,4,440.52000000000004,4,2,2,422,Potential Loyalists
CUST008594,123,7,612.45,2,4,3,243,Loyal Customers
CUST008595,117,6,597.06,2,3,3,233,Loyal Customers
CUST008596,395,4,514.22,1,2,3,123,At Risk
CUST008597,10,4,411.83,4,2,2,422,Potential Loyalists
CUST008598,297,3,196.53,1,1,1,111,Lost
CUST008599,380,3,272.67,1,1,1,111,Lost
CUST008600,54,8,895.0600000000001,3,4,4,344,Champions
CUST008601,24,3,267.18,4,1,1,411,Dormant
CUST008602,72,7,597.84,3,4,3,343,Champions
CUST008603,36,3,218.20999999999998,4,1,1,411,Dormant
CUST008604,169,4,432.62,2,2,2,222,Need Attention
CUST008605,82,1,32.07,3,1,1,311,Dormant
CUST008606,55,7,667.31,3,4,4,344,Champions
CUST008607,258,3,377.6,1,1,2,112,Lost
CUST008608,165,6,446.27000000000004,2,3,2,232,Need Attention
CUST008609,417,5,558.77,1,3,3,133,Loyal Customers
CUST008610,130,5,543.5,2,3,3,233,Loyal Customers
CUST008611,277,1,93.27,1,1,1,111,Lost
CUST008612,125,5,589.05,2,3,3,233,Loyal Customers
CUST008613,63,2,212.22,3,1,1,311,Dormant
CUST008614,82,6,636.94,3,3,3,333,Champions
CUST008615,225,6,588.24,1,3,3,133,Loyal Customers
CUST008616,60,8,929.97,3,4,4,344,Champions
CUST008617,108,1,138.7,2,1,1,211,Dormant
CUST008618,40,4,393.28999999999996,4,2,2,422,Potential Loyalists
CUST008619,302,7,691.89,1,4,4,144,Loyal Customers
CUST008620,23,6,621.61,4,3,3,433,Champions
CUST008621,63,2,366.77,3,1,2,312,Dormant
CUST008622,162,5,474.23,2,3,2,232,Need Attention
CUST008623,49,4,318.68,3,2,1,321,Need Attention
CUST008624,110,5,440.93,2,3,2,232,Need Attention
CUST008625,289,3,387.41,1,1,2,112,Lost
CUST008626,53,7,585.51,3,4,3,343,Champions
CUST008627,259,7,749.03,1,4,4,144,Loyal Customers
CUST008628,54,2,100.97,3,1,1,311,Dormant
CUST008629,373,3,295.25,1,1,1,111,Lost
CUST008630,232,3,351.90999999999997,1,1,2,112,Lost
CUST008631,18,5,509.42,4,3,3,433,Champions
CUST008632,223,5,548.02,1,3,3,133,Loyal Customers
CUST008633,119,6,531.3199999999999,2,3,3,233,Loyal Customers
CUST008634,116,3,305.53000000000003,2,1,1,211,Dormant
CUST008635,28,5,799.94,4,3,4,434,Champions
CUST008636,18,10,1121.21,4,4,4,444,Champions
CUST008637,107,4,407.31,2,2,2,222,Need Attention
CUST008638,308,2,227.27999999999997,1,1,1,111,Lost
CUST008639,48,4,372.94,3,2,2,322,Potential Loyalists
CUST008640,114,4,453.03000000000003,2,2,2,222,Need Attention
CUST008641,33,3,278.25,4,1,1,411,Dormant
CUST008642,194,6,376.9,2,3,2,232,Need Attention
CUST008643,8,6,526.22,4,3,3,433,Champions
CUST008644,145,4,340.18,2,2,2,222,Need Attention
CUST008645,11,9,953.86,4,4,4,444,Champions
CUST008646,6,8,712.8,4,4,4,444,Champions
CUST008647,32,7,618.68,4,4,3,443,Champions
CUST008648,82,6,602.89,3,3,3,333,Champions
CUST008649,329,6,635.3,1,3,3,133,Loyal Customers
CUST008650,36,3,379.97,4,1,2,412,Dormant
CUST008651,262,2,158.45,1,1,1,111,Lost
CUST008652,16,6,505.99,4,3,3,433,Champions
CUST008653,541,4,481.24,1,2,2,122,At Risk
CUST008654,287,3,340.28999999999996,1,1,2,112,Lost
CUST008655,167,6,607.03,2,3,3,233,Loyal Customers
CUST008656,18,4,310.81,4,2,1,421,Need Attention
CUST008657,32,5,652.32,4,3,3,433,Champions
CUST008658,628,1,146.34,1,1,1,111,Lost
CUST008659,613,1,76.6,1,1,1,111,Lost
CUST008660,33,5,433.75,4,3,2,432,Potential Loyalists
CUST008661,156,6,594.13,2,3,3,233,Loyal Customers
CUST008662,117,7,631.54,2,4,3,243,Loyal Customers
CUST008663,229,4,367.93,1,2,2,122,At Risk
CUST008664,203,3,403.27,2,1,2,212,Dormant
CUST008665,39,5,455.01,4,3,2,432,Potential Loyalists
CUST008666,49,5,506.77,3,3,3,333,Champions
CUST008667,80,8,778.43,3,4,4,344,Champions
CUST008668,14,5,634.61,4,3,3,433,Champions
CUST008669,51,2,229.88,3,1,1,311,Dormant
CUST008670,61,5,515.39,3,3,3,333,Champions
CUST008671,283,5,417.69,1,3,2,132,At Risk
CUST008672,277,3,262.89,1,1,1,111,Lost
CUST008673,102,6,587.69,3,3,3,333,Champions
CUST008674,67,4,353.91999999999996,3,2,2,322,Potential Loyalists
CUST008675,1,5,529.34,4,3,3,433,Champions
CUST008676,243,3,316.34000000000003,1,1,1,111,Lost
CUST008678,61,4,343.62,3,2,2,322,Potential Loyalists
CUST008679,3,7,579.01,4,4,3,443,Champions
CUST008680,226,3,226.76,1,1,1,111,Lost
CUST008681,279,6,569.98,1,3,3,133,Loyal Customers
CUST008682,176,5,508.62,2,3,3,233,Loyal Customers
CUST008683,157,4,280.26,2,2,1,221,Need Attention
CUST008684,113,4,396.82,2,2,2,222,Need Attention
CUST008685,359,4,421.49,1,2,2,122,At Risk
CUST008686,85,2,185.54000000000002,3,1,1,311,Dormant
CUST008687,243,4,331.13,1,2,1,121,Lost
CUST008688,58,4,293.48,3,2,1,321,Need Attention
CUST008689,49,5,494.4,3,3,3,333,Champions
CUST008690,340,3,352.96,1,1,2,112,Lost
CUST008691,24,7,680.7,4,4,4,444,Champions
CUST008692,379,4,415.76,1,2,2,122,At Risk
CUST008693,300,5,568.14,1,3,3,133,Loyal Customers
CUST008694,126,4,451.01,2,2,2,222,Need Attention
CUST008695,262,8,876.38,1,4,4,144,Loyal Customers
CUST008696,413,3,323.34,1,1,1,111,Lost
CUST008697,189,7,554.37,2,4,3,243,Loyal Customers
CUST008698,149,6,564.02,2,3,3,233,Loyal Customers
CUST008699,105,4,331.78999999999996,3,2,1,321,Need Attention
CUST008700,26,3,318.65999999999997,4,1,1,411,Dormant
CUST008701,268,2,272.25,1,1,1,111,Lost
CUST008702,174,5,550.7900000000001,2,3,3,233,Loyal Customers
CUST008703,26,10,980.9100000000001,4,4,4,444,Champions
CUST008704,91,5,454.46,3,3,2,332,Potential Loyalists
CUST008705,27,5,448.8,4,3,2,432,Potential Loyalists
CUST008706,82,4,410.92999999999995,3,2,2,322,Potential Loyalists
CUST008707,33,7,837.7,4,4,4,444,Champions
CUST008708,63,9,886.49,3,4,4,344,Champions
CUST008709,4,5,460.1,4,3,2,432,Potential Loyalists
CUST008710,94,5,383.43,3,3,2,332,Potential Loyalists
CUST008711,115,8,777.96,2,4,4,244,Loyal Customers
CUST008712,365,1,59.66,1,1,1,111,Lost
CUST008713,382,5,429.24,1,3,2,132,At Risk
CUST008714,114,6,567.14,2,3,3,233,Loyal Customers
CUST008715,58,2,151.41,3,1,1,311,Dormant
CUST008716,40,6,603.13,4,3,3,433,Champions
CUST008717,123,6,677.52,2,3,4,234,Loyal Customers
CUST008718,222,4,317.11,1,2,1,121,Lost
CUST008719,215,7,642.54,1,4,3,143,Loyal Customers
CUST008720,108,4,313.7,2,2,1,221,Need Attention
CUST008721,38,5,506.62,4,3,3,433,Champions
CUST008722,44,6,598.59,4,3,3,433,Champions
CUST008723,199,3,437.65,2,1,2,212,Dormant
CUST008724,135,3,340.72,2,1,2,212,Dormant
CUST008725,82,2,213.2,3,1,1,311,Dormant
CUST008726,92,5,500.96,3,3,3,333,Champions
CUST008727,284,3,416.49,1,1,2,112,Lost
CUST008728,89,4,430.21,3,2,2,322,Potential Loyalists
CUST008729,388,2,238.02,1,1,1,111,Lost
CUST008730,24,4,481.54,4,2,2,422,Potential Loyalists
CUST008731,29,10,1091.42,4,4,4,444,Champions
CUST008732,1,4,478.26,4,2,2,422,Potential Loyalists
CUST008733,172,3,440.78999999999996,2,1,2,212,Dormant
CUST008734,2,11,1105.44,4,4,4,444,Champions
CUST008735,683,3,345.24,1,1,2,112,Lost
CUST008736,92,8,893.9399999999999,3,4,4,344,Champions
CUST008737,166,5,718.6800000000001,2,3,4,234,Loyal Customers
CUST008738,18,4,466.03999999999996,4,2,2,422,Potential Loyalists
CUST008739,165,5,526.56,2,3,3,233,Loyal Customers
CUST008740,3,5,623.95,4,3,3,433,Champions
CUST008741,630,1,132.46,1,1,1,111,Lost
CUST008742,92,4,369.48,3,2,2,322,Potential Loyalists
CUST008743,11,6,688.99,4,3,4,434,Champions
CUST008744,77,9,948.37,3,4,4,344,Champions
CUST008745,110,4,403.11,2,2,2,222,Need Attention
CUST008746,177,3,222.86,2,1,1,211,Dormant
CUST008747,68,6,645.68,3,3,3,333,Champions
CUST008748,46,4,381.0,4,2,2,422,Potential Loyalists
CUST008749,226,4,353.65,1,2,2,122,At Risk
CUST008750,25,7,840.11,4,4,4,444,Champions
CUST008751,335,4,426.84,1,2,2,122,At Risk
CUST008752,122,5,402.56,2,3,2,232,Need Attention
CUST008753,253,2,146.3,1,1,1,111,Lost
CUST008754,69,6,847.03,3,3,4,334,Champions
CUST008755,452,6,758.0500000000001,1,3,4,134,Loyal Customers
CUST008756,164,7,687.8,2,4,4,244,Loyal Customers
CUST008757,30,4,648.3299999999999,4,2,3,423,Potential Loyalists
CUST008758,12,4,386.95,4,2,2,422,Potential Loyalists
CUST008759,89,7,714.13,3,4,4,344,Champions
CUST008760,194,4,462.66,2,2,2,222,Need Attention
CUST008761,351,4,518.31,1,2,3,123,At Risk
CUST008762,38,7,805.97,4,4,4,444,Champions
CUST008763,155,6,491.27,2,3,3,233,Loyal Customers
CUST008764,66,6,630.53,3,3,3,333,Champions
CUST008765,287,5,488.11999999999995,1,3,2,132,At Risk
CUST008766,151,4,431.2,2,2,2,222,Need Attention
CUST008767,79,5,420.83,3,3,2,332,Potential Loyalists
CUST008768,105,3,349.26,3,1,2,312,Dormant
CUST008769,118,4,339.54999999999995,2,2,2,222,Need Attention
CUST008770,212,8,754.8399999999999,1,4,4,144,Loyal Customers
CUST008771,268,6,661.21,1,3,4,134,Loyal Customers
CUST008772,4,2,334.44,4,1,1,411,Dormant
CUST008773,26,3,333.69,4,1,1,411,Dormant
CUST008774,410,3,232.93,1,1,1,111,Lost
CUST008775,161,5,629.46,2,3,3,233,Loyal Customers
CUST008776,86,6,567.62,3,3,3,333,Champions
CUST008777,93,3,301.11,3,1,1,311,Dormant
CUST008778,281,5,438.42,1,3,2,132,At Risk
CUST008779,83,6,480.03,3,3,2,332,Potential Loyalists
CUST008780,123,4,438.18,2,2,2,222,Need Attention
CUST008781,85,6,660.54,3,3,4,334,Champions
CUST008782,52,4,350.89,3,2,2,322,Potential Loyalists
CUST008783,82,3,193.37,3,1,1,311,Dormant
CUST008784,123,10,1015.36,2,4,4,244,Loyal Customers
CUST008785,185,3,280.74,2,1,1,211,Dormant
CUST008786,188,4,328.03999999999996,2,2,1,221,Need Attention
CUST008787,136,10,992.1099999999999,2,4,4,244,Loyal Customers
CUST008788,716,1,75.06,1,1,1,111,Lost
CUST008789,164,2,210.73000000000002,2,1,1,211,Dormant
CUST008790,329,6,669.72,1,3,4,134,Loyal Customers
CUST008791,124,3,260.72,2,1,1,211,Dormant
CUST008792,30,9,872.14,4,4,4,444,Champions
CUST008793,202,4,373.77,2,2,2,222,Need Attention
CUST008794,3,2,225.63,4,1,1,411,Dormant
CUST008795,4,4,349.20000000000005,4,2,2,422,Potential Loyalists
CUST008796,79,4,557.63,3,2,3,323,Potential Loyalists
CUST008797,12,6,549.08,4,3,3,433,Champions
CUST008798,191,5,442.12,2,3,2,232,Need Attention
CUST008799,40,6,617.31,4,3,3,433,Champions
CUST008800,159,5,614.0,2,3,3,233,Loyal Customers
CUST008801,5,7,882.9200000000001,4,4,4,444,Champions
CUST008802,6,6,664.33,4,3,4,434,Champions
CUST008803,489,3,203.3,1,1,1,111,Lost
CUST008804,6,6,468.45,4,3,2,432,Potential Loyalists
CUST008805,458,2,177.21,1,1,1,111,Lost
CUST008806,23,5,562.36,4,3,3,433,Champions
CUST008807,9,4,466.33000000000004,4,2,2,422,Potential Loyalists
CUST008808,44,5,454.38,4,3,2,432,Potential Loyalists
CUST008809,617,2,290.44,1,1,1,111,Lost
CUST008810,88,7,1000.76,3,4,4,344,Champions
CUST008811,153,2,323.15,2,1,1,211,Dormant
CUST008812,136,9,943.57,2,4,4,244,Loyal Customers
CUST008813,121,1,91.86,2,1,1,211,Dormant
CUST008814,132,3,299.6,2,1,1,211,Dormant
CUST008815,1,6,664.08,4,3,4,434,Champions
CUST008816,2,8,752.85,4,4,4,444,Champions
CUST008817,121,3,232.89999999999998,2,1,1,211,Dormant
CUST008818,27,8,710.3199999999999,4,4,4,444,Champions
CUST008819,406,3,206.95,1,1,1,111,Lost
CUST008820,93,6,608.76,3,3,3,333,Champions
CUST008821,361,3,245.5,1,1,1,111,Lost
CUST008822,8,8,714.49,4,4,4,444,Champions
CUST008823,213,4,284.97,1,2,1,121,Lost
CUST008824,215,4,366.85,1,2,2,122,At Risk
CUST008825,29,5,525.37,4,3,3,433,Champions
CUST008826,48,4,406.96000000000004,3,2,2,322,Potential Loyalists
CUST008827,50,6,837.41,3,3,4,334,Champions
CUST008828,7,3,380.75,4,1,2,412,Dormant
CUST008829,32,7,836.64,4,4,4,444,Champions
CUST008830,323,5,436.01,1,3,2,132,At Risk
CUST008831,399,5,519.02,1,3,3,133,Loyal Customers
CUST008832,3,5,502.99,4,3,3,433,Champions
CUST008833,39,1,73.5,4,1,1,411,Dormant
CUST008834,345,2,209.37,1,1,1,111,Lost
CUST008835,67,9,1109.54,3,4,4,344,Champions
CUST008836,97,4,377.3,3,2,2,322,Potential Loyalists
CUST008837,450,2,194.8,1,1,1,111,Lost
CUST008838,620,1,156.66,1,1,1,111,Lost
CUST008839,129,1,91.62,2,1,1,211,Dormant
CUST008840,84,6,572.89,3,3,3,333,Champions
CUST008841,230,4,498.09,1,2,3,123,At Risk
CUST008842,10,9,926.54,4,4,4,444,Champions
CUST008843,261,2,208.5,1,1,1,111,Lost
CUST008844,1,4,475.35,4,2,2,422,Potential Loyalists
CUST008845,136,3,331.9,2,1,1,211,Dormant
CUST008846,242,5,565.66,1,3,3,133,Loyal Customers
CUST008847,163,2,203.8,2,1,1,211,Dormant
CUST008848,289,5,480.34,1,3,2,132,At Risk
CUST008849,58,8,700.84,3,4,4,344,Champions
CUST008850,259,3,319.68,1,1,1,111,Lost
CUST008851,21,5,433.46999999999997,4,3,2,432,Potential Loyalists
CUST008852,61,5,534.95,3,3,3,333,Champions
CUST008853,328,4,286.23,1,2,1,121,Lost
CUST008854,34,6,716.24,4,3,4,434,Champions
CUST008855,60,4,406.07,3,2,2,322,Potential Loyalists
CUST008856,20,6,488.87,4,3,2,432,Potential Loyalists
CUST008857,262,2,287.84,1,1,1,111,Lost
CUST008858,42,7,851.54,4,4,4,444,Champions
CUST008859,188,4,438.23,2,2,2,222,Need Attention
CUST008860,7,7,724.54,4,4,4,444,Champions
CUST008861,1,6,495.42,4,3,3,433,Champions
CUST008862,93,4,443.20000000000005,3,2,2,322,Potential Loyalists
CUST008863,26,6,562.08,4,3,3,433,Champions
CUST008864,33,6,550.56,4,3,3,433,Champions
CUST008865,203,5,478.61,2,3,2,232,Need Attention
CUST008866,142,7,608.33,2,4,3,243,Loyal Customers
CUST008867,269,2,160.45,1,1,1,111,Lost
CUST008868,6,8,704.51,4,4,4,444,Champions
CUST008869,275,5,449.28999999999996,1,3,2,132,At Risk
CUST008870,68,5,578.1800000000001,3,3,3,333,Champions
CUST008871,113,5,476.43,2,3,2,232,Need Attention
CUST008872,36,3,335.08,4,1,1,411,Dormant
CUST008873,46,4,436.56,4,2,2,422,Potential Loyalists
CUST008874,10,5,505.3,4,3,3,433,Champions
CUST008875,94,11,1256.0,3,4,4,344,Champions
CUST008876,212,7,756.36,1,4,4,144,Loyal Customers
CUST008877,60,5,490.08,3,3,3,333,Champions
CUST008878,67,4,371.43,3,2,2,322,Potential Loyalists
CUST008879,129,4,327.97,2,2,1,221,Need Attention
CUST008880,2,6,636.64,4,3,3,433,Champions
CUST008881,12,5,508.45,4,3,3,433,Champions
CUST008882,316,3,259.95,1,1,1,111,Lost
CUST008883,203,2,126.47999999999999,2,1,1,211,Dormant
CUST008884,241,3,274.93,1,1,1,111,Lost
CUST008885,119,8,838.6899999999999,2,4,4,244,Loyal Customers
CUST008886,10,8,775.43,4,4,4,444,Champions
CUST008887,49,6,777.7,3,3,4,334,Champions
CUST008888,134,5,623.45,2,3,3,233,Loyal Customers
CUST008889,190,3,343.82,2,1,2,212,Dormant
CUST008890,100,1,59.4,3,1,1,311,Dormant
CUST008891,61,7,701.92,3,4,4,344,Champions
CUST008892,3,7,819.83,4,4,4,444,Champions
CUST008893,83,5,683.76,3,3,4,334,Champions
CUST008894,108,8,776.8199999999999,2,4,4,244,Loyal Customers
CUST008895,22,4,530.31,4,2,3,423,Potential Loyalists
CUST008896,18,6,654.91,4,3,3,433,Champions
CUST008897,311,6,657.1899999999999,1,3,3,133,Loyal Customers
CUST008898,107,8,888.82,2,4,4,244,Loyal Customers
CUST008899,362,1,134.48,1,1,1,111,Lost
CUST008900,177,5,511.94,2,3,3,233,Loyal Customers
CUST008901,323,4,516.25,1,2,3,123,At Risk
CUST008902,167,3,326.64,2,1,1,211,Dormant
CUST008903,15,8,608.29,4,4,3,443,Champions
CUST008904,113,4,410.20000000000005,2,2,2,222,Need Attention
CUST008905,208,4,391.43,2,2,2,222,Need Attention
CUST008906,193,7,919.26,2,4,4,244,Loyal Customers
CUST008907,103,6,501.16999999999996,3,3,3,333,Champions
CUST008908,374,3,337.17999999999995,1,1,1,111,Lost
CUST008909,524,1,68.5,1,1,1,111,Lost
CUST008910,21,6,534.84,4,3,3,433,Champions
CUST008911,259,2,170.67000000000002,1,1,1,111,Lost
CUST008912,124,5,612.13,2,3,3,233,Loyal Customers
CUST008913,59,6,624.66,3,3,3,333,Champions
CUST008914,159,5,556.55,2,3,3,233,Loyal Customers
CUST008915,178,3,292.25,2,1,1,211,Dormant
CUST008916,16,6,526.46,4,3,3,433,Champions
CUST008917,98,4,383.20000000000005,3,2,2,322,Potential Loyalists
CUST008918,227,4,375.28999999999996,1,2,2,122,At Risk
CUST008919,131,4,466.68,2,2,2,222,Need Attention
CUST008920,51,5,512.5799999999999,3,3,3,333,Champions
CUST008921,74,5,542.7,3,3,3,333,Champions
CUST008922,33,6,614.27,4,3,3,433,Champions
CUST008923,20,7,704.41,4,4,4,444,Champions
CUST008924,85,3,280.12,3,1,1,311,Dormant
CUST008925,244,5,369.9,1,3,2,132,At Risk
CUST008926,8,6,475.73,4,4,2,442,Potential Loyalists
CUST008927,100,5,507.63,3,3,3,333,Champions
CUST008928,56,2,194.81,3,1,1,311,Dormant
CUST008929,435,1,154.13,1,1,1,111,Lost
CUST008930,94,5,492.24,3,3,3,333,Champions
CUST008931,291,6,568.6600000000001,1,4,3,143,Loyal Customers
CUST008933,256,4,433.77,1,2,2,122,At Risk
CUST008934,104,3,295.81,3,1,1,311,Dormant
CUST008935,253,6,636.74,1,4,3,143,Loyal Customers
CUST008936,225,5,504.31,1,3,3,133,Loyal Customers
CUST008937,119,4,428.27,2,2,2,222,Need Attention
CUST008938,171,6,691.61,2,4,4,244,Loyal Customers
CUST008939,88,6,559.97,3,4,3,343,Champions
CUST008940,58,3,294.05,3,1,1,311,Dormant
CUST008941,44,2,231.49,4,1,1,411,Dormant
CUST008942,44,5,588.28,4,3,3,433,Champions
CUST008943,84,3,234.08999999999997,3,1,1,311,Dormant
CUST008944,122,4,474.54999999999995,2,2,2,222,Need Attention
CUST008945,5,6,444.26,4,4,2,442,Potential Loyalists
CUST008946,51,4,525.6700000000001,3,2,3,323,Potential Loyalists
CUST008947,102,2,224.2,3,1,1,311,Dormant
CUST008948,89,4,394.49,3,2,2,322,Potential Loyalists
CUST008949,244,4,394.8,1,2,2,122,At Risk
CUST008950,252,2,214.36,1,1,1,111,Lost
CUST008951,62,7,649.9,3,4,3,343,Champions
CUST008952,386,5,440.24,1,3,2,132,At Risk
CUST008953,623,3,286.35,1,1,1,111,Lost
CUST008954,114,4,314.94,2,2,1,221,Need Attention
CUST008955,131,2,195.76,2,1,1,211,Dormant
CUST008956,97,4,383.32,3,2,2,322,Potential Loyalists
CUST008957,104,2,203.46,3,1,1,311,Dormant
CUST008958,5,11,1020.52,4,4,4,444,Champions
CUST008959,261,4,279.44,1,2,1,121,Lost
CUST008960,62,8,742.13,3,4,4,344,Champions
CUST008961,20,3,366.71,4,1,2,412,Dormant
CUST008962,15,4,434.01,4,2,2,422,Potential Loyalists
CUST008963,385,5,628.65,1,3,3,133,Loyal Customers
CUST008964,106,3,293.97,3,1,1,311,Dormant
CUST008965,85,8,832.55,3,4,4,344,Champions
CUST008966,2,11,1079.95,4,4,4,444,Champions
CUST008967,680,1,78.96,1,1,1,111,Lost
CUST008968,159,7,765.7,2,4,4,244,Loyal Customers
CUST008969,142,10,1009.54,2,4,4,244,Loyal Customers
CUST008970,144,3,236.89999999999998,2,1,1,211,Dormant
CUST008971,15,1,93.06,4,1,1,411,Dormant
CUST008972,411,3,379.20000000000005,1,1,2,112,Lost
CUST008973,395,4,349.65999999999997,1,2,2,122,At Risk
CUST008974,160,4,403.25,2,2,2,222,Need Attention
CUST008975,69,5,512.72,3,3,3,333,Champions
CUST008976,105,7,626.52,3,4,3,343,Champions
CUST008977,210,2,153.06,2,1,1,211,Dormant
CUST008978,149,3,257.82,2,1,1,211,Dormant
CUST008979,14,6,647.96,4,4,3,443,Champions
CUST008980,350,5,472.83,1,3,2,132,At Risk
CUST008981,264,5,468.74,1,3,2,132,At Risk
CUST008982,34,4,499.67,4,2,3,423,Potential Loyalists
CUST008983,386,3,347.23,1,1,2,112,Lost
CUST008984,237,7,540.07,1,4,3,143,Loyal Customers
CUST008985,107,4,455.93,2,2,2,222,Need Attention
CUST008986,329,7,636.78,1,4,3,143,Loyal Customers
CUST008987,121,5,347.5,2,3,2,232,Need Attention
CUST008988,207,3,462.21000000000004,2,1,2,212,Dormant
CUST008989,186,3,401.17,2,1,2,212,Dormant
CUST008990,47,5,470.55,3,3,2,332,Potential Loyalists
CUST008991,27,5,541.28,4,3,3,433,Champions
CUST008992,19,10,994.06,4,4,4,444,Champions
CUST008993,218,4,403.67,1,2,2,122,At Risk
CUST008994,405,3,253.23000000000002,1,1,1,111,Lost
CUST008995,248,3,257.55,1,1,1,111,Lost
CUST008996,189,7,781.1,2,4,4,244,Loyal Customers
CUST008997,323,6,541.42,1,4,3,143,Loyal Customers
CUST008998,28,8,818.84,4,4,4,444,Champions
CUST008999,111,3,276.19,2,1,1,211,Dormant
CUST009000,168,1,80.1,2,1,1,211,Dormant
CUST009002,290,4,403.73,1,2,2,122,At Risk
CUST009003,31,2,190.62,4,1,1,411,Dormant
CUST009004,82,1,137.72,3,1,1,311,Dormant
CUST009005,58,5,838.3299999999999,3,3,4,334,Champions
CUST009006,53,3,302.5,3,1,1,311,Dormant
CUST009007,12,3,402.31,4,1,2,412,Dormant
CUST009008,96,6,600.5600000000001,3,4,3,343,Champions
CUST009009,17,9,1189.94,4,4,4,444,Champions
CUST009010,51,6,646.04,3,4,3,343,Champions
CUST009011,141,14,1400.1100000000001,2,4,4,244,Loyal Customers
CUST009012,356,4,380.63,1,2,2,122,At Risk
CUST009013,89,5,521.01,3,3,3,333,Champions
CUST009014,17,10,1071.09,4,4,4,444,Champions
CUST009015,152,3,286.23,2,1,1,211,Dormant
CUST009016,252,4,412.52,1,2,2,122,At Risk
CUST009017,34,3,249.10000000000002,4,1,1,411,Dormant
CUST009018,64,9,1008.48,3,4,4,344,Champions
CUST009019,291,4,301.61,1,2,1,121,Lost
CUST009020,28,3,240.31,4,1,1,411,Dormant
CUST009021,34,6,555.51,4,4,3,443,Champions
CUST009022,31,6,565.12,4,4,3,443,Champions
CUST009023,158,4,474.64,2,2,2,222,Need Attention
CUST009024,33,10,1051.93,4,4,4,444,Champions
CUST009025,82,5,637.38,3,3,3,333,Champions
CUST009026,63,6,674.59,3,4,4,344,Champions
CUST009027,414,1,58.24,1,1,1,111,Lost
CUST009028,171,3,339.49,2,1,2,212,Dormant
CUST009029,127,7,641.8299999999999,2,4,3,243,Loyal Customers
CUST009030,438,4,279.2,1,2,1,121,Lost
CUST009031,46,5,432.0,4,3,2,432,Potential Loyalists
CUST009032,210,4,351.91,2,2,2,222,Need Attention
CUST009033,1,6,664.04,4,4,4,444,Champions
CUST009034,6,8,761.32,4,4,4,444,Champions
CUST009035,63,2,206.45,3,1,1,311,Dormant
CUST009036,33,6,549.06,4,4,3,443,Champions
CUST009037,11,3,311.82,4,1,1,411,Dormant
CUST009038,38,9,812.26,4,4,4,444,Champions
CUST009039,125,3,317.55,2,1,1,211,Dormant
CUST009040,32,6,451.06,4,4,2,442,Potential Loyalists
CUST009041,148,4,371.37,2,2,2,222,Need Attention
CUST009042,63,6,624.5,3,4,3,343,Champions
CUST009043,303,7,648.12,1,4,3,143,Loyal Customers
CUST009044,111,7,769.5899999999999,2,4,4,244,Loyal Customers
CUST009045,150,4,408.81,2,2,2,222,Need Attention
CUST009046,90,8,759.74,3,4,4,344,Champions
CUST009047,198,3,270.13,2,1,1,211,Dormant
CUST009048,673,3,412.88,1,1,2,112,Lost
CUST009049,193,9,733.79,2,4,4,244,Loyal Customers
CUST009050,20,9,1092.62,4,4,4,444,Champions
CUST009051,16,7,831.95,4,4,4,444,Champions
CUST009052,342,6,538.1,1,4,3,143,Loyal Customers
CUST009053,165,4,294.37,2,2,1,221,Need Attention
CUST009054,112,3,465.9,2,1,2,212,Dormant
CUST009055,309,4,419.36,1,2,2,122,At Risk
CUST009056,636,1,78.93,1,1,1,111,Lost
CUST009057,216,6,633.53,1,4,3,143,Loyal Customers
CUST009058,517,4,406.12,1,2,2,122,At Risk
CUST009059,10,4,369.27,4,2,2,422,Potential Loyalists
CUST009060,10,9,943.8199999999999,4,4,4,444,Champions
CUST009061,46,2,234.47000000000003,4,1,1,411,Dormant
CUST009062,104,4,341.55,3,2,2,322,Potential Loyalists
CUST009063,215,5,434.54,1,3,2,132,At Risk
CUST009064,150,7,670.12,2,4,4,244,Loyal Customers
CUST009065,266,5,619.62,1,3,3,133,Loyal Customers
CUST009066,96,7,648.94,3,4,3,343,Champions
CUST009067,47,4,350.21000000000004,3,2,2,322,Potential Loyalists
CUST009068,159,7,706.22,2,4,4,244,Loyal Customers
CUST009069,237,4,457.58,1,2,2,122,At Risk
CUST009070,121,9,960.08,2,4,4,244,Loyal Customers
CUST009071,324,3,205.31,1,1,1,111,Lost
CUST009072,60,9,799.05,3,4,4,344,Champions
CUST009073,395,3,319.84000000000003,1,1,1,111,Lost
CUST009074,101,4,406.38,3,2,2,322,Potential Loyalists
CUST009075,338,5,492.65999999999997,1,3,3,133,Loyal Customers
CUST009076,475,6,542.8299999999999,1,4,3,143,Loyal Customers
CUST009077,27,8,996.46,4,4,4,444,Champions
CUST009078,18,5,508.67999999999995,4,3,3,433,Champions
CUST009079,15,6,590.93,4,4,3,443,Champions
CUST009080,303,8,761.56,1,4,4,144,Loyal Customers
CUST009081,24,6,569.45,4,4,3,443,Champions
CUST009082,26,3,223.54000000000002,4,1,1,411,Dormant
CUST009083,217,4,498.15000000000003,1,2,3,123,At Risk
CUST009084,190,12,1099.27,2,4,4,244,Loyal Customers
CUST009085,9,8,1049.46,4,4,4,444,Champions
CUST009086,11,7,624.67,4,4,3,443,Champions
CUST009087,7,6,519.87,4,4,3,443,Champions
CUST009088,311,4,510.71000000000004,1,2,3,123,At Risk
CUST009089,221,5,548.41,1,3,3,133,Loyal Customers
CUST009090,92,2,137.2,3,1,1,311,Dormant
CUST009091,103,6,777.17,3,4,4,344,Champions
CUST009092,92,5,408.15999999999997,3,3,2,332,Potential Loyalists
CUST009093,178,5,529.2,2,3,3,233,Loyal Customers
CUST009094,98,7,666.1,3,4,4,344,Champions
CUST009095,84,1,92.99,3,1,1,311,Dormant
CUST009096,181,7,778.11,2,4,4,244,Loyal Customers
CUST009097,427,7,665.95,1,4,4,144,Loyal Customers
CUST009098,415,1,138.64,1,1,1,111,Lost
CUST009099,87,6,625.61,3,4,3,343,Champions
CUST009100,179,2,208.01999999999998,2,1,1,211,Dormant
CUST009101,154,4,348.43,2,2,2,222,Need Attention
CUST009102,250,5,631.6600000000001,1,3,3,133,Loyal Customers
CUST009103,100,5,452.67,3,3,2,332,Potential Loyalists
CUST009104,186,6,616.63,2,4,3,243,Loyal Customers
CUST009105,365,3,284.15999999999997,1,1,1,111,Lost
CUST009106,119,3,272.32,2,1,1,211,Dormant
CUST009107,58,2,197.42000000000002,3,1,1,311,Dormant
CUST009108,61,3,315.65,3,1,1,311,Dormant
CUST009109,30,4,368.01,4,2,2,422,Potential Loyalists
CUST009110,25,11,895.14,4,4,4,444,Champions
CUST009111,115,4,406.96000000000004,2,2,2,222,Need Attention
CUST009112,53,5,527.23,3,3,3,333,Champions
CUST009113,2,4,437.89,4,2,2,422,Potential Loyalists
CUST009114,163,5,692.88,2,3,4,234,Loyal Customers
CUST009115,48,5,530.74,3,3,3,333,Champions
CUST009116,220,2,205.73000000000002,1,1,1,111,Lost
CUST009117,179,5,567.6,2,3,3,233,Loyal Customers
CUST009118,148,5,521.0699999999999,2,3,3,233,Loyal Customers
CUST009119,56,6,748.0699999999999,3,4,4,344,Champions
CUST009120,2,9,895.46,4,4,4,444,Champions
CUST009121,328,2,136.36,1,1,1,111,Lost
CUST009122,131,1,136.54,2,1,1,211,Dormant
CUST009123,50,5,617.8,3,3,3,333,Champions
CUST009124,100,7,817.21,3,4,4,344,Champions
CUST009125,9,7,571.46,4,4,3,443,Champions
CUST009126,756,1,63.29,1,1,1,111,Lost
CUST009127,79,3,329.34,3,1,1,311,Dormant
CUST009128,65,5,471.65,3,3,2,332,Potential Loyalists
CUST009129,41,5,448.21,4,3,2,432,Potential Loyalists
CUST009130,52,6,484.46000000000004,3,4,2,342,Potential Loyalists
CUST009131,407,4,520.52,1,2,3,123,At Risk
CUST009132,25,4,359.05,4,2,2,422,Potential Loyalists
CUST009133,110,10,972.62,2,4,4,244,Loyal Customers
CUST009134,10,7,686.8,4,4,4,444,Champions
CUST009135,626,4,452.54,1,2,2,122,At Risk
CUST009136,68,2,168.92000000000002,3,1,1,311,Dormant
CUST009137,69,4,521.48,3,2,3,323,Potential Loyalists
CUST009138,324,2,165.38,1,1,1,111,Lost
CUST009139,14,5,682.58,4,3,4,434,Champions
CUST009140,77,5,549.74,3,3,3,333,Champions
CUST009141,42,7,685.97,4,4,4,444,Champions
CUST009143,267,3,281.77,1,1,1,111,Lost
CUST009144,16,4,506.08000000000004,4,2,3,423,Potential Loyalists
CUST009145,64,3,309.23,3,1,1,311,Dormant
CUST009146,75,8,822.13,3,4,4,344,Champions
CUST009147,109,4,464.6,2,2,2,222,Need Attention
CUST009148,122,4,506.28000000000003,2,2,3,223,Need Attention
CUST009149,113,5,398.55,2,3,2,232,Need Attention
CUST009150,311,2,127.0,1,1,1,111,Lost
CUST009151,29,8,906.29,4,4,4,444,Champions
CUST009152,25,6,613.8,4,4,3,443,Champions
CUST009153,157,3,254.66,2,1,1,211,Dormant
CUST009154,71,5,411.95,3,3,2,332,Potential Loyalists
CUST009155,118,2,187.75,2,1,1,211,Dormant
CUST009156,127,7,695.21,2,4,4,244,Loyal Customers
CUST009157,1,7,862.43,4,4,4,444,Champions
CUST009158,114,4,442.81,2,2,2,222,Need Attention
CUST009159,73,2,206.33999999999997,3,1,1,311,Dormant
CUST009160,107,3,275.96,2,1,1,211,Dormant
CUST009161,519,3,383.51,1,1,2,112,Lost
CUST009162,239,3,187.2,1,1,1,111,Lost
CUST009163,593,3,262.47,1,1,1,111,Lost
CUST009164,123,7,695.1,2,4,4,244,Loyal Customers
CUST009165,41,4,441.27,4,2,2,422,Potential Loyalists
CUST009166,105,9,799.8199999999999,3,4,4,344,Champions
CUST009167,393,3,289.99,1,1,1,111,Lost
CUST009168,268,4,418.13,1,2,2,122,At Risk
CUST009169,126,2,171.34,2,1,1,211,Dormant
CUST009170,202,4,325.28000000000003,2,2,1,221,Need Attention
CUST009171,32,10,1089.38,4,4,4,444,Champions
CUST009172,33,7,665.85,4,4,4,444,Champions
CUST009173,32,3,248.64999999999998,4,1,1,411,Dormant
CUST009174,77,4,425.95000000000005,3,2,2,322,Potential Loyalists
CUST009175,133,5,636.49,2,3,3,233,Loyal Customers
CUST009176,156,2,148.38,2,1,1,211,Dormant
CUST009177,52,11,1307.28,3,4,4,344,Champions
CUST009178,14,6,518.52,4,4,3,443,Champions
CUST009179,223,7,602.2,1,4,3,143,Loyal Customers
CUST009180,65,6,521.09,3,4,3,343,Champions
CUST009181,23,1,95.8,4,1,1,411,Dormant
CUST009182,66,7,636.01,3,4,3,343,Champions
CUST009183,25,11,1244.1299999999999,4,4,4,444,Champions
CUST009184,364,5,578.48,1,3,3,133,Loyal Customers
CUST009185,25,9,877.57,4,4,4,444,Champions
CUST009186,19,9,1182.43,4,4,4,444,Champions
CUST009187,160,4,303.03,2,2,1,221,Need Attention
CUST009188,6,9,830.09,4,4,4,444,Champions
CUST009189,125,4,378.89,2,2,2,222,Need Attention
CUST009190,59,5,510.86,3,3,3,333,Champions
CUST009191,27,5,667.62,4,3,4,434,Champions
CUST009192,22,4,437.53000000000003,4,2,2,422,Potential Loyalists
CUST009193,275,2,187.2,1,1,1,111,Lost
CUST009194,209,3,327.39,2,1,1,211,Dormant
CUST009195,306,6,603.6,1,4,3,143,Loyal Customers
CUST009196,475,2,274.24,1,1,1,111,Lost
CUST009197,230,7,833.95,1,4,4,144,Loyal Customers
CUST009198,101,5,519.45,3,3,3,333,Champions
CUST009199,174,2,104.15,2,1,1,211,Dormant
CUST009200,35,4,459.82,4,2,2,422,Potential Loyalists
CUST009201,82,6,695.93,3,4,4,344,Champions
CUST009203,31,4,312.74,4,2,1,421,Need Attention
CUST009204,518,1,98.0,1,1,1,111,Lost
CUST009205,202,5,440.4,2,3,2,232,Need Attention
CUST009206,183,6,579.27,2,4,3,243,Loyal Customers
CUST009207,40,5,518.49,4,3,3,433,Champions
CUST009208,260,2,145.81,1,1,1,111,Lost
CUST009209,46,4,460.22,4,2,2,422,Potential Loyalists
CUST009210,229,4,341.8,1,2,2,122,At Risk
CUST009211,123,6,513.52,2,4,3,243,Loyal Customers
CUST009212,65,4,331.81,3,2,1,321,Need Attention
CUST009213,85,7,709.73,3,4,4,344,Champions
CUST009214,503,3,293.14,1,1,1,111,Lost
CUST009215,408,2,279.23,1,1,1,111,Lost
CUST009216,182,5,462.98,2,3,2,232,Need Attention
CUST009217,383,4,280.96000000000004,1,2,1,121,Lost
CUST009218,233,6,701.21,1,4,4,144,Loyal Customers
CUST009219,612,2,179.10000000000002,1,1,1,111,Lost
CUST009220,128,5,520.81,2,3,3,233,Loyal Customers
CUST009221,308,4,450.61,1,2,2,122,At Risk
CUST009222,21,7,542.86,4,4,3,443,Champions
CUST009223,16,8,612.0,4,4,3,443,Champions
CUST009224,384,8,851.0999999999999,1,4,4,144,Loyal Customers
CUST009225,18,6,458.36,4,4,2,442,Potential Loyalists
CUST009226,221,3,338.95,1,1,2,112,Lost
CUST009227,726,1,97.85,1,1,1,111,Lost
CUST009228,309,2,251.49,1,1,1,111,Lost
CUST009229,168,2,202.09,2,1,1,211,Dormant
CUST009230,492,1,97.62,1,1,1,111,Lost
CUST009231,301,4,541.8199999999999,1,2,3,123,At Risk
CUST009232,412,6,691.61,1,4,4,144,Loyal Customers
CUST009233,279,6,544.02,1,4,3,143,Loyal Customers
CUST009234,118,8,906.72,2,4,4,244,Loyal Customers
CUST009235,316,4,353.85,1,2,2,122,At Risk
CUST009236,131,4,344.62,2,2,2,222,Need Attention
CUST009237,150,2,224.84000000000003,2,1,1,211,Dormant
CUST009238,533,4,461.53,1,2,2,122,At Risk
CUST009239,213,8,789.6,1,4,4,144,Loyal Customers
CUST009240,103,6,582.09,3,4,3,343,Champions
CUST009241,25,5,515.89,4,3,3,433,Champions
CUST009242,23,2,282.47,4,1,1,411,Dormant
CUST009243,169,5,459.09,2,3,2,232,Need Attention
CUST009244,21,11,1332.5,4,4,4,444,Champions
CUST009245,98,5,366.84000000000003,3,3,2,332,Potential Loyalists
CUST009246,88,2,162.57,3,1,1,311,Dormant
CUST009247,360,4,298.51,1,2,1,121,Lost
CUST009248,318,6,588.49,1,4,3,143,Loyal Customers
CUST009249,70,4,353.66999999999996,3,2,2,322,Potential Loyalists
CUST009250,634,2,183.44,1,1,1,111,Lost
CUST009251,194,3,259.89,2,1,1,211,Dormant
CUST009252,182,5,458.38,2,3,2,232,Need Attention
CUST009253,211,3,361.79999999999995,2,1,2,212,Dormant
CUST009254,377,4,288.98,1,2,1,121,Lost
CUST009255,436,3,366.72,1,1,2,112,Lost
CUST009256,95,10,978.1800000000001,3,4,4,344,Champions
CUST009257,12,10,1055.07,4,4,4,444,Champions
CUST009258,64,5,538.25,3,3,3,333,Champions
CUST009259,229,5,584.74,1,3,3,133,Loyal Customers
CUST009260,293,3,435.84000000000003,1,1,2,112,Lost
CUST009261,224,4,349.15,1,2,2,122,At Risk
CUST009262,173,6,670.34,2,4,4,244,Loyal Customers
CUST009263,67,4,352.27,3,2,2,322,Potential Loyalists
CUST009264,18,5,487.90999999999997,4,3,2,432,Potential Loyalists
CUST009265,182,4,438.53,2,2,2,222,Need Attention
CUST009266,49,6,591.42,3,4,3,343,Champions
CUST009267,68,2,228.64000000000001,3,1,1,311,Dormant
CUST009268,79,5,477.31,3,3,2,332,Potential Loyalists
CUST009269,528,2,207.41,1,1,1,111,Lost
CUST009270,13,5,394.56,4,3,2,432,Potential Loyalists
CUST009271,23,9,962.53,4,4,4,444,Champions
CUST009272,125,5,517.91,2,3,3,233,Loyal Customers
CUST009273,111,6,589.08,2,4,3,243,Loyal Customers
CUST009274,15,5,663.63,4,3,4,434,Champions
CUST009276,322,4,441.16999999999996,1,2,2,122,At Risk
CUST009277,134,4,305.75,2,2,1,221,Need Attention
CUST009278,28,6,790.47,4,4,4,444,Champions
CUST009279,224,2,287.74,1,1,1,111,Lost
CUST009280,45,2,220.74,4,1,1,411,Dormant
CUST009281,260,3,242.94,1,1,1,111,Lost
CUST009282,136,3,250.02,2,1,1,211,Dormant
CUST009283,570,2,171.81,1,1,1,111,Lost
CUST009284,88,8,1031.22,3,4,4,344,Champions
CUST009285,69,5,517.67,3,3,3,333,Champions
CUST009286,54,5,393.28,3,3,2,332,Potential Loyalists
CUST009287,8,3,464.78,4,1,2,412,Dormant
CUST009288,120,6,765.71,2,4,4,244,Loyal Customers
CUST009289,215,5,515.71,1,3,3,133,Loyal Customers
CUST009290,15,6,450.71999999999997,4,4,2,442,Potential Loyalists
CUST009291,242,3,241.73999999999998,1,1,1,111,Lost
CUST009292,124,5,548.88,2,3,3,233,Loyal Customers
CUST009293,67,7,752.89,3,4,4,344,Champions
CUST009294,113,1,79.3,2,1,1,211,Dormant
CUST009295,32,9,751.07,4,4,4,444,Champions
CUST009296,206,8,742.8,2,4,4,244,Loyal Customers
CUST009297,114,4,218.5,2,2,1,221,Need Attention
CUST009298,15,6,590.95,4,4,3,443,Champions
CUST009299,107,6,603.29,2,4,3,243,Loyal Customers
CUST009300,10,7,686.72,4,4,4,444,Champions
CUST009301,63,3,254.06,3,1,1,311,Dormant
CUST009302,473,5,445.21999999999997,1,3,2,132,At Risk
CUST009303,75,4,392.09,3,2,2,322,Potential Loyalists
CUST009304,166,9,1051.27,2,4,4,244,Loyal Customers
CUST009305,228,4,322.93,1,2,1,121,Lost
CUST009306,114,6,802.62,2,4,4,244,Loyal Customers
CUST009307,161,7,818.03,2,4,4,244,Loyal Customers
CUST009308,82,7,678.81,3,4,4,344,Champions
CUST009309,292,6,700.9499999999999,1,4,4,144,Loyal Customers
CUST009310,539,1,201.54,1,1,1,111,Lost
CUST009311,121,3,356.33,2,1,2,212,Dormant
CUST009312,254,5,418.82,1,3,2,132,At Risk
CUST009313,204,4,524.18,2,2,3,223,Need Attention
CUST009314,43,5,595.26,4,3,3,433,Champions
CUST009315,2,4,370.74,4,2,2,422,Potential Loyalists
CUST009316,28,5,384.96999999999997,4,3,2,432,Potential Loyalists
CUST009317,52,9,890.15,3,4,4,344,Champions
CUST009318,306,4,468.90999999999997,1,2,2,122,At Risk
CUST009319,115,6,678.27,2,4,4,244,Loyal Customers
CUST009320,405,1,99.89,1,1,1,111,Lost
CUST009321,78,11,1226.51,3,4,4,344,Champions
CUST009322,1,5,489.8,4,3,3,433,Champions
CUST009323,53,5,621.48,3,3,3,333,Champions
CUST009324,38,4,357.96,4,2,2,422,Potential Loyalists
CUST009325,161,2,163.17,2,1,1,211,Dormant
CUST009326,12,5,429.90000000000003,4,3,2,432,Potential Loyalists
CUST009327,138,11,1140.95,2,4,4,244,Loyal Customers
CUST009328,8,4,379.46000000000004,4,2,2,422,Potential Loyalists
CUST009329,53,6,630.02,3,4,3,343,Champions
CUST009330,131,5,485.08,2,3,2,232,Need Attention
CUST009331,287,4,365.62,1,2,2,122,At Risk
CUST009332,324,2,275.96000000000004,1,1,1,111,Lost
CUST009333,7,9,998.87,4,4,4,444,Champions
CUST009334,477,5,518.97,1,3,3,133,Loyal Customers
CUST009335,112,8,744.9399999999999,2,4,4,244,Loyal Customers
CUST009336,123,4,460.8,2,2,2,222,Need Attention
CUST009337,296,9,888.67,1,4,4,144,Loyal Customers
CUST009338,216,4,471.27,1,2,2,122,At Risk
CUST009339,227,7,709.62,1,4,4,144,Loyal Customers
CUST009340,302,4,329.25,1,2,1,121,Lost
CUST009341,367,5,459.51,1,3,2,132,At Risk
CUST009342,60,5,445.65,3,3,2,332,Potential Loyalists
CUST009343,298,3,255.87,1,1,1,111,Lost
CUST009344,211,4,427.22,2,2,2,222,Need Attention
CUST009345,68,7,712.92,3,4,4,344,Champions
CUST009346,142,5,543.49,2,3,3,233,Loyal Customers
CUST009347,60,7,640.09,3,4,3,343,Champions
CUST009349,241,6,665.65,1,4,4,144,Loyal Customers
CUST009350,70,6,608.78,3,4,3,343,Champions
CUST009351,145,5,616.85,2,3,3,233,Loyal Customers
CUST009352,105,8,747.5,3,4,4,344,Champions
CUST009353,11,3,337.34000000000003,4,1,1,411,Dormant
CUST009354,257,4,369.42,1,2,2,122,At Risk
CUST009355,346,6,575.03,1,4,3,143,Loyal Customers
CUST009356,238,5,492.53999999999996,1,3,3,133,Loyal Customers
CUST009357,11,8,775.84,4,4,4,444,Champions
CUST009358,167,7,665.0699999999999,2,4,4,244,Loyal Customers
CUST009359,60,4,370.75,3,2,2,322,Potential Loyalists
CUST009360,38,7,812.53,4,4,4,444,Champions
CUST009361,94,6,846.73,3,4,4,344,Champions
CUST009362,50,3,341.22,3,1,2,312,Dormant
CUST009363,292,2,233.19,1,1,1,111,Lost
CUST009364,227,2,198.48000000000002,1,1,1,111,Lost
CUST009365,340,3,322.92,1,1,1,111,Lost
CUST009366,310,4,421.99,1,2,2,122,At Risk
CUST009367,142,2,231.64,2,1,1,211,Dormant
CUST009368,118,6,504.09000000000003,2,4,3,243,Loyal Customers
CUST009369,68,6,608.31,3,4,3,343,Champions
CUST009370,537,2,303.72,1,1,1,111,Lost
CUST009371,57,7,650.53,3,4,3,343,Champions
CUST009372,270,5,602.4200000000001,1,3,3,133,Loyal Customers
CUST009373,94,4,429.24,3,2,2,322,Potential Loyalists
CUST009374,16,7,668.3,4,4,4,444,Champions
CUST009375,304,3,283.51,1,1,1,111,Lost
CUST009376,183,1,36.58,2,1,1,211,Dormant
CUST009377,17,8,845.4100000000001,4,4,4,444,Champions
CUST009378,79,8,990.6700000000001,3,4,4,344,Champions
CUST009379,4,3,297.81,4,2,1,421,Need Attention
CUST009380,118,3,321.82,2,2,1,221,Need Attention
CUST009381,95,4,405.68,3,2,2,322,Potential Loyalists
CUST009382,17,5,579.53,4,3,3,433,Champions
CUST009383,244,3,331.33000000000004,1,2,1,121,Lost
CUST009384,145,4,498.78,2,2,3,223,Need Attention
CUST009385,8,5,553.1800000000001,4,3,3,433,Champions
CUST009386,48,9,1057.55,3,4,4,344,Champions
CUST009387,119,4,361.72,2,2,2,222,Need Attention
CUST009388,59,5,381.24,3,3,2,332,Potential Loyalists
CUST009389,208,3,291.81,2,2,1,221,Need Attention
CUST009390,31,5,400.57,4,3,2,432,Potential Loyalists
CUST009391,48,7,566.77,3,4,3,343,Champions
CUST009392,167,5,446.74,2,3,2,232,Need Attention
CUST009393,32,3,304.36,4,2,1,421,Need Attention
CUST009394,204,5,402.15999999999997,2,3,2,232,Need Attention
CUST009395,48,8,860.4100000000001,3,4,4,344,Champions
CUST009396,146,4,530.53,2,2,3,223,Need Attention
CUST009397,220,4,306.53,1,2,1,121,Lost
CUST009398,34,8,708.96,4,4,4,444,Champions
CUST009399,232,5,573.0799999999999,1,3,3,133,Loyal Customers
CUST009400,232,5,453.26,1,3,2,132,At Risk
CUST009401,114,4,481.88,2,2,2,222,Need Attention
CUST009402,54,4,389.52,3,2,2,322,Potential Loyalists
CUST009403,206,6,542.58,2,4,3,243,Loyal Customers
CUST009404,157,9,745.35,2,4,4,244,Loyal Customers
CUST009405,227,6,614.37,1,4,3,143,Loyal Customers
CUST009406,28,6,654.6700000000001,4,4,3,443,Champions
CUST009407,251,7,807.28,1,4,4,144,Loyal Customers
CUST009408,49,7,691.56,3,4,4,344,Champions
CUST009409,238,3,261.79,1,2,1,121,Lost
CUST009410,60,4,403.82,3,2,2,322,Potential Loyalists
CUST009411,151,6,606.01,2,4,3,243,Loyal Customers
CUST009412,29,2,140.05,4,1,1,411,Dormant
CUST009413,211,9,1075.52,2,4,4,244,Loyal Customers
CUST009414,169,4,367.90999999999997,2,2,2,222,Need Attention
CUST009415,349,3,367.08,1,2,2,122,At Risk
CUST009416,149,6,687.59,2,4,4,244,Loyal Customers
CUST009417,168,6,659.98,2,4,3,243,Loyal Customers
CUST009418,144,5,455.2,2,3,2,232,Need Attention
CUST009419,181,2,194.68,2,1,1,211,Dormant
CUST009420,28,3,401.14,4,2,2,422,Potential Loyalists
CUST009421,3,9,773.47,4,4,4,444,Champions
CUST009422,265,2,149.78,1,1,1,111,Lost
CUST009423,236,6,561.95,1,4,3,143,Loyal Customers
CUST009424,12,3,364.73,4,2,2,422,Potential Loyalists
CUST009425,11,9,809.17,4,4,4,444,Champions
CUST009426,75,9,917.99,3,4,4,344,Champions
CUST009427,252,6,528.68,1,4,3,143,Loyal Customers
CUST009428,196,4,280.46999999999997,2,2,1,221,Need Attention
CUST009429,59,6,706.59,3,4,4,344,Champions
CUST009430,212,10,1292.09,1,4,4,144,Loyal Customers
CUST009431,162,5,641.3,2,3,3,233,Loyal Customers
CUST009432,77,6,533.0699999999999,3,4,3,343,Champions
CUST009433,188,3,240.53,2,2,1,221,Need Attention
CUST009434,12,4,593.33,4,2,3,423,Potential Loyalists
CUST009435,110,9,981.78,2,4,4,244,Loyal Customers
CUST009436,34,5,546.35,4,3,3,433,Champions
CUST009437,59,4,379.01,3,2,2,322,Potential Loyalists
CUST009438,652,2,234.89,1,1,1,111,Lost
CUST009439,5,7,814.79,4,4,4,444,Champions
CUST009440,95,3,312.01,3,2,1,321,Need Attention
CUST009441,32,2,222.73000000000002,4,1,1,411,Dormant
CUST009442,310,4,490.9,1,2,3,123,At Risk
CUST009443,494,6,643.7,1,4,3,143,Loyal Customers
CUST009444,693,1,68.91,1,1,1,111,Lost
CUST009445,12,5,685.86,4,3,4,434,Champions
CUST009446,199,4,377.28,2,2,2,222,Need Attention
CUST009447,216,4,370.83000000000004,1,2,2,122,At Risk
CUST009448,155,3,312.81,2,2,1,221,Need Attention
CUST009449,99,2,140.68,3,1,1,311,Dormant
CUST009450,379,1,130.41,1,1,1,111,Lost
CUST009451,216,5,786.36,1,3,4,134,Loyal Customers
CUST009452,4,5,455.32,4,3,2,432,Potential Loyalists
CUST009453,379,5,534.1,1,3,3,133,Loyal Customers
CUST009454,83,4,459.24,3,2,2,322,Potential Loyalists
CUST009455,14,6,599.79,4,4,3,443,Champions
CUST009456,42,6,618.91,4,4,3,443,Champions
CUST009457,31,2,197.99,4,1,1,411,Dormant
CUST009458,6,6,540.78,4,4,3,443,Champions
CUST009459,213,8,802.92,1,4,4,144,Loyal Customers
CUST009460,50,5,402.83,3,3,2,332,Potential Loyalists
CUST009461,44,7,631.25,4,4,3,443,Champions
CUST009462,113,8,733.49,2,4,4,244,Loyal Customers
CUST009463,14,7,539.3,4,4,3,443,Champions
CUST009464,85,4,380.81,3,2,2,322,Potential Loyalists
CUST009465,85,5,586.99,3,3,3,333,Champions
CUST009466,85,3,306.03000000000003,3,2,1,321,Need Attention
CUST009467,95,4,374.45000000000005,3,2,2,322,Potential Loyalists
CUST009468,309,2,206.85999999999999,1,1,1,111,Lost
CUST009469,245,5,516.88,1,3,3,133,Loyal Customers
CUST009470,326,3,347.21,1,2,2,122,At Risk
CUST009471,107,7,752.78,2,4,4,244,Loyal Customers
CUST009472,157,6,462.36,2,4,2,242,Need Attention
CUST009473,274,4,354.1,1,2,2,122,At Risk
CUST009474,650,1,85.61,1,1,1,111,Lost
CUST009475,37,7,713.01,4,4,4,444,Champions
CUST009476,76,1,62.98,3,1,1,311,Dormant
CUST009477,266,5,508.57,1,3,3,133,Loyal Customers
CUST009478,11,4,457.27,4,2,2,422,Potential Loyalists
CUST009479,18,4,437.78,4,2,2,422,Potential Loyalists
CUST009480,355,3,243.07999999999998,1,2,1,121,Lost
CUST009481,76,1,96.78,3,1,1,311,Dormant
CUST009482,29,2,147.36,4,1,1,411,Dormant
CUST009483,116,5,485.89,2,3,2,232,Need Attention
CUST009484,8,4,338.45,4,2,2,422,Potential Loyalists
CUST009485,18,4,354.72,4,2,2,422,Potential Loyalists
CUST009486,136,9,841.25,2,4,4,244,Loyal Customers
CUST009487,96,8,661.38,3,4,4,344,Champions
CUST009488,36,7,968.1899999999999,4,4,4,444,Champions
CUST009489,21,4,446.91999999999996,4,2,2,422,Potential Loyalists
CUST009490,731,1,80.27,1,1,1,111,Lost
CUST009491,37,6,536.91,4,4,3,443,Champions
CUST009492,256,5,481.59000000000003,1,3,2,132,At Risk
CUST009493,160,5,723.41,2,3,4,234,Loyal Customers
CUST009495,228,6,792.65,1,4,4,144,Loyal Customers
CUST009496,58,8,709.41,3,4,4,344,Champions
CUST009497,135,6,564.36,2,4,3,243,Loyal Customers
CUST009498,9,5,529.01,4,3,3,433,Champions
CUST009499,229,2,188.51,1,1,1,111,Lost
CUST009500,100,7,828.03,3,4,4,344,Champions
CUST009501,465,4,375.52,1,2,2,122,At Risk
CUST009502,535,1,74.86,1,1,1,111,Lost
CUST009503,38,9,951.11,4,4,4,444,Champions
CUST009505,116,6,538.64,2,4,3,243,Loyal Customers
CUST009506,97,3,236.36,3,2,1,321,Need Attention
CUST009507,313,5,495.17,1,3,3,133,Loyal Customers
CUST009508,214,6,594.66,1,4,3,143,Loyal Customers
CUST009509,119,5,617.62,2,3,3,233,Loyal Customers
CUST009510,56,5,509.26,3,3,3,333,Champions
CUST009511,53,2,155.87,3,1,1,311,Dormant
CUST009512,284,7,632.87,1,4,3,143,Loyal Customers
CUST009513,703,1,138.48,1,1,1,111,Lost
CUST009514,427,5,605.22,1,3,3,133,Loyal Customers
CUST009515,2,10,1080.61,4,4,4,444,Champions
CUST009516,5,6,607.03,4,4,3,443,Champions
CUST009517,119,3,200.79,2,2,1,221,Need Attention
CUST009518,66,7,917.4000000000001,3,4,4,344,Champions
CUST009519,171,5,480.94,2,3,2,232,Need Attention
CUST009520,66,5,491.24,3,3,3,333,Champions
CUST009521,448,3,287.53999999999996,1,2,1,121,Lost
CUST009522,46,5,626.0,4,3,3,433,Champions
CUST009523,244,3,243.78,1,2,1,121,Lost
CUST009524,46,5,522.98,4,3,3,433,Champions
CUST009525,2,9,1090.67,4,4,4,444,Champions
CUST009526,241,5,541.74,1,3,3,133,Loyal Customers
CUST009527,20,6,446.34000000000003,4,4,2,442,Potential Loyalists
CUST009528,150,6,615.61,2,4,3,243,Loyal Customers
CUST009529,23,3,283.43,4,2,1,421,Need Attention
CUST009530,1,2,187.6,4,1,1,411,Dormant
CUST009531,37,8,883.99,4,4,4,444,Champions
CUST009532,56,8,1073.14,3,4,4,344,Champions
CUST009533,752,1,123.2,1,1,1,111,Lost
CUST009534,459,3,232.66,1,2,1,121,Lost
CUST009535,390,2,170.19,1,1,1,111,Lost
CUST009536,429,4,399.0,1,2,2,122,At Risk
CUST009537,114,6,670.5,2,4,4,244,Loyal Customers
CUST009538,84,8,872.1800000000001,3,4,4,344,Champions
CUST009539,409,4,452.96,1,2,2,122,At Risk
CUST009540,224,6,699.8299999999999,1,4,4,144,Loyal Customers
CUST009541,568,4,430.34000000000003,1,2,2,122,At Risk
CUST009542,25,4,556.4,4,2,3,423,Potential Loyalists
CUST009543,140,6,608.19,2,4,3,243,Loyal Customers
CUST009544,147,7,613.46,2,4,3,243,Loyal Customers
CUST009545,113,4,398.06,2,2,2,222,Need Attention
CUST009546,104,3,392.79999999999995,3,2,2,322,Potential Loyalists
CUST009547,113,2,131.05,2,1,1,211,Dormant
CUST009548,23,6,769.62,4,4,4,444,Champions
CUST009549,212,2,157.91000000000003,1,1,1,111,Lost
CUST009550,37,7,850.38,4,4,4,444,Champions
CUST009551,2,7,750.48,4,4,4,444,Champions
CUST009552,259,1,50.31,1,1,1,111,Lost
CUST009553,77,3,312.08,3,2,1,321,Need Attention
CUST009554,314,6,525.93,1,4,3,143,Loyal Customers
CUST009555,196,5,334.82,2,3,1,231,Need Attention
CUST009556,100,3,287.13,3,2,1,321,Need Attention
CUST009557,115,6,806.72,2,4,4,244,Loyal Customers
CUST009558,143,5,445.8,2,3,2,232,Need Attention
CUST009559,162,6,605.46,2,4,3,243,Loyal Customers
CUST009560,526,2,220.26,1,1,1,111,Lost
CUST009561,55,4,272.43,3,2,1,321,Need Attention
CUST009562,82,6,624.99,3,4,3,343,Champions
CUST009563,71,9,1006.1199999999999,3,4,4,344,Champions
CUST009564,122,6,683.78,2,4,4,244,Loyal Customers
CUST009565,130,3,360.26,2,2,2,222,Need Attention
CUST009566,152,5,501.3,2,3,3,233,Loyal Customers
CUST009567,169,5,576.59,2,3,3,233,Loyal Customers
CUST009568,43,5,422.21999999999997,4,3,2,432,Potential Loyalists
CUST009569,45,6,582.39,4,4,3,443,Champions
CUST009570,19,3,377.33,4,2,2,422,Potential Loyalists
CUST009571,153,9,823.08,2,4,4,244,Loyal Customers
CUST009572,107,8,794.34,2,4,4,244,Loyal Customers
CUST009573,120,9,875.0,2,4,4,244,Loyal Customers
CUST009574,116,6,647.25,2,4,3,243,Loyal Customers
CUST009575,227,6,702.56,1,4,4,144,Loyal Customers
CUST009576,660,1,58.66000000000001,1,1,1,111,Lost
CUST009577,276,4,447.75,1,2,2,122,At Risk
CUST009578,178,3,460.09000000000003,2,2,2,222,Need Attention
CUST009579,71,8,920.7,3,4,4,344,Champions
CUST009580,300,9,917.31,1,4,4,144,Loyal Customers
CUST009581,25,5,542.51,4,3,3,433,Champions
CUST009582,25,5,478.91,4,3,2,432,Potential Loyalists
CUST009583,176,1,200.92,2,1,1,211,Dormant
CUST009584,63,6,755.83,3,4,4,344,Champions
CUST009585,193,6,755.42,2,4,4,244,Loyal Customers
CUST009586,86,5,676.52,3,3,4,334,Champions
CUST009587,241,7,795.35,1,4,4,144,Loyal Customers
CUST009588,68,6,650.9000000000001,3,4,3,343,Champions
CUST009589,377,4,576.38,1,2,3,123,At Risk
CUST009590,79,5,539.12,3,3,3,333,Champions
CUST009591,140,5,593.99,2,3,3,233,Loyal Customers
CUST009592,136,6,579.29,2,4,3,243,Loyal Customers
CUST009593,48,6,660.53,3,4,4,344,Champions
CUST009594,60,4,394.12,3,2,2,322,Potential Loyalists
CUST009595,201,2,144.15,2,1,1,211,Dormant
CUST009596,118,5,394.03000000000003,2,3,2,232,Need Attention
CUST009597,96,7,978.91,3,4,4,344,Champions
CUST009598,80,7,749.01,3,4,4,344,Champions
CUST009599,185,2,203.2,2,1,1,211,Dormant
CUST009600,455,2,189.24,1,1,1,111,Lost
CUST009601,328,4,393.14,1,2,2,122,At Risk
CUST009602,28,13,1397.91,4,4,4,444,Champions
CUST009603,115,6,642.78,2,4,3,243,Loyal Customers
CUST009604,296,3,310.65999999999997,1,2,1,121,Lost
CUST009605,55,5,596.5,3,3,3,333,Champions
CUST009607,210,2,210.53,2,1,1,211,Dormant
CUST009608,704,1,212.98,1,1,1,111,Lost
CUST009609,3,7,667.0,4,4,4,444,Champions
CUST009610,173,5,531.74,2,3,3,233,Loyal Customers
CUST009611,8,7,602.81,4,4,3,443,Champions
CUST009612,181,5,401.09000000000003,2,3,2,232,Need Attention
CUST009613,69,5,503.73,3,3,3,333,Champions
CUST009614,151,3,412.71000000000004,2,2,2,222,Need Attention
CUST009615,70,8,894.74,3,4,4,344,Champions
CUST009616,59,5,422.76,3,3,2,332,Potential Loyalists
CUST009617,96,5,446.76,3,3,2,332,Potential Loyalists
CUST009618,131,3,443.18,2,2,2,222,Need Attention
CUST009619,179,5,549.41,2,3,3,233,Loyal Customers
CUST009620,201,2,222.04,2,1,1,211,Dormant
CUST009621,20,6,555.29,4,4,3,443,Champions
CUST009622,100,5,451.76,3,3,2,332,Potential Loyalists
CUST009623,218,7,825.41,1,4,4,144,Loyal Customers
CUST009624,45,6,595.09,4,4,3,443,Champions
CUST009625,67,4,494.48,3,2,3,323,Potential Loyalists
CUST009626,582,1,110.2,1,1,1,111,Lost
CUST009627,87,10,962.58,3,4,4,344,Champions
CUST009628,169,3,266.32,2,2,1,221,Need Attention
CUST009629,38,6,567.54,4,4,3,443,Champions
CUST009630,47,5,465.02,3,3,2,332,Potential Loyalists
CUST009631,136,7,651.66,2,4,3,243,Loyal Customers
CUST009632,7,5,569.02,4,3,3,433,Champions
CUST009633,97,7,697.84,3,4,4,344,Champions
CUST009634,65,8,775.57,3,4,4,344,Champions
CUST009635,97,4,305.33,3,2,1,321,Need Attention
CUST009636,23,3,338.99,4,2,2,422,Potential Loyalists
CUST009637,40,3,304.24,4,2,1,421,Need Attention
CUST009638,123,10,961.28,2,4,4,244,Loyal Customers
CUST009639,380,2,194.57,1,1,1,111,Lost
CUST009640,207,4,412.78999999999996,2,2,2,222,Need Attention
CUST009641,11,3,517.8199999999999,4,2,3,423,Potential Loyalists
CUST009642,19,3,295.57,4,2,1,421,Need Attention
CUST009643,175,5,509.27,2,3,3,233,Loyal Customers
CUST009644,203,4,390.52,2,2,2,222,Need Attention
CUST009645,40,5,518.32,4,3,3,433,Champions
CUST009646,55,2,142.67000000000002,3,1,1,311,Dormant
CUST009647,355,5,576.21,1,3,3,133,Loyal Customers
CUST009648,33,6,587.21,4,4,3,443,Champions
CUST009649,334,4,405.75,1,2,2,122,At Risk
CUST009650,89,8,719.3299999999999,3,4,4,344,Champions
CUST009651,14,7,744.02,4,4,4,444,Champions
CUST009652,643,2,169.36,1,1,1,111,Lost
CUST009653,149,3,299.76,2,2,1,221,Need Attention
CUST009654,54,5,555.3199999999999,3,3,3,333,Champions
CUST009655,105,5,381.72,3,3,2,332,Potential Loyalists
CUST009656,38,5,507.46999999999997,4,3,3,433,Champions
CUST009657,144,6,591.52,2,4,3,243,Loyal Customers
CUST009658,272,2,142.07,1,1,1,111,Lost
CUST009659,43,3,242.95,4,2,1,421,Need Attention
CUST009660,85,5,592.09,3,3,3,333,Champions
CUST009661,382,6,632.84,1,4,3,143,Loyal Customers
CUST009662,63,7,602.45,3,4,3,343,Champions
CUST009663,67,3,223.67,3,2,1,321,Need Attention
CUST009664,145,6,506.28,2,4,3,243,Loyal Customers
CUST009665,213,3,325.1,1,2,1,121,Lost
CUST009666,115,9,826.06,2,4,4,244,Loyal Customers
CUST009667,79,4,614.77,3,2,3,323,Potential Loyalists
CUST009668,12,7,828.21,4,4,4,444,Champions
CUST009669,143,7,693.4,2,4,4,244,Loyal Customers
CUST009670,21,5,374.84000000000003,4,3,2,432,Potential Loyalists
CUST009671,215,3,338.08,1,2,1,121,Lost
CUST009672,48,4,477.77,3,2,2,322,Potential Loyalists
CUST009673,30,4,357.72,4,2,2,422,Potential Loyalists
CUST009674,34,10,1046.48,4,4,4,444,Champions
CUST009675,262,5,443.65000000000003,1,3,2,132,At Risk
CUST009676,148,6,686.49,2,4,4,244,Loyal Customers
CUST009677,199,5,543.29,2,3,3,233,Loyal Customers
CUST009678,133,9,831.7,2,4,4,244,Loyal Customers
CUST009679,218,7,683.99,1,4,4,144,Loyal Customers
CUST009680,528,2,300.0,1,1,1,111,Lost
CUST009681,36,7,595.76,4,4,3,443,Champions
CUST009682,2,5,430.36,4,3,2,432,Potential Loyalists
CUST009683,64,6,488.06,3,4,2,342,Potential Loyalists
CUST009684,48,3,339.7,3,2,2,322,Potential Loyalists
CUST009686,478,3,287.07,1,2,1,121,Lost
CUST009687,7,7,640.87,4,4,3,443,Champions
CUST009688,147,7,607.21,2,4,3,243,Loyal Customers
CUST009689,365,3,289.40999999999997,1,2,1,121,Lost
CUST009690,88,5,633.14,3,3,3,333,Champions
CUST009691,183,4,382.99,2,2,2,222,Need Attention
CUST009692,78,7,771.71,3,4,4,344,Champions
CUST009693,24,9,940.56,4,4,4,444,Champions
CUST009694,121,6,567.22,2,4,3,243,Loyal Customers
CUST009695,41,8,749.16,4,4,4,444,Champions
CUST009696,139,6,614.39,2,4,3,243,Loyal Customers
CUST009697,131,4,475.08,2,2,2,222,Need Attention
CUST009698,20,2,187.38000000000002,4,1,1,411,Dormant
CUST009699,285,3,273.65,1,2,1,121,Lost
CUST009700,125,5,532.5799999999999,2,3,3,233,Loyal Customers
CUST009701,74,7,716.88,3,4,4,344,Champions
CUST009702,119,8,650.08,2,4,3,243,Loyal Customers
CUST009703,315,7,791.62,1,4,4,144,Loyal Customers
CUST009704,19,6,599.96,4,4,3,443,Champions
CUST009705,375,2,326.96000000000004,1,1,1,111,Lost
CUST009706,162,3,489.95,2,2,3,223,Need Attention
CUST009707,173,8,597.65,2,4,3,243,Loyal Customers
CUST009708,34,5,341.31,4,3,2,432,Potential Loyalists
CUST009709,63,8,900.79,3,4,4,344,Champions
CUST009710,583,1,70.93,1,1,1,111,Lost
CUST009711,42,6,509.71000000000004,4,4,3,443,Champions
CUST009712,44,7,878.51,4,4,4,444,Champions
CUST009713,234,7,547.25,1,4,3,143,Loyal Customers
CUST009714,297,8,752.98,1,4,4,144,Loyal Customers
CUST009715,301,8,924.53,1,4,4,144,Loyal Customers
CUST009716,479,2,206.09,1,1,1,111,Lost
CUST009717,37,6,524.83,4,4,3,443,Champions
CUST009718,173,3,245.7,2,2,1,221,Need Attention
CUST009719,268,3,256.53,1,2,1,121,Lost
CUST009720,80,5,399.26,3,3,2,332,Potential Loyalists
CUST009721,7,8,779.22,4,4,4,444,Champions
CUST009722,41,4,457.93,4,2,2,422,Potential Loyalists
CUST009723,74,6,776.52,3,4,4,344,Champions
CUST009724,304,5,451.24,1,3,2,132,At Risk
CUST009725,434,4,322.69,1,2,1,121,Lost
CUST009726,215,1,97.33,1,1,1,111,Lost
CUST009727,10,5,463.27,4,3,2,432,Potential Loyalists
CUST009728,47,6,561.9,3,4,3,343,Champions
CUST009729,4,7,711.22,4,4,4,444,Champions
CUST009730,22,7,758.26,4,4,4,444,Champions
CUST009731,63,6,497.46999999999997,3,4,3,343,Champions
CUST009732,173,5,531.82,2,3,3,233,Loyal Customers
CUST009733,185,7,694.88,2,4,4,244,Loyal Customers
CUST009734,341,4,497.1,1,2,3,123,At Risk
CUST009735,74,8,1080.8,3,4,4,344,Champions
CUST009736,102,5,459.85,3,3,2,332,Potential Loyalists
CUST009737,60,5,431.53999999999996,3,3,2,332,Potential Loyalists
CUST009738,6,5,621.78,4,3,3,433,Champions
CUST009739,23,7,726.27,4,4,4,444,Champions
CUST009740,11,6,645.4,4,4,3,443,Champions
CUST009741,279,3,246.92000000000002,1,2,1,121,Lost
CUST009742,311,7,628.75,1,4,3,143,Loyal Customers
CUST009743,84,5,523.2,3,3,3,333,Champions
CUST009744,84,3,384.83000000000004,3,2,2,322,Potential Loyalists
CUST009745,453,4,400.52,1,2,2,122,At Risk
CUST009746,123,6,665.24,2,4,4,244,Loyal Customers
CUST009747,30,6,657.55,4,4,3,443,Champions
CUST009748,473,3,263.7,1,2,1,121,Lost
CUST009749,197,5,548.25,2,3,3,233,Loyal Customers
CUST009750,36,3,408.84000000000003,4,2,2,422,Potential Loyalists
CUST009751,26,13,1229.44,4,4,4,444,Champions
CUST009752,92,5,414.23,3,3,2,332,Potential Loyalists
CUST009753,188,3,293.51,2,2,1,221,Need Attention
CUST009754,125,2,262.38,2,1,1,211,Dormant
CUST009755,65,8,905.65,3,4,4,344,Champions
CUST009756,391,4,349.12,1,2,2,122,At Risk
CUST009757,285,3,396.78000000000003,1,2,2,122,At Risk
CUST009758,127,8,1015.3299999999999,2,4,4,244,Loyal Customers
CUST009759,73,5,610.91,3,3,3,333,Champions
CUST009760,36,5,470.31,4,3,2,432,Potential Loyalists
CUST009761,47,6,606.04,3,4,3,343,Champions
CUST009762,98,5,604.59,3,3,3,333,Champions
CUST009763,9,7,630.21,4,4,3,443,Champions
CUST009764,196,6,547.6500000000001,2,4,3,243,Loyal Customers
CUST009765,293,6,800.97,1,4,4,144,Loyal Customers
CUST009766,358,5,529.99,1,3,3,133,Loyal Customers
CUST009767,27,3,318.9,4,2,1,421,Need Attention
CUST009768,149,5,494.86,2,3,3,233,Loyal Customers
CUST009769,142,8,726.72,2,4,4,244,Loyal Customers
CUST009770,317,3,423.38,1,2,2,122,At Risk
CUST009771,42,6,803.49,4,4,4,444,Champions
CUST009772,59,5,599.0,3,3,3,333,Champions
CUST009773,109,4,401.15,2,2,2,222,Need Attention
CUST009774,60,6,559.69,3,4,3,343,Champions
CUST009775,320,4,488.65999999999997,1,2,2,122,At Risk
CUST009776,166,5,402.28999999999996,2,3,2,232,Need Attention
CUST009777,5,3,395.16,4,2,2,422,Potential Loyalists
CUST009778,546,3,275.25,1,2,1,121,Lost
CUST009779,87,6,625.54,3,4,3,343,Champions
CUST009780,119,7,787.34,2,4,4,244,Loyal Customers
CUST009781,190,5,491.55,2,3,3,233,Loyal Customers
CUST009782,85,7,743.92,3,4,4,344,Champions
CUST009783,254,4,323.55,1,2,1,121,Lost
CUST009784,179,4,616.97,2,2,3,223,Need Attention
CUST009785,9,7,585.09,4,4,3,443,Champions
CUST009786,47,4,444.81999999999994,3,2,2,322,Potential Loyalists
CUST009787,99,8,803.39,3,4,4,344,Champions
CUST009788,325,6,633.34,1,4,3,143,Loyal Customers
CUST009789,14,7,531.74,4,4,3,443,Champions
CUST009790,69,4,362.43,3,2,2,322,Potential Loyalists
CUST009791,92,4,436.11,3,2,2,322,Potential Loyalists
CUST009792,51,7,641.95,3,4,3,343,Champions
CUST009793,569,3,510.76,1,2,3,123,At Risk
CUST009794,73,3,289.09,3,2,1,321,Need Attention
CUST009795,80,6,661.78,3,4,4,344,Champions
CUST009796,34,6,676.3,4,4,4,444,Champions
CUST009797,5,8,969.77,4,4,4,444,Champions
CUST009798,95,3,295.75,3,2,1,321,Need Attention
CUST009799,70,5,543.55,3,3,3,333,Champions
CUST009800,106,4,508.71000000000004,3,2,3,323,Potential Loyalists
CUST009801,109,6,644.27,2,4,3,243,Loyal Customers
CUST009802,51,4,310.76,3,2,1,321,Need Attention
CUST009803,464,3,244.10999999999999,1,2,1,121,Lost
CUST009804,200,4,436.51,2,2,2,222,Need Attention
CUST009805,145,5,474.56,2,3,2,232,Need Attention
CUST009806,224,2,378.36,1,1,2,112,Lost
CUST009807,175,4,463.94,2,2,2,222,Need Attention
CUST009808,19,6,653.9399999999999,4,4,3,443,Champions
CUST009809,5,6,498.78,4,4,3,443,Champions
CUST009810,182,7,727.75,2,4,4,244,Loyal Customers
CUST009811,183,6,604.97,2,4,3,243,Loyal Customers
CUST009812,293,3,294.34000000000003,1,2,1,121,Lost
CUST009813,76,7,1039.08,3,4,4,344,Champions
CUST009814,66,4,454.03,3,2,2,322,Potential Loyalists
CUST009815,109,6,621.97,2,4,3,243,Loyal Customers
CUST009816,304,2,172.5,1,1,1,111,Lost
CUST009817,83,10,1059.64,3,4,4,344,Champions
CUST009818,15,6,544.84,4,4,3,443,Champions
CUST009819,96,6,541.57,3,4,3,343,Champions
CUST009820,24,7,573.04,4,4,3,443,Champions
CUST009821,75,2,250.60999999999999,3,1,1,311,Dormant
CUST009822,187,3,297.87,2,2,1,221,Need Attention
CUST009823,14,5,491.01,4,3,3,433,Champions
CUST009824,296,3,337.44,1,2,1,121,Lost
CUST009825,346,4,343.04,1,2,2,122,At Risk
CUST009826,100,9,1022.76,3,4,4,344,Champions
CUST009827,20,9,750.86,4,4,4,444,Champions
CUST009829,106,7,796.61,3,4,4,344,Champions
CUST009830,43,8,850.6400000000001,4,4,4,444,Champions
CUST009831,29,9,866.62,4,4,4,444,Champions
CUST009832,400,2,132.95,1,1,1,111,Lost
CUST009833,49,8,761.33,3,4,4,344,Champions
CUST009834,185,2,176.64,2,1,1,211,Dormant
CUST009835,70,8,878.05,3,4,4,344,Champions
CUST009836,154,9,954.73,2,4,4,244,Loyal Customers
CUST009837,11,6,568.47,4,4,3,443,Champions
CUST009838,76,8,755.12,3,4,4,344,Champions
CUST009839,216,3,216.51,1,2,1,121,Lost
CUST009840,48,6,641.5,3,4,3,343,Champions
CUST009841,65,6,546.9499999999999,3,4,3,343,Champions
CUST009842,74,8,640.63,3,4,3,343,Champions
CUST009843,23,5,462.89,4,3,2,432,Potential Loyalists
CUST009844,93,3,323.18,3,2,1,321,Need Attention
CUST009845,15,7,756.03,4,4,4,444,Champions
CUST009846,97,3,233.44,3,2,1,321,Need Attention
CUST009847,292,3,321.4,1,2,1,121,Lost
CUST009848,371,4,351.05,1,2,2,122,At Risk
CUST009849,94,11,1101.2,3,4,4,344,Champions
CUST009850,100,6,562.14,3,4,3,343,Champions
CUST009851,140,4,383.71000000000004,2,2,2,222,Need Attention
CUST009852,64,5,385.71000000000004,3,3,2,332,Potential Loyalists
CUST009853,114,3,236.19,2,2,1,221,Need Attention
CUST009854,76,5,427.43,3,3,2,332,Potential Loyalists
CUST009855,23,6,761.02,4,4,4,444,Champions
CUST009856,22,6,521.73,4,4,3,443,Champions
CUST009857,78,5,530.91,3,3,3,333,Champions
CUST009858,67,8,841.15,3,4,4,344,Champions
CUST009859,699,1,108.05,1,1,1,111,Lost
CUST009860,84,5,536.94,3,3,3,333,Champions
CUST009861,79,6,694.81,3,4,4,344,Champions
CUST009862,184,8,955.93,2,4,4,244,Loyal Customers
CUST009863,21,6,394.33,4,4,2,442,Potential Loyalists
CUST009864,5,8,686.18,4,4,4,444,Champions
CUST009865,244,2,264.35,1,1,1,111,Lost
CUST009866,68,5,629.54,3,3,3,333,Champions
CUST009867,43,9,991.48,4,4,4,444,Champions
CUST009868,79,10,1155.5,3,4,4,344,Champions
CUST009869,70,13,1398.35,3,4,4,344,Champions
CUST009870,1,7,726.3,4,4,4,444,Champions
CUST009871,97,4,434.27,3,2,2,322,Potential Loyalists
CUST009872,28,4,430.36,4,2,2,422,Potential Loyalists
CUST009873,387,4,645.66,1,2,3,123,At Risk
CUST009874,338,3,282.77,1,2,1,121,Lost
CUST009875,2,6,572.91,4,4,3,443,Champions
CUST009876,25,8,815.76,4,4,4,444,Champions
CUST009877,37,5,410.24,4,3,2,432,Potential Loyalists
CUST009878,167,1,149.9,2,1,1,211,Dormant
CUST009879,160,6,521.09,2,4,3,243,Loyal Customers
CUST009880,44,8,772.28,4,4,4,444,Champions
CUST009881,223,5,479.67,1,3,2,132,At Risk
CUST009882,106,5,549.5500000000001,3,3,3,333,Champions
CUST009883,219,3,250.52,1,2,1,121,Lost
CUST009884,33,1,72.22,4,1,1,411,Dormant
CUST009885,81,9,1018.49,3,4,4,344,Champions
CUST009886,121,9,1069.63,2,4,4,244,Loyal Customers
CUST009887,14,3,347.15999999999997,4,2,2,422,Potential Loyalists
CUST009888,104,3,407.73,3,2,2,322,Potential Loyalists
CUST009889,286,4,418.68,1,2,2,122,At Risk
CUST009890,84,5,468.07,3,3,2,332,Potential Loyalists
CUST009891,210,4,368.21000000000004,2,2,2,222,Need Attention
CUST009892,307,7,927.94,1,4,4,144,Loyal Customers
CUST009893,277,1,139.8,1,1,1,111,Lost
CUST009894,137,4,279.34000000000003,2,2,1,221,Need Attention
CUST009895,55,4,435.65,3,2,2,322,Potential Loyalists
CUST009896,183,6,616.16,2,4,3,243,Loyal Customers
CUST009897,96,7,640.7,3,4,3,343,Champions
CUST009898,203,3,346.05,2,2,2,222,Need Attention
CUST009899,184,6,409.89,2,4,2,242,Need Attention
CUST009900,27,7,674.23,4,4,4,444,Champions
CUST009901,48,7,693.6800000000001,3,4,4,344,Champions
CUST009902,50,6,568.09,3,4,3,343,Champions
CUST009903,130,5,463.62,2,3,2,232,Need Attention
CUST009904,2,6,714.54,4,4,4,444,Champions
CUST009905,42,5,512.84,4,3,3,433,Champions
CUST009906,191,6,634.1700000000001,2,4,3,243,Loyal Customers
CUST009907,8,3,370.22,4,2,2,422,Potential Loyalists
CUST009908,40,8,784.27,4,4,4,444,Champions
CUST009909,186,5,520.11,2,3,3,233,Loyal Customers
CUST009910,47,5,509.18,3,3,3,333,Champions
CUST009911,4,5,488.83,4,3,2,432,Potential Loyalists
CUST009912,39,6,391.72,4,4,2,442,Potential Loyalists
CUST009913,665,2,152.16,1,1,1,111,Lost
CUST009914,208,5,648.98,2,3,3,233,Loyal Customers
CUST009915,229,5,512.01,1,3,3,133,Loyal Customers
CUST009916,27,5,488.98,4,3,2,432,Potential Loyalists
CUST009917,189,5,679.22,2,3,4,234,Loyal Customers
CUST009918,65,5,521.36,3,3,3,333,Champions
CUST009919,113,8,733.47,2,4,4,244,Loyal Customers
CUST009920,287,5,433.28,1,3,2,132,At Risk
CUST009921,146,6,609.59,2,4,3,243,Loyal Customers
CUST009922,382,2,316.53999999999996,1,1,1,111,Lost
CUST009923,73,5,584.37,3,3,3,333,Champions
CUST009924,338,4,440.53,1,2,2,122,At Risk
CUST009925,83,4,281.6,3,2,1,321,Need Attention
CUST009926,278,6,581.47,1,4,3,143,Loyal Customers
CUST009927,112,1,131.13,2,1,1,211,Dormant
CUST009928,242,6,615.75,1,4,3,143,Loyal Customers
CUST009929,218,5,766.12,1,3,4,134,Loyal Customers
CUST009931,116,4,413.36,2,2,2,222,Need Attention
CUST009932,5,2,162.57,4,1,1,411,Dormant
CUST009933,100,8,829.87,3,4,4,344,Champions
CUST009934,123,6,608.14,2,4,3,243,Loyal Customers
CUST009935,214,2,215.82999999999998,1,1,1,111,Lost
CUST009936,13,6,774.88,4,4,4,444,Champions
CUST009937,55,7,889.5,3,4,4,344,Champions
CUST009938,62,5,488.25,3,3,2,332,Potential Loyalists
CUST009939,128,4,388.51,2,2,2,222,Need Attention
CUST009940,445,2,280.84000000000003,1,1,1,111,Lost
CUST009941,262,2,241.02999999999997,1,1,1,111,Lost
CUST009942,196,7,687.99,2,4,4,244,Loyal Customers
CUST009943,81,4,445.97,3,2,2,322,Potential Loyalists
CUST009944,133,3,284.58,2,2,1,221,Need Attention
CUST009945,262,4,491.42999999999995,1,2,3,123,At Risk
CUST009946,255,4,445.89,1,2,2,122,At Risk
CUST009947,29,6,613.66,4,4,3,443,Champions
CUST009948,85,9,722.83,3,4,4,344,Champions
CUST009949,161,5,571.37,2,3,3,233,Loyal Customers
CUST009950,97,5,501.55,3,3,3,333,Champions
CUST009951,206,2,227.07,2,1,1,211,Dormant
CUST009952,318,7,713.23,1,4,4,144,Loyal Customers
CUST009953,72,4,447.15,3,2,2,322,Potential Loyalists
CUST009954,16,8,864.53,4,4,4,444,Champions
CUST009955,23,8,1001.18,4,4,4,444,Champions
CUST009956,227,6,497.03,1,4,3,143,Loyal Customers
CUST009957,43,5,450.01,4,3,2,432,Potential Loyalists
CUST009958,406,2,179.35,1,1,1,111,Lost
CUST009959,33,8,987.91,4,4,4,444,Champions
CUST009960,71,3,257.06,3,2,1,321,Need Attention
CUST009961,387,3,257.85,1,2,1,121,Lost
CUST009962,331,4,316.35,1,2,1,121,Lost
CUST009963,262,4,400.56,1,2,2,122,At Risk
CUST009964,161,4,349.90999999999997,2,2,2,222,Need Attention
CUST009965,299,5,369.54999999999995,1,3,2,132,At Risk
CUST009966,134,5,345.88,2,3,2,232,Need Attention
CUST009967,123,4,450.06,2,2,2,222,Need Attention
CUST009968,22,5,528.22,4,3,3,433,Champions
CUST009969,130,3,268.62,2,2,1,221,Need Attention
CUST009970,30,9,942.8199999999999,4,4,4,444,Champions
CUST009971,217,7,875.55,1,4,4,144,Loyal Customers
CUST009972,18,5,542.72,4,3,3,433,Champions
CUST009973,101,12,1094.3500000000001,3,4,4,344,Champions
CUST009974,15,5,511.06,4,3,3,433,Champions
CUST009975,92,6,466.03000000000003,3,4,2,342,Potential Loyalists
CUST009976,176,4,264.75,2,2,1,221,Need Attention
CUST009977,7,3,267.97,4,2,1,421,Need Attention
CUST009978,199,3,257.57,2,2,1,221,Need Attention
CUST009979,260,6,641.98,1,4,3,143,Loyal Customers
CUST009980,96,7,548.07,3,4,3,343,Champions
CUST009981,77,5,474.99,3,3,2,332,Potential Loyalists
CUST009982,161,4,389.51,2,2,2,222,Need Attention
CUST009983,171,3,298.74,2,2,1,221,Need Attention
CUST009984,186,7,559.96,2,4,3,243,Loyal Customers
CUST009985,225,6,661.46,1,4,4,144,Loyal Customers
CUST009986,97,5,457.2,3,3,2,332,Potential Loyalists
CUST009987,261,9,828.51,1,4,4,144,Loyal Customers
CUST009988,15,7,875.89,4,4,4,444,Champions
CUST009989,31,4,398.74,4,2,2,422,Potential Loyalists
CUST009990,74,1,151.59,3,1,1,311,Dormant
CUST009991,32,3,224.53,4,2,1,421,Need Attention
CUST009992,108,6,517.23,2,4,3,243,Loyal Customers
CUST009993,38,8,826.56,4,4,4,444,Champions
CUST009994,89,9,907.97,3,4,4,344,Champions
CUST009995,105,8,741.14,3,4,4,344,Champions
CUST009996,255,5,516.4399999999999,1,3,3,133,Loyal Customers
CUST009997,13,4,462.36,4,2,2,422,Potential Loyalists
CUST009998,33,4,363.88,4,2,2,422,Potential Loyalists
CUST009999,45,5,472.48,4,3,2,432,Potential Loyalists
